{"type":"FeatureCollection","note":"Procedurally generated demo surroundings for the Wayside pilot zone \u2014 invented streets, invented names, NOT surveyed map data and not a depiction of any real locality. Only demo_zone.geojson feeds the router; this file is basemap scenery. Swap in real OSM data via tools/fetch_real_roads.py.","features":[{"type":"Feature","properties":{"kind":"water","name":"Purani Nadi"},"geometry":{"type":"Polygon","coordinates":[[[77.300719,28.684758],[77.300591,28.683635],[77.300336,28.681389],[77.299952,28.678021],[77.29944,28.673528],[77.298929,28.66909],[77.298417,28.664709],[77.297905,28.660384],[77.297397,28.656154],[77.297115,28.651965],[77.297052,28.647777],[77.297209,28.643588],[77.297587,28.639384],[77.298093,28.63522],[77.298725,28.631113],[77.299484,28.627063],[77.300379,28.623019],[77.301124,28.618979],[77.301708,28.614992],[77.30213,28.61106],[77.302391,28.607162],[77.302391,28.603244],[77.302128,28.599326],[77.301604,28.59541],[77.300827,28.591544],[77.30006,28.587726],[77.299293,28.583908],[77.298525,28.58009],[77.297767,28.576322],[77.297269,28.572548],[77.29702,28.568716],[77.29702,28.564826],[77.297271,28.560865],[77.297711,28.556834],[77.29834,28.552743],[77.299159,28.548594],[77.300181,28.544334],[77.301086,28.539964],[77.301861,28.53554],[77.302507,28.531059],[77.303025,28.526514],[77.303349,28.521959],[77.303479,28.517403],[77.303414,28.512848],[77.303156,28.508324],[77.302965,28.504956],[77.302837,28.50271],[77.302773,28.501587],[77.29889,28.501757],[77.298954,28.50288],[77.299082,28.505126],[77.299274,28.508495],[77.299528,28.512954],[77.299591,28.517382],[77.299465,28.52181],[77.29915,28.526238],[77.298644,28.530675],[77.298011,28.535066],[77.297252,28.5394],[77.296366,28.543677],[77.295342,28.54795],[77.294498,28.552223],[77.293849,28.556442],[77.293394,28.560607],[77.293133,28.564731],[77.293133,28.568813],[77.293396,28.572842],[77.29392,28.576816],[77.294697,28.580683],[77.295464,28.584501],[77.296231,28.588319],[77.296999,28.592137],[77.297757,28.595906],[77.298256,28.599626],[77.298505,28.603344],[77.298505,28.607061],[77.298254,28.610799],[77.297844,28.614614],[77.297277,28.618488],[77.296552,28.62242],[77.295657,28.626461],[77.29488,28.630608],[77.294234,28.634811],[77.293716,28.639069],[77.293327,28.643398],[77.293165,28.647743],[77.29323,28.652089],[77.293523,28.656434],[77.294038,28.660739],[77.29455,28.665059],[77.295061,28.669436],[77.295572,28.67387],[77.296084,28.67836],[77.296467,28.681729],[77.296723,28.683975],[77.296851,28.685098],[77.300719,28.684758]]]}},{"type":"Feature","properties":{"kind":"water","name":"Barapullah Drain"},"geometry":{"type":"Polygon","coordinates":[[[77.236322,28.582315],[77.235749,28.582357],[77.234601,28.582441],[77.232881,28.582567],[77.230589,28.582735],[77.228232,28.582878],[77.22581,28.582996],[77.223322,28.583089],[77.220769,28.583156],[77.218153,28.583178],[77.215473,28.583156],[77.212728,28.583089],[77.209918,28.582976],[77.207042,28.582847],[77.204102,28.582701],[77.201099,28.582539],[77.198028,28.582359],[77.194828,28.582202],[77.191501,28.582067],[77.188045,28.581954],[77.184463,28.581865],[77.181778,28.581797],[77.179987,28.581752],[77.179092,28.58173],[77.179076,28.582233],[77.179971,28.582255],[77.181761,28.5823],[77.184447,28.582367],[77.188026,28.582457],[77.191477,28.582569],[77.194799,28.582704],[77.197993,28.582861],[77.201062,28.583041],[77.204069,28.583204],[77.207012,28.58335],[77.209891,28.583479],[77.212707,28.583591],[77.215462,28.583659],[77.218153,28.583681],[77.22078,28.583659],[77.223343,28.583591],[77.225838,28.583499],[77.228268,28.58338],[77.230632,28.583237],[77.232929,28.583068],[77.234649,28.582942],[77.235796,28.582858],[77.23637,28.582816],[77.236322,28.582315]]]}},{"type":"Feature","properties":{"kind":"water","name":"Barapullah Drain"},"geometry":{"type":"Polygon","coordinates":[[[77.253321,28.581657],[77.253927,28.581606],[77.255138,28.581505],[77.256955,28.581353],[77.259376,28.581151],[77.261831,28.580955],[77.264319,28.580764],[77.266842,28.580579],[77.269398,28.580399],[77.272017,28.580231],[77.274701,28.580074],[77.277448,28.579928],[77.28026,28.579793],[77.283008,28.57967],[77.285693,28.579558],[77.288313,28.579457],[77.29087,28.579367],[77.292788,28.5793],[77.294067,28.579255],[77.294707,28.579232],[77.294679,28.578622],[77.294039,28.578644],[77.292761,28.578689],[77.290842,28.578757],[77.288284,28.578846],[77.285661,28.578948],[77.282974,28.57906],[77.280223,28.579183],[77.277408,28.579318],[77.274657,28.579464],[77.271969,28.579622],[77.269345,28.57979],[77.266785,28.57997],[77.26426,28.580155],[77.261769,28.580346],[77.259312,28.580543],[77.256889,28.580745],[77.255072,28.580897],[77.253861,28.580998],[77.253256,28.581048],[77.253321,28.581657]]]}},{"type":"Feature","properties":{"kind":"water","name":"Moti Jheel"},"geometry":{"type":"Polygon","coordinates":[[[77.212306,28.632471],[77.212146,28.633557],[77.211632,28.634501],[77.210765,28.635303],[77.209856,28.635974],[77.208906,28.636514],[77.208005,28.637055],[77.207153,28.637596],[77.206226,28.63804],[77.205225,28.638385],[77.204198,28.638453],[77.203147,28.638243],[77.202214,28.637857],[77.2014,28.637293],[77.20065,28.636758],[77.199964,28.636251],[77.19926,28.635751],[77.198537,28.635257],[77.197884,28.634667],[77.197301,28.63398],[77.196824,28.633209],[77.196452,28.632355],[77.196118,28.631414],[77.195822,28.630387],[77.195699,28.629278],[77.195751,28.628087],[77.196205,28.627043],[77.197063,28.626148],[77.198194,28.625651],[77.199596,28.625553],[77.200905,28.625722],[77.202121,28.626157],[77.203157,28.626538],[77.204012,28.626865],[77.204842,28.627094],[77.205646,28.627226],[77.206466,28.627417],[77.207302,28.627667],[77.208134,28.628015],[77.208963,28.628464],[77.209816,28.629015],[77.210692,28.629669],[77.211444,28.630479],[77.212072,28.631445],[77.212306,28.632471]]]}},{"type":"Feature","properties":{"kind":"water","name":"Purani Jheel"},"geometry":{"type":"Polygon","coordinates":[[[77.223826,28.545082],[77.223609,28.545664],[77.223381,28.546234],[77.223142,28.546791],[77.222948,28.547447],[77.222798,28.548203],[77.222512,28.549024],[77.222089,28.549911],[77.221421,28.550592],[77.220507,28.551066],[77.219537,28.551184],[77.21851,28.550944],[77.217621,28.550513],[77.21687,28.54989],[77.21625,28.54926],[77.21576,28.548624],[77.215371,28.547999],[77.215081,28.547383],[77.214883,28.546779],[77.214778,28.546186],[77.21465,28.545615],[77.214499,28.545066],[77.21427,28.544457],[77.213961,28.54379],[77.213771,28.54304],[77.213699,28.542206],[77.213923,28.541454],[77.214441,28.540785],[77.215131,28.540305],[77.215993,28.540014],[77.216851,28.5398],[77.217706,28.539661],[77.218568,28.539537],[77.219437,28.539425],[77.220309,28.539458],[77.221183,28.539635],[77.221931,28.540008],[77.222552,28.540577],[77.223021,28.541208],[77.223337,28.5419],[77.22359,28.542567],[77.223781,28.543209],[77.223891,28.543845],[77.22392,28.544476],[77.223826,28.545082]]]}},{"type":"Feature","properties":{"kind":"water"},"geometry":{"type":"Polygon","coordinates":[[[77.327101,28.643935],[77.326638,28.644594],[77.326017,28.645096],[77.325237,28.645439],[77.324549,28.645708],[77.323952,28.645901],[77.323468,28.646176],[77.323095,28.646534],[77.322667,28.646923],[77.322182,28.647343],[77.321603,28.647633],[77.320931,28.647793],[77.320246,28.647812],[77.319548,28.647692],[77.318856,28.647503],[77.31817,28.647247],[77.317524,28.6469],[77.31692,28.646462],[77.316476,28.645922],[77.316192,28.645279],[77.316075,28.644619],[77.316125,28.643943],[77.316222,28.643292],[77.316366,28.642667],[77.316559,28.64205],[77.316803,28.641444],[77.317204,28.640933],[77.317762,28.640517],[77.318414,28.640288],[77.31916,28.640245],[77.319843,28.640271],[77.320461,28.640366],[77.32104,28.640362],[77.321579,28.640261],[77.322198,28.640121],[77.322895,28.639944],[77.323638,28.639898],[77.324428,28.639985],[77.32516,28.640235],[77.325835,28.640646],[77.326411,28.641165],[77.326887,28.641789],[77.327177,28.642478],[77.327281,28.64323],[77.327101,28.643935]]]}},{"type":"Feature","properties":{"kind":"park","name":"City Ridge Forest"},"geometry":{"type":"Polygon","coordinates":[[[77.205209,28.599663],[77.205244,28.60161],[77.20509,28.603604],[77.204748,28.605646],[77.203981,28.607574],[77.202789,28.609391],[77.201352,28.611073],[77.199669,28.61262],[77.197917,28.6143],[77.196095,28.616111],[77.193986,28.618081],[77.19159,28.620211],[77.188743,28.621908],[77.185444,28.623175],[77.182142,28.623367],[77.178835,28.622484],[77.176205,28.620654],[77.174253,28.617877],[77.173065,28.614924],[77.172641,28.611797],[77.172461,28.609042],[77.172524,28.606661],[77.172462,28.604591],[77.172273,28.602834],[77.172048,28.601139],[77.171784,28.599506],[77.171577,28.597829],[77.171427,28.596106],[77.171212,28.594208],[77.170934,28.592135],[77.170694,28.589714],[77.170493,28.586946],[77.170837,28.584043],[77.171726,28.581004],[77.17345,28.578509],[77.17601,28.576561],[77.17899,28.575615],[77.18239,28.575674],[77.185582,28.576405],[77.188567,28.577808],[77.191236,28.579214],[77.193591,28.580623],[77.195885,28.581862],[77.19812,28.58293],[77.200241,28.584162],[77.202249,28.585558],[77.203786,28.587277],[77.20485,28.589321],[77.205411,28.591443],[77.205468,28.593644],[77.20542,28.595731],[77.205268,28.597704],[77.205209,28.599663]]]}},{"type":"Feature","properties":{"kind":"park","name":"Meher Bagh Park"},"geometry":{"type":"Polygon","coordinates":[[[77.294746,28.640872],[77.29474,28.642593],[77.294286,28.64422],[77.293383,28.645755],[77.292231,28.647109],[77.290832,28.648282],[77.289228,28.649117],[77.287419,28.649612],[77.285598,28.649619],[77.283764,28.649138],[77.282189,28.648475],[77.280873,28.647629],[77.279637,28.647084],[77.278482,28.64684],[77.277044,28.646797],[77.275323,28.646956],[77.27349,28.646806],[77.271545,28.646347],[77.269965,28.645445],[77.268749,28.644101],[77.267986,28.642575],[77.267677,28.640866],[77.267693,28.639162],[77.268036,28.637463],[77.268759,28.635914],[77.269862,28.634516],[77.271274,28.633456],[77.272995,28.632735],[77.274681,28.632249],[77.276332,28.631996],[77.27785,28.63167],[77.279236,28.63127],[77.280692,28.630876],[77.28222,28.630489],[77.28376,28.630468],[77.285312,28.630812],[77.286645,28.631488],[77.287758,28.632495],[77.288793,28.633505],[77.289751,28.634519],[77.290855,28.635542],[77.292106,28.636573],[77.293236,28.63782],[77.294244,28.639281],[77.294746,28.640872]]]}},{"type":"Feature","properties":{"kind":"park","name":"Firoz Bagh"},"geometry":{"type":"Polygon","coordinates":[[[77.233754,28.561407],[77.2333,28.5623],[77.232814,28.563131],[77.232297,28.563901],[77.231672,28.564576],[77.23094,28.565157],[77.230179,28.565695],[77.229388,28.566188],[77.228551,28.566716],[77.227668,28.56728],[77.226659,28.567727],[77.225524,28.568059],[77.224382,28.568084],[77.223234,28.567804],[77.222206,28.567331],[77.221299,28.566665],[77.220401,28.565988],[77.219511,28.5653],[77.218613,28.56453],[77.217706,28.563679],[77.217102,28.56268],[77.2168,28.561534],[77.216968,28.560431],[77.217605,28.559371],[77.218444,28.558505],[77.219487,28.557833],[77.220466,28.557272],[77.221381,28.556822],[77.222256,28.556419],[77.223089,28.556063],[77.223939,28.555772],[77.224807,28.555548],[77.225716,28.555301],[77.226664,28.555032],[77.227776,28.554712],[77.229049,28.554341],[77.230454,28.554181],[77.23199,28.554234],[77.23328,28.554708],[77.234325,28.555603],[77.234872,28.556711],[77.234921,28.558032],[77.234705,28.559259],[77.234223,28.560394],[77.233754,28.561407]]]}},{"type":"Feature","properties":{"kind":"park","name":"Sarai Khas Park"},"geometry":{"type":"Polygon","coordinates":[[[77.322378,28.554449],[77.321809,28.555797],[77.321024,28.556991],[77.320024,28.55803],[77.318892,28.558859],[77.317628,28.559477],[77.316321,28.559838],[77.314971,28.55994],[77.313737,28.559964],[77.312621,28.559909],[77.311541,28.560013],[77.310497,28.560277],[77.309311,28.560551],[77.307981,28.560835],[77.306657,28.560793],[77.30534,28.560424],[77.304279,28.55975],[77.303475,28.558772],[77.302826,28.557734],[77.302331,28.556637],[77.301837,28.55551],[77.301343,28.554353],[77.301051,28.55312],[77.300963,28.551813],[77.301277,28.550584],[77.301994,28.549434],[77.302949,28.548487],[77.304143,28.547741],[77.305371,28.547145],[77.306634,28.546698],[77.30791,28.546436],[77.309198,28.546358],[77.310415,28.546544],[77.311562,28.546993],[77.31257,28.547506],[77.313437,28.548084],[77.314393,28.548484],[77.315436,28.548704],[77.31674,28.548922],[77.318306,28.549137],[77.319793,28.549678],[77.321202,28.550545],[77.322095,28.551678],[77.322474,28.553075],[77.322378,28.554449]]]}},{"type":"Feature","properties":{"kind":"park","name":"Nau Bagh Park"},"geometry":{"type":"Polygon","coordinates":[[[77.250847,28.65321],[77.251717,28.654452],[77.252192,28.655834],[77.252269,28.657354],[77.251766,28.658664],[77.250682,28.659764],[77.24936,28.660548],[77.2478,28.661016],[77.246264,28.661341],[77.24475,28.661521],[77.243263,28.661557],[77.241803,28.66145],[77.240449,28.661087],[77.239201,28.660469],[77.23813,28.659718],[77.237237,28.658832],[77.236392,28.657972],[77.235595,28.657136],[77.23484,28.656249],[77.234129,28.655312],[77.233701,28.654279],[77.233558,28.653152],[77.233697,28.652061],[77.234117,28.651005],[77.23451,28.649953],[77.234876,28.648905],[77.235212,28.647699],[77.235518,28.646336],[77.236137,28.644993],[77.237068,28.643671],[77.238347,28.64277],[77.239976,28.642291],[77.241615,28.642282],[77.243265,28.642743],[77.244719,28.64341],[77.245978,28.644283],[77.247018,28.645234],[77.24784,28.646263],[77.248412,28.64733],[77.248734,28.648436],[77.248969,28.649458],[77.249117,28.650398],[77.249496,28.651298],[77.250106,28.652158],[77.250847,28.65321]]]}},{"type":"Feature","properties":{"kind":"park"},"geometry":{"type":"Polygon","coordinates":[[[77.280322,28.543472],[77.280515,28.544426],[77.280345,28.54532],[77.279814,28.546155],[77.279042,28.546771],[77.27803,28.547169],[77.277036,28.547412],[77.276062,28.547501],[77.275168,28.54754],[77.274356,28.547531],[77.273589,28.547464],[77.272868,28.547339],[77.272169,28.547192],[77.271493,28.547024],[77.270728,28.546907],[77.269873,28.546841],[77.268876,28.546707],[77.267737,28.546504],[77.266722,28.546055],[77.265832,28.545359],[77.265368,28.544507],[77.26533,28.543499],[77.265624,28.542566],[77.266249,28.541709],[77.266916,28.540972],[77.267625,28.540354],[77.268316,28.539798],[77.268988,28.539305],[77.269709,28.538916],[77.270478,28.538629],[77.271258,28.538444],[77.272048,28.538362],[77.272832,28.538277],[77.273612,28.538189],[77.274444,28.538125],[77.275329,28.538085],[77.27619,28.538224],[77.277027,28.538541],[77.27771,28.539027],[77.278238,28.539681],[77.278696,28.540363],[77.279084,28.541074],[77.279515,28.541821],[77.279988,28.542603],[77.280322,28.543472]]]}},{"type":"Feature","properties":{"kind":"park"},"geometry":{"type":"Polygon","coordinates":[[[77.206158,28.527436],[77.206701,28.528657],[77.207113,28.530072],[77.207394,28.531683],[77.207186,28.533261],[77.206489,28.534808],[77.205405,28.536131],[77.203934,28.537232],[77.202266,28.538047],[77.2004,28.538576],[77.198514,28.538651],[77.196609,28.538269],[77.194998,28.537417],[77.193682,28.536093],[77.192726,28.534714],[77.192133,28.533281],[77.191495,28.532121],[77.190814,28.531233],[77.189885,28.530403],[77.188707,28.52963],[77.187671,28.528639],[77.186778,28.52743],[77.186347,28.526109],[77.186376,28.524677],[77.186696,28.523282],[77.187307,28.521924],[77.188062,28.520592],[77.188964,28.519286],[77.190115,28.518141],[77.191516,28.517158],[77.193101,28.516543],[77.19487,28.516294],[77.196605,28.516303],[77.198307,28.516568],[77.199955,28.516901],[77.201551,28.517302],[77.203046,28.517898],[77.204441,28.518688],[77.205443,28.519769],[77.206052,28.521141],[77.206257,28.522531],[77.206059,28.52394],[77.205942,28.525189],[77.205905,28.52628],[77.206158,28.527436]]]}},{"type":"Feature","properties":{"kind":"park"},"geometry":{"type":"Polygon","coordinates":[[[77.338692,28.615393],[77.33943,28.61646],[77.33989,28.617678],[77.34007,28.619048],[77.339712,28.620248],[77.338815,28.621278],[77.33764,28.621951],[77.336186,28.622267],[77.334776,28.622374],[77.333412,28.622273],[77.33215,28.622082],[77.33099,28.621801],[77.329944,28.621392],[77.329012,28.620855],[77.328201,28.620258],[77.327512,28.619601],[77.326799,28.618992],[77.326061,28.618431],[77.325252,28.617817],[77.324373,28.61715],[77.323695,28.616327],[77.323219,28.615349],[77.323118,28.614344],[77.323391,28.613313],[77.323817,28.612349],[77.324399,28.611451],[77.324969,28.610519],[77.325528,28.60955],[77.326239,28.608597],[77.327102,28.607658],[77.328188,28.607011],[77.329497,28.606657],[77.330807,28.606669],[77.332117,28.607046],[77.333274,28.607576],[77.334278,28.608258],[77.335145,28.60897],[77.335874,28.609711],[77.33644,28.610497],[77.336843,28.611329],[77.337137,28.612144],[77.337321,28.612942],[77.337641,28.613721],[77.338096,28.61448],[77.338692,28.615393]]]}},{"type":"Feature","properties":{"kind":"park","name":"Teen Pul Garden"},"geometry":{"type":"Polygon","coordinates":[[[77.236631,28.616943],[77.236705,28.617518],[77.236621,28.618079],[77.236381,28.618626],[77.236021,28.619104],[77.235543,28.619512],[77.235035,28.619885],[77.234496,28.620223],[77.233916,28.62052],[77.233292,28.620775],[77.232639,28.620864],[77.231956,28.620785],[77.231371,28.620514],[77.230884,28.62005],[77.230521,28.619565],[77.230282,28.619059],[77.230023,28.618647],[77.229745,28.618327],[77.229391,28.618018],[77.228959,28.617719],[77.228562,28.617341],[77.2282,28.616884],[77.227945,28.616362],[77.227799,28.615775],[77.227764,28.615153],[77.227841,28.614498],[77.228083,28.613882],[77.22849,28.613306],[77.229065,28.612915],[77.229807,28.612708],[77.230557,28.612716],[77.231315,28.612938],[77.231965,28.613194],[77.232508,28.613486],[77.23302,28.613688],[77.2335,28.613801],[77.234008,28.613917],[77.234544,28.614036],[77.235027,28.614258],[77.235457,28.614582],[77.235802,28.614971],[77.236061,28.615423],[77.236291,28.615901],[77.236493,28.616404],[77.236631,28.616943]]]}},{"type":"Feature","properties":{"kind":"park"},"geometry":{"type":"Polygon","coordinates":[[[77.280611,28.607007],[77.280805,28.607471],[77.280883,28.607968],[77.280844,28.608498],[77.280699,28.609031],[77.280447,28.609567],[77.280072,28.610044],[77.279576,28.610463],[77.278985,28.610703],[77.278301,28.610765],[77.277655,28.610642],[77.277047,28.610334],[77.276532,28.610001],[77.276112,28.609643],[77.275699,28.609351],[77.275293,28.609126],[77.274881,28.608884],[77.274462,28.608624],[77.274141,28.60829],[77.273919,28.60788],[77.273805,28.60745],[77.2738,28.607],[77.27381,28.606552],[77.273835,28.606107],[77.273883,28.60564],[77.273955,28.605151],[77.274135,28.604682],[77.274424,28.604232],[77.274811,28.603851],[77.275295,28.60354],[77.275821,28.603274],[77.276389,28.603053],[77.276994,28.602895],[77.277638,28.602799],[77.278256,28.602869],[77.278851,28.603105],[77.279291,28.603498],[77.279577,28.604048],[77.27973,28.604589],[77.27975,28.605121],[77.279811,28.605562],[77.279913,28.605913],[77.280101,28.60626],[77.280376,28.606603],[77.280611,28.607007]]]}},{"type":"Feature","properties":{"kind":"rail"},"geometry":{"type":"Polygon","coordinates":[[[77.260547,28.591559],[77.260662,28.592176],[77.260893,28.593411],[77.261238,28.595264],[77.261698,28.597735],[77.262185,28.600263],[77.262696,28.602848],[77.263234,28.605488],[77.263798,28.608187],[77.264445,28.610946],[77.265176,28.61376],[77.26599,28.616629],[77.266885,28.61955],[77.26778,28.622579],[77.268674,28.625721],[77.269569,28.628974],[77.270462,28.632337],[77.271259,28.635808],[77.271961,28.639392],[77.272567,28.643088],[77.273077,28.646898],[77.273492,28.650764],[77.273811,28.654686],[77.274034,28.658665],[77.274162,28.662702],[77.274226,28.666739],[77.274226,28.670777],[77.274162,28.674815],[77.274034,28.678855],[77.273938,28.681886],[77.273874,28.683908],[77.273842,28.684918],[77.27462,28.684937],[77.274652,28.683927],[77.274716,28.681905],[77.274811,28.678874],[77.274939,28.674829],[77.275003,28.670782],[77.275003,28.666735],[77.274939,28.662687],[77.274811,28.658639],[77.274587,28.654645],[77.274267,28.650708],[77.27385,28.646826],[77.273338,28.643],[77.272729,28.639285],[77.272024,28.635683],[77.271222,28.632192],[77.270325,28.628817],[77.269429,28.625558],[77.268533,28.622411],[77.267637,28.619376],[77.266742,28.616458],[77.265932,28.613601],[77.265205,28.610801],[77.264561,28.608057],[77.263999,28.605366],[77.263462,28.602729],[77.262951,28.600148],[77.262465,28.597623],[77.262005,28.595154],[77.26166,28.593301],[77.26143,28.592066],[77.261315,28.591448],[77.260547,28.591559]]]}},{"type":"Feature","properties":{"kind":"rail"},"geometry":{"type":"Polygon","coordinates":[[[77.257328,28.57575],[77.257258,28.575105],[77.257117,28.573813],[77.256906,28.571876],[77.256624,28.569292],[77.256304,28.566622],[77.255946,28.563868],[77.255549,28.56103],[77.255114,28.558109],[77.254653,28.555076],[77.254167,28.551931],[77.253656,28.548674],[77.253119,28.545307],[77.252601,28.541884],[77.252103,28.538405],[77.251623,28.534871],[77.251163,28.531281],[77.250755,28.527636],[77.250397,28.523935],[77.25009,28.520178],[77.249835,28.516363],[77.24963,28.512941],[77.249477,28.509912],[77.249375,28.507277],[77.249324,28.505034],[77.249286,28.50335],[77.24926,28.502227],[77.249247,28.501665],[77.24847,28.501679],[77.248483,28.502241],[77.248508,28.503363],[77.248546,28.505048],[77.248598,28.507296],[77.2487,28.509939],[77.248854,28.512974],[77.249059,28.516401],[77.249315,28.520222],[77.249622,28.523988],[77.24998,28.527698],[77.25039,28.531352],[77.250851,28.534949],[77.251331,28.538488],[77.25183,28.541972],[77.252348,28.545399],[77.252885,28.548768],[77.253397,28.552024],[77.253883,28.555167],[77.254343,28.558198],[77.254778,28.561116],[77.255174,28.563949],[77.255531,28.566697],[77.255851,28.56936],[77.256132,28.571941],[77.256343,28.573878],[77.256483,28.57517],[77.256554,28.575815],[77.257328,28.57575]]]}},{"type":"Feature","properties":{"kind":"rail"},"geometry":{"type":"Polygon","coordinates":[[[77.146364,28.62598],[77.147643,28.625924],[77.150201,28.625812],[77.154038,28.625643],[77.159154,28.625419],[77.164399,28.625166],[77.169772,28.624885],[77.175273,28.624576],[77.180902,28.624239],[77.186404,28.623874],[77.191778,28.623481],[77.197025,28.623059],[77.202144,28.62261],[77.207009,28.622132],[77.211618,28.621626],[77.215972,28.621092],[77.22007,28.62053],[77.223848,28.619968],[77.227307,28.619405],[77.230448,28.618843],[77.233266,28.61828],[77.235376,28.617859],[77.236783,28.617578],[77.237486,28.617438],[77.237314,28.616772],[77.23661,28.616913],[77.235204,28.617193],[77.233093,28.617615],[77.230284,28.618175],[77.227159,28.618735],[77.223712,28.619296],[77.219945,28.619856],[77.215858,28.620417],[77.211516,28.62095],[77.206917,28.621454],[77.202062,28.621931],[77.196951,28.62238],[77.191711,28.622801],[77.186343,28.623193],[77.180846,28.623558],[77.175222,28.623895],[77.169724,28.624204],[77.164355,28.624484],[77.159113,28.624737],[77.153999,28.624961],[77.150162,28.62513],[77.147604,28.625242],[77.146326,28.625298],[77.146364,28.62598]]]}},{"type":"Feature","properties":{"kind":"road","class":"primary","name":"Mathura Road"},"geometry":{"type":"LineString","coordinates":[[77.250188,28.60902],[77.249843,28.611884],[77.249434,28.61573],[77.249229,28.619688],[77.249242,28.623843],[77.249511,28.628446],[77.249741,28.630917],[77.249977,28.633499],[77.25022,28.636194],[77.25047,28.639002],[77.250726,28.641921],[77.250949,28.644897],[77.251141,28.647929],[77.251301,28.651016],[77.251429,28.654161]]}},{"type":"Feature","properties":{"kind":"road","class":"primary","name":"Mathura Road"},"geometry":{"type":"LineString","coordinates":[[77.251518,28.658989],[77.251531,28.660617],[77.251506,28.66393],[77.251429,28.667298],[77.251352,28.670611],[77.251275,28.673867],[77.251199,28.677068],[77.251122,28.680212],[77.251064,28.68257],[77.251041,28.683513]]}},{"type":"Feature","properties":{"kind":"road","class":"primary","name":"Mathura Road"},"geometry":{"type":"LineString","coordinates":[[77.25602,28.575334],[77.256327,28.572302],[77.256749,28.568147],[77.257222,28.563543],[77.257478,28.561073],[77.257708,28.558547],[77.257913,28.555964],[77.258092,28.553325],[77.258245,28.55063],[77.258335,28.547823],[77.25836,28.544903],[77.258322,28.541872],[77.25822,28.538728],[77.258092,28.535584],[77.257938,28.532439],[77.257759,28.529295],[77.257555,28.526151],[77.257376,28.522558],[77.257222,28.518516],[77.257094,28.514024],[77.256992,28.509083],[77.256915,28.505378],[77.256873,28.503319]]}},{"type":"Feature","properties":{"kind":"road","class":"primary","name":"Lodhi Road"},"geometry":{"type":"LineString","coordinates":[[77.23149,28.601983],[77.230558,28.601935],[77.226114,28.601722],[77.221286,28.601553],[77.216043,28.601458],[77.213229,28.601469],[77.210288,28.60152],[77.207219,28.601609],[77.205087,28.60168]]}},{"type":"Feature","properties":{"kind":"road","class":"primary","name":"Lodhi Road"},"geometry":{"type":"LineString","coordinates":[[77.172146,28.602561],[77.171219,28.602558],[77.167574,28.602508],[77.163993,28.602418],[77.16054,28.602328],[77.157215,28.602238],[77.154018,28.602148],[77.150949,28.602059],[77.148071,28.601974]]}},{"type":"Feature","properties":{"kind":"road","class":"secondary","name":"Nizamuddin East Marg"},"geometry":{"type":"LineString","coordinates":[[77.266247,28.587555],[77.269075,28.587224],[77.273208,28.586866],[77.277364,28.586624],[77.281776,28.586675],[77.286444,28.586956],[77.291368,28.587281],[77.296483,28.587629],[77.301599,28.587933],[77.306075,28.588168],[77.307993,28.588269]]}},{"type":"Feature","properties":{"kind":"road","class":"secondary","name":"Old Barapullah Road"},"geometry":{"type":"LineString","coordinates":[[77.267487,28.582644],[77.271093,28.581402],[77.275638,28.581117],[77.280306,28.580802],[77.285229,28.580488],[77.290345,28.580185],[77.29546,28.579926],[77.300703,28.579707],[77.303517,28.579606],[77.306458,28.579511],[77.309528,28.579421],[77.313364,28.579309],[77.314131,28.579286]]}},{"type":"Feature","properties":{"kind":"road","class":"primary","name":"Ring Road"},"geometry":{"type":"LineString","coordinates":[[77.2507,28.625848],[77.254695,28.626675],[77.258801,28.626765],[77.262796,28.625987],[77.266442,28.624346],[77.269562,28.621985],[77.272087,28.619147],[77.27408,28.6161],[77.275708,28.613071],[77.27718,28.610192]]}},{"type":"Feature","properties":{"kind":"road","class":"primary","name":"Ring Road"},"geometry":{"type":"LineString","coordinates":[[77.280046,28.605236],[77.280274,28.604861],[77.281943,28.602213],[77.283534,28.599428],[77.284846,28.596451],[77.285687,28.5933],[77.285936,28.590048],[77.285573,28.586792],[77.28467,28.583608],[77.283354,28.580535],[77.281744,28.577563],[77.279907,28.574668],[77.277839,28.571844],[77.275475,28.569141],[77.272731,28.566675],[77.269562,28.564615],[77.265997,28.563133],[77.262152,28.562353],[77.258205,28.562298],[77.254343,28.562869],[77.2507,28.563865],[77.247316,28.565031],[77.244124,28.566136],[77.240981,28.567037],[77.23773,28.567721],[77.234265,28.568306],[77.230594,28.569001],[77.226844,28.570037],[77.223247,28.571596],[77.220069,28.573759],[77.217538,28.576489],[77.215784,28.57965],[77.214805,28.583059],[77.214484,28.586541],[77.21464,28.589972],[77.215094,28.5933],[77.215729,28.596527],[77.216522,28.599679],[77.217532,28.602762],[77.218864,28.605746],[77.220608,28.608555],[77.222796,28.611101],[77.225378,28.613319],[77.22783,28.614934]]}},{"type":"Feature","properties":{"kind":"road","class":"primary","name":"Ring Road"},"geometry":{"type":"LineString","coordinates":[[77.23599,28.61913],[77.237284,28.619758],[77.240337,28.621303],[77.243528,28.622927],[77.246964,28.624513],[77.2507,28.625848]]}},{"type":"Feature","properties":{"kind":"road","class":"primary","name":"Outer Ring Road"},"geometry":{"type":"LineString","coordinates":[[77.2507,28.665472],[77.255073,28.666564],[77.259559,28.667305],[77.264109,28.667634],[77.268664,28.667505],[77.273157,28.66689],[77.277521,28.665779],[77.28169,28.664186],[77.285607,28.66214],[77.289228,28.659693],[77.292524,28.656907],[77.295487,28.653854],[77.298124,28.650612],[77.300462,28.647256],[77.302543,28.643856],[77.304421,28.640469],[77.306153,28.63714],[77.3078,28.633899],[77.309416,28.630757],[77.311049,28.627711],[77.312729,28.624745],[77.314473,28.621831],[77.316278,28.618936],[77.318124,28.616025],[77.319978,28.613064],[77.321791,28.610025],[77.323507,28.606888],[77.325068,28.603642],[77.326416,28.600287],[77.3275,28.596834],[77.32828,28.5933],[77.328728,28.589709],[77.328831,28.58609],[77.328592,28.582468],[77.328026,28.578868],[77.327159,28.575311],[77.326026,28.57181],[77.324663,28.568371],[77.323107,28.564994],[77.32139,28.561675],[77.319536,28.558404],[77.319317,28.558046]]}},{"type":"Feature","properties":{"kind":"road","class":"primary","name":"Outer Ring Road"},"geometry":{"type":"LineString","coordinates":[[77.311929,28.547105],[77.310878,28.545724],[77.308351,28.54268],[77.305635,28.53973],[77.302708,28.536909],[77.299551,28.534262],[77.296156,28.53184],[77.292524,28.529693],[77.28867,28.527869],[77.284619,28.526408],[77.280411,28.52534],[77.276093,28.524679],[77.271719,28.524424],[77.267342,28.524556],[77.263013,28.52504],[77.258777,28.525823],[77.254667,28.526843],[77.2507,28.52803],[77.246881,28.529311],[77.243197,28.530616],[77.239622,28.531885],[77.236119,28.533067],[77.232644,28.534132],[77.22915,28.535065],[77.225594,28.535873],[77.22194,28.536581],[77.218164,28.537232],[77.214258,28.537879],[77.210233,28.538586],[77.206116,28.53942],[77.201953,28.540444],[77.197803,28.541717],[77.193736,28.543283],[77.189826,28.545174],[77.186151,28.547404],[77.182779,28.549971],[77.17977,28.552855],[77.177168,28.556024],[77.175001,28.559434],[77.173278,28.563034],[77.171989,28.566771],[77.171107,28.570593],[77.170592,28.574453],[77.170395,28.578312],[77.170462,28.582142],[77.17071,28.585501]]}},{"type":"Feature","properties":{"kind":"road","class":"primary","name":"Outer Ring Road"},"geometry":{"type":"LineString","coordinates":[[77.181466,28.623278],[77.181918,28.624072],[77.183975,28.627125],[77.186281,28.630032],[77.188827,28.632771],[77.191594,28.635326],[77.194552,28.63769],[77.197666,28.639866],[77.200894,28.641869],[77.204199,28.643721],[77.207544,28.645455],[77.210903,28.647109],[77.214258,28.648721],[77.217605,28.65033],[77.220952,28.651967],[77.224315,28.653652],[77.227722,28.655393],[77.231205,28.657182],[77.234797,28.658994],[77.238526,28.660789],[77.242415,28.662511],[77.246474,28.664096],[77.2507,28.665472]]}},{"type":"Feature","properties":{"kind":"road","class":"primary","name":"Anjuman Marg"},"geometry":{"type":"LineString","coordinates":[[77.256253,28.602914],[77.257819,28.606068],[77.259215,28.608868],[77.260618,28.611664],[77.262032,28.614456],[77.263457,28.617242],[77.264898,28.620022],[77.266356,28.622795],[77.267832,28.625561],[77.269328,28.628318],[77.270847,28.631066],[77.272168,28.633414]]}},{"type":"Feature","properties":{"kind":"road","class":"primary","name":"Anjuman Marg"},"geometry":{"type":"LineString","coordinates":[[77.280707,28.647724],[77.282156,28.650016],[77.283871,28.65268],[77.285609,28.655333],[77.287369,28.657976],[77.289149,28.660609],[77.290949,28.663233],[77.292765,28.665849],[77.294597,28.668457],[77.296442,28.671058],[77.298298,28.673654],[77.300162,28.676245],[77.302032,28.678832],[77.303906,28.681417],[77.305245,28.683263]]}},{"type":"Feature","properties":{"kind":"road","class":"primary","name":"Chandan Marg"},"geometry":{"type":"LineString","coordinates":[[77.265842,28.597971],[77.269126,28.599342],[77.272348,28.600496],[77.275574,28.60164],[77.278805,28.602772],[77.282042,28.603891],[77.285286,28.604994],[77.288537,28.60608],[77.291796,28.607148],[77.295064,28.608195],[77.298341,28.609221],[77.301628,28.610225],[77.304924,28.611206],[77.30823,28.612165],[77.311545,28.6131],[77.31487,28.614012],[77.318203,28.6149],[77.321546,28.615767],[77.323939,28.61637]]}},{"type":"Feature","properties":{"kind":"road","class":"primary","name":"Chandan Marg"},"geometry":{"type":"LineString","coordinates":[[77.339817,28.620123],[77.34175,28.620556],[77.345135,28.6213],[77.348524,28.622033],[77.351916,28.622759],[77.353369,28.623067]]}},{"type":"Feature","properties":{"kind":"road","class":"primary","name":"Roshan Road"},"geometry":{"type":"LineString","coordinates":[[77.266247,28.587555],[77.268121,28.587101],[77.27113,28.585503],[77.274122,28.583894],[77.2771,28.582275],[77.280067,28.580646],[77.283026,28.579011],[77.285978,28.577369],[77.288925,28.575725],[77.291869,28.574079],[77.294811,28.572433],[77.297754,28.57079],[77.300698,28.569153],[77.303646,28.567522],[77.306599,28.5659],[77.309558,28.564289],[77.312526,28.562691],[77.315502,28.561107],[77.318488,28.559538],[77.321485,28.557987],[77.324494,28.556455],[77.327516,28.554942],[77.330551,28.553449],[77.333599,28.551978],[77.336661,28.550527],[77.339737,28.549098],[77.342827,28.547691],[77.34593,28.546305],[77.349046,28.54494],[77.352175,28.543595],[77.353072,28.543216]]}},{"type":"Feature","properties":{"kind":"road","class":"primary","name":"Firoz Marg"},"geometry":{"type":"LineString","coordinates":[[77.25602,28.575334],[77.256657,28.57366],[77.257429,28.57068],[77.258212,28.567703],[77.259008,28.564729],[77.25982,28.561759],[77.260651,28.558793],[77.261502,28.555832],[77.262375,28.552875],[77.263272,28.549924],[77.264193,28.546979],[77.265141,28.544039],[77.265558,28.542782]]}},{"type":"Feature","properties":{"kind":"road","class":"primary","name":"Firoz Marg"},"geometry":{"type":"LineString","coordinates":[[77.265698,28.542363],[77.266115,28.541105],[77.267116,28.538178],[77.268144,28.535257],[77.2692,28.532343],[77.270282,28.529436],[77.27139,28.526535],[77.272522,28.523641],[77.273679,28.520752],[77.274857,28.51787],[77.276056,28.514994],[77.277273,28.512123],[77.278507,28.509257],[77.279754,28.506395],[77.281013,28.503536],[77.281194,28.503129]]}},{"type":"Feature","properties":{"kind":"road","class":"primary","name":"Neelam Road"},"geometry":{"type":"LineString","coordinates":[[77.243027,28.585844],[77.241066,28.581876],[77.239331,28.579208],[77.237622,28.576531],[77.235938,28.573844],[77.23428,28.571146],[77.232647,28.568436],[77.231039,28.565715],[77.230587,28.564935]]}},{"type":"Feature","properties":{"kind":"road","class":"primary","name":"Neelam Road"},"geometry":{"type":"LineString","coordinates":[[77.225064,28.55512],[77.224848,28.554725],[77.223355,28.551953],[77.221882,28.549173],[77.220427,28.546386],[77.218988,28.543592],[77.217563,28.540793],[77.21615,28.537989],[77.214745,28.535183],[77.213348,28.532374],[77.211955,28.529564],[77.210563,28.526755],[77.209171,28.523947],[77.207775,28.521141],[77.206373,28.518338],[77.204962,28.51554],[77.20354,28.512748],[77.202105,28.509961],[77.200655,28.507182],[77.199187,28.504411],[77.198549,28.503227]]}},{"type":"Feature","properties":{"kind":"road","class":"primary","name":"Zafar Marg"},"geometry":{"type":"LineString","coordinates":[[77.238832,28.590605],[77.235571,28.591189],[77.232209,28.590329],[77.228859,28.589447],[77.225521,28.588543],[77.222192,28.587615],[77.218872,28.586664],[77.215562,28.585689],[77.212261,28.584691],[77.208968,28.583671],[77.205685,28.582629],[77.202409,28.581566],[77.199142,28.580484],[77.195883,28.579384],[77.19263,28.578267],[77.189384,28.577136],[77.186144,28.575993],[77.182909,28.574839],[77.179678,28.573677],[77.176451,28.57251],[77.173225,28.571338],[77.170002,28.570166],[77.166778,28.568995],[77.163554,28.567828],[77.160329,28.566666],[77.1571,28.565513],[77.153869,28.564371],[77.150632,28.563241],[77.148317,28.562444]]}},{"type":"Feature","properties":{"kind":"road","class":"primary","name":"Salim Road"},"geometry":{"type":"LineString","coordinates":[[77.240868,28.599756],[77.238628,28.599588]]}},{"type":"Feature","properties":{"kind":"road","class":"primary","name":"Salim Road"},"geometry":{"type":"LineString","coordinates":[[77.233819,28.602103],[77.231947,28.603858],[77.228827,28.60524],[77.225696,28.6066],[77.222553,28.607936],[77.219398,28.609251],[77.216232,28.610543],[77.213054,28.611813],[77.209866,28.613063],[77.206667,28.614293],[77.203459,28.615504],[77.200242,28.616698],[77.197018,28.617876],[77.193787,28.619041],[77.191938,28.619699]]}},{"type":"Feature","properties":{"kind":"road","class":"primary","name":"Salim Road"},"geometry":{"type":"LineString","coordinates":[[77.181748,28.623273],[77.18082,28.623596],[77.177574,28.62472],[77.174328,28.625843],[77.171083,28.626967],[77.167841,28.628094],[77.164602,28.629227],[77.161369,28.630368],[77.158141,28.63152],[77.15492,28.632683],[77.151707,28.63386],[77.148503,28.635053],[77.148047,28.635226]]}},{"type":"Feature","properties":{"kind":"road","class":"primary","name":"Barkat Marg"},"geometry":{"type":"LineString","coordinates":[[77.245585,28.602822],[77.243184,28.605019],[77.24204,28.607949],[77.240922,28.610875],[77.239822,28.613798],[77.238739,28.616722],[77.237668,28.619645],[77.236607,28.622569],[77.235552,28.625492],[77.234502,28.628415],[77.233453,28.631336],[77.232401,28.634256],[77.231346,28.637173],[77.230282,28.640086],[77.229209,28.642996],[77.228124,28.645901],[77.227023,28.6488],[77.225906,28.651694],[77.224769,28.654582],[77.223612,28.657462],[77.222432,28.660336],[77.221228,28.663201],[77.22,28.666059],[77.218745,28.668908],[77.217465,28.671748],[77.216158,28.67458],[77.214825,28.677403],[77.213467,28.680218],[77.212082,28.683024],[77.211881,28.683423]]}},{"type":"Feature","properties":{"kind":"road","class":"residential"},"geometry":{"type":"LineString","coordinates":[[77.148391,28.504156],[77.15146,28.50424],[77.15453,28.504328],[77.157599,28.504418],[77.160668,28.504511],[77.163738,28.504603],[77.166807,28.504695],[77.169876,28.504785],[77.172945,28.504872],[77.176015,28.504955],[77.179084,28.505032],[77.182153,28.505103],[77.185222,28.505166],[77.188292,28.505221],[77.191361,28.505267],[77.19443,28.505303],[77.197499,28.50533],[77.200569,28.505346],[77.203638,28.505351],[77.206707,28.505346],[77.209776,28.50533],[77.212846,28.505304],[77.215915,28.505267],[77.218984,28.505221],[77.222054,28.505166],[77.225123,28.505103],[77.228192,28.505033],[77.231261,28.504956],[77.234331,28.504873],[77.2374,28.504786],[77.240469,28.504696],[77.243538,28.504604],[77.246608,28.504511],[77.249677,28.504419],[77.252746,28.504329],[77.255815,28.504241],[77.258885,28.504157],[77.261954,28.504079],[77.265023,28.504007],[77.268092,28.503942],[77.271162,28.503885],[77.274231,28.503836],[77.2773,28.503798],[77.28037,28.503769],[77.283439,28.50375],[77.286508,28.503743],[77.289577,28.503746],[77.292647,28.503759],[77.295716,28.503783],[77.298785,28.503817],[77.299297,28.503825]]}},{"type":"Feature","properties":{"kind":"road","class":"residential"},"geometry":{"type":"LineString","coordinates":[[77.303389,28.503888],[77.304924,28.503914],[77.307993,28.503975],[77.311062,28.504044],[77.314131,28.50412],[77.317201,28.504202],[77.32027,28.504287],[77.323339,28.504377],[77.326409,28.504469],[77.329478,28.504561],[77.332547,28.504654],[77.335616,28.504745],[77.338686,28.504833],[77.341755,28.504918],[77.344824,28.504998],[77.347893,28.505071],[77.350963,28.505138]]}},{"type":"Feature","properties":{"kind":"road","class":"residential"},"geometry":{"type":"LineString","coordinates":[[77.150321,28.503469],[77.150389,28.506164],[77.150445,28.508859],[77.150488,28.511554],[77.150517,28.514249],[77.150533,28.516944],[77.150534,28.519638],[77.150521,28.522333],[77.150494,28.525028],[77.150453,28.527723],[77.150399,28.530418],[77.150333,28.533113],[77.150256,28.535808],[77.150169,28.538503],[77.150073,28.541198],[77.14997,28.543893],[77.149862,28.546588],[77.14975,28.549283],[77.149636,28.551978],[77.149522,28.554673],[77.149409,28.557368],[77.149299,28.560062],[77.149195,28.562757],[77.149097,28.565452],[77.149007,28.568147],[77.148927,28.570842],[77.148857,28.573537],[77.1488,28.576232],[77.148755,28.578927],[77.148724,28.581622],[77.148706,28.584317],[77.148703,28.587012],[77.148714,28.589707],[77.14874,28.592402],[77.148779,28.595097],[77.148831,28.597792],[77.148895,28.600486],[77.148971,28.603181],[77.149057,28.605876],[77.149152,28.608571],[77.149253,28.611266],[77.149361,28.613961],[77.149473,28.616656],[77.149587,28.619351],[77.149701,28.622046],[77.149814,28.624741],[77.149924,28.627436],[77.150029,28.630131],[77.150128,28.632826],[77.150219,28.635521],[77.150301,28.638216],[77.150372,28.64091],[77.150431,28.643605],[77.150478,28.6463],[77.150511,28.648995],[77.15053,28.65169],[77.150535,28.654385],[77.150526,28.65708],[77.150502,28.659775],[77.150465,28.66247],[77.150415,28.665165],[77.150352,28.66786],[77.150277,28.670555],[77.150193,28.67325],[77.150099,28.675945],[77.149998,28.67864],[77.149891,28.681334]]}},{"type":"Feature","properties":{"kind":"road","class":"secondary"},"geometry":{"type":"LineString","coordinates":[[77.148391,28.511321],[77.15146,28.511222],[77.15453,28.511126],[77.157599,28.511032],[77.160668,28.510944],[77.163738,28.51086],[77.166807,28.510784],[77.169876,28.510716],[77.172945,28.510656],[77.176015,28.510606],[77.179084,28.510566],[77.182153,28.510537],[77.185222,28.510519],[77.188292,28.510513],[77.191361,28.510517],[77.19443,28.510534],[77.197499,28.510561],[77.200569,28.510599],[77.203638,28.510648],[77.206707,28.510706],[77.209776,28.510773],[77.212846,28.510848],[77.215915,28.51093],[77.218984,28.511018],[77.222054,28.511111],[77.225123,28.511207],[77.228192,28.511305],[77.231261,28.511405],[77.234331,28.511504],[77.2374,28.511601],[77.240469,28.511695],[77.243538,28.511785],[77.246608,28.511869],[77.249677,28.511947],[77.252746,28.512017],[77.255815,28.512079],[77.258885,28.512131],[77.261954,28.512174],[77.265023,28.512205],[77.268092,28.512226],[77.271162,28.512235],[77.274231,28.512233],[77.2773,28.512219],[77.28037,28.512194],[77.283439,28.512158],[77.286508,28.512112],[77.289577,28.512056],[77.292647,28.511991],[77.295716,28.511918],[77.298785,28.511837],[77.299808,28.511808]]}},{"type":"Feature","properties":{"kind":"road","class":"secondary"},"geometry":{"type":"LineString","coordinates":[[77.303389,28.511705],[77.304924,28.511659],[77.307993,28.511563],[77.311062,28.511465],[77.314131,28.511366],[77.317201,28.511267],[77.32027,28.511169],[77.323339,28.511074],[77.326409,28.510983],[77.329478,28.510897],[77.332547,28.510818],[77.335616,28.510746],[77.338686,28.510682],[77.341755,28.510628],[77.344824,28.510583],[77.347893,28.510549],[77.350963,28.510526]]}},{"type":"Feature","properties":{"kind":"road","class":"secondary"},"geometry":{"type":"LineString","coordinates":[[77.156422,28.503469],[77.156413,28.506164],[77.15642,28.508859],[77.156443,28.511554],[77.15648,28.514249],[77.156531,28.516944],[77.156596,28.519638],[77.156674,28.522333],[77.156762,28.525028],[77.156861,28.527723],[77.156967,28.530418],[77.157081,28.533113],[77.157199,28.535808],[77.157321,28.538503],[77.157443,28.541198],[77.157565,28.543893],[77.157684,28.546588],[77.157799,28.549283],[77.157907,28.551978],[77.158007,28.554673],[77.158098,28.557368],[77.158178,28.560062],[77.158245,28.562757],[77.158299,28.565452],[77.15834,28.568147],[77.158365,28.570842],[77.158375,28.573537],[77.15837,28.576232],[77.15835,28.578927],[77.158315,28.581622],[77.158265,28.584317],[77.158202,28.587012],[77.158126,28.589707],[77.158039,28.592402],[77.157942,28.595097],[77.157836,28.597792],[77.157723,28.600486],[77.157605,28.603181],[77.157484,28.605876],[77.157362,28.608571],[77.15724,28.611266],[77.15712,28.613961],[77.157005,28.616656],[77.156896,28.619351],[77.156794,28.622046],[77.156702,28.624741],[77.156621,28.627436],[77.156552,28.630131],[77.156496,28.632826],[77.156454,28.635521],[77.156426,28.638216],[77.156414,28.64091],[77.156417,28.643605],[77.156435,28.6463],[77.156469,28.648995],[77.156516,28.65169],[77.156578,28.654385],[77.156652,28.65708],[77.156738,28.659775],[77.156834,28.66247],[77.156938,28.665165],[77.15705,28.66786],[77.157167,28.670555],[77.157288,28.67325],[77.157411,28.675945],[77.157533,28.67864],[77.157653,28.681334]]}},{"type":"Feature","properties":{"kind":"road","class":"residential"},"geometry":{"type":"LineString","coordinates":[[77.148391,28.518319],[77.15146,28.518366],[77.15453,28.51841],[77.157599,28.518452],[77.160668,28.518491],[77.163738,28.518525],[77.166807,28.518556],[77.169876,28.518581],[77.172945,28.518602],[77.176015,28.518617],[77.179084,28.518627],[77.182153,28.518631],[77.185222,28.518629],[77.188292,28.518622],[77.189826,28.518615]]}},{"type":"Feature","properties":{"kind":"road","class":"residential"},"geometry":{"type":"LineString","coordinates":[[77.204149,28.518499],[77.206707,28.518468],[77.209776,28.518428],[77.212846,28.518384],[77.215915,28.518338],[77.218984,28.518291],[77.222054,28.518242],[77.225123,28.518192],[77.228192,28.518143],[77.231261,28.518094],[77.234331,28.518047],[77.2374,28.518002],[77.240469,28.517959],[77.243538,28.51792],[77.246608,28.517885],[77.249677,28.517853],[77.252746,28.517827],[77.255815,28.517805],[77.258885,28.517788],[77.261954,28.517777],[77.265023,28.517772],[77.268092,28.517772],[77.271162,28.517779],[77.274231,28.51779],[77.2773,28.517807],[77.28037,28.51783],[77.283439,28.517857],[77.286508,28.517889],[77.289577,28.517925],[77.292647,28.517965],[77.295716,28.518008],[77.298785,28.518053],[77.299808,28.518069]]}},{"type":"Feature","properties":{"kind":"road","class":"residential"},"geometry":{"type":"LineString","coordinates":[[77.303901,28.518133],[77.304924,28.518149],[77.307993,28.518199],[77.311062,28.518248],[77.314131,28.518297],[77.317201,28.518345],[77.32027,28.51839],[77.323339,28.518434],[77.326409,28.518474],[77.329478,28.51851],[77.332547,28.518542],[77.335616,28.51857],[77.338686,28.518593],[77.341755,28.518611],[77.344824,28.518623],[77.347893,28.51863],[77.350963,28.51863]]}},{"type":"Feature","properties":{"kind":"road","class":"residential"},"geometry":{"type":"LineString","coordinates":[[77.165657,28.503469],[77.165648,28.506164],[77.165632,28.508859],[77.165608,28.511554],[77.165577,28.514249],[77.16554,28.516944],[77.165498,28.519638],[77.16545,28.522333],[77.165398,28.525028],[77.165342,28.527723],[77.165283,28.530418],[77.165223,28.533113],[77.165162,28.535808],[77.165101,28.538503],[77.165041,28.541198],[77.164983,28.543893],[77.164928,28.546588],[77.164877,28.549283],[77.164831,28.551978],[77.164789,28.554673],[77.164754,28.557368],[77.164725,28.560062],[77.164703,28.562757],[77.164688,28.565452],[77.164681,28.568147],[77.164682,28.570842],[77.16469,28.573537],[77.164705,28.576232],[77.164728,28.578927],[77.164758,28.581622],[77.164794,28.584317],[77.164836,28.587012],[77.164883,28.589707],[77.164935,28.592402],[77.16499,28.595097],[77.165048,28.597792],[77.165108,28.600486],[77.165169,28.603181],[77.16523,28.605876],[77.165291,28.608571],[77.165349,28.611266],[77.165404,28.613961],[77.165456,28.616656],[77.165503,28.619351],[77.165545,28.622046],[77.165581,28.624741],[77.165611,28.627436],[77.165634,28.630131],[77.16565,28.632826],[77.165658,28.635521],[77.165658,28.638216],[77.165651,28.64091],[77.165637,28.643605],[77.165615,28.6463],[77.165586,28.648995],[77.165551,28.65169],[77.16551,28.654385],[77.165463,28.65708],[77.165412,28.659775],[77.165357,28.66247],[77.165299,28.665165],[77.165239,28.66786],[77.165178,28.670555],[77.165117,28.67325],[77.165057,28.675945],[77.164999,28.67864],[77.164943,28.681334]]}},{"type":"Feature","properties":{"kind":"road","class":"residential"},"geometry":{"type":"LineString","coordinates":[[77.148391,28.525251],[77.15146,28.525279],[77.15453,28.525304],[77.157599,28.525325],[77.160668,28.525342],[77.163738,28.525355],[77.166807,28.525363],[77.169876,28.525367],[77.172945,28.525367],[77.176015,28.525362],[77.179084,28.525353],[77.182153,28.525339],[77.185222,28.525321],[77.186757,28.525311]]}},{"type":"Feature","properties":{"kind":"road","class":"residential"},"geometry":{"type":"LineString","coordinates":[[77.206196,28.525113],[77.206707,28.525107],[77.209776,28.525069],[77.212846,28.525029],[77.215915,28.52499],[77.218984,28.524952],[77.222054,28.524914],[77.225123,28.524878],[77.228192,28.524844],[77.231261,28.524812],[77.234331,28.524784],[77.2374,28.524758],[77.240469,28.524736],[77.243538,28.524718],[77.246608,28.524704],[77.249677,28.524695],[77.252746,28.52469],[77.255815,28.524689],[77.258885,28.524693],[77.261954,28.524701],[77.265023,28.524714],[77.268092,28.524731],[77.271162,28.524752],[77.274231,28.524776],[77.2773,28.524804],[77.28037,28.524835],[77.283439,28.524868],[77.286508,28.524904],[77.289577,28.524941],[77.292647,28.524979],[77.295716,28.525018],[77.298785,28.525058],[77.299297,28.525064]]}},{"type":"Feature","properties":{"kind":"road","class":"residential"},"geometry":{"type":"LineString","coordinates":[[77.303389,28.525115],[77.304924,28.525134],[77.307993,28.525171],[77.311062,28.525205],[77.314131,28.525237],[77.317201,28.525267],[77.32027,28.525293],[77.323339,28.525316],[77.326409,28.525335],[77.329478,28.525349],[77.332547,28.52536],[77.335616,28.525366],[77.338686,28.525368],[77.341755,28.525365],[77.344824,28.525358],[77.347893,28.525346],[77.350963,28.52533]]}},{"type":"Feature","properties":{"kind":"road","class":"residential"},"geometry":{"type":"LineString","coordinates":[[77.17328,28.503469],[77.173253,28.506164],[77.173222,28.508859],[77.173186,28.511554],[77.173146,28.514249],[77.173104,28.516944],[77.173058,28.519638],[77.173011,28.522333],[77.172963,28.525028],[77.172915,28.527723],[77.172867,28.530418],[77.172821,28.533113],[77.172776,28.535808],[77.172734,28.538503],[77.172695,28.541198],[77.17266,28.543893],[77.17263,28.546588],[77.172605,28.549283],[77.172584,28.551978],[77.17257,28.554673],[77.172561,28.557368],[77.172559,28.560062],[77.172562,28.562757],[77.172571,28.565452],[77.172587,28.568147],[77.172607,28.570842],[77.172633,28.573537],[77.172664,28.576232],[77.1727,28.578927],[77.172713,28.579825]]}},{"type":"Feature","properties":{"kind":"road","class":"residential"},"geometry":{"type":"LineString","coordinates":[[77.173274,28.615758],[77.173283,28.616656],[77.173304,28.619351],[77.173319,28.622046],[77.173328,28.624741],[77.173332,28.627436],[77.173329,28.630131],[77.173321,28.632826],[77.173306,28.635521],[77.173286,28.638216],[77.173261,28.64091],[77.173231,28.643605],[77.173196,28.6463],[77.173157,28.648995],[77.173115,28.65169],[77.173071,28.654385],[77.173024,28.65708],[77.172976,28.659775],[77.172928,28.66247],[77.17288,28.665165],[77.172833,28.66786],[77.172788,28.670555],[77.172745,28.67325],[77.172705,28.675945],[77.172669,28.67864],[77.172638,28.681334]]}},{"type":"Feature","properties":{"kind":"road","class":"secondary"},"geometry":{"type":"LineString","coordinates":[[77.148391,28.531633],[77.15146,28.531587],[77.15453,28.531544],[77.157599,28.531506],[77.160668,28.531472],[77.163738,28.531443],[77.166807,28.531419],[77.169876,28.531402],[77.172945,28.53139],[77.176015,28.531385],[77.179084,28.531385],[77.182153,28.531393],[77.185222,28.531406],[77.188292,28.531425],[77.191361,28.53145]]}},{"type":"Feature","properties":{"kind":"road","class":"secondary"},"geometry":{"type":"LineString","coordinates":[[77.20773,28.531664],[77.209776,28.531697],[77.212846,28.531749],[77.215915,28.531803],[77.218984,28.531857],[77.222054,28.531911],[77.225123,28.531965],[77.228192,28.532017],[77.231261,28.532067],[77.234331,28.532114],[77.2374,28.532157],[77.240469,28.532197],[77.243538,28.532232],[77.246608,28.532262],[77.249677,28.532287],[77.252746,28.532306],[77.255815,28.532319],[77.258885,28.532326],[77.261954,28.532326],[77.265023,28.532321],[77.268092,28.532309],[77.271162,28.532291],[77.274231,28.532267],[77.2773,28.532238],[77.28037,28.532204],[77.283439,28.532165],[77.286508,28.532122],[77.289577,28.532075],[77.292647,28.532026],[77.295716,28.531974],[77.298785,28.531921]]}},{"type":"Feature","properties":{"kind":"road","class":"secondary"},"geometry":{"type":"LineString","coordinates":[[77.302877,28.531848],[77.304924,28.531812],[77.307993,28.531758],[77.311062,28.531706],[77.314131,28.531655],[77.317201,28.531608],[77.32027,28.531563],[77.323339,28.531523],[77.326409,28.531486],[77.329478,28.531455],[77.332547,28.531429],[77.335616,28.531409],[77.338686,28.531394],[77.341755,28.531386],[77.344824,28.531384],[77.347893,28.531389],[77.350963,28.531399]]}},{"type":"Feature","properties":{"kind":"road","class":"secondary"},"geometry":{"type":"LineString","coordinates":[[77.180208,28.503469],[77.180232,28.506164],[77.180263,28.508859],[77.180301,28.511554],[77.180347,28.514249],[77.180397,28.516944],[77.180453,28.519638],[77.180514,28.522333],[77.180577,28.525028],[77.180642,28.527723],[77.180709,28.530418],[77.180776,28.533113],[77.180842,28.535808],[77.180907,28.538503],[77.180968,28.541198],[77.181025,28.543893],[77.181078,28.546588],[77.181125,28.549283],[77.181166,28.551978],[77.1812,28.554673],[77.181226,28.557368],[77.181245,28.560062],[77.181255,28.562757],[77.181257,28.565452],[77.181251,28.568147],[77.181236,28.570842],[77.181214,28.573537],[77.181188,28.575783]]}},{"type":"Feature","properties":{"kind":"road","class":"secondary"},"geometry":{"type":"LineString","coordinates":[[77.180236,28.622944],[77.180218,28.624741],[77.180199,28.627436],[77.180187,28.630131],[77.180184,28.632826],[77.180189,28.635521],[77.180203,28.638216],[77.180225,28.64091],[77.180254,28.643605],[77.180291,28.6463],[77.180334,28.648995],[77.180383,28.65169],[77.180438,28.654385],[77.180497,28.65708],[77.18056,28.659775],[77.180625,28.66247],[77.180691,28.665165],[77.180759,28.66786],[77.180825,28.670555],[77.18089,28.67325],[77.180952,28.675945],[77.181011,28.67864],[77.181065,28.681334]]}},{"type":"Feature","properties":{"kind":"road","class":"residential"},"geometry":{"type":"LineString","coordinates":[[77.148391,28.538912],[77.15146,28.538829],[77.15453,28.538745],[77.157599,28.53866],[77.160668,28.538574],[77.163738,28.538491],[77.166807,28.53841],[77.169876,28.538332],[77.172945,28.53826],[77.176015,28.538192],[77.179084,28.538132],[77.182153,28.538079],[77.185222,28.538033],[77.188292,28.537997],[77.191361,28.537969],[77.19443,28.537951],[77.196476,28.537946]]}},{"type":"Feature","properties":{"kind":"road","class":"residential"},"geometry":{"type":"LineString","coordinates":[[77.202615,28.537952],[77.203638,28.537956],[77.206707,28.537977],[77.209776,28.538007],[77.212846,28.538047],[77.215915,28.538094],[77.218984,28.53815],[77.222054,28.538213],[77.225123,28.538282],[77.228192,28.538356],[77.231261,28.538435],[77.234331,28.538517],[77.2374,28.538601],[77.240469,28.538686],[77.243538,28.538772],[77.246608,28.538856],[77.249677,28.538937],[77.252746,28.539016],[77.255815,28.53909],[77.258885,28.539158],[77.261954,28.53922],[77.265023,28.539275],[77.268092,28.539323],[77.269116,28.539335]]}},{"type":"Feature","properties":{"kind":"road","class":"residential"},"geometry":{"type":"LineString","coordinates":[[77.278323,28.539415],[77.28037,28.539422],[77.283439,28.539422],[77.286508,28.539413],[77.289577,28.539394],[77.292647,28.539366],[77.295716,28.539328],[77.297762,28.539298]]}},{"type":"Feature","properties":{"kind":"road","class":"residential"},"geometry":{"type":"LineString","coordinates":[[77.301343,28.539237],[77.301854,28.539229],[77.304924,28.539167],[77.307993,28.5391],[77.311062,28.539026],[77.314131,28.538949],[77.317201,28.538867],[77.32027,28.538783],[77.323339,28.538698],[77.326409,28.538613],[77.329478,28.538529],[77.332547,28.538446],[77.335616,28.538367],[77.338686,28.538292],[77.341755,28.538222],[77.344824,28.538159],[77.347893,28.538102],[77.350963,28.538053]]}},{"type":"Feature","properties":{"kind":"road","class":"residential"},"geometry":{"type":"LineString","coordinates":[[77.187759,28.503469],[77.187713,28.506164],[77.18768,28.508859],[77.18766,28.511554],[77.187653,28.514249],[77.187659,28.516944],[77.187678,28.519638],[77.187699,28.521435]]}},{"type":"Feature","properties":{"kind":"road","class":"residential"},"geometry":{"type":"LineString","coordinates":[[77.187842,28.529071],[77.187876,28.530418],[77.187952,28.533113],[77.188036,28.535808],[77.188128,28.538503],[77.188225,28.541198],[77.188327,28.543893],[77.188431,28.546588],[77.188537,28.549283],[77.188641,28.551978],[77.188744,28.554673],[77.188842,28.557368],[77.188936,28.560062],[77.189022,28.562757],[77.1891,28.565452],[77.189169,28.568147],[77.189227,28.570842],[77.189274,28.573537],[77.189308,28.576232],[77.189327,28.578478]]}},{"type":"Feature","properties":{"kind":"road","class":"residential"},"geometry":{"type":"LineString","coordinates":[[77.188246,28.622495],[77.188163,28.624741],[77.188069,28.627436],[77.187982,28.630131],[77.187902,28.632826],[77.187832,28.635521],[77.187773,28.638216],[77.187724,28.64091],[77.187688,28.643605],[77.187664,28.6463],[77.187654,28.648995],[77.187656,28.65169],[77.187672,28.654385],[77.1877,28.65708],[77.187741,28.659775],[77.187793,28.66247],[77.187857,28.665165],[77.187931,28.66786],[77.188013,28.670555],[77.188103,28.67325],[77.188199,28.675945],[77.1883,28.67864],[77.188404,28.681334]]}},{"type":"Feature","properties":{"kind":"road","class":"residential"},"geometry":{"type":"LineString","coordinates":[[77.148391,28.545353],[77.15146,28.545405],[77.15453,28.545459],[77.157599,28.545513],[77.160668,28.545568],[77.163738,28.545621],[77.166807,28.545673],[77.169876,28.545723],[77.172945,28.54577],[77.176015,28.545814],[77.179084,28.545853],[77.182153,28.545888],[77.185222,28.545918],[77.188292,28.545943],[77.191361,28.545962],[77.19443,28.545974],[77.197499,28.545981],[77.200569,28.545981],[77.203638,28.545975],[77.206707,28.545963],[77.209776,28.545945],[77.212846,28.545921],[77.214892,28.545901]]}},{"type":"Feature","properties":{"kind":"road","class":"residential"},"geometry":{"type":"LineString","coordinates":[[77.223588,28.545796],[77.225123,28.545775],[77.228192,28.545728],[77.231261,28.545678],[77.234331,28.545626],[77.2374,28.545573],[77.240469,28.545519],[77.243538,28.545464],[77.246608,28.54541],[77.249677,28.545358],[77.252746,28.545308],[77.255815,28.54526],[77.258885,28.545215],[77.261954,28.545175],[77.265023,28.545139],[77.266046,28.545128]]}},{"type":"Feature","properties":{"kind":"road","class":"residential"},"geometry":{"type":"LineString","coordinates":[[77.280881,28.545039],[77.283439,28.545038],[77.286508,28.545043],[77.289577,28.545053],[77.292647,28.54507],[77.295716,28.545093],[77.296227,28.545098]]}},{"type":"Feature","properties":{"kind":"road","class":"residential"},"geometry":{"type":"LineString","coordinates":[[77.30032,28.545138],[77.301854,28.545155],[77.304924,28.545193],[77.307993,28.545235],[77.311062,28.545281],[77.314131,28.54533],[77.317201,28.545381],[77.32027,28.545435],[77.323339,28.545489],[77.326409,28.545543],[77.329478,28.545597],[77.332547,28.54565],[77.335616,28.545701],[77.338686,28.545749],[77.341755,28.545795],[77.344824,28.545836],[77.347893,28.545873],[77.350963,28.545905]]}},{"type":"Feature","properties":{"kind":"road","class":"residential"},"geometry":{"type":"LineString","coordinates":[[77.196736,28.503469],[77.196766,28.506164],[77.196788,28.508859],[77.196803,28.511554],[77.196809,28.514249],[77.196807,28.516494]]}},{"type":"Feature","properties":{"kind":"road","class":"residential"},"geometry":{"type":"LineString","coordinates":[[77.196518,28.538503],[77.196456,28.541198],[77.196392,28.543893],[77.196326,28.546588],[77.196259,28.549283],[77.196192,28.551978],[77.196126,28.554673],[77.196063,28.557368],[77.196003,28.560062],[77.195947,28.562757],[77.195896,28.565452],[77.195851,28.568147],[77.195812,28.570842],[77.195781,28.573537],[77.195758,28.576232],[77.195742,28.578927],[77.195735,28.581622],[77.195735,28.582071]]}},{"type":"Feature","properties":{"kind":"road","class":"residential"},"geometry":{"type":"LineString","coordinates":[[77.196265,28.616207],[77.196276,28.616656],[77.196343,28.619351],[77.196409,28.622046],[77.196473,28.624741],[77.196523,28.626987]]}},{"type":"Feature","properties":{"kind":"road","class":"residential"},"geometry":{"type":"LineString","coordinates":[[77.196641,28.632826],[77.196687,28.635521],[77.196726,28.638216],[77.196759,28.64091],[77.196783,28.643605],[77.1968,28.6463],[77.196808,28.648995],[77.196808,28.65169],[77.1968,28.654385],[77.196783,28.65708],[77.196759,28.659775],[77.196727,28.66247],[77.196687,28.665165],[77.196642,28.66786],[77.19659,28.670555],[77.196534,28.67325],[77.196473,28.675945],[77.196409,28.67864],[77.196343,28.681334]]}},{"type":"Feature","properties":{"kind":"road","class":"secondary"},"geometry":{"type":"LineString","coordinates":[[77.148391,28.552087],[77.15146,28.552045],[77.15453,28.552007],[77.157599,28.551972],[77.160668,28.551943],[77.163738,28.551919],[77.166807,28.551901],[77.169876,28.551888],[77.172945,28.551882],[77.176015,28.551881],[77.179084,28.551887],[77.182153,28.551898],[77.185222,28.551916],[77.188292,28.551938],[77.191361,28.551967],[77.19443,28.552],[77.197499,28.552037],[77.200569,28.552079],[77.203638,28.552124],[77.206707,28.552172],[77.209776,28.552222],[77.212846,28.552274],[77.215915,28.552326],[77.218984,28.552379],[77.222054,28.552431],[77.225123,28.552482],[77.228192,28.55253],[77.231261,28.552577],[77.234331,28.55262],[77.2374,28.552659],[77.240469,28.552694],[77.243538,28.552725],[77.246608,28.55275],[77.249677,28.552769],[77.252746,28.552783],[77.255815,28.552791],[77.258885,28.552793],[77.261954,28.552789],[77.265023,28.552779],[77.268092,28.552763],[77.271162,28.552741],[77.274231,28.552714],[77.2773,28.552682],[77.28037,28.552645],[77.283439,28.552605],[77.286508,28.55256],[77.289577,28.552513],[77.292647,28.552463],[77.294693,28.552429]]}},{"type":"Feature","properties":{"kind":"road","class":"secondary"},"geometry":{"type":"LineString","coordinates":[[77.298785,28.55236],[77.301343,28.552316]]}},{"type":"Feature","properties":{"kind":"road","class":"secondary"},"geometry":{"type":"LineString","coordinates":[[77.322316,28.551999],[77.323339,28.551987],[77.326409,28.551956],[77.329478,28.55193],[77.332547,28.551909],[77.335616,28.551893],[77.338686,28.551884],[77.341755,28.551881],[77.344824,28.551883],[77.347893,28.551892],[77.350963,28.551907]]}},{"type":"Feature","properties":{"kind":"road","class":"secondary"},"geometry":{"type":"LineString","coordinates":[[77.203566,28.503469],[77.203594,28.506164],[77.20363,28.508859],[77.203672,28.511554],[77.203719,28.514249],[77.203772,28.516944],[77.20381,28.51874]]}},{"type":"Feature","properties":{"kind":"road","class":"secondary"},"geometry":{"type":"LineString","coordinates":[[77.204239,28.537156],[77.20427,28.538503],[77.204326,28.541198],[77.204379,28.543893],[77.204426,28.546588],[77.204468,28.549283],[77.204502,28.551978],[77.20453,28.554673],[77.20455,28.557368],[77.204563,28.560062],[77.204567,28.562757],[77.204563,28.565452],[77.204551,28.568147],[77.204531,28.570842],[77.204504,28.573537],[77.20447,28.576232],[77.204429,28.578927],[77.204382,28.581622],[77.204356,28.582969]]}},{"type":"Feature","properties":{"kind":"road","class":"secondary"},"geometry":{"type":"LineString","coordinates":[[77.204347,28.583419],[77.20433,28.584317],[77.204273,28.587012],[77.204243,28.588359]]}},{"type":"Feature","properties":{"kind":"road","class":"secondary"},"geometry":{"type":"LineString","coordinates":[[77.203785,28.608122],[77.203775,28.608571],[77.203722,28.611266],[77.203674,28.613961],[77.203632,28.616656],[77.203596,28.619351],[77.203568,28.622046],[77.203546,28.624741],[77.203535,28.626987]]}},{"type":"Feature","properties":{"kind":"road","class":"secondary"},"geometry":{"type":"LineString","coordinates":[[77.203564,28.638665],[77.203586,28.64091],[77.20362,28.643605],[77.20366,28.6463],[77.203706,28.648995],[77.203758,28.65169],[77.203814,28.654385],[77.203873,28.65708],[77.203936,28.659775],[77.204,28.66247],[77.204065,28.665165],[77.204129,28.66786],[77.204193,28.670555],[77.204254,28.67325],[77.204312,28.675945],[77.204365,28.67864],[77.204414,28.681334]]}},{"type":"Feature","properties":{"kind":"road","class":"residential"},"geometry":{"type":"LineString","coordinates":[[77.148391,28.559004],[77.15146,28.558919],[77.15453,28.558837],[77.157599,28.55876],[77.160668,28.558688],[77.163738,28.558622],[77.166807,28.558564],[77.169876,28.558513],[77.172945,28.558471],[77.176015,28.558438],[77.179084,28.558415],[77.182153,28.558402],[77.185222,28.558399],[77.188292,28.558407],[77.191361,28.558424],[77.19443,28.558451],[77.197499,28.558488],[77.200569,28.558533],[77.203638,28.558587],[77.206707,28.558649],[77.209776,28.558718],[77.212846,28.558792],[77.215915,28.558871],[77.218473,28.558941]]}},{"type":"Feature","properties":{"kind":"road","class":"residential"},"geometry":{"type":"LineString","coordinates":[[77.234842,28.559404],[77.2374,28.559473],[77.240469,28.559551],[77.243538,28.559625],[77.246608,28.559692],[77.249677,28.559752],[77.252746,28.559805],[77.255815,28.559849],[77.258885,28.559883],[77.261954,28.559909],[77.265023,28.559924],[77.268092,28.559929],[77.271162,28.559924],[77.274231,28.559909],[77.2773,28.559884],[77.28037,28.55985],[77.283439,28.559806],[77.286508,28.559754],[77.289577,28.559694],[77.292647,28.559627],[77.29367,28.559603]]}},{"type":"Feature","properties":{"kind":"road","class":"residential"},"geometry":{"type":"LineString","coordinates":[[77.297762,28.559501],[77.298785,28.559475],[77.301854,28.559393],[77.304412,28.559322]]}},{"type":"Feature","properties":{"kind":"road","class":"residential"},"geometry":{"type":"LineString","coordinates":[[77.319247,28.558902],[77.32027,28.558874],[77.323339,28.558795],[77.326409,28.55872],[77.329478,28.558651],[77.332547,28.558589],[77.335616,28.558535],[77.338686,28.558489],[77.341755,28.558452],[77.344824,28.558425],[77.347893,28.558407],[77.350963,28.558399]]}},{"type":"Feature","properties":{"kind":"road","class":"residential"},"geometry":{"type":"LineString","coordinates":[[77.210951,28.503469],[77.21096,28.506164],[77.210983,28.508859],[77.211018,28.511554],[77.211066,28.514249],[77.211126,28.516944],[77.211197,28.519638],[77.211277,28.522333],[77.211366,28.525028],[77.211462,28.527723],[77.211564,28.530418],[77.21167,28.533113],[77.211778,28.535808],[77.211887,28.538503],[77.211994,28.541198],[77.2121,28.543893],[77.2122,28.546588],[77.212295,28.549283],[77.212383,28.551978],[77.212462,28.554673],[77.212531,28.557368],[77.212588,28.560062],[77.212634,28.562757],[77.212667,28.565452],[77.212687,28.568147],[77.212694,28.570842],[77.212687,28.573537],[77.212666,28.576232],[77.212633,28.578927],[77.212586,28.581622],[77.212547,28.583419]]}},{"type":"Feature","properties":{"kind":"road","class":"residential"},"geometry":{"type":"LineString","coordinates":[[77.212538,28.583868],[77.212528,28.584317],[77.212459,28.587012],[77.212379,28.589707],[77.212292,28.592402],[77.212196,28.595097],[77.212095,28.597792],[77.21199,28.600486],[77.211882,28.603181],[77.211773,28.605876],[77.211665,28.608571],[77.21156,28.611266],[77.211458,28.613961],[77.211362,28.616656],[77.211274,28.619351],[77.211194,28.622046],[77.211123,28.624741],[77.211064,28.627436],[77.211016,28.630131]]}},{"type":"Feature","properties":{"kind":"road","class":"residential"},"geometry":{"type":"LineString","coordinates":[[77.21096,28.635521],[77.210951,28.638216],[77.210957,28.64091],[77.210975,28.643605],[77.211007,28.6463],[77.211052,28.648995],[77.211109,28.65169],[77.211177,28.654385],[77.211255,28.65708],[77.211342,28.659775],[77.211436,28.66247],[77.211536,28.665165],[77.211641,28.66786],[77.211749,28.670555],[77.211858,28.67325],[77.211966,28.675945],[77.212072,28.67864],[77.212174,28.681334]]}},{"type":"Feature","properties":{"kind":"road","class":"residential"},"geometry":{"type":"LineString","coordinates":[[77.148391,28.566297],[77.15146,28.566283],[77.15453,28.566265],[77.157599,28.566243],[77.160668,28.566218],[77.163738,28.56619],[77.166807,28.56616],[77.169876,28.566127],[77.172945,28.566092],[77.176015,28.566056],[77.179084,28.56602],[77.182153,28.565982],[77.185222,28.565945],[77.188292,28.565909],[77.191361,28.565873],[77.19443,28.56584],[77.197499,28.565808],[77.200569,28.565778],[77.203638,28.565752],[77.206707,28.565729],[77.209776,28.565709],[77.212846,28.565693],[77.215915,28.565681],[77.218984,28.565673],[77.220007,28.565671]]}},{"type":"Feature","properties":{"kind":"road","class":"residential"},"geometry":{"type":"LineString","coordinates":[[77.230238,28.56568],[77.231261,28.565683],[77.234331,28.565696],[77.2374,28.565713],[77.240469,28.565734],[77.243538,28.565758],[77.246608,28.565786],[77.249677,28.565816],[77.252746,28.565848],[77.255815,28.565882],[77.258885,28.565918],[77.261954,28.565955],[77.265023,28.565992],[77.268092,28.566029],[77.271162,28.566066],[77.274231,28.566101],[77.2773,28.566136],[77.28037,28.566168],[77.283439,28.566198],[77.286508,28.566225],[77.289577,28.566249],[77.292647,28.56627],[77.293158,28.566273]]}},{"type":"Feature","properties":{"kind":"road","class":"residential"},"geometry":{"type":"LineString","coordinates":[[77.297251,28.566293],[77.298785,28.5663],[77.301854,28.566309],[77.304924,28.566313],[77.307993,28.566314],[77.311062,28.56631],[77.314131,28.566302],[77.317201,28.56629],[77.32027,28.566273],[77.323339,28.566253],[77.326409,28.56623],[77.329478,28.566203],[77.332547,28.566174],[77.335616,28.566142],[77.338686,28.566108],[77.341755,28.566073],[77.344824,28.566036],[77.347893,28.565999],[77.350963,28.565962]]}},{"type":"Feature","properties":{"kind":"road","class":"residential"},"geometry":{"type":"LineString","coordinates":[[77.219547,28.503469],[77.219502,28.506164],[77.219459,28.508859],[77.219418,28.511554],[77.219379,28.514249],[77.219344,28.516944],[77.219313,28.519638],[77.219286,28.522333],[77.219264,28.525028],[77.219248,28.527723],[77.219237,28.530418],[77.219231,28.533113],[77.219231,28.535808],[77.219237,28.538503],[77.219243,28.53985]]}},{"type":"Feature","properties":{"kind":"road","class":"residential"},"geometry":{"type":"LineString","coordinates":[[77.219341,28.551529],[77.219347,28.551978],[77.219382,28.554673],[77.219421,28.557368],[77.219435,28.558266]]}},{"type":"Feature","properties":{"kind":"road","class":"residential"},"geometry":{"type":"LineString","coordinates":[[77.219551,28.565452],[77.219597,28.568147],[77.219643,28.570842],[77.219688,28.573537],[77.219732,28.576232],[77.219773,28.578927],[77.219812,28.581622],[77.219836,28.583419]]}},{"type":"Feature","properties":{"kind":"road","class":"residential"},"geometry":{"type":"LineString","coordinates":[[77.219842,28.583868],[77.219848,28.584317],[77.21988,28.587012],[77.219907,28.589707],[77.219929,28.592402],[77.219947,28.595097],[77.219959,28.597792],[77.219965,28.600486],[77.219965,28.603181],[77.21996,28.605876],[77.219949,28.608571],[77.219933,28.611266],[77.219911,28.613961],[77.219885,28.616656],[77.219854,28.619351],[77.219819,28.622046],[77.219781,28.624741],[77.21974,28.627436],[77.219696,28.630131],[77.219651,28.632826],[77.219605,28.635521],[77.21956,28.638216],[77.219514,28.64091],[77.21947,28.643605],[77.219428,28.6463],[77.219389,28.648995],[77.219353,28.65169],[77.219321,28.654385],[77.219293,28.65708],[77.21927,28.659775],[77.219252,28.66247],[77.219239,28.665165],[77.219232,28.66786],[77.219231,28.670555],[77.219235,28.67325],[77.219245,28.675945],[77.219261,28.67864],[77.219282,28.681334]]}},{"type":"Feature","properties":{"kind":"road","class":"secondary"},"geometry":{"type":"LineString","coordinates":[[77.148391,28.572545],[77.15146,28.572497],[77.15453,28.572454],[77.157599,28.572415],[77.160668,28.572381],[77.163738,28.572353],[77.166807,28.572332],[77.169876,28.572317],[77.172945,28.572308],[77.176015,28.572307],[77.179084,28.572312],[77.182153,28.572324],[77.185222,28.572342],[77.188292,28.572367],[77.191361,28.572398],[77.19443,28.572434],[77.197499,28.572476],[77.200569,28.572522],[77.203638,28.572572],[77.206707,28.572625],[77.209776,28.572681],[77.212846,28.572739],[77.215915,28.572798],[77.218984,28.572857],[77.222054,28.572915],[77.225123,28.572972],[77.228192,28.573028],[77.231261,28.57308],[77.234331,28.573129],[77.2374,28.573174],[77.240469,28.573214],[77.243538,28.573249],[77.246608,28.573278],[77.249677,28.573301],[77.252746,28.573318],[77.255815,28.573328],[77.258885,28.573331],[77.261954,28.573327],[77.265023,28.573317],[77.268092,28.5733],[77.271162,28.573276],[77.274231,28.573247],[77.2773,28.573212],[77.28037,28.573171],[77.283439,28.573126],[77.286508,28.573077],[77.289577,28.573024],[77.292647,28.572969],[77.29367,28.57295]]}},{"type":"Feature","properties":{"kind":"road","class":"secondary"},"geometry":{"type":"LineString","coordinates":[[77.297762,28.572872],[77.298785,28.572853],[77.301854,28.572794],[77.304924,28.572735],[77.307993,28.572677],[77.311062,28.572622],[77.314131,28.572569],[77.317201,28.572519],[77.32027,28.572473],[77.323339,28.572432],[77.326409,28.572396],[77.329478,28.572365],[77.332547,28.572341],[77.335616,28.572323],[77.338686,28.572311],[77.341755,28.572306],[77.344824,28.572308],[77.347893,28.572317],[77.350963,28.572333]]}},{"type":"Feature","properties":{"kind":"road","class":"secondary"},"geometry":{"type":"LineString","coordinates":[[77.22683,28.503469],[77.22686,28.506164],[77.226899,28.508859],[77.226945,28.511554],[77.226998,28.514249],[77.227056,28.516944],[77.22712,28.519638],[77.227187,28.522333],[77.227258,28.525028],[77.22733,28.527723],[77.227403,28.530418],[77.227475,28.533113],[77.227546,28.535808],[77.227614,28.538503],[77.227679,28.541198],[77.227738,28.543893],[77.227792,28.546588],[77.22784,28.549283],[77.22788,28.551978],[77.227912,28.554673]]}},{"type":"Feature","properties":{"kind":"road","class":"secondary"},"geometry":{"type":"LineString","coordinates":[[77.227946,28.567249],[77.227942,28.568147],[77.227921,28.570842],[77.227891,28.573537],[77.227854,28.576232],[77.227809,28.578927],[77.227757,28.581622],[77.227728,28.582969]]}},{"type":"Feature","properties":{"kind":"road","class":"secondary"},"geometry":{"type":"LineString","coordinates":[[77.227718,28.583419],[77.227699,28.584317],[77.227636,28.587012],[77.227569,28.589707],[77.227499,28.592402],[77.227427,28.595097],[77.227354,28.597792],[77.227281,28.600486],[77.22721,28.603181],[77.227142,28.605876],[77.227077,28.608571],[77.227017,28.611266],[77.226962,28.613961],[77.226914,28.616656],[77.226872,28.619351],[77.226839,28.622046],[77.226814,28.624741],[77.226798,28.627436],[77.226791,28.630131],[77.226792,28.632826],[77.226803,28.635521],[77.226823,28.638216],[77.226852,28.64091],[77.226888,28.643605],[77.226932,28.6463],[77.226983,28.648995],[77.22704,28.65169],[77.227103,28.654385],[77.227169,28.65708],[77.227239,28.659775],[77.227311,28.66247],[77.227383,28.665165],[77.227456,28.66786],[77.227527,28.670555],[77.227596,28.67325],[77.227662,28.675945],[77.227723,28.67864],[77.227778,28.681334]]}},{"type":"Feature","properties":{"kind":"road","class":"residential"},"geometry":{"type":"LineString","coordinates":[[77.148391,28.579952],[77.15146,28.579912],[77.15453,28.579868],[77.157599,28.579822],[77.160668,28.579773],[77.163738,28.579722],[77.166807,28.57967],[77.169876,28.579618],[77.172945,28.579566]]}},{"type":"Feature","properties":{"kind":"road","class":"residential"},"geometry":{"type":"LineString","coordinates":[[77.191872,28.579295],[77.19443,28.579269],[77.197499,28.579243],[77.200569,28.579222],[77.203638,28.579207],[77.206707,28.579197],[77.209776,28.579194],[77.212846,28.579196],[77.215915,28.579205],[77.218984,28.579219],[77.222054,28.579239],[77.225123,28.579265],[77.228192,28.579295],[77.231261,28.57933],[77.234331,28.57937],[77.2374,28.579413],[77.240469,28.579459],[77.243538,28.579507],[77.246608,28.579558],[77.249677,28.57961],[77.252746,28.579662],[77.255611,28.578927]]}},{"type":"Feature","properties":{"kind":"road","class":"residential"},"geometry":{"type":"LineString","coordinates":[[77.255611,28.578927],[77.257862,28.579747]]}},{"type":"Feature","properties":{"kind":"road","class":"residential"},"geometry":{"type":"LineString","coordinates":[[77.258885,28.581442],[77.258885,28.579764],[77.261954,28.579814],[77.265023,28.579861],[77.268092,28.579905]]}},{"type":"Feature","properties":{"kind":"road","class":"residential"},"geometry":{"type":"LineString","coordinates":[[77.276277,28.580005],[77.2773,28.580015],[77.28037,28.580043],[77.283439,28.580065],[77.286508,28.580082],[77.289577,28.580092],[77.292647,28.580097],[77.294693,28.580096]]}},{"type":"Feature","properties":{"kind":"road","class":"residential"},"geometry":{"type":"LineString","coordinates":[[77.298785,28.580089],[77.301854,28.580076],[77.304924,28.580057],[77.307993,28.580033],[77.311062,28.580003],[77.314131,28.579969],[77.317201,28.579931],[77.32027,28.579889],[77.323339,28.579843],[77.326409,28.579795],[77.329478,28.579745],[77.332547,28.579694],[77.335616,28.579642],[77.338686,28.57959],[77.341755,28.579538],[77.344824,28.579489],[77.347893,28.579441],[77.350963,28.579396]]}},{"type":"Feature","properties":{"kind":"road","class":"residential"},"geometry":{"type":"LineString","coordinates":[[77.234845,28.503469],[77.234795,28.506164],[77.234751,28.508859],[77.234714,28.511554],[77.234683,28.514249],[77.234659,28.516944],[77.234644,28.519638],[77.234636,28.522333],[77.234636,28.525028],[77.234644,28.527723],[77.234659,28.530418],[77.234683,28.533113],[77.234714,28.535808],[77.234751,28.538503],[77.234795,28.541198],[77.234845,28.543893],[77.234899,28.546588],[77.234957,28.549283],[77.235018,28.551978],[77.235081,28.554673],[77.235145,28.557368],[77.235209,28.560062],[77.235272,28.562757],[77.235334,28.565452],[77.235392,28.568147],[77.235447,28.570842],[77.235497,28.573537],[77.235541,28.576232],[77.23558,28.578927],[77.235611,28.581622],[77.23562,28.58252]]}},{"type":"Feature","properties":{"kind":"road","class":"residential"},"geometry":{"type":"LineString","coordinates":[[77.235624,28.582969],[77.235636,28.584317],[77.235653,28.587012],[77.235662,28.589707],[77.235663,28.592402],[77.235656,28.595097],[77.235641,28.597792],[77.235619,28.600486],[77.236684,28.602283]]}},{"type":"Feature","properties":{"kind":"road","class":"residential"},"geometry":{"type":"LineString","coordinates":[[77.236684,28.602283],[77.235552,28.605876],[77.235509,28.608571],[77.23546,28.611266],[77.235407,28.613961],[77.235388,28.614859]]}},{"type":"Feature","properties":{"kind":"road","class":"residential"},"geometry":{"type":"LineString","coordinates":[[77.235278,28.6198],[77.235226,28.622046],[77.235162,28.624741],[77.235098,28.627436],[77.235034,28.630131],[77.234973,28.632826],[77.234914,28.635521],[77.234858,28.638216],[77.234808,28.64091],[77.234762,28.643605],[77.234723,28.6463],[77.23469,28.648995],[77.234682,28.649894]]}},{"type":"Feature","properties":{"kind":"road","class":"residential"},"geometry":{"type":"LineString","coordinates":[[77.23464,28.656182],[77.234637,28.65708],[77.234635,28.659775],[77.234641,28.66247],[77.234654,28.665165],[77.234676,28.66786],[77.234705,28.670555],[77.234741,28.67325],[77.234783,28.675945],[77.234831,28.67864],[77.234884,28.681334]]}},{"type":"Feature","properties":{"kind":"road","class":"residential"},"geometry":{"type":"LineString","coordinates":[[77.148391,28.586939],[77.15146,28.58691],[77.15453,28.586876],[77.157599,28.586836],[77.160668,28.586791],[77.163738,28.586742],[77.166807,28.586689],[77.169876,28.586633],[77.170899,28.586614]]}},{"type":"Feature","properties":{"kind":"road","class":"residential"},"geometry":{"type":"LineString","coordinates":[[77.203126,28.586057],[77.203638,28.58605],[77.206707,28.586019],[77.209776,28.585993],[77.212846,28.585974],[77.215915,28.585961],[77.218984,28.585956],[77.222054,28.585957],[77.225123,28.585965],[77.228192,28.585979],[77.231261,28.586001],[77.234331,28.586028],[77.2374,28.586062],[77.240469,28.5861],[77.243027,28.585844]]}},{"type":"Feature","properties":{"kind":"road","class":"residential"},"geometry":{"type":"LineString","coordinates":[[77.243027,28.585844],[77.246608,28.586193],[77.249677,28.586245],[77.252746,28.5863],[77.253769,28.585125]]}},{"type":"Feature","properties":{"kind":"road","class":"residential"},"geometry":{"type":"LineString","coordinates":[[77.254864,28.586114],[77.260368,28.585575]]}},{"type":"Feature","properties":{"kind":"road","class":"residential"},"geometry":{"type":"LineString","coordinates":[[77.266557,28.586327],[77.268092,28.586594],[77.271162,28.586651],[77.274231,28.586706],[77.2773,28.586757],[77.28037,28.586805],[77.283439,28.586849],[77.286508,28.586887],[77.289577,28.58692],[77.292647,28.586947],[77.295716,28.586968],[77.296227,28.58697]]}},{"type":"Feature","properties":{"kind":"road","class":"residential"},"geometry":{"type":"LineString","coordinates":[[77.30032,28.586986],[77.301854,28.586989],[77.304924,28.58699],[77.307993,28.586983],[77.311062,28.58697],[77.314131,28.586951],[77.317201,28.586924],[77.32027,28.586892],[77.323339,28.586855],[77.326409,28.586812],[77.329478,28.586764],[77.332547,28.586713],[77.335616,28.586659],[77.338686,28.586602],[77.341755,28.586543],[77.344824,28.586484],[77.347893,28.586424],[77.350963,28.586365]]}},{"type":"Feature","properties":{"kind":"road","class":"residential"},"geometry":{"type":"LineString","coordinates":[[77.242775,28.503469],[77.242705,28.506164],[77.242638,28.508859],[77.242576,28.511554],[77.24252,28.514249],[77.242469,28.516944],[77.242426,28.519638],[77.242391,28.522333],[77.242364,28.525028],[77.242345,28.527723],[77.242336,28.530418],[77.242336,28.533113],[77.242345,28.535808],[77.242363,28.538503],[77.24239,28.541198],[77.242425,28.543893],[77.242468,28.546588],[77.242518,28.549283],[77.242575,28.551978],[77.242637,28.554673],[77.242703,28.557368],[77.242773,28.560062],[77.242845,28.562757],[77.242919,28.565452],[77.242992,28.568147],[77.243065,28.570842],[77.243135,28.573537],[77.243202,28.576232],[77.243265,28.578927],[77.243322,28.581622],[77.243339,28.58252]]}},{"type":"Feature","properties":{"kind":"road","class":"residential"},"geometry":{"type":"LineString","coordinates":[[77.243348,28.582969],[77.243027,28.585844]]}},{"type":"Feature","properties":{"kind":"road","class":"residential"},"geometry":{"type":"LineString","coordinates":[[77.243027,28.585844],[77.243453,28.589755]]}},{"type":"Feature","properties":{"kind":"road","class":"residential"},"geometry":{"type":"LineString","coordinates":[[77.244531,28.598021],[77.243514,28.600486],[77.242515,28.602687]]}},{"type":"Feature","properties":{"kind":"road","class":"residential"},"geometry":{"type":"LineString","coordinates":[[77.242515,28.602687],[77.243489,28.605876],[77.243463,28.608571],[77.243429,28.611266],[77.243387,28.613961],[77.243338,28.616656],[77.243282,28.619351],[77.243221,28.622046],[77.243155,28.624741],[77.243085,28.627436],[77.243013,28.630131],[77.24294,28.632826],[77.242867,28.635521],[77.242794,28.638216],[77.242723,28.64091],[77.242678,28.642707]]}},{"type":"Feature","properties":{"kind":"road","class":"residential"},"geometry":{"type":"LineString","coordinates":[[77.242356,28.661572],[77.242349,28.66247],[77.242338,28.665165],[77.242335,28.66786],[77.242342,28.670555],[77.242358,28.67325],[77.242382,28.675945],[77.242415,28.67864],[77.242456,28.681334]]}},{"type":"Feature","properties":{"kind":"road","class":"secondary"},"geometry":{"type":"LineString","coordinates":[[77.148391,28.592806],[77.15146,28.592874],[77.15453,28.592948],[77.157599,28.593026],[77.160668,28.593108],[77.163738,28.593193],[77.166807,28.593279],[77.169876,28.593365],[77.171411,28.593408]]}},{"type":"Feature","properties":{"kind":"road","class":"secondary"},"geometry":{"type":"LineString","coordinates":[[77.205684,28.594041],[77.206707,28.594046],[77.209776,28.594049],[77.212846,28.594043],[77.215915,28.594027],[77.218984,28.594001],[77.222054,28.593965],[77.225123,28.593921],[77.228192,28.593869],[77.231261,28.593809],[77.234331,28.593742],[77.238218,28.593749]]}},{"type":"Feature","properties":{"kind":"road","class":"secondary"},"geometry":{"type":"LineString","coordinates":[[77.249497,28.594211],[77.253769,28.593749]]}},{"type":"Feature","properties":{"kind":"road","class":"secondary"},"geometry":{"type":"LineString","coordinates":[[77.253769,28.593749],[77.257043,28.594198]]}},{"type":"Feature","properties":{"kind":"road","class":"secondary"},"geometry":{"type":"LineString","coordinates":[[77.266558,28.591953],[77.271162,28.592787],[77.274231,28.592728],[77.2773,28.592676],[77.28037,28.592632],[77.283439,28.592597],[77.286508,28.592572],[77.289577,28.592556],[77.292647,28.592551],[77.295716,28.592555],[77.297251,28.592562]]}},{"type":"Feature","properties":{"kind":"road","class":"secondary"},"geometry":{"type":"LineString","coordinates":[[77.301343,28.592589],[77.301854,28.592593],[77.304924,28.592626],[77.307993,28.592668],[77.311062,28.592718],[77.314131,28.592777],[77.317201,28.592842],[77.32027,28.592913],[77.323339,28.59299],[77.326409,28.59307],[77.329478,28.593154],[77.332547,28.59324],[77.335616,28.593326],[77.338686,28.593412],[77.341755,28.593497],[77.344824,28.593579],[77.347893,28.593657],[77.350963,28.59373]]}},{"type":"Feature","properties":{"kind":"road","class":"secondary"},"geometry":{"type":"LineString","coordinates":[[77.251223,28.503469],[77.251303,28.506164],[77.251373,28.508859],[77.251434,28.511554],[77.251482,28.514249],[77.251519,28.516944],[77.251542,28.519638],[77.251553,28.522333],[77.25155,28.525028],[77.251534,28.527723],[77.251505,28.530418],[77.251464,28.533113],[77.25141,28.535808],[77.251345,28.538503],[77.251271,28.541198],[77.251187,28.543893],[77.251096,28.546588],[77.250999,28.549283],[77.250897,28.551978],[77.250792,28.554673],[77.250685,28.557368],[77.250579,28.560062],[77.250474,28.562757],[77.250373,28.565452],[77.250278,28.568147],[77.250189,28.570842],[77.250107,28.573537],[77.250035,28.576232],[77.249974,28.578927],[77.249924,28.581622]]}},{"type":"Feature","properties":{"kind":"road","class":"secondary"},"geometry":{"type":"LineString","coordinates":[[77.249677,28.583958],[77.24986,28.587012],[77.249848,28.589707],[77.248512,28.590963]]}},{"type":"Feature","properties":{"kind":"road","class":"secondary"},"geometry":{"type":"LineString","coordinates":[[77.24896,28.59567],[77.24989,28.597792],[77.24993,28.600486],[77.251212,28.603631]]}},{"type":"Feature","properties":{"kind":"road","class":"secondary"},"geometry":{"type":"LineString","coordinates":[[77.251212,28.603631],[77.250802,28.606056]]}},{"type":"Feature","properties":{"kind":"road","class":"secondary"},"geometry":{"type":"LineString","coordinates":[[77.250188,28.60902],[77.250201,28.611266],[77.250291,28.613961],[77.250388,28.616656],[77.25049,28.619351],[77.250594,28.622046],[77.250701,28.624741],[77.250807,28.627436],[77.250912,28.630131],[77.251013,28.632826],[77.25111,28.635521],[77.2512,28.638216],[77.251282,28.64091],[77.251356,28.643605],[77.251419,28.6463],[77.25147,28.648995],[77.25151,28.65169],[77.251537,28.654385]]}},{"type":"Feature","properties":{"kind":"road","class":"secondary"},"geometry":{"type":"LineString","coordinates":[[77.251552,28.659326],[77.251552,28.659775],[77.25154,28.66247],[77.251514,28.665165],[77.251476,28.66786],[77.251425,28.670555],[77.251364,28.67325],[77.251292,28.675945],[77.25121,28.67864],[77.251121,28.681334]]}},{"type":"Feature","properties":{"kind":"road","class":"residential"},"geometry":{"type":"LineString","coordinates":[[77.148391,28.600311],[77.15146,28.600265],[77.15453,28.600218],[77.157599,28.60017],[77.160668,28.600121],[77.163738,28.600073],[77.166807,28.600025],[77.169876,28.599978],[77.171922,28.599948]]}},{"type":"Feature","properties":{"kind":"road","class":"residential"},"geometry":{"type":"LineString","coordinates":[[77.205684,28.599708],[77.206707,28.59971],[77.209776,28.599721],[77.212846,28.599738],[77.215915,28.59976],[77.218984,28.599786],[77.222054,28.599817],[77.225123,28.599853],[77.228192,28.599892],[77.231261,28.599934],[77.234331,28.599979],[77.238628,28.599588]]}},{"type":"Feature","properties":{"kind":"road","class":"residential"},"geometry":{"type":"LineString","coordinates":[[77.238628,28.599588],[77.240469,28.600073],[77.243538,28.600122],[77.246608,28.600171],[77.249677,28.600219],[77.251928,28.601025]]}},{"type":"Feature","properties":{"kind":"road","class":"residential"},"geometry":{"type":"LineString","coordinates":[[77.251928,28.601025],[77.255815,28.600311],[77.257248,28.59887]]}},{"type":"Feature","properties":{"kind":"road","class":"residential"},"geometry":{"type":"LineString","coordinates":[[77.265023,28.60043],[77.268092,28.600462],[77.271162,28.600489],[77.274231,28.600512],[77.2773,28.60053],[77.28037,28.600542],[77.283439,28.600549],[77.286508,28.60055],[77.289577,28.600546],[77.292647,28.600536],[77.295716,28.600521],[77.298785,28.6005]]}},{"type":"Feature","properties":{"kind":"road","class":"residential"},"geometry":{"type":"LineString","coordinates":[[77.302366,28.600469],[77.304924,28.600444],[77.307993,28.60041],[77.311062,28.600372],[77.314131,28.60033],[77.317201,28.600286],[77.32027,28.60024],[77.323339,28.600192],[77.326409,28.600144],[77.329478,28.600095],[77.332547,28.600046],[77.335616,28.599999],[77.338686,28.599953],[77.341755,28.59991],[77.344824,28.59987],[77.347893,28.599833],[77.350963,28.5998]]}},{"type":"Feature","properties":{"kind":"road","class":"residential"},"geometry":{"type":"LineString","coordinates":[[77.258088,28.503469],[77.258055,28.506164],[77.258029,28.508859],[77.25801,28.511554],[77.257998,28.514249],[77.257993,28.516944],[77.257996,28.519638],[77.258007,28.522333],[77.258024,28.525028],[77.258049,28.527723],[77.25808,28.530418],[77.258118,28.533113],[77.258161,28.535808],[77.258209,28.538503],[77.258261,28.541198],[77.258317,28.543893],[77.258375,28.546588],[77.258435,28.549283],[77.258495,28.551978],[77.258555,28.554673],[77.258613,28.557368],[77.25867,28.560062],[77.258723,28.562757],[77.258773,28.565452],[77.258818,28.568147],[77.258858,28.570842],[77.258891,28.573537],[77.258919,28.576232],[77.258939,28.578927],[77.258885,28.581442]]}},{"type":"Feature","properties":{"kind":"road","class":"residential"},"geometry":{"type":"LineString","coordinates":[[77.260368,28.585575],[77.258956,28.587012],[77.260215,28.589527]]}},{"type":"Feature","properties":{"kind":"road","class":"residential"},"geometry":{"type":"LineString","coordinates":[[77.258772,28.604529],[77.258748,28.605876],[77.258697,28.608571],[77.258642,28.611266],[77.258584,28.613961],[77.258524,28.616656],[77.258464,28.619351],[77.258404,28.622046],[77.258345,28.624741],[77.258288,28.627436],[77.258234,28.630131],[77.258184,28.632826],[77.258138,28.635521],[77.258098,28.638216],[77.258064,28.64091],[77.258036,28.643605],[77.258014,28.6463],[77.258,28.648995],[77.257994,28.65169],[77.257995,28.654385],[77.258003,28.65708],[77.258019,28.659775],[77.258042,28.66247],[77.258071,28.665165],[77.258107,28.66786],[77.258149,28.670555],[77.258196,28.67325],[77.258247,28.675945],[77.258302,28.67864],[77.258359,28.681334]]}},{"type":"Feature","properties":{"kind":"road","class":"residential"},"geometry":{"type":"LineString","coordinates":[[77.148391,28.606103],[77.15146,28.606073],[77.15453,28.606055],[77.157599,28.606049],[77.160668,28.606055],[77.163738,28.606073],[77.166807,28.606102],[77.169876,28.606143],[77.172945,28.606195]]}},{"type":"Feature","properties":{"kind":"road","class":"residential"},"geometry":{"type":"LineString","coordinates":[[77.204661,28.607131],[77.206707,28.607199],[77.209776,28.607298],[77.212846,28.607392],[77.215915,28.60748],[77.218984,28.607562],[77.222054,28.607635],[77.225123,28.607699],[77.228192,28.607753],[77.231261,28.607797],[77.234331,28.60783],[77.2374,28.60785],[77.240469,28.607859],[77.243538,28.607856],[77.246608,28.607841],[77.248654,28.607823]]}},{"type":"Feature","properties":{"kind":"road","class":"residential"},"geometry":{"type":"LineString","coordinates":[[77.250188,28.60902],[77.252746,28.607776],[77.255815,28.607727],[77.258885,28.607667],[77.261954,28.607598],[77.265023,28.607521],[77.268092,28.607435],[77.271162,28.607344],[77.274231,28.607247]]}},{"type":"Feature","properties":{"kind":"road","class":"residential"},"geometry":{"type":"LineString","coordinates":[[77.280881,28.607026],[77.283439,28.606939],[77.286508,28.606835],[77.289577,28.606733],[77.292647,28.606633],[77.295716,28.606538],[77.298785,28.606448]]}},{"type":"Feature","properties":{"kind":"road","class":"residential"},"geometry":{"type":"LineString","coordinates":[[77.302877,28.60634],[77.304924,28.60629],[77.307993,28.606223],[77.311062,28.606167],[77.314131,28.606121],[77.317201,28.606085],[77.32027,28.606062],[77.323339,28.60605],[77.326409,28.606051],[77.329478,28.606063],[77.332547,28.606087],[77.335616,28.606123],[77.338686,28.60617],[77.341755,28.606227],[77.344824,28.606294],[77.347893,28.60637],[77.350963,28.606453]]}},{"type":"Feature","properties":{"kind":"road","class":"residential"},"geometry":{"type":"LineString","coordinates":[[77.265722,28.503469],[77.265836,28.506164],[77.265957,28.508859],[77.266082,28.511554],[77.266211,28.514249],[77.266339,28.516944],[77.266467,28.519638],[77.266591,28.522333],[77.266709,28.525028],[77.266821,28.527723],[77.266924,28.530418],[77.267016,28.533113],[77.267096,28.535808],[77.267163,28.538503],[77.267207,28.540749]]}},{"type":"Feature","properties":{"kind":"road","class":"residential"},"geometry":{"type":"LineString","coordinates":[[77.267276,28.546588],[77.267282,28.549283],[77.267272,28.551978],[77.267246,28.554673],[77.267205,28.557368],[77.267148,28.560062],[77.267078,28.562757],[77.266995,28.565452],[77.2669,28.568147],[77.266795,28.570842],[77.266682,28.573537],[77.266561,28.576232],[77.266436,28.578927],[77.266372,28.580274]]}},{"type":"Feature","properties":{"kind":"road","class":"residential"},"geometry":{"type":"LineString","coordinates":[[77.265842,28.597971],[77.265498,28.600486],[77.265416,28.603181],[77.265347,28.605876],[77.265292,28.608571],[77.265252,28.611266],[77.265228,28.613961],[77.26522,28.616656],[77.265228,28.619351],[77.265251,28.622046],[77.265291,28.624741],[77.265345,28.627436],[77.265414,28.630131],[77.265495,28.632826],[77.265589,28.635521],[77.265692,28.638216],[77.265805,28.64091],[77.265924,28.643605],[77.266049,28.6463],[77.266176,28.648995],[77.266305,28.65169],[77.266433,28.654385],[77.266558,28.65708],[77.266679,28.659775],[77.266792,28.66247],[77.266897,28.665165],[77.266993,28.66786],[77.267076,28.670555],[77.267147,28.67325],[77.267203,28.675945],[77.267245,28.67864],[77.267272,28.681334]]}},{"type":"Feature","properties":{"kind":"road","class":"secondary"},"geometry":{"type":"LineString","coordinates":[[77.148391,28.61411],[77.15146,28.614115],[77.15453,28.614116],[77.157599,28.614112],[77.160668,28.614104],[77.163738,28.614092],[77.166807,28.614075],[77.169876,28.614055],[77.172945,28.614031]]}},{"type":"Feature","properties":{"kind":"road","class":"secondary"},"geometry":{"type":"LineString","coordinates":[[77.198523,28.613741],[77.200569,28.613716],[77.203638,28.613678],[77.206707,28.613642],[77.209776,28.613608],[77.212846,28.613576],[77.215915,28.613547],[77.218984,28.613521],[77.222054,28.613499],[77.225123,28.61348],[77.228192,28.613465],[77.228704,28.613463]]}},{"type":"Feature","properties":{"kind":"road","class":"secondary"},"geometry":{"type":"LineString","coordinates":[[77.232796,28.613452],[77.234331,28.613448],[77.2374,28.613447],[77.240469,28.613449],[77.243538,28.613456],[77.246608,28.613468],[77.249677,28.613483],[77.252746,28.613503],[77.255815,28.613526],[77.258885,28.613553],[77.261954,28.613583],[77.265023,28.613615],[77.268092,28.61365],[77.271162,28.613686],[77.274231,28.613723],[77.2773,28.613762],[77.28037,28.6138],[77.283439,28.613839],[77.286508,28.613876],[77.289577,28.613913],[77.292647,28.613947],[77.295716,28.61398],[77.298274,28.614004]]}},{"type":"Feature","properties":{"kind":"road","class":"secondary"},"geometry":{"type":"LineString","coordinates":[[77.301854,28.614036],[77.304924,28.614059],[77.307993,28.614079],[77.311062,28.614095],[77.314131,28.614106],[77.317201,28.614113],[77.32027,28.614116],[77.323339,28.614115]]}},{"type":"Feature","properties":{"kind":"road","class":"secondary"},"geometry":{"type":"LineString","coordinates":[[77.338174,28.614046],[77.338686,28.614042],[77.341755,28.614016],[77.344824,28.613987],[77.347893,28.613956],[77.350963,28.613921]]}},{"type":"Feature","properties":{"kind":"road","class":"secondary"},"geometry":{"type":"LineString","coordinates":[[77.274169,28.503469],[77.274124,28.506164],[77.274077,28.508859],[77.27403,28.511554],[77.273982,28.514249],[77.273935,28.516944],[77.27389,28.519638],[77.273847,28.522333],[77.273806,28.525028],[77.273769,28.527723],[77.273736,28.530418],[77.273707,28.533113],[77.273684,28.535808],[77.273666,28.538503]]}},{"type":"Feature","properties":{"kind":"road","class":"secondary"},"geometry":{"type":"LineString","coordinates":[[77.273647,28.547486],[77.273651,28.549283],[77.273662,28.551978],[77.273678,28.554673],[77.2737,28.557368],[77.273728,28.560062],[77.273759,28.562757],[77.273795,28.565452],[77.273835,28.568147],[77.273878,28.570842],[77.273923,28.573537],[77.273969,28.576232],[77.274017,28.578927],[77.274032,28.579825]]}},{"type":"Feature","properties":{"kind":"road","class":"secondary"},"geometry":{"type":"LineString","coordinates":[[77.27404,28.580274],[77.274064,28.581622],[77.274111,28.584317],[77.274157,28.587012],[77.274201,28.589707],[77.274242,28.592402],[77.274279,28.595097],[77.274313,28.597792],[77.274342,28.600486],[77.274366,28.603181],[77.274376,28.604529]]}},{"type":"Feature","properties":{"kind":"road","class":"secondary"},"geometry":{"type":"LineString","coordinates":[[77.274398,28.608571],[77.274406,28.611266],[77.274408,28.613961],[77.274403,28.616656],[77.274393,28.619351],[77.274377,28.622046],[77.274356,28.624741],[77.274329,28.627436],[77.274298,28.630131],[77.274268,28.632377]]}},{"type":"Feature","properties":{"kind":"road","class":"secondary"},"geometry":{"type":"LineString","coordinates":[[77.274027,28.647199],[77.273995,28.648995],[77.273948,28.65169],[77.273902,28.654385],[77.273858,28.65708],[77.273817,28.659775],[77.273778,28.66247],[77.273744,28.665165],[77.273715,28.66786],[77.27369,28.670555],[77.27367,28.67325],[77.273656,28.675945],[77.273648,28.67864],[77.273645,28.681334]]}},{"type":"Feature","properties":{"kind":"road","class":"residential"},"geometry":{"type":"LineString","coordinates":[[77.148391,28.621054],[77.15146,28.620995],[77.15453,28.620931],[77.157599,28.620862],[77.160668,28.620791],[77.163738,28.620717],[77.166807,28.620641],[77.169876,28.620565],[77.172945,28.62049],[77.176015,28.620416],[77.176526,28.620404]]}},{"type":"Feature","properties":{"kind":"road","class":"residential"},"geometry":{"type":"LineString","coordinates":[[77.191872,28.620096],[77.19443,28.620058],[77.197499,28.62002],[77.200569,28.61999],[77.203638,28.619968],[77.206707,28.619954],[77.209776,28.61995],[77.212846,28.619954],[77.215915,28.619966],[77.218984,28.619988],[77.222054,28.620017],[77.225123,28.620055],[77.228192,28.620099],[77.231261,28.620151]]}},{"type":"Feature","properties":{"kind":"road","class":"residential"},"geometry":{"type":"LineString","coordinates":[[77.234842,28.620219],[77.2374,28.620272],[77.240469,28.620339],[77.243538,28.62041],[77.246608,28.620484],[77.249677,28.620559],[77.252746,28.620635],[77.255815,28.620711],[77.258885,28.620785],[77.261954,28.620857],[77.265023,28.620926],[77.268092,28.62099],[77.271162,28.621049],[77.274231,28.621103],[77.2773,28.62115],[77.28037,28.62119],[77.283439,28.621222],[77.286508,28.621245],[77.289577,28.621261],[77.292647,28.621267],[77.295716,28.621265],[77.297251,28.62126]]}},{"type":"Feature","properties":{"kind":"road","class":"residential"},"geometry":{"type":"LineString","coordinates":[[77.300831,28.621242],[77.301854,28.621235],[77.304924,28.621208],[77.307993,28.621172],[77.311062,28.621129],[77.314131,28.621079],[77.317201,28.621022],[77.32027,28.62096],[77.323339,28.620894],[77.326409,28.620824],[77.328966,28.620763]]}},{"type":"Feature","properties":{"kind":"road","class":"residential"},"geometry":{"type":"LineString","coordinates":[[77.339709,28.620499],[77.341755,28.620449],[77.344824,28.620376],[77.347893,28.620307],[77.350963,28.620241]]}},{"type":"Feature","properties":{"kind":"road","class":"residential"},"geometry":{"type":"LineString","coordinates":[[77.281355,28.503469],[77.281283,28.506164],[77.281219,28.508859],[77.281165,28.511554],[77.28112,28.514249],[77.281086,28.516944],[77.281064,28.519638],[77.281052,28.522333],[77.281053,28.525028],[77.281065,28.527723],[77.281089,28.530418],[77.281123,28.533113],[77.281169,28.535808],[77.281224,28.538503],[77.281288,28.541198],[77.281361,28.543893],[77.28144,28.546588],[77.281524,28.549283],[77.281614,28.551978],[77.281706,28.554673],[77.281799,28.557368],[77.281893,28.560062],[77.281985,28.562757],[77.282074,28.565452],[77.282159,28.568147],[77.282239,28.570842],[77.282312,28.573537],[77.282376,28.576232],[77.282432,28.578927],[77.28244,28.579376]]}},{"type":"Feature","properties":{"kind":"road","class":"residential"},"geometry":{"type":"LineString","coordinates":[[77.282447,28.579825],[77.282478,28.581622],[77.282513,28.584317],[77.282538,28.587012],[77.282551,28.589707],[77.282552,28.592402],[77.282541,28.595097],[77.282519,28.597792],[77.282486,28.600486],[77.282442,28.603181],[77.282388,28.605876],[77.282325,28.608571],[77.282253,28.611266],[77.282175,28.613961],[77.282091,28.616656],[77.282002,28.619351],[77.28191,28.622046],[77.281817,28.624741],[77.281723,28.627436],[77.281631,28.630131],[77.281601,28.631029]]}},{"type":"Feature","properties":{"kind":"road","class":"residential"},"geometry":{"type":"LineString","coordinates":[[77.281147,28.648097],[77.281131,28.648995],[77.281094,28.65169],[77.281069,28.654385],[77.281054,28.65708],[77.281052,28.659775],[77.281061,28.66247],[77.281081,28.665165],[77.281113,28.66786],[77.281156,28.670555],[77.281208,28.67325],[77.28127,28.675945],[77.281341,28.67864],[77.281418,28.681334]]}},{"type":"Feature","properties":{"kind":"road","class":"residential"},"geometry":{"type":"LineString","coordinates":[[77.148391,28.627887],[77.15146,28.627921],[77.15453,28.62795],[77.157599,28.627971],[77.160668,28.627986],[77.163738,28.627993],[77.166807,28.627993],[77.169876,28.627985],[77.172945,28.62797],[77.176015,28.627948],[77.179084,28.627919],[77.182153,28.627883],[77.185222,28.627842],[77.188292,28.627796],[77.191361,28.627744],[77.19443,28.627688],[77.195965,28.627659]]}},{"type":"Feature","properties":{"kind":"road","class":"residential"},"geometry":{"type":"LineString","coordinates":[[77.206707,28.627441],[77.209776,28.627376],[77.212846,28.627313],[77.215915,28.627251],[77.218984,28.627192],[77.222054,28.627136],[77.225123,28.627083],[77.228192,28.627036],[77.231261,28.626994],[77.234331,28.626958],[77.2374,28.626928],[77.240469,28.626905],[77.243538,28.626889],[77.246608,28.62688],[77.249677,28.626878],[77.252746,28.626884],[77.255815,28.626898],[77.258885,28.626918],[77.261954,28.626946],[77.265023,28.62698],[77.268092,28.62702],[77.271162,28.627065],[77.274231,28.627116],[77.2773,28.62717],[77.28037,28.627228],[77.283439,28.627289],[77.286508,28.627352],[77.289577,28.627416],[77.292647,28.627481],[77.295716,28.627544]]}},{"type":"Feature","properties":{"kind":"road","class":"residential"},"geometry":{"type":"LineString","coordinates":[[77.299808,28.627627],[77.301854,28.627667],[77.304924,28.627724],[77.307993,28.627777],[77.311062,28.627825],[77.314131,28.627869],[77.317201,28.627906],[77.32027,28.627938],[77.323339,28.627962],[77.326409,28.62798],[77.329478,28.627991],[77.332547,28.627994],[77.335616,28.627989],[77.338686,28.627978],[77.341755,28.627959],[77.344824,28.627933],[77.347893,28.6279],[77.350963,28.627862]]}},{"type":"Feature","properties":{"kind":"road","class":"residential"},"geometry":{"type":"LineString","coordinates":[[77.290042,28.503469],[77.289985,28.506164],[77.289921,28.508859],[77.289852,28.511554],[77.289778,28.514249],[77.289701,28.516944],[77.289623,28.519638],[77.289543,28.522333],[77.289464,28.525028],[77.289387,28.527723],[77.289313,28.530418],[77.289243,28.533113],[77.289179,28.535808],[77.28912,28.538503],[77.289069,28.541198],[77.289025,28.543893],[77.28899,28.546588],[77.288965,28.549283],[77.288948,28.551978],[77.288942,28.554673],[77.288946,28.557368],[77.288959,28.560062],[77.288982,28.562757],[77.289015,28.565452],[77.289056,28.568147],[77.289105,28.570842],[77.289162,28.573537],[77.289225,28.576232],[77.289294,28.578927]]}},{"type":"Feature","properties":{"kind":"road","class":"residential"},"geometry":{"type":"LineString","coordinates":[[77.289318,28.579825],[77.289367,28.581622],[77.289443,28.584317],[77.289522,28.587012],[77.289601,28.589707],[77.28968,28.592402],[77.289757,28.595097],[77.289832,28.597792],[77.289902,28.600486],[77.289968,28.603181],[77.290027,28.605876],[77.29008,28.608571],[77.290124,28.611266],[77.29016,28.613961],[77.290187,28.616656],[77.290205,28.619351],[77.290212,28.622046],[77.29021,28.624741],[77.290198,28.627436],[77.290176,28.630131],[77.290145,28.632826],[77.290111,28.635071]]}},{"type":"Feature","properties":{"kind":"road","class":"residential"},"geometry":{"type":"LineString","coordinates":[[77.289798,28.648995],[77.289722,28.65169],[77.289644,28.654385],[77.289564,28.65708],[77.289485,28.659775],[77.289408,28.66247],[77.289333,28.665165],[77.289261,28.66786],[77.289195,28.670555],[77.289135,28.67325],[77.289082,28.675945],[77.289036,28.67864],[77.288999,28.681334]]}},{"type":"Feature","properties":{"kind":"road","class":"secondary"},"geometry":{"type":"LineString","coordinates":[[77.148391,28.634954],[77.15146,28.634949],[77.15453,28.634935],[77.157599,28.634912],[77.160668,28.63488],[77.163738,28.634841],[77.166807,28.634793],[77.169876,28.634738],[77.172945,28.634677],[77.176015,28.634611],[77.179084,28.63454],[77.182153,28.634465],[77.185222,28.634387],[77.188292,28.634308],[77.191361,28.634229],[77.19443,28.634149],[77.197499,28.634072]]}},{"type":"Feature","properties":{"kind":"road","class":"secondary"},"geometry":{"type":"LineString","coordinates":[[77.212334,28.633749],[77.212846,28.63374],[77.215915,28.633692],[77.218984,28.633651],[77.222054,28.633618],[77.225123,28.633593],[77.228192,28.633578],[77.231261,28.633572],[77.234331,28.633575],[77.2374,28.633587],[77.240469,28.633608],[77.243538,28.633638],[77.246608,28.633676],[77.249677,28.633722],[77.252746,28.633775],[77.255815,28.633834],[77.258885,28.6339],[77.261954,28.63397],[77.265023,28.634044],[77.268092,28.634121],[77.27065,28.634186]]}},{"type":"Feature","properties":{"kind":"road","class":"secondary"},"geometry":{"type":"LineString","coordinates":[[77.290089,28.634664],[77.292647,28.634717],[77.294693,28.634755]]}},{"type":"Feature","properties":{"kind":"road","class":"secondary"},"geometry":{"type":"LineString","coordinates":[[77.298274,28.634816],[77.298785,28.634824],[77.301854,28.634867],[77.304924,28.634902],[77.307993,28.634928],[77.311062,28.634945],[77.314131,28.634954],[77.317201,28.634953],[77.32027,28.634943],[77.323339,28.634924],[77.326409,28.634896],[77.329478,28.63486],[77.332547,28.634815],[77.335616,28.634764],[77.338686,28.634706],[77.341755,28.634642],[77.344824,28.634573],[77.347893,28.634499],[77.350963,28.634423]]}},{"type":"Feature","properties":{"kind":"road","class":"secondary"},"geometry":{"type":"LineString","coordinates":[[77.297499,28.503469],[77.297401,28.506164],[77.297303,28.508859],[77.297205,28.511554],[77.29711,28.514249],[77.297018,28.516944],[77.296932,28.519638],[77.296852,28.522333],[77.29678,28.525028],[77.296717,28.527723],[77.296664,28.530418],[77.296622,28.533113],[77.296591,28.535808],[77.296572,28.538503],[77.296565,28.541198],[77.296569,28.542995]]}},{"type":"Feature","properties":{"kind":"road","class":"secondary"},"geometry":{"type":"LineString","coordinates":[[77.297023,28.565902],[77.297099,28.568147],[77.297194,28.570842],[77.297243,28.57219]]}},{"type":"Feature","properties":{"kind":"road","class":"secondary"},"geometry":{"type":"LineString","coordinates":[[77.298042,28.598241],[77.298079,28.600486],[77.298111,28.603181],[77.298132,28.605876],[77.29814,28.608571],[77.298136,28.611266],[77.298131,28.612165]]}},{"type":"Feature","properties":{"kind":"road","class":"secondary"},"geometry":{"type":"LineString","coordinates":[[77.297411,28.64136],[77.297329,28.643605],[77.297231,28.6463],[77.297135,28.648995],[77.297088,28.650343]]}},{"type":"Feature","properties":{"kind":"road","class":"residential"},"geometry":{"type":"LineString","coordinates":[[77.148391,28.641425],[77.15146,28.64146],[77.15453,28.641491],[77.157599,28.641516],[77.160668,28.641536],[77.163738,28.64155],[77.166807,28.641557],[77.169876,28.641559],[77.172945,28.641554],[77.176015,28.641543],[77.179084,28.641526],[77.182153,28.641503],[77.185222,28.641474],[77.188292,28.641441],[77.191361,28.641403],[77.19443,28.641361],[77.197499,28.641315],[77.200569,28.641266],[77.203638,28.641215],[77.206707,28.641162],[77.209776,28.641108],[77.212846,28.641054],[77.215915,28.641001],[77.218984,28.640948],[77.222054,28.640898],[77.225123,28.64085],[77.228192,28.640805],[77.231261,28.640764],[77.234331,28.640728],[77.2374,28.640696],[77.240469,28.640669],[77.243538,28.640648],[77.246608,28.640633],[77.249677,28.640624],[77.252746,28.640622],[77.255815,28.640625],[77.258885,28.640635],[77.261954,28.64065],[77.265023,28.640672],[77.268092,28.640699]]}},{"type":"Feature","properties":{"kind":"road","class":"residential"},"geometry":{"type":"LineString","coordinates":[[77.297762,28.64115],[77.298785,28.641168],[77.301854,28.64122],[77.304924,28.641271],[77.307993,28.64132],[77.311062,28.641365],[77.314131,28.641407],[77.317201,28.641445]]}},{"type":"Feature","properties":{"kind":"road","class":"residential"},"geometry":{"type":"LineString","coordinates":[[77.32692,28.64153],[77.329478,28.641544],[77.332547,28.641554],[77.335616,28.641559],[77.338686,28.641557],[77.341755,28.641548],[77.344824,28.641534],[77.347893,28.641514],[77.350963,28.641488]]}},{"type":"Feature","properties":{"kind":"road","class":"residential"},"geometry":{"type":"LineString","coordinates":[[77.305568,28.503469],[77.305526,28.506164],[77.305479,28.508859],[77.305426,28.511554],[77.305368,28.514249],[77.305307,28.516944],[77.305243,28.519638],[77.305177,28.522333],[77.305111,28.525028],[77.305044,28.527723],[77.304979,28.530418],[77.304916,28.533113],[77.304857,28.535808],[77.304802,28.538503],[77.304752,28.541198],[77.304708,28.543893],[77.30467,28.546588],[77.304655,28.547935]]}},{"type":"Feature","properties":{"kind":"road","class":"residential"},"geometry":{"type":"LineString","coordinates":[[77.304597,28.560062],[77.304607,28.562757],[77.304625,28.565452],[77.304651,28.568147],[77.304684,28.570842],[77.304724,28.573537],[77.304771,28.576232],[77.304823,28.578927],[77.30488,28.581622],[77.304941,28.584317],[77.305005,28.587012],[77.305071,28.589707],[77.305137,28.592402],[77.305204,28.595097],[77.305269,28.597792],[77.305332,28.600486],[77.305392,28.603181],[77.305448,28.605876],[77.305499,28.608571],[77.305544,28.611266],[77.305582,28.613961],[77.305614,28.616656],[77.305637,28.619351],[77.305653,28.622046],[77.305661,28.624741],[77.305661,28.627436],[77.305652,28.630131],[77.305635,28.632826],[77.30561,28.635521],[77.305577,28.638216],[77.305538,28.64091],[77.305492,28.643605],[77.305441,28.6463],[77.305384,28.648995],[77.305324,28.65169],[77.30526,28.654385],[77.305195,28.65708],[77.305128,28.659775],[77.305062,28.66247],[77.304996,28.665165],[77.304933,28.66786],[77.304872,28.670555],[77.304816,28.67325],[77.304764,28.675945],[77.304719,28.67864],[77.304679,28.681334]]}},{"type":"Feature","properties":{"kind":"road","class":"residential"},"geometry":{"type":"LineString","coordinates":[[77.148391,28.648341],[77.15146,28.648347],[77.15453,28.648348],[77.157599,28.648342],[77.160668,28.648331],[77.163738,28.648315],[77.166807,28.648293],[77.169876,28.648266],[77.172945,28.648235],[77.176015,28.648199],[77.179084,28.648159],[77.182153,28.648117],[77.185222,28.648071],[77.188292,28.648024],[77.191361,28.647975],[77.19443,28.647926],[77.197499,28.647876],[77.200569,28.647827],[77.203638,28.647779],[77.206707,28.647733],[77.209776,28.647689],[77.212846,28.647649],[77.215915,28.647612],[77.218984,28.647579],[77.222054,28.64755],[77.225123,28.647527],[77.228192,28.647508],[77.231261,28.647495],[77.234331,28.647488],[77.235354,28.647488]]}},{"type":"Feature","properties":{"kind":"road","class":"residential"},"geometry":{"type":"LineString","coordinates":[[77.248654,28.647529],[77.249677,28.647536],[77.252746,28.647562],[77.255815,28.647593],[77.258885,28.647627],[77.261954,28.647666],[77.265023,28.647708],[77.268092,28.647753],[77.271162,28.6478],[77.274231,28.647848],[77.2773,28.647898],[77.28037,28.647947],[77.281904,28.647972]]}},{"type":"Feature","properties":{"kind":"road","class":"residential"},"geometry":{"type":"LineString","coordinates":[[77.291112,28.648114],[77.292647,28.648136],[77.29367,28.648149]]}},{"type":"Feature","properties":{"kind":"road","class":"residential"},"geometry":{"type":"LineString","coordinates":[[77.297251,28.648196],[77.298785,28.648215],[77.301854,28.648249],[77.304924,28.648278],[77.307993,28.648303],[77.311062,28.648323],[77.314131,28.648337],[77.317201,28.648345],[77.32027,28.648348],[77.323339,28.648345],[77.326409,28.648337],[77.329478,28.648323],[77.332547,28.648303],[77.335616,28.648279],[77.338686,28.648249],[77.341755,28.648216],[77.344824,28.648178],[77.347893,28.648136],[77.350963,28.648092]]}},{"type":"Feature","properties":{"kind":"road","class":"residential"},"geometry":{"type":"LineString","coordinates":[[77.313082,28.503469],[77.313023,28.506164],[77.312963,28.508859],[77.312902,28.511554],[77.312841,28.514249],[77.31278,28.516944],[77.312722,28.519638],[77.312667,28.522333],[77.312615,28.525028],[77.312568,28.527723],[77.312526,28.530418],[77.31249,28.533113],[77.31246,28.535808],[77.312437,28.538503],[77.312422,28.541198],[77.312414,28.543893],[77.312414,28.546588],[77.312416,28.547486]]}},{"type":"Feature","properties":{"kind":"road","class":"residential"},"geometry":{"type":"LineString","coordinates":[[77.312523,28.560062],[77.312565,28.562757],[77.312612,28.565452],[77.312663,28.568147],[77.312718,28.570842],[77.312776,28.573537],[77.312837,28.576232],[77.312898,28.578927],[77.312959,28.581622],[77.313019,28.584317],[77.313078,28.587012],[77.313134,28.589707],[77.313186,28.592402],[77.313234,28.595097],[77.313277,28.597792],[77.313313,28.600486],[77.313344,28.603181],[77.313368,28.605876],[77.313384,28.608571],[77.313393,28.611266],[77.313394,28.613961],[77.313388,28.616656],[77.313374,28.619351],[77.313353,28.622046],[77.313324,28.624741],[77.313289,28.627436],[77.313249,28.630131],[77.313202,28.632826],[77.313151,28.635521],[77.313097,28.638216],[77.313039,28.64091],[77.312979,28.643605],[77.312918,28.6463],[77.312857,28.648995],[77.312796,28.65169],[77.312737,28.654385],[77.312681,28.65708],[77.312628,28.659775],[77.31258,28.66247],[77.312536,28.665165],[77.312499,28.66786],[77.312467,28.670555],[77.312443,28.67325],[77.312425,28.675945],[77.312415,28.67864],[77.312413,28.681334]]}},{"type":"Feature","properties":{"kind":"road","class":"secondary"},"geometry":{"type":"LineString","coordinates":[[77.148391,28.654443],[77.15146,28.654422],[77.15453,28.654405],[77.157599,28.654393],[77.160668,28.654385],[77.163738,28.654383],[77.166807,28.654385],[77.169876,28.654391],[77.172945,28.654403],[77.176015,28.654419],[77.179084,28.654439],[77.182153,28.654464],[77.185222,28.654492],[77.188292,28.654523],[77.191361,28.654558],[77.19443,28.654595],[77.197499,28.654634],[77.200569,28.654674],[77.203638,28.654715],[77.206707,28.654757],[77.209776,28.654799],[77.212846,28.65484],[77.215915,28.654879],[77.218984,28.654917],[77.222054,28.654952],[77.225123,28.654985],[77.228192,28.655015],[77.231261,28.655041],[77.234331,28.655063]]}},{"type":"Feature","properties":{"kind":"road","class":"secondary"},"geometry":{"type":"LineString","coordinates":[[77.252235,28.6551],[77.252746,28.6551],[77.255815,28.655089],[77.258885,28.655074],[77.261954,28.655055],[77.265023,28.655031],[77.268092,28.655004],[77.271162,28.654973],[77.274231,28.654939],[77.2773,28.654903],[77.28037,28.654864],[77.283439,28.654824],[77.286508,28.654783],[77.289577,28.654741],[77.292647,28.6547],[77.29367,28.654686]]}},{"type":"Feature","properties":{"kind":"road","class":"secondary"},"geometry":{"type":"LineString","coordinates":[[77.297762,28.654632],[77.298785,28.654619],[77.301854,28.65458],[77.304924,28.654544],[77.307993,28.654511],[77.311062,28.654481],[77.314131,28.654454],[77.317201,28.654431],[77.32027,28.654412],[77.323339,28.654398],[77.326409,28.654388],[77.329478,28.654383],[77.332547,28.654383],[77.335616,28.654388],[77.338686,28.654397],[77.341755,28.654411],[77.344824,28.654429],[77.347893,28.654452],[77.350963,28.654479]]}},{"type":"Feature","properties":{"kind":"road","class":"secondary"},"geometry":{"type":"LineString","coordinates":[[77.32039,28.503469],[77.320429,28.506164],[77.320472,28.508859],[77.320518,28.511554],[77.320566,28.514249],[77.320616,28.516944],[77.320668,28.519638],[77.320719,28.522333],[77.32077,28.525028],[77.320819,28.527723],[77.320867,28.530418],[77.320911,28.533113],[77.320952,28.535808],[77.320988,28.538503],[77.32102,28.541198],[77.321046,28.543893],[77.321067,28.546588],[77.321081,28.549283],[77.321085,28.55063]]}},{"type":"Feature","properties":{"kind":"road","class":"secondary"},"geometry":{"type":"LineString","coordinates":[[77.321087,28.556918],[77.321087,28.557368],[77.321076,28.560062],[77.321059,28.562757],[77.321036,28.565452],[77.321007,28.568147],[77.320973,28.570842],[77.320935,28.573537],[77.320893,28.576232],[77.320847,28.578927],[77.320799,28.581622],[77.320749,28.584317],[77.320698,28.587012],[77.320646,28.589707],[77.320595,28.592402],[77.320545,28.595097],[77.320498,28.597792],[77.320453,28.600486],[77.320412,28.603181],[77.320375,28.605876],[77.320343,28.608571],[77.320316,28.611266],[77.320294,28.613961],[77.320279,28.616656],[77.32027,28.619351],[77.320267,28.622046],[77.320271,28.624741],[77.320281,28.627436],[77.320297,28.630131],[77.320319,28.632826],[77.320347,28.635521],[77.32038,28.638216],[77.320412,28.640461]]}},{"type":"Feature","properties":{"kind":"road","class":"secondary"},"geometry":{"type":"LineString","coordinates":[[77.320537,28.648097],[77.320553,28.648995],[77.320603,28.65169],[77.320654,28.654385],[77.320706,28.65708],[77.320757,28.659775],[77.320807,28.66247],[77.320854,28.665165],[77.3209,28.66786],[77.320941,28.670555],[77.320979,28.67325],[77.321012,28.675945],[77.32104,28.67864],[77.321062,28.681334]]}},{"type":"Feature","properties":{"kind":"road","class":"residential"},"geometry":{"type":"LineString","coordinates":[[77.148391,28.661952],[77.15146,28.662015],[77.15453,28.662073],[77.157599,28.662124],[77.160668,28.662167],[77.163738,28.662203],[77.166807,28.66223],[77.169876,28.662248],[77.172945,28.662258],[77.176015,28.662258],[77.179084,28.662249],[77.182153,28.662232],[77.185222,28.662205],[77.188292,28.66217],[77.191361,28.662127],[77.19443,28.662077],[77.197499,28.66202],[77.200569,28.661957],[77.203638,28.661888],[77.206707,28.661816],[77.209776,28.66174],[77.212846,28.661663],[77.215915,28.661583],[77.218984,28.661504],[77.222054,28.661426],[77.225123,28.66135],[77.228192,28.661276],[77.231261,28.661207],[77.234331,28.661142],[77.2374,28.661083],[77.240469,28.661031]]}},{"type":"Feature","properties":{"kind":"road","class":"residential"},"geometry":{"type":"LineString","coordinates":[[77.248142,28.660933],[77.249677,28.660919],[77.252746,28.660898],[77.255815,28.660887],[77.258885,28.660884],[77.261954,28.660891],[77.265023,28.660907],[77.268092,28.660931],[77.271162,28.660965],[77.274231,28.661006],[77.2773,28.661055],[77.28037,28.66111],[77.283439,28.661172],[77.286508,28.661239],[77.289577,28.661311],[77.292647,28.661385],[77.294181,28.661424]]}},{"type":"Feature","properties":{"kind":"road","class":"residential"},"geometry":{"type":"LineString","coordinates":[[77.298274,28.661529],[77.298785,28.661542],[77.301854,28.661621],[77.304924,28.6617],[77.307993,28.661777],[77.311062,28.661851],[77.314131,28.661921],[77.317201,28.661987],[77.32027,28.662047],[77.323339,28.662101],[77.326409,28.662148],[77.329478,28.662188],[77.332547,28.662219],[77.335616,28.662241],[77.338686,28.662255],[77.341755,28.662259],[77.344824,28.662255],[77.347893,28.662241],[77.350963,28.662218]]}},{"type":"Feature","properties":{"kind":"road","class":"residential"},"geometry":{"type":"LineString","coordinates":[[77.329178,28.503469],[77.329134,28.506164],[77.329081,28.508859],[77.329017,28.511554],[77.328945,28.514249],[77.328865,28.516944],[77.328778,28.519638],[77.328687,28.522333],[77.328592,28.525028],[77.328495,28.527723],[77.328397,28.530418],[77.3283,28.533113],[77.328206,28.535808],[77.328115,28.538503],[77.32803,28.541198],[77.327951,28.543893],[77.32788,28.546588],[77.327818,28.549283],[77.327766,28.551978],[77.327725,28.554673],[77.327695,28.557368],[77.327677,28.560062],[77.327672,28.562757],[77.327678,28.565452],[77.327697,28.568147],[77.327727,28.570842],[77.327769,28.573537],[77.327821,28.576232],[77.327883,28.578927],[77.327955,28.581622],[77.328034,28.584317],[77.328119,28.587012],[77.32821,28.589707],[77.328305,28.592402],[77.328402,28.595097],[77.3285,28.597792],[77.328597,28.600486],[77.328692,28.603181],[77.328783,28.605876],[77.328826,28.607224]]}},{"type":"Feature","properties":{"kind":"road","class":"residential"},"geometry":{"type":"LineString","coordinates":[[77.329165,28.621148],[77.329179,28.622046],[77.329211,28.624741],[77.32923,28.627436],[77.329238,28.630131],[77.329233,28.632826],[77.329216,28.635521],[77.329187,28.638216],[77.329147,28.64091],[77.329096,28.643605],[77.329035,28.6463],[77.328965,28.648995],[77.328887,28.65169],[77.328802,28.654385],[77.328712,28.65708],[77.328617,28.659775],[77.328521,28.66247],[77.328423,28.665165],[77.328326,28.66786],[77.32823,28.670555],[77.328138,28.67325],[77.328052,28.675945],[77.327971,28.67864],[77.327898,28.681334]]}},{"type":"Feature","properties":{"kind":"road","class":"residential"},"geometry":{"type":"LineString","coordinates":[[77.148391,28.66924],[77.15146,28.669282],[77.15453,28.669313],[77.157599,28.669332],[77.160668,28.669338],[77.163738,28.669332],[77.166807,28.669314],[77.169876,28.669283],[77.172945,28.66924],[77.176015,28.669187],[77.179084,28.669123],[77.182153,28.669049],[77.185222,28.668966],[77.188292,28.668876],[77.191361,28.66878],[77.19443,28.668679],[77.197499,28.668574],[77.200569,28.668466],[77.203638,28.668358],[77.206707,28.66825],[77.209776,28.668144],[77.212846,28.668042],[77.215915,28.667944],[77.218984,28.667853],[77.222054,28.667768],[77.225123,28.667692],[77.228192,28.667626],[77.231261,28.667569],[77.234331,28.667524],[77.2374,28.66749],[77.240469,28.667469],[77.243538,28.66746],[77.246608,28.667463],[77.249677,28.667479],[77.252746,28.667507],[77.255815,28.667547],[77.258885,28.667598],[77.261954,28.66766],[77.265023,28.667731],[77.268092,28.667812],[77.271162,28.6679],[77.274231,28.667995],[77.2773,28.668095],[77.28037,28.6682],[77.283439,28.668307],[77.286508,28.668415],[77.289577,28.668523],[77.292647,28.66863],[77.295204,28.668716]]}},{"type":"Feature","properties":{"kind":"road","class":"residential"},"geometry":{"type":"LineString","coordinates":[[77.299297,28.668847],[77.301854,28.668925],[77.304924,28.669011],[77.307993,28.669089],[77.311062,28.669158],[77.314131,28.669216],[77.317201,28.669264],[77.32027,28.669301],[77.323339,28.669325],[77.326409,28.669337],[77.329478,28.669336],[77.332547,28.669324],[77.335616,28.669298],[77.338686,28.669261],[77.341755,28.669212],[77.344824,28.669153],[77.347893,28.669083],[77.350963,28.669005]]}},{"type":"Feature","properties":{"kind":"road","class":"residential"},"geometry":{"type":"LineString","coordinates":[[77.336881,28.503469],[77.33677,28.506164],[77.336651,28.508859],[77.336525,28.511554],[77.336394,28.514249],[77.336261,28.516944],[77.336127,28.519638],[77.335996,28.522333],[77.335867,28.525028],[77.335745,28.527723],[77.335629,28.530418],[77.335524,28.533113],[77.335429,28.535808],[77.335347,28.538503],[77.335279,28.541198],[77.335225,28.543893],[77.335187,28.546588],[77.335166,28.549283],[77.335161,28.551978],[77.335172,28.554673],[77.335201,28.557368],[77.335245,28.560062],[77.335304,28.562757],[77.335379,28.565452],[77.335466,28.568147],[77.335565,28.570842],[77.335675,28.573537],[77.335793,28.576232],[77.335919,28.578927],[77.336049,28.581622],[77.336182,28.584317],[77.336315,28.587012],[77.336447,28.589707],[77.336576,28.592402],[77.3367,28.595097],[77.336816,28.597792],[77.336923,28.600486],[77.337019,28.603181],[77.337103,28.605876],[77.337174,28.608571],[77.337229,28.611266],[77.337256,28.613063]]}},{"type":"Feature","properties":{"kind":"road","class":"residential"},"geometry":{"type":"LineString","coordinates":[[77.337291,28.622046],[77.337265,28.624741],[77.337222,28.627436],[77.337165,28.630131],[77.337092,28.632826],[77.337007,28.635521],[77.336909,28.638216],[77.3368,28.64091],[77.336683,28.643605],[77.336559,28.6463],[77.336429,28.648995],[77.336297,28.65169],[77.336163,28.654385],[77.33603,28.65708],[77.335901,28.659775],[77.335776,28.66247],[77.335659,28.665165],[77.335551,28.66786],[77.335453,28.670555],[77.335367,28.67325],[77.335295,28.675945],[77.335238,28.67864],[77.335196,28.681334]]}},{"type":"Feature","properties":{"kind":"road","class":"secondary"},"geometry":{"type":"LineString","coordinates":[[77.148391,28.674939],[77.15146,28.675022],[77.15453,28.675108],[77.157599,28.675195],[77.160668,28.675283],[77.163738,28.675371],[77.166807,28.675456],[77.169876,28.675538],[77.172945,28.675616],[77.176015,28.675689],[77.179084,28.675756],[77.182153,28.675815],[77.185222,28.675867],[77.188292,28.67591],[77.191361,28.675944],[77.19443,28.675969],[77.197499,28.675984],[77.200569,28.675989],[77.203638,28.675983],[77.206707,28.675968],[77.209776,28.675942],[77.212846,28.675907],[77.215915,28.675863],[77.218984,28.675811],[77.222054,28.675751],[77.225123,28.675683],[77.228192,28.67561],[77.231261,28.675532],[77.234331,28.675449],[77.2374,28.675364],[77.240469,28.675276],[77.243538,28.675189],[77.246608,28.675101],[77.249677,28.675015],[77.252746,28.674932],[77.255815,28.674853],[77.258885,28.674779],[77.261954,28.674711],[77.265023,28.67465],[77.268092,28.674596],[77.271162,28.674551],[77.274231,28.674514],[77.2773,28.674488],[77.28037,28.674471],[77.283439,28.674464],[77.286508,28.674467],[77.289577,28.67448],[77.292647,28.674503],[77.295716,28.674536]]}},{"type":"Feature","properties":{"kind":"road","class":"secondary"},"geometry":{"type":"LineString","coordinates":[[77.299808,28.674595],[77.301854,28.674629],[77.304924,28.674687],[77.307993,28.674753],[77.311062,28.674825],[77.314131,28.674902],[77.317201,28.674984],[77.32027,28.675069],[77.323339,28.675156],[77.326409,28.675243],[77.329478,28.675331],[77.332547,28.675417],[77.335616,28.675501],[77.338686,28.675581],[77.341755,28.675656],[77.344824,28.675726],[77.347893,28.675789],[77.350963,28.675844]]}},{"type":"Feature","properties":{"kind":"road","class":"secondary"},"geometry":{"type":"LineString","coordinates":[[77.344733,28.503469],[77.344787,28.506164],[77.344828,28.508859],[77.344856,28.511554],[77.344872,28.514249],[77.344873,28.516944],[77.344861,28.519638],[77.344836,28.522333],[77.344798,28.525028],[77.344747,28.527723],[77.344685,28.530418],[77.344612,28.533113],[77.34453,28.535808],[77.34444,28.538503],[77.344342,28.541198],[77.34424,28.543893],[77.344134,28.546588],[77.344026,28.549283],[77.343917,28.551978],[77.34381,28.554673],[77.343706,28.557368],[77.343607,28.560062],[77.343514,28.562757],[77.343429,28.565452],[77.343352,28.568147],[77.343286,28.570842],[77.343231,28.573537],[77.343188,28.576232],[77.343158,28.578927],[77.343141,28.581622],[77.343138,28.584317],[77.343148,28.587012],[77.343171,28.589707],[77.343208,28.592402],[77.343257,28.595097],[77.343317,28.597792],[77.343389,28.600486],[77.34347,28.603181],[77.343559,28.605876],[77.343656,28.608571],[77.343757,28.611266],[77.343863,28.613961],[77.343971,28.616656],[77.344079,28.619351],[77.344187,28.622046],[77.344291,28.624741],[77.344391,28.627436],[77.344485,28.630131],[77.344572,28.632826],[77.344649,28.635521],[77.344717,28.638216],[77.344774,28.64091],[77.344818,28.643605],[77.34485,28.6463],[77.344869,28.648995],[77.344874,28.65169],[77.344866,28.654385],[77.344844,28.65708],[77.344809,28.659775],[77.344762,28.66247],[77.344703,28.665165],[77.344633,28.66786],[77.344553,28.670555],[77.344464,28.67325],[77.344369,28.675945],[77.344268,28.67864],[77.344162,28.681334]]}},{"type":"Feature","properties":{"kind":"road","class":"residential"},"geometry":{"type":"LineString","coordinates":[[77.148391,28.68234],[77.15146,28.68232],[77.15453,28.682297],[77.157599,28.68227],[77.160668,28.68224],[77.163738,28.682208],[77.166807,28.682174],[77.169876,28.682138],[77.172945,28.682101],[77.176015,28.682063],[77.179084,28.682025],[77.182153,28.681988],[77.185222,28.681951],[77.188292,28.681916],[77.191361,28.681883],[77.19443,28.681852],[77.197499,28.681823],[77.200569,28.681798],[77.203638,28.681776],[77.206707,28.681758],[77.209776,28.681743],[77.212846,28.681733],[77.215915,28.681727],[77.218984,28.681725],[77.222054,28.681728],[77.225123,28.681735],[77.228192,28.681746],[77.231261,28.681762],[77.234331,28.681781],[77.2374,28.681804],[77.240469,28.68183],[77.243538,28.681859],[77.246608,28.681891],[77.249677,28.681925],[77.252746,28.68196],[77.255815,28.681997],[77.258885,28.682035],[77.261954,28.682072],[77.265023,28.68211],[77.268092,28.682147],[77.271162,28.682182],[77.274231,28.682216],[77.2773,28.682248],[77.28037,28.682277],[77.283439,28.682303],[77.286508,28.682326],[77.289577,28.682345],[77.292647,28.68236],[77.295716,28.682371],[77.296739,28.682374]]}},{"type":"Feature","properties":{"kind":"road","class":"residential"},"geometry":{"type":"LineString","coordinates":[[77.300831,28.68238],[77.301854,28.682381],[77.304924,28.682379],[77.307993,28.682373],[77.311062,28.682363],[77.314131,28.682348],[77.317201,28.68233],[77.32027,28.682308],[77.323339,28.682283],[77.326409,28.682254],[77.329478,28.682223],[77.332547,28.682189],[77.335616,28.682154],[77.338686,28.682118],[77.341755,28.68208],[77.344824,28.682042],[77.347893,28.682005],[77.350963,28.681968]]}},{"type":"Feature","properties":{"kind":"road","class":"residential"},"geometry":{"type":"LineString","coordinates":[[77.351667,28.503469],[77.351624,28.506164],[77.351583,28.508859],[77.351545,28.511554],[77.351511,28.514249],[77.351481,28.516944],[77.351455,28.519638],[77.351435,28.522333],[77.35142,28.525028],[77.351411,28.527723],[77.351408,28.530418],[77.35141,28.533113],[77.351418,28.535808],[77.351432,28.538503],[77.351452,28.541198],[77.351476,28.543893],[77.351505,28.546588],[77.351539,28.549283],[77.351576,28.551978],[77.351617,28.554673],[77.35166,28.557368],[77.351705,28.560062],[77.351751,28.562757],[77.351798,28.565452],[77.351844,28.568147],[77.351889,28.570842],[77.351933,28.573537],[77.351974,28.576232],[77.352013,28.578927],[77.352047,28.581622],[77.352078,28.584317],[77.352104,28.587012],[77.352125,28.589707],[77.35214,28.592402],[77.35215,28.595097],[77.352154,28.597792],[77.352153,28.600486],[77.352145,28.603181],[77.352132,28.605876],[77.352113,28.608571],[77.35209,28.611266],[77.352061,28.613961],[77.352028,28.616656],[77.351991,28.619351],[77.351951,28.622046],[77.351908,28.624741],[77.351863,28.627436],[77.351817,28.630131],[77.351771,28.632826],[77.351724,28.635521],[77.351679,28.638216],[77.351635,28.64091],[77.351593,28.643605],[77.351554,28.6463],[77.351519,28.648995],[77.351488,28.65169],[77.351462,28.654385],[77.35144,28.65708],[77.351424,28.659775],[77.351413,28.66247],[77.351408,28.665165],[77.351409,28.66786],[77.351416,28.670555],[77.351428,28.67325],[77.351446,28.675945],[77.351469,28.67864],[77.351497,28.681334]]}},{"type":"Feature","properties":{"kind":"road","class":"lane"},"geometry":{"type":"LineString","coordinates":[[77.196149,28.574905],[77.200159,28.574826],[77.20417,28.574905]]}},{"type":"Feature","properties":{"kind":"road","class":"lane"},"geometry":{"type":"LineString","coordinates":[[77.196149,28.577519],[77.200159,28.577651],[77.20417,28.577519]]}},{"type":"Feature","properties":{"kind":"road","class":"lane"},"geometry":{"type":"LineString","coordinates":[[77.198656,28.583074],[77.200159,28.583084],[77.202165,28.58307]]}},{"type":"Feature","properties":{"kind":"road","class":"lane"},"geometry":{"type":"LineString","coordinates":[[77.200192,28.579538],[77.200144,28.582619]]}},{"type":"Feature","properties":{"kind":"road","class":"lane"},"geometry":{"type":"LineString","coordinates":[[77.200137,28.583059],[77.200158,28.58438]]}},{"type":"Feature","properties":{"kind":"road","class":"lane"},"geometry":{"type":"LineString","coordinates":[[77.202165,28.610322],[77.20417,28.610352]]}},{"type":"Feature","properties":{"kind":"road","class":"lane"},"geometry":{"type":"LineString","coordinates":[[77.200166,28.612569],[77.200143,28.613889]]}},{"type":"Feature","properties":{"kind":"road","class":"lane"},"geometry":{"type":"LineString","coordinates":[[77.203924,28.561478],[77.207935,28.561456],[77.211945,28.561478]]}},{"type":"Feature","properties":{"kind":"road","class":"lane"},"geometry":{"type":"LineString","coordinates":[[77.203924,28.563753],[77.207935,28.563704],[77.211945,28.563753]]}},{"type":"Feature","properties":{"kind":"road","class":"lane"},"geometry":{"type":"LineString","coordinates":[[77.208038,28.559056],[77.208186,28.562578],[77.208038,28.566099]]}},{"type":"Feature","properties":{"kind":"road","class":"lane"},"geometry":{"type":"LineString","coordinates":[[77.203924,28.568219],[77.207935,28.568283],[77.211945,28.568219]]}},{"type":"Feature","properties":{"kind":"road","class":"lane"},"geometry":{"type":"LineString","coordinates":[[77.203924,28.570345],[77.207935,28.570452],[77.211945,28.570345]]}},{"type":"Feature","properties":{"kind":"road","class":"lane"},"geometry":{"type":"LineString","coordinates":[[77.203924,28.575197],[77.207935,28.575296],[77.211945,28.575197]]}},{"type":"Feature","properties":{"kind":"road","class":"lane"},"geometry":{"type":"LineString","coordinates":[[77.203924,28.577361],[77.207935,28.57726],[77.211945,28.577361]]}},{"type":"Feature","properties":{"kind":"road","class":"lane"},"geometry":{"type":"LineString","coordinates":[[77.207729,28.572711],[77.207671,28.576232],[77.207729,28.579753]]}},{"type":"Feature","properties":{"kind":"road","class":"lane"},"geometry":{"type":"LineString","coordinates":[[77.207434,28.582855],[77.207935,28.582841],[77.211945,28.58296]]}},{"type":"Feature","properties":{"kind":"road","class":"lane"},"geometry":{"type":"LineString","coordinates":[[77.205428,28.589781],[77.207935,28.589833],[77.211945,28.589751]]}},{"type":"Feature","properties":{"kind":"road","class":"lane"},"geometry":{"type":"LineString","coordinates":[[77.208088,28.586365],[77.208153,28.589886],[77.208088,28.593408]]}},{"type":"Feature","properties":{"kind":"road","class":"lane"},"geometry":{"type":"LineString","coordinates":[[77.205428,28.595648],[77.207935,28.595671],[77.211945,28.595634]]}},{"type":"Feature","properties":{"kind":"road","class":"lane"},"geometry":{"type":"LineString","coordinates":[[77.205428,28.597851],[77.207935,28.597903],[77.211945,28.597821]]}},{"type":"Feature","properties":{"kind":"road","class":"lane"},"geometry":{"type":"LineString","coordinates":[[77.208014,28.593192],[77.207974,28.596714],[77.208014,28.600235]]}},{"type":"Feature","properties":{"kind":"road","class":"lane"},"geometry":{"type":"LineString","coordinates":[[77.205428,28.603516],[77.207935,28.603509],[77.211945,28.603521]]}},{"type":"Feature","properties":{"kind":"road","class":"lane"},"geometry":{"type":"LineString","coordinates":[[77.203924,28.609315],[77.207935,28.609279],[77.211945,28.609315]]}},{"type":"Feature","properties":{"kind":"road","class":"lane"},"geometry":{"type":"LineString","coordinates":[[77.203924,28.611516],[77.207935,28.611634],[77.211945,28.611516]]}},{"type":"Feature","properties":{"kind":"road","class":"lane"},"geometry":{"type":"LineString","coordinates":[[77.2081,28.606847],[77.208174,28.610368],[77.2081,28.613889]]}},{"type":"Feature","properties":{"kind":"road","class":"lane"},"geometry":{"type":"LineString","coordinates":[[77.203924,28.617178],[77.207935,28.617174],[77.211945,28.617178]]}},{"type":"Feature","properties":{"kind":"road","class":"lane"},"geometry":{"type":"LineString","coordinates":[[77.203924,28.624065],[77.207935,28.624105],[77.211945,28.624065]]}},{"type":"Feature","properties":{"kind":"road","class":"lane"},"geometry":{"type":"LineString","coordinates":[[77.207872,28.620501],[77.207763,28.624022],[77.207872,28.627544]]}},{"type":"Feature","properties":{"kind":"road","class":"lane"},"geometry":{"type":"LineString","coordinates":[[77.2117,28.554559],[77.21571,28.554422],[77.219721,28.554559]]}},{"type":"Feature","properties":{"kind":"road","class":"lane"},"geometry":{"type":"LineString","coordinates":[[77.2117,28.556794],[77.21571,28.556918],[77.219721,28.556794]]}},{"type":"Feature","properties":{"kind":"road","class":"lane"},"geometry":{"type":"LineString","coordinates":[[77.2117,28.561335],[77.21571,28.561288],[77.217214,28.561306]]}},{"type":"Feature","properties":{"kind":"road","class":"lane"},"geometry":{"type":"LineString","coordinates":[[77.2117,28.563483],[77.21571,28.563556],[77.217716,28.563519]]}},{"type":"Feature","properties":{"kind":"road","class":"lane"},"geometry":{"type":"LineString","coordinates":[[77.2117,28.568162],[77.21571,28.568053],[77.219721,28.568162]]}},{"type":"Feature","properties":{"kind":"road","class":"lane"},"geometry":{"type":"LineString","coordinates":[[77.2117,28.570372],[77.21571,28.570438],[77.219721,28.570372]]}},{"type":"Feature","properties":{"kind":"road","class":"lane"},"geometry":{"type":"LineString","coordinates":[[77.215603,28.565884],[77.215563,28.569405],[77.215603,28.572926]]}},{"type":"Feature","properties":{"kind":"road","class":"lane"},"geometry":{"type":"LineString","coordinates":[[77.2117,28.576403],[77.21571,28.576438],[77.219721,28.576403]]}},{"type":"Feature","properties":{"kind":"road","class":"lane"},"geometry":{"type":"LineString","coordinates":[[77.215587,28.572711],[77.215736,28.576232],[77.215587,28.579753]]}},{"type":"Feature","properties":{"kind":"road","class":"lane"},"geometry":{"type":"LineString","coordinates":[[77.2117,28.581828],[77.21571,28.581939],[77.219721,28.581828]]}},{"type":"Feature","properties":{"kind":"road","class":"lane"},"geometry":{"type":"LineString","coordinates":[[77.2117,28.584099],[77.21571,28.5842],[77.219721,28.584099]]}},{"type":"Feature","properties":{"kind":"road","class":"lane"},"geometry":{"type":"LineString","coordinates":[[77.2117,28.588712],[77.21571,28.58884],[77.219721,28.588712]]}},{"type":"Feature","properties":{"kind":"road","class":"lane"},"geometry":{"type":"LineString","coordinates":[[77.2117,28.590862],[77.21571,28.590811],[77.219721,28.590862]]}},{"type":"Feature","properties":{"kind":"road","class":"lane"},"geometry":{"type":"LineString","coordinates":[[77.215488,28.586365],[77.215406,28.589886],[77.215488,28.593408]]}},{"type":"Feature","properties":{"kind":"road","class":"lane"},"geometry":{"type":"LineString","coordinates":[[77.2117,28.596753],[77.21571,28.59674],[77.219721,28.596753]]}},{"type":"Feature","properties":{"kind":"road","class":"lane"},"geometry":{"type":"LineString","coordinates":[[77.215595,28.593192],[77.215612,28.596714],[77.215595,28.600235]]}},{"type":"Feature","properties":{"kind":"road","class":"lane"},"geometry":{"type":"LineString","coordinates":[[77.2117,28.602171],[77.21571,28.602256],[77.219721,28.602171]]}},{"type":"Feature","properties":{"kind":"road","class":"lane"},"geometry":{"type":"LineString","coordinates":[[77.2117,28.604718],[77.21571,28.604665],[77.219721,28.604718]]}},{"type":"Feature","properties":{"kind":"road","class":"lane"},"geometry":{"type":"LineString","coordinates":[[77.2117,28.609056],[77.21571,28.60899],[77.219721,28.609056]]}},{"type":"Feature","properties":{"kind":"road","class":"lane"},"geometry":{"type":"LineString","coordinates":[[77.2117,28.611426],[77.21571,28.611362],[77.219721,28.611426]]}},{"type":"Feature","properties":{"kind":"road","class":"lane"},"geometry":{"type":"LineString","coordinates":[[77.215849,28.606847],[77.215951,28.610368],[77.215849,28.613889]]}},{"type":"Feature","properties":{"kind":"road","class":"lane"},"geometry":{"type":"LineString","coordinates":[[77.2117,28.616139],[77.21571,28.61606],[77.219721,28.616139]]}},{"type":"Feature","properties":{"kind":"road","class":"lane"},"geometry":{"type":"LineString","coordinates":[[77.2117,28.618127],[77.21571,28.618221],[77.219721,28.618127]]}},{"type":"Feature","properties":{"kind":"road","class":"lane"},"geometry":{"type":"LineString","coordinates":[[77.215816,28.613674],[77.215937,28.617195],[77.215816,28.620716]]}},{"type":"Feature","properties":{"kind":"road","class":"lane"},"geometry":{"type":"LineString","coordinates":[[77.2117,28.623978],[77.21571,28.624003],[77.219721,28.623978]]}},{"type":"Feature","properties":{"kind":"road","class":"lane"},"geometry":{"type":"LineString","coordinates":[[77.215685,28.620501],[77.215719,28.624022],[77.215685,28.627544]]}},{"type":"Feature","properties":{"kind":"road","class":"lane"},"geometry":{"type":"LineString","coordinates":[[77.2117,28.630774],[77.21571,28.630781],[77.219721,28.630774]]}},{"type":"Feature","properties":{"kind":"road","class":"lane"},"geometry":{"type":"LineString","coordinates":[[77.215507,28.627328],[77.215585,28.630849],[77.215507,28.634371]]}},{"type":"Feature","properties":{"kind":"road","class":"lane"},"geometry":{"type":"LineString","coordinates":[[77.219475,28.554541],[77.223486,28.55454],[77.227496,28.554541]]}},{"type":"Feature","properties":{"kind":"road","class":"lane"},"geometry":{"type":"LineString","coordinates":[[77.219475,28.556986],[77.221481,28.556954]]}},{"type":"Feature","properties":{"kind":"road","class":"lane"},"geometry":{"type":"LineString","coordinates":[[77.219475,28.569572],[77.223486,28.569508],[77.227496,28.569572]]}},{"type":"Feature","properties":{"kind":"road","class":"lane"},"geometry":{"type":"LineString","coordinates":[[77.219475,28.576109],[77.223486,28.576141],[77.227496,28.576109]]}},{"type":"Feature","properties":{"kind":"road","class":"lane"},"geometry":{"type":"LineString","coordinates":[[77.223622,28.572711],[77.223542,28.576232],[77.223622,28.579753]]}},{"type":"Feature","properties":{"kind":"road","class":"lane"},"geometry":{"type":"LineString","coordinates":[[77.219475,28.581849],[77.223486,28.581937],[77.227496,28.581849]]}},{"type":"Feature","properties":{"kind":"road","class":"lane"},"geometry":{"type":"LineString","coordinates":[[77.219475,28.584219],[77.223486,28.584202],[77.227496,28.584219]]}},{"type":"Feature","properties":{"kind":"road","class":"lane"},"geometry":{"type":"LineString","coordinates":[[77.222233,28.579538],[77.22209,28.583059],[77.222107,28.583499]]}},{"type":"Feature","properties":{"kind":"road","class":"lane"},"geometry":{"type":"LineString","coordinates":[[77.222125,28.58394],[77.222233,28.586581]]}},{"type":"Feature","properties":{"kind":"road","class":"lane"},"geometry":{"type":"LineString","coordinates":[[77.224987,28.579538],[77.224983,28.583059]]}},{"type":"Feature","properties":{"kind":"road","class":"lane"},"geometry":{"type":"LineString","coordinates":[[77.224984,28.58394],[77.224987,28.586581]]}},{"type":"Feature","properties":{"kind":"road","class":"lane"},"geometry":{"type":"LineString","coordinates":[[77.219475,28.58848],[77.223486,28.588471],[77.227496,28.58848]]}},{"type":"Feature","properties":{"kind":"road","class":"lane"},"geometry":{"type":"LineString","coordinates":[[77.219475,28.591118],[77.223486,28.59117],[77.227496,28.591118]]}},{"type":"Feature","properties":{"kind":"road","class":"lane"},"geometry":{"type":"LineString","coordinates":[[77.222245,28.586365],[77.222083,28.589886],[77.222245,28.593408]]}},{"type":"Feature","properties":{"kind":"road","class":"lane"},"geometry":{"type":"LineString","coordinates":[[77.224944,28.586365],[77.224844,28.589886],[77.224944,28.593408]]}},{"type":"Feature","properties":{"kind":"road","class":"lane"},"geometry":{"type":"LineString","coordinates":[[77.219475,28.595389],[77.223486,28.595434],[77.227496,28.595389]]}},{"type":"Feature","properties":{"kind":"road","class":"lane"},"geometry":{"type":"LineString","coordinates":[[77.219475,28.597682],[77.223486,28.597765],[77.227496,28.597682]]}},{"type":"Feature","properties":{"kind":"road","class":"lane"},"geometry":{"type":"LineString","coordinates":[[77.222093,28.593192],[77.221948,28.596714],[77.222093,28.600235]]}},{"type":"Feature","properties":{"kind":"road","class":"lane"},"geometry":{"type":"LineString","coordinates":[[77.225014,28.593192],[77.224917,28.596714],[77.225014,28.600235]]}},{"type":"Feature","properties":{"kind":"road","class":"lane"},"geometry":{"type":"LineString","coordinates":[[77.219475,28.602445],[77.223486,28.602432],[77.227496,28.602445]]}},{"type":"Feature","properties":{"kind":"road","class":"lane"},"geometry":{"type":"LineString","coordinates":[[77.219475,28.604628],[77.223486,28.604486],[77.227496,28.604628]]}},{"type":"Feature","properties":{"kind":"road","class":"lane"},"geometry":{"type":"LineString","coordinates":[[77.222133,28.600019],[77.222253,28.603541],[77.222133,28.607062]]}},{"type":"Feature","properties":{"kind":"road","class":"lane"},"geometry":{"type":"LineString","coordinates":[[77.22487,28.600019],[77.224855,28.603541],[77.22487,28.607062]]}},{"type":"Feature","properties":{"kind":"road","class":"lane"},"geometry":{"type":"LineString","coordinates":[[77.219475,28.610469],[77.223486,28.610563],[77.227496,28.610469]]}},{"type":"Feature","properties":{"kind":"road","class":"lane"},"geometry":{"type":"LineString","coordinates":[[77.22328,28.606847],[77.223368,28.610368],[77.22328,28.613889]]}},{"type":"Feature","properties":{"kind":"road","class":"lane"},"geometry":{"type":"LineString","coordinates":[[77.219475,28.617203],[77.223486,28.617089],[77.227496,28.617203]]}},{"type":"Feature","properties":{"kind":"road","class":"lane"},"geometry":{"type":"LineString","coordinates":[[77.223695,28.613674],[77.223615,28.617195],[77.223695,28.620716]]}},{"type":"Feature","properties":{"kind":"road","class":"lane"},"geometry":{"type":"LineString","coordinates":[[77.219475,28.623906],[77.223486,28.623808],[77.227496,28.623906]]}},{"type":"Feature","properties":{"kind":"road","class":"lane"},"geometry":{"type":"LineString","coordinates":[[77.22356,28.620501],[77.223573,28.624022],[77.22356,28.627544]]}},{"type":"Feature","properties":{"kind":"road","class":"lane"},"geometry":{"type":"LineString","coordinates":[[77.219475,28.629425],[77.223486,28.629461],[77.227496,28.629425]]}},{"type":"Feature","properties":{"kind":"road","class":"lane"},"geometry":{"type":"LineString","coordinates":[[77.219475,28.631795],[77.223486,28.631897],[77.227496,28.631795]]}},{"type":"Feature","properties":{"kind":"road","class":"lane"},"geometry":{"type":"LineString","coordinates":[[77.223396,28.627328],[77.223341,28.630849],[77.223396,28.634371]]}},{"type":"Feature","properties":{"kind":"road","class":"lane"},"geometry":{"type":"LineString","coordinates":[[77.227251,28.547814],[77.231261,28.547694],[77.235272,28.547814]]}},{"type":"Feature","properties":{"kind":"road","class":"lane"},"geometry":{"type":"LineString","coordinates":[[77.227251,28.549908],[77.231261,28.549949],[77.235272,28.549908]]}},{"type":"Feature","properties":{"kind":"road","class":"lane"},"geometry":{"type":"LineString","coordinates":[[77.227251,28.554581],[77.228253,28.554604]]}},{"type":"Feature","properties":{"kind":"road","class":"lane"},"geometry":{"type":"LineString","coordinates":[[77.233267,28.554627],[77.235272,28.554581]]}},{"type":"Feature","properties":{"kind":"road","class":"lane"},"geometry":{"type":"LineString","coordinates":[[77.23132,28.552229],[77.231312,28.55443]]}},{"type":"Feature","properties":{"kind":"road","class":"lane"},"geometry":{"type":"LineString","coordinates":[[77.234269,28.561362],[77.235272,28.561352]]}},{"type":"Feature","properties":{"kind":"road","class":"lane"},"geometry":{"type":"LineString","coordinates":[[77.232765,28.563614],[77.235272,28.563662]]}},{"type":"Feature","properties":{"kind":"road","class":"lane"},"geometry":{"type":"LineString","coordinates":[[77.231435,28.564779],[77.231381,28.566099]]}},{"type":"Feature","properties":{"kind":"road","class":"lane"},"geometry":{"type":"LineString","coordinates":[[77.227251,28.569533],[77.231261,28.569528],[77.235272,28.569533]]}},{"type":"Feature","properties":{"kind":"road","class":"lane"},"geometry":{"type":"LineString","coordinates":[[77.227251,28.575008],[77.231261,28.575088],[77.235272,28.575008]]}},{"type":"Feature","properties":{"kind":"road","class":"lane"},"geometry":{"type":"LineString","coordinates":[[77.227251,28.577392],[77.231261,28.577488],[77.235272,28.577392]]}},{"type":"Feature","properties":{"kind":"road","class":"lane"},"geometry":{"type":"LineString","coordinates":[[77.230203,28.572711],[77.230358,28.576232],[77.230203,28.579753]]}},{"type":"Feature","properties":{"kind":"road","class":"lane"},"geometry":{"type":"LineString","coordinates":[[77.232805,28.572711],[77.23271,28.576232],[77.232805,28.579753]]}},{"type":"Feature","properties":{"kind":"road","class":"lane"},"geometry":{"type":"LineString","coordinates":[[77.227251,28.581932],[77.231261,28.581905],[77.235272,28.581932]]}},{"type":"Feature","properties":{"kind":"road","class":"lane"},"geometry":{"type":"LineString","coordinates":[[77.227251,28.584097],[77.231261,28.584145],[77.235272,28.584097]]}},{"type":"Feature","properties":{"kind":"road","class":"lane"},"geometry":{"type":"LineString","coordinates":[[77.230204,28.579538],[77.230201,28.583059]]}},{"type":"Feature","properties":{"kind":"road","class":"lane"},"geometry":{"type":"LineString","coordinates":[[77.230202,28.583499],[77.230204,28.586581]]}},{"type":"Feature","properties":{"kind":"road","class":"lane"},"geometry":{"type":"LineString","coordinates":[[77.232567,28.579538],[77.232503,28.582619]]}},{"type":"Feature","properties":{"kind":"road","class":"lane"},"geometry":{"type":"LineString","coordinates":[[77.232503,28.583499],[77.232567,28.586581]]}},{"type":"Feature","properties":{"kind":"road","class":"lane"},"geometry":{"type":"LineString","coordinates":[[77.227251,28.588826],[77.231261,28.588701],[77.235272,28.588826]]}},{"type":"Feature","properties":{"kind":"road","class":"lane"},"geometry":{"type":"LineString","coordinates":[[77.227251,28.59113],[77.231261,28.591216],[77.235272,28.59113]]}},{"type":"Feature","properties":{"kind":"road","class":"lane"},"geometry":{"type":"LineString","coordinates":[[77.230167,28.586365],[77.230226,28.589886],[77.230167,28.593408]]}},{"type":"Feature","properties":{"kind":"road","class":"lane"},"geometry":{"type":"LineString","coordinates":[[77.232802,28.586365],[77.232775,28.589886],[77.232802,28.593408]]}},{"type":"Feature","properties":{"kind":"road","class":"lane"},"geometry":{"type":"LineString","coordinates":[[77.227251,28.595577],[77.231261,28.595481],[77.235272,28.595577]]}},{"type":"Feature","properties":{"kind":"road","class":"lane"},"geometry":{"type":"LineString","coordinates":[[77.227251,28.597725],[77.231261,28.597818],[77.235272,28.597725]]}},{"type":"Feature","properties":{"kind":"road","class":"lane"},"geometry":{"type":"LineString","coordinates":[[77.23007,28.593192],[77.230217,28.596714],[77.23007,28.600235]]}},{"type":"Feature","properties":{"kind":"road","class":"lane"},"geometry":{"type":"LineString","coordinates":[[77.232772,28.593192],[77.232878,28.596714],[77.232772,28.600235]]}},{"type":"Feature","properties":{"kind":"road","class":"lane"},"geometry":{"type":"LineString","coordinates":[[77.227251,28.602415],[77.231261,28.602494],[77.233819,28.602103]]}},{"type":"Feature","properties":{"kind":"road","class":"lane"},"geometry":{"type":"LineString","coordinates":[[77.227251,28.604741],[77.231261,28.604678],[77.235272,28.604741]]}},{"type":"Feature","properties":{"kind":"road","class":"lane"},"geometry":{"type":"LineString","coordinates":[[77.230122,28.600019],[77.230025,28.603541],[77.230122,28.607062]]}},{"type":"Feature","properties":{"kind":"road","class":"lane"},"geometry":{"type":"LineString","coordinates":[[77.232538,28.600019],[77.233819,28.602103]]}},{"type":"Feature","properties":{"kind":"road","class":"lane"},"geometry":{"type":"LineString","coordinates":[[77.233819,28.602103],[77.232538,28.607062]]}},{"type":"Feature","properties":{"kind":"road","class":"lane"},"geometry":{"type":"LineString","coordinates":[[77.227251,28.609043],[77.231261,28.609096],[77.235272,28.609043]]}},{"type":"Feature","properties":{"kind":"road","class":"lane"},"geometry":{"type":"LineString","coordinates":[[77.227251,28.611376],[77.231261,28.611487],[77.235272,28.611376]]}},{"type":"Feature","properties":{"kind":"road","class":"lane"},"geometry":{"type":"LineString","coordinates":[[77.23008,28.606847],[77.230199,28.610368],[77.23011,28.613009]]}},{"type":"Feature","properties":{"kind":"road","class":"lane"},"geometry":{"type":"LineString","coordinates":[[77.232507,28.606847],[77.23251,28.610368],[77.232507,28.613889]]}},{"type":"Feature","properties":{"kind":"road","class":"lane"},"geometry":{"type":"LineString","coordinates":[[77.227251,28.616099],[77.228253,28.61611]]}},{"type":"Feature","properties":{"kind":"road","class":"lane"},"geometry":{"type":"LineString","coordinates":[[77.227251,28.618192],[77.229757,28.618111]]}},{"type":"Feature","properties":{"kind":"road","class":"lane"},"geometry":{"type":"LineString","coordinates":[[77.227251,28.62411],[77.231261,28.624058],[77.235272,28.62411]]}},{"type":"Feature","properties":{"kind":"road","class":"lane"},"geometry":{"type":"LineString","coordinates":[[77.227251,28.629499],[77.231261,28.629399],[77.235272,28.629499]]}},{"type":"Feature","properties":{"kind":"road","class":"lane"},"geometry":{"type":"LineString","coordinates":[[77.227251,28.632058],[77.231261,28.631959],[77.235272,28.632058]]}},{"type":"Feature","properties":{"kind":"road","class":"lane"},"geometry":{"type":"LineString","coordinates":[[77.231376,28.627328],[77.231504,28.630849],[77.231376,28.634371]]}},{"type":"Feature","properties":{"kind":"road","class":"lane"},"geometry":{"type":"LineString","coordinates":[[77.227251,28.636284],[77.231261,28.636307],[77.235272,28.636284]]}},{"type":"Feature","properties":{"kind":"road","class":"lane"},"geometry":{"type":"LineString","coordinates":[[77.227251,28.638919],[77.231261,28.638912],[77.235272,28.638919]]}},{"type":"Feature","properties":{"kind":"road","class":"lane"},"geometry":{"type":"LineString","coordinates":[[77.231403,28.634155],[77.231304,28.637677],[77.231403,28.641198]]}},{"type":"Feature","properties":{"kind":"road","class":"lane"},"geometry":{"type":"LineString","coordinates":[[77.235026,28.548734],[77.239037,28.548738],[77.243047,28.548734]]}},{"type":"Feature","properties":{"kind":"road","class":"lane"},"geometry":{"type":"LineString","coordinates":[[77.239105,28.545402],[77.238994,28.548923],[77.239105,28.552445]]}},{"type":"Feature","properties":{"kind":"road","class":"lane"},"geometry":{"type":"LineString","coordinates":[[77.235026,28.55588],[77.239037,28.555784],[77.243047,28.55588]]}},{"type":"Feature","properties":{"kind":"road","class":"lane"},"geometry":{"type":"LineString","coordinates":[[77.239062,28.552229],[77.238954,28.555751],[77.239062,28.559272]]}},{"type":"Feature","properties":{"kind":"road","class":"lane"},"geometry":{"type":"LineString","coordinates":[[77.235026,28.562492],[77.239037,28.562373],[77.243047,28.562492]]}},{"type":"Feature","properties":{"kind":"road","class":"lane"},"geometry":{"type":"LineString","coordinates":[[77.235026,28.56799],[77.239037,28.568003],[77.243047,28.56799]]}},{"type":"Feature","properties":{"kind":"road","class":"lane"},"geometry":{"type":"LineString","coordinates":[[77.235026,28.570494],[77.239037,28.570456],[77.243047,28.570494]]}},{"type":"Feature","properties":{"kind":"road","class":"lane"},"geometry":{"type":"LineString","coordinates":[[77.237761,28.565884],[77.237841,28.569405],[77.237761,28.572926]]}},{"type":"Feature","properties":{"kind":"road","class":"lane"},"geometry":{"type":"LineString","coordinates":[[77.240386,28.565884],[77.240442,28.569405],[77.240386,28.572926]]}},{"type":"Feature","properties":{"kind":"road","class":"lane"},"geometry":{"type":"LineString","coordinates":[[77.235026,28.575136],[77.239037,28.575246],[77.243047,28.575136]]}},{"type":"Feature","properties":{"kind":"road","class":"lane"},"geometry":{"type":"LineString","coordinates":[[77.235026,28.57716],[77.239037,28.577292],[77.243047,28.57716]]}},{"type":"Feature","properties":{"kind":"road","class":"lane"},"geometry":{"type":"LineString","coordinates":[[77.237845,28.572711],[77.237839,28.576232],[77.237845,28.579753]]}},{"type":"Feature","properties":{"kind":"road","class":"lane"},"geometry":{"type":"LineString","coordinates":[[77.240506,28.572711],[77.240585,28.576232],[77.240506,28.579753]]}},{"type":"Feature","properties":{"kind":"road","class":"lane"},"geometry":{"type":"LineString","coordinates":[[77.235026,28.581635],[77.239037,28.581577],[77.243047,28.581635]]}},{"type":"Feature","properties":{"kind":"road","class":"lane"},"geometry":{"type":"LineString","coordinates":[[77.235026,28.584144],[77.239037,28.584104],[77.243027,28.585844]]}},{"type":"Feature","properties":{"kind":"road","class":"lane"},"geometry":{"type":"LineString","coordinates":[[77.237895,28.579538],[77.238005,28.583059]]}},{"type":"Feature","properties":{"kind":"road","class":"lane"},"geometry":{"type":"LineString","coordinates":[[77.237991,28.583499],[77.237895,28.586581]]}},{"type":"Feature","properties":{"kind":"road","class":"lane"},"geometry":{"type":"LineString","coordinates":[[77.24045,28.579538],[77.240584,28.582619]]}},{"type":"Feature","properties":{"kind":"road","class":"lane"},"geometry":{"type":"LineString","coordinates":[[77.240603,28.583059],[77.240469,28.58773]]}},{"type":"Feature","properties":{"kind":"road","class":"lane"},"geometry":{"type":"LineString","coordinates":[[77.235026,28.588753],[77.240469,28.58773]]}},{"type":"Feature","properties":{"kind":"road","class":"lane"},"geometry":{"type":"LineString","coordinates":[[77.240469,28.58773],[77.243453,28.589755]]}},{"type":"Feature","properties":{"kind":"road","class":"lane"},"geometry":{"type":"LineString","coordinates":[[77.235026,28.590788],[77.238832,28.590605]]}},{"type":"Feature","properties":{"kind":"road","class":"lane"},"geometry":{"type":"LineString","coordinates":[[77.23789,28.586365],[77.238832,28.590605]]}},{"type":"Feature","properties":{"kind":"road","class":"lane"},"geometry":{"type":"LineString","coordinates":[[77.235026,28.595355],[77.239673,28.595913]]}},{"type":"Feature","properties":{"kind":"road","class":"lane"},"geometry":{"type":"LineString","coordinates":[[77.235026,28.597801],[77.238218,28.596893]]}},{"type":"Feature","properties":{"kind":"road","class":"lane"},"geometry":{"type":"LineString","coordinates":[[77.238218,28.593749],[77.238218,28.596893]]}},{"type":"Feature","properties":{"kind":"road","class":"lane"},"geometry":{"type":"LineString","coordinates":[[77.241324,28.597193],[77.238628,28.599588]]}},{"type":"Feature","properties":{"kind":"road","class":"lane"},"geometry":{"type":"LineString","coordinates":[[77.235026,28.604597],[77.239037,28.604713],[77.243047,28.604597]]}},{"type":"Feature","properties":{"kind":"road","class":"lane"},"geometry":{"type":"LineString","coordinates":[[77.236684,28.602283],[77.237575,28.607062]]}},{"type":"Feature","properties":{"kind":"road","class":"lane"},"geometry":{"type":"LineString","coordinates":[[77.238628,28.599588],[77.239446,28.602463]]}},{"type":"Feature","properties":{"kind":"road","class":"lane"},"geometry":{"type":"LineString","coordinates":[[77.239446,28.602463],[77.240652,28.603541],[77.240549,28.607062]]}},{"type":"Feature","properties":{"kind":"road","class":"lane"},"geometry":{"type":"LineString","coordinates":[[77.235026,28.60902],[77.239037,28.608917],[77.243047,28.60902]]}},{"type":"Feature","properties":{"kind":"road","class":"lane"},"geometry":{"type":"LineString","coordinates":[[77.235026,28.611387],[77.239037,28.611382],[77.243047,28.611387]]}},{"type":"Feature","properties":{"kind":"road","class":"lane"},"geometry":{"type":"LineString","coordinates":[[77.237987,28.606847],[77.237846,28.610368],[77.237987,28.613889]]}},{"type":"Feature","properties":{"kind":"road","class":"lane"},"geometry":{"type":"LineString","coordinates":[[77.240438,28.606847],[77.240338,28.610368],[77.240438,28.613889]]}},{"type":"Feature","properties":{"kind":"road","class":"lane"},"geometry":{"type":"LineString","coordinates":[[77.23653,28.615986],[77.239037,28.615966],[77.243047,28.615998]]}},{"type":"Feature","properties":{"kind":"road","class":"lane"},"geometry":{"type":"LineString","coordinates":[[77.237032,28.618186],[77.239037,28.61817],[77.243047,28.618202]]}},{"type":"Feature","properties":{"kind":"road","class":"lane"},"geometry":{"type":"LineString","coordinates":[[77.237919,28.613674],[77.237857,28.617195],[77.237919,28.620716]]}},{"type":"Feature","properties":{"kind":"road","class":"lane"},"geometry":{"type":"LineString","coordinates":[[77.24028,28.613674],[77.240148,28.617195],[77.24028,28.620716]]}},{"type":"Feature","properties":{"kind":"road","class":"lane"},"geometry":{"type":"LineString","coordinates":[[77.235026,28.622853],[77.239037,28.622874],[77.243047,28.622853]]}},{"type":"Feature","properties":{"kind":"road","class":"lane"},"geometry":{"type":"LineString","coordinates":[[77.235026,28.625127],[77.239037,28.62512],[77.243047,28.625127]]}},{"type":"Feature","properties":{"kind":"road","class":"lane"},"geometry":{"type":"LineString","coordinates":[[77.235026,28.629439],[77.239037,28.629501],[77.243047,28.629439]]}},{"type":"Feature","properties":{"kind":"road","class":"lane"},"geometry":{"type":"LineString","coordinates":[[77.235026,28.632108],[77.239037,28.632024],[77.243047,28.632108]]}},{"type":"Feature","properties":{"kind":"road","class":"lane"},"geometry":{"type":"LineString","coordinates":[[77.239038,28.627328],[77.239114,28.630849],[77.239038,28.634371]]}},{"type":"Feature","properties":{"kind":"road","class":"lane"},"geometry":{"type":"LineString","coordinates":[[77.235026,28.636579],[77.239037,28.636641],[77.243047,28.636579]]}},{"type":"Feature","properties":{"kind":"road","class":"lane"},"geometry":{"type":"LineString","coordinates":[[77.235026,28.638677],[77.239037,28.638582],[77.243047,28.638677]]}},{"type":"Feature","properties":{"kind":"road","class":"lane"},"geometry":{"type":"LineString","coordinates":[[77.239104,28.634155],[77.239017,28.637677],[77.239104,28.641198]]}},{"type":"Feature","properties":{"kind":"road","class":"lane"},"geometry":{"type":"LineString","coordinates":[[77.242802,28.547661],[77.246812,28.54762],[77.250823,28.547661]]}},{"type":"Feature","properties":{"kind":"road","class":"lane"},"geometry":{"type":"LineString","coordinates":[[77.242802,28.549977],[77.246812,28.550049],[77.250823,28.549977]]}},{"type":"Feature","properties":{"kind":"road","class":"lane"},"geometry":{"type":"LineString","coordinates":[[77.246859,28.545402],[77.246879,28.548923],[77.246859,28.552445]]}},{"type":"Feature","properties":{"kind":"road","class":"lane"},"geometry":{"type":"LineString","coordinates":[[77.242802,28.554453],[77.246812,28.554389],[77.250823,28.554453]]}},{"type":"Feature","properties":{"kind":"road","class":"lane"},"geometry":{"type":"LineString","coordinates":[[77.242802,28.556819],[77.246812,28.5567],[77.250823,28.556819]]}},{"type":"Feature","properties":{"kind":"road","class":"lane"},"geometry":{"type":"LineString","coordinates":[[77.246783,28.552229],[77.246622,28.555751],[77.246783,28.559272]]}},{"type":"Feature","properties":{"kind":"road","class":"lane"},"geometry":{"type":"LineString","coordinates":[[77.242802,28.562761],[77.246812,28.562621],[77.250823,28.562761]]}},{"type":"Feature","properties":{"kind":"road","class":"lane"},"geometry":{"type":"LineString","coordinates":[[77.242802,28.568056],[77.246812,28.568047],[77.250823,28.568056]]}},{"type":"Feature","properties":{"kind":"road","class":"lane"},"geometry":{"type":"LineString","coordinates":[[77.242802,28.570407],[77.246812,28.570333],[77.250823,28.570407]]}},{"type":"Feature","properties":{"kind":"road","class":"lane"},"geometry":{"type":"LineString","coordinates":[[77.245653,28.565884],[77.24565,28.569405],[77.245653,28.572926]]}},{"type":"Feature","properties":{"kind":"road","class":"lane"},"geometry":{"type":"LineString","coordinates":[[77.248066,28.565884],[77.247922,28.569405],[77.248066,28.572926]]}},{"type":"Feature","properties":{"kind":"road","class":"lane"},"geometry":{"type":"LineString","coordinates":[[77.242802,28.575179],[77.246812,28.575092],[77.250823,28.575179]]}},{"type":"Feature","properties":{"kind":"road","class":"lane"},"geometry":{"type":"LineString","coordinates":[[77.242802,28.577404],[77.246812,28.57727],[77.250823,28.577404]]}},{"type":"Feature","properties":{"kind":"road","class":"lane"},"geometry":{"type":"LineString","coordinates":[[77.245482,28.572711],[77.245396,28.576232],[77.245482,28.579753]]}},{"type":"Feature","properties":{"kind":"road","class":"lane"},"geometry":{"type":"LineString","coordinates":[[77.248134,28.572711],[77.24807,28.576232],[77.248134,28.579753]]}},{"type":"Feature","properties":{"kind":"road","class":"lane"},"geometry":{"type":"LineString","coordinates":[[77.242802,28.581753],[77.246812,28.581642],[77.248316,28.581683]]}},{"type":"Feature","properties":{"kind":"road","class":"lane"},"geometry":{"type":"LineString","coordinates":[[77.243027,28.585844],[77.246096,28.584766]]}},{"type":"Feature","properties":{"kind":"road","class":"lane"},"geometry":{"type":"LineString","coordinates":[[77.246096,28.584766],[77.249677,28.583958]]}},{"type":"Feature","properties":{"kind":"road","class":"lane"},"geometry":{"type":"LineString","coordinates":[[77.245719,28.579538],[77.245786,28.582179]]}},{"type":"Feature","properties":{"kind":"road","class":"lane"},"geometry":{"type":"LineString","coordinates":[[77.248198,28.579538],[77.248243,28.581739]]}},{"type":"Feature","properties":{"kind":"road","class":"lane"},"geometry":{"type":"LineString","coordinates":[[77.248252,28.582179],[77.24827,28.583059],[77.249677,28.583958]]}},{"type":"Feature","properties":{"kind":"road","class":"lane"},"geometry":{"type":"LineString","coordinates":[[77.249677,28.583958],[77.248198,28.586581]]}},{"type":"Feature","properties":{"kind":"road","class":"lane"},"geometry":{"type":"LineString","coordinates":[[77.247078,28.589903],[77.250823,28.588559]]}},{"type":"Feature","properties":{"kind":"road","class":"lane"},"geometry":{"type":"LineString","coordinates":[[77.248512,28.590963],[77.250823,28.591172]]}},{"type":"Feature","properties":{"kind":"road","class":"lane"},"geometry":{"type":"LineString","coordinates":[[77.246096,28.584766],[77.245571,28.589309]]}},{"type":"Feature","properties":{"kind":"road","class":"lane"},"geometry":{"type":"LineString","coordinates":[[77.248057,28.586365],[77.247078,28.589903]]}},{"type":"Feature","properties":{"kind":"road","class":"lane"},"geometry":{"type":"LineString","coordinates":[[77.247436,28.597701],[77.252542,28.59869]]}},{"type":"Feature","properties":{"kind":"road","class":"lane"},"geometry":{"type":"LineString","coordinates":[[77.246505,28.598232],[77.245393,28.600235]]}},{"type":"Feature","properties":{"kind":"road","class":"lane"},"geometry":{"type":"LineString","coordinates":[[77.247436,28.597701],[77.24813,28.600235]]}},{"type":"Feature","properties":{"kind":"road","class":"lane"},"geometry":{"type":"LineString","coordinates":[[77.242515,28.602687],[77.245585,28.602822]]}},{"type":"Feature","properties":{"kind":"road","class":"lane"},"geometry":{"type":"LineString","coordinates":[[77.248449,28.603181],[77.251212,28.603631]]}},{"type":"Feature","properties":{"kind":"road","class":"lane"},"geometry":{"type":"LineString","coordinates":[[77.242802,28.604506],[77.245585,28.602822]]}},{"type":"Feature","properties":{"kind":"road","class":"lane"},"geometry":{"type":"LineString","coordinates":[[77.245585,28.602822],[77.246812,28.60447],[77.248449,28.603181]]}},{"type":"Feature","properties":{"kind":"road","class":"lane"},"geometry":{"type":"LineString","coordinates":[[77.248449,28.603181],[77.251212,28.603631]]}},{"type":"Feature","properties":{"kind":"road","class":"lane"},"geometry":{"type":"LineString","coordinates":[[77.245404,28.600019],[77.245585,28.602822]]}},{"type":"Feature","properties":{"kind":"road","class":"lane"},"geometry":{"type":"LineString","coordinates":[[77.245585,28.602822],[77.245404,28.607062]]}},{"type":"Feature","properties":{"kind":"road","class":"lane"},"geometry":{"type":"LineString","coordinates":[[77.248256,28.600019],[77.248449,28.603181]]}},{"type":"Feature","properties":{"kind":"road","class":"lane"},"geometry":{"type":"LineString","coordinates":[[77.248449,28.603181],[77.248256,28.607062]]}},{"type":"Feature","properties":{"kind":"road","class":"lane"},"geometry":{"type":"LineString","coordinates":[[77.242802,28.609293],[77.246812,28.609168],[77.250188,28.60902]]}},{"type":"Feature","properties":{"kind":"road","class":"lane"},"geometry":{"type":"LineString","coordinates":[[77.242802,28.611505],[77.246812,28.611634],[77.250823,28.611505]]}},{"type":"Feature","properties":{"kind":"road","class":"lane"},"geometry":{"type":"LineString","coordinates":[[77.245691,28.606847],[77.245706,28.610368],[77.245691,28.613889]]}},{"type":"Feature","properties":{"kind":"road","class":"lane"},"geometry":{"type":"LineString","coordinates":[[77.248047,28.606847],[77.248058,28.610368],[77.248047,28.613889]]}},{"type":"Feature","properties":{"kind":"road","class":"lane"},"geometry":{"type":"LineString","coordinates":[[77.242802,28.616052],[77.246812,28.615994],[77.250823,28.616052]]}},{"type":"Feature","properties":{"kind":"road","class":"lane"},"geometry":{"type":"LineString","coordinates":[[77.242802,28.618432],[77.246812,28.618299],[77.250823,28.618432]]}},{"type":"Feature","properties":{"kind":"road","class":"lane"},"geometry":{"type":"LineString","coordinates":[[77.245373,28.613674],[77.245234,28.617195],[77.245373,28.620716]]}},{"type":"Feature","properties":{"kind":"road","class":"lane"},"geometry":{"type":"LineString","coordinates":[[77.24829,28.613674],[77.248275,28.617195],[77.24829,28.620716]]}},{"type":"Feature","properties":{"kind":"road","class":"lane"},"geometry":{"type":"LineString","coordinates":[[77.242802,28.62266],[77.246812,28.62276],[77.250823,28.62266]]}},{"type":"Feature","properties":{"kind":"road","class":"lane"},"geometry":{"type":"LineString","coordinates":[[77.242802,28.625107],[77.246812,28.625226],[77.250823,28.625107]]}},{"type":"Feature","properties":{"kind":"road","class":"lane"},"geometry":{"type":"LineString","coordinates":[[77.242802,28.62962],[77.246812,28.629687],[77.250823,28.62962]]}},{"type":"Feature","properties":{"kind":"road","class":"lane"},"geometry":{"type":"LineString","coordinates":[[77.242802,28.631864],[77.246812,28.631893],[77.250823,28.631864]]}},{"type":"Feature","properties":{"kind":"road","class":"lane"},"geometry":{"type":"LineString","coordinates":[[77.242802,28.63634],[77.246812,28.636232],[77.250823,28.63634]]}},{"type":"Feature","properties":{"kind":"road","class":"lane"},"geometry":{"type":"LineString","coordinates":[[77.242802,28.638685],[77.246812,28.638698],[77.250823,28.638685]]}},{"type":"Feature","properties":{"kind":"road","class":"lane"},"geometry":{"type":"LineString","coordinates":[[77.246656,28.634155],[77.246582,28.637677],[77.246656,28.641198]]}},{"type":"Feature","properties":{"kind":"road","class":"lane"},"geometry":{"type":"LineString","coordinates":[[77.250577,28.548977],[77.254588,28.548883],[77.258598,28.548977]]}},{"type":"Feature","properties":{"kind":"road","class":"lane"},"geometry":{"type":"LineString","coordinates":[[77.254431,28.545402],[77.25448,28.548923],[77.254431,28.552445]]}},{"type":"Feature","properties":{"kind":"road","class":"lane"},"geometry":{"type":"LineString","coordinates":[[77.250577,28.554612],[77.254588,28.55466],[77.258598,28.554612]]}},{"type":"Feature","properties":{"kind":"road","class":"lane"},"geometry":{"type":"LineString","coordinates":[[77.250577,28.556667],[77.254588,28.556717],[77.258598,28.556667]]}},{"type":"Feature","properties":{"kind":"road","class":"lane"},"geometry":{"type":"LineString","coordinates":[[77.250577,28.561489],[77.254588,28.561603],[77.258598,28.561489]]}},{"type":"Feature","properties":{"kind":"road","class":"lane"},"geometry":{"type":"LineString","coordinates":[[77.250577,28.56385],[77.254588,28.563743],[77.258598,28.56385]]}},{"type":"Feature","properties":{"kind":"road","class":"lane"},"geometry":{"type":"LineString","coordinates":[[77.254685,28.559056],[77.254596,28.562578],[77.254685,28.566099]]}},{"type":"Feature","properties":{"kind":"road","class":"lane"},"geometry":{"type":"LineString","coordinates":[[77.250577,28.568212],[77.254588,28.568084],[77.258598,28.568212]]}},{"type":"Feature","properties":{"kind":"road","class":"lane"},"geometry":{"type":"LineString","coordinates":[[77.250577,28.570556],[77.254588,28.57051],[77.258598,28.570556]]}},{"type":"Feature","properties":{"kind":"road","class":"lane"},"geometry":{"type":"LineString","coordinates":[[77.253143,28.565884],[77.252979,28.569405],[77.253143,28.572926]]}},{"type":"Feature","properties":{"kind":"road","class":"lane"},"geometry":{"type":"LineString","coordinates":[[77.255867,28.565884],[77.255908,28.569405],[77.255867,28.572926]]}},{"type":"Feature","properties":{"kind":"road","class":"lane"},"geometry":{"type":"LineString","coordinates":[[77.250577,28.574947],[77.254588,28.574899],[77.25602,28.575334]]}},{"type":"Feature","properties":{"kind":"road","class":"lane"},"geometry":{"type":"LineString","coordinates":[[77.25602,28.575334],[77.258598,28.574947]]}},{"type":"Feature","properties":{"kind":"road","class":"lane"},"geometry":{"type":"LineString","coordinates":[[77.250577,28.577386],[77.254588,28.577517],[77.255867,28.576681]]}},{"type":"Feature","properties":{"kind":"road","class":"lane"},"geometry":{"type":"LineString","coordinates":[[77.253171,28.572711],[77.25315,28.576232],[77.253171,28.579753]]}},{"type":"Feature","properties":{"kind":"road","class":"lane"},"geometry":{"type":"LineString","coordinates":[[77.256189,28.572711],[77.25602,28.575334]]}},{"type":"Feature","properties":{"kind":"road","class":"lane"},"geometry":{"type":"LineString","coordinates":[[77.250577,28.581996],[77.255376,28.581173]]}},{"type":"Feature","properties":{"kind":"road","class":"lane"},"geometry":{"type":"LineString","coordinates":[[77.258885,28.581442],[77.258885,28.581442]]}},{"type":"Feature","properties":{"kind":"road","class":"lane"},"geometry":{"type":"LineString","coordinates":[[77.255099,28.583868],[77.258598,28.583965]]}},{"type":"Feature","properties":{"kind":"road","class":"lane"},"geometry":{"type":"LineString","coordinates":[[77.253174,28.579538],[77.253246,28.581299]]}},{"type":"Feature","properties":{"kind":"road","class":"lane"},"geometry":{"type":"LineString","coordinates":[[77.253263,28.581739],[77.253317,28.583059],[77.252235,28.584317]]}},{"type":"Feature","properties":{"kind":"road","class":"lane"},"geometry":{"type":"LineString","coordinates":[[77.250577,28.588684],[77.254588,28.588808]]}},{"type":"Feature","properties":{"kind":"road","class":"lane"},"geometry":{"type":"LineString","coordinates":[[77.257862,28.589797],[77.257862,28.589797]]}},{"type":"Feature","properties":{"kind":"road","class":"lane"},"geometry":{"type":"LineString","coordinates":[[77.250577,28.590914],[77.254178,28.591683]]}},{"type":"Feature","properties":{"kind":"road","class":"lane"},"geometry":{"type":"LineString","coordinates":[[77.254864,28.586114],[77.254588,28.588808]]}},{"type":"Feature","properties":{"kind":"road","class":"lane"},"geometry":{"type":"LineString","coordinates":[[77.254588,28.588808],[77.254414,28.589886]]}},{"type":"Feature","properties":{"kind":"road","class":"lane"},"geometry":{"type":"LineString","coordinates":[[77.254588,28.588808],[77.254588,28.588808]]}},{"type":"Feature","properties":{"kind":"road","class":"lane"},"geometry":{"type":"LineString","coordinates":[[77.254588,28.588808],[77.257452,28.590605]]}},{"type":"Feature","properties":{"kind":"road","class":"lane"},"geometry":{"type":"LineString","coordinates":[[77.257452,28.590605],[77.257043,28.594198]]}},{"type":"Feature","properties":{"kind":"road","class":"lane"},"geometry":{"type":"LineString","coordinates":[[77.251079,28.595668],[77.253258,28.595995]]}},{"type":"Feature","properties":{"kind":"road","class":"lane"},"geometry":{"type":"LineString","coordinates":[[77.253258,28.595995],[77.257043,28.594198]]}},{"type":"Feature","properties":{"kind":"road","class":"lane"},"geometry":{"type":"LineString","coordinates":[[77.250577,28.597678],[77.252542,28.59869]]}},{"type":"Feature","properties":{"kind":"road","class":"lane"},"geometry":{"type":"LineString","coordinates":[[77.252542,28.59869],[77.254588,28.597627],[77.257657,28.597522]]}},{"type":"Feature","properties":{"kind":"road","class":"lane"},"geometry":{"type":"LineString","coordinates":[[77.257043,28.594198],[77.257043,28.594198]]}},{"type":"Feature","properties":{"kind":"road","class":"lane"},"geometry":{"type":"LineString","coordinates":[[77.257043,28.594198],[77.255673,28.596714],[77.257248,28.59887]]}},{"type":"Feature","properties":{"kind":"road","class":"lane"},"geometry":{"type":"LineString","coordinates":[[77.257248,28.59887],[77.255781,28.600235]]}},{"type":"Feature","properties":{"kind":"road","class":"lane"},"geometry":{"type":"LineString","coordinates":[[77.251212,28.603631],[77.251212,28.603631]]}},{"type":"Feature","properties":{"kind":"road","class":"lane"},"geometry":{"type":"LineString","coordinates":[[77.251928,28.601025],[77.254588,28.602432],[77.257596,28.60245]]}},{"type":"Feature","properties":{"kind":"road","class":"lane"},"geometry":{"type":"LineString","coordinates":[[77.253084,28.604744],[77.254588,28.604733],[77.258598,28.604761]]}},{"type":"Feature","properties":{"kind":"road","class":"lane"},"geometry":{"type":"LineString","coordinates":[[77.253238,28.60266],[77.253244,28.603541],[77.253241,28.603981]]}},{"type":"Feature","properties":{"kind":"road","class":"lane"},"geometry":{"type":"LineString","coordinates":[[77.253238,28.604421],[77.253219,28.607062]]}},{"type":"Feature","properties":{"kind":"road","class":"lane"},"geometry":{"type":"LineString","coordinates":[[77.256161,28.60046],[77.256211,28.603541],[77.256154,28.607062]]}},{"type":"Feature","properties":{"kind":"road","class":"lane"},"geometry":{"type":"LineString","coordinates":[[77.250188,28.60902],[77.254588,28.608889],[77.258598,28.60896]]}},{"type":"Feature","properties":{"kind":"road","class":"lane"},"geometry":{"type":"LineString","coordinates":[[77.250577,28.61154],[77.254588,28.611616],[77.258598,28.61154]]}},{"type":"Feature","properties":{"kind":"road","class":"lane"},"geometry":{"type":"LineString","coordinates":[[77.253229,28.606847],[77.253211,28.610368],[77.253229,28.613889]]}},{"type":"Feature","properties":{"kind":"road","class":"lane"},"geometry":{"type":"LineString","coordinates":[[77.255948,28.606847],[77.255977,28.610368],[77.255948,28.613889]]}},{"type":"Feature","properties":{"kind":"road","class":"lane"},"geometry":{"type":"LineString","coordinates":[[77.250577,28.61604],[77.254588,28.616084],[77.258598,28.61604]]}},{"type":"Feature","properties":{"kind":"road","class":"lane"},"geometry":{"type":"LineString","coordinates":[[77.250577,28.618146],[77.254588,28.618112],[77.258598,28.618146]]}},{"type":"Feature","properties":{"kind":"road","class":"lane"},"geometry":{"type":"LineString","coordinates":[[77.253465,28.613674],[77.253351,28.617195],[77.253465,28.620716]]}},{"type":"Feature","properties":{"kind":"road","class":"lane"},"geometry":{"type":"LineString","coordinates":[[77.256207,28.613674],[77.256281,28.617195],[77.256207,28.620716]]}},{"type":"Feature","properties":{"kind":"road","class":"lane"},"geometry":{"type":"LineString","coordinates":[[77.250577,28.623964],[77.254588,28.62394],[77.258598,28.623964]]}},{"type":"Feature","properties":{"kind":"road","class":"lane"},"geometry":{"type":"LineString","coordinates":[[77.250577,28.630721],[77.254588,28.63075],[77.258598,28.630721]]}},{"type":"Feature","properties":{"kind":"road","class":"lane"},"geometry":{"type":"LineString","coordinates":[[77.254733,28.627328],[77.254845,28.630849],[77.254733,28.634371]]}},{"type":"Feature","properties":{"kind":"road","class":"lane"},"geometry":{"type":"LineString","coordinates":[[77.250577,28.636523],[77.254588,28.636659],[77.258598,28.636523]]}},{"type":"Feature","properties":{"kind":"road","class":"lane"},"geometry":{"type":"LineString","coordinates":[[77.250577,28.638938],[77.254588,28.638875],[77.258598,28.638938]]}},{"type":"Feature","properties":{"kind":"road","class":"lane"},"geometry":{"type":"LineString","coordinates":[[77.254614,28.634155],[77.254567,28.637677],[77.254614,28.641198]]}},{"type":"Feature","properties":{"kind":"road","class":"lane"},"geometry":{"type":"LineString","coordinates":[[77.258353,28.549055],[77.262363,28.548918],[77.266374,28.549055]]}},{"type":"Feature","properties":{"kind":"road","class":"lane"},"geometry":{"type":"LineString","coordinates":[[77.262163,28.545402],[77.262045,28.548923],[77.262163,28.552445]]}},{"type":"Feature","properties":{"kind":"road","class":"lane"},"geometry":{"type":"LineString","coordinates":[[77.258353,28.554643],[77.262363,28.554763],[77.266374,28.554643]]}},{"type":"Feature","properties":{"kind":"road","class":"lane"},"geometry":{"type":"LineString","coordinates":[[77.258353,28.556691],[77.262363,28.556568],[77.266374,28.556691]]}},{"type":"Feature","properties":{"kind":"road","class":"lane"},"geometry":{"type":"LineString","coordinates":[[77.262526,28.552229],[77.262523,28.555751],[77.262526,28.559272]]}},{"type":"Feature","properties":{"kind":"road","class":"lane"},"geometry":{"type":"LineString","coordinates":[[77.258353,28.561454],[77.262363,28.561407],[77.266374,28.561454]]}},{"type":"Feature","properties":{"kind":"road","class":"lane"},"geometry":{"type":"LineString","coordinates":[[77.258353,28.563854],[77.262363,28.563719],[77.266374,28.563854]]}},{"type":"Feature","properties":{"kind":"road","class":"lane"},"geometry":{"type":"LineString","coordinates":[[77.258353,28.568122],[77.262363,28.568142],[77.266374,28.568122]]}},{"type":"Feature","properties":{"kind":"road","class":"lane"},"geometry":{"type":"LineString","coordinates":[[77.258353,28.570664],[77.262363,28.57069],[77.266374,28.570664]]}},{"type":"Feature","properties":{"kind":"road","class":"lane"},"geometry":{"type":"LineString","coordinates":[[77.261006,28.565884],[77.260963,28.569405],[77.261006,28.572926]]}},{"type":"Feature","properties":{"kind":"road","class":"lane"},"geometry":{"type":"LineString","coordinates":[[77.263791,28.565884],[77.263757,28.569405],[77.263791,28.572926]]}},{"type":"Feature","properties":{"kind":"road","class":"lane"},"geometry":{"type":"LineString","coordinates":[[77.258353,28.574864],[77.262363,28.574886],[77.266374,28.574864]]}},{"type":"Feature","properties":{"kind":"road","class":"lane"},"geometry":{"type":"LineString","coordinates":[[77.258353,28.577522],[77.262363,28.577564],[77.266374,28.577522]]}},{"type":"Feature","properties":{"kind":"road","class":"lane"},"geometry":{"type":"LineString","coordinates":[[77.260944,28.572711],[77.26084,28.576232],[77.260944,28.579753]]}},{"type":"Feature","properties":{"kind":"road","class":"lane"},"geometry":{"type":"LineString","coordinates":[[77.263823,28.572711],[77.263716,28.576232],[77.263823,28.579753]]}},{"type":"Feature","properties":{"kind":"road","class":"lane"},"geometry":{"type":"LineString","coordinates":[[77.258885,28.581442],[77.263291,28.581827]]}},{"type":"Feature","properties":{"kind":"road","class":"lane"},"geometry":{"type":"LineString","coordinates":[[77.261323,28.579538],[77.2613,28.580418]]}},{"type":"Feature","properties":{"kind":"road","class":"lane"},"geometry":{"type":"LineString","coordinates":[[77.261277,28.581299],[77.261232,28.583059],[77.262671,28.584283]]}},{"type":"Feature","properties":{"kind":"road","class":"lane"},"geometry":{"type":"LineString","coordinates":[[77.263684,28.579538],[77.263291,28.581827]]}},{"type":"Feature","properties":{"kind":"road","class":"lane"},"geometry":{"type":"LineString","coordinates":[[77.26487,28.602316],[77.266374,28.602275]]}},{"type":"Feature","properties":{"kind":"road","class":"lane"},"geometry":{"type":"LineString","coordinates":[[77.258353,28.604762],[77.262363,28.60487],[77.266374,28.604762]]}},{"type":"Feature","properties":{"kind":"road","class":"lane"},"geometry":{"type":"LineString","coordinates":[[77.260958,28.604421],[77.260993,28.607062]]}},{"type":"Feature","properties":{"kind":"road","class":"lane"},"geometry":{"type":"LineString","coordinates":[[77.263493,28.604421],[77.263591,28.607062]]}},{"type":"Feature","properties":{"kind":"road","class":"lane"},"geometry":{"type":"LineString","coordinates":[[77.258353,28.609078],[77.262363,28.609009],[77.266374,28.609078]]}},{"type":"Feature","properties":{"kind":"road","class":"lane"},"geometry":{"type":"LineString","coordinates":[[77.258353,28.611269],[77.262363,28.611373],[77.266374,28.611269]]}},{"type":"Feature","properties":{"kind":"road","class":"lane"},"geometry":{"type":"LineString","coordinates":[[77.261065,28.606847],[77.261156,28.610368],[77.261065,28.613889]]}},{"type":"Feature","properties":{"kind":"road","class":"lane"},"geometry":{"type":"LineString","coordinates":[[77.26365,28.606847],[77.263672,28.610368],[77.26365,28.613889]]}},{"type":"Feature","properties":{"kind":"road","class":"lane"},"geometry":{"type":"LineString","coordinates":[[77.258353,28.616011],[77.262363,28.616106],[77.266374,28.616011]]}},{"type":"Feature","properties":{"kind":"road","class":"lane"},"geometry":{"type":"LineString","coordinates":[[77.258353,28.618259],[77.262363,28.618299],[77.266374,28.618259]]}},{"type":"Feature","properties":{"kind":"road","class":"lane"},"geometry":{"type":"LineString","coordinates":[[77.261111,28.613674],[77.260959,28.617195],[77.261111,28.620716]]}},{"type":"Feature","properties":{"kind":"road","class":"lane"},"geometry":{"type":"LineString","coordinates":[[77.263901,28.613674],[77.263936,28.617195],[77.263901,28.620716]]}},{"type":"Feature","properties":{"kind":"road","class":"lane"},"geometry":{"type":"LineString","coordinates":[[77.258353,28.623944],[77.262363,28.624011],[77.266374,28.623944]]}},{"type":"Feature","properties":{"kind":"road","class":"lane"},"geometry":{"type":"LineString","coordinates":[[77.258353,28.629598],[77.262363,28.629651],[77.266374,28.629598]]}},{"type":"Feature","properties":{"kind":"road","class":"lane"},"geometry":{"type":"LineString","coordinates":[[77.258353,28.632056],[77.262363,28.631931],[77.266374,28.632056]]}},{"type":"Feature","properties":{"kind":"road","class":"lane"},"geometry":{"type":"LineString","coordinates":[[77.26217,28.627328],[77.262061,28.630849],[77.26217,28.634371]]}},{"type":"Feature","properties":{"kind":"road","class":"lane"},"geometry":{"type":"LineString","coordinates":[[77.258353,28.6375],[77.262363,28.637498],[77.266374,28.6375]]}},{"type":"Feature","properties":{"kind":"road","class":"lane"},"geometry":{"type":"LineString","coordinates":[[77.262445,28.634155],[77.262496,28.637677],[77.262445,28.641198]]}},{"type":"Feature","properties":{"kind":"road","class":"lane"},"geometry":{"type":"LineString","coordinates":[[77.266128,28.548919],[77.270139,28.548826],[77.274149,28.548919]]}},{"type":"Feature","properties":{"kind":"road","class":"lane"},"geometry":{"type":"LineString","coordinates":[[77.269981,28.547163],[77.269926,28.548923],[77.270036,28.552445]]}},{"type":"Feature","properties":{"kind":"road","class":"lane"},"geometry":{"type":"LineString","coordinates":[[77.266128,28.55578],[77.270139,28.555716],[77.274149,28.55578]]}},{"type":"Feature","properties":{"kind":"road","class":"lane"},"geometry":{"type":"LineString","coordinates":[[77.266128,28.561207],[77.270139,28.561175],[77.274149,28.561207]]}},{"type":"Feature","properties":{"kind":"road","class":"lane"},"geometry":{"type":"LineString","coordinates":[[77.266128,28.563537],[77.270139,28.563465],[77.274149,28.563537]]}},{"type":"Feature","properties":{"kind":"road","class":"lane"},"geometry":{"type":"LineString","coordinates":[[77.27021,28.559056],[77.270367,28.562578],[77.27021,28.566099]]}},{"type":"Feature","properties":{"kind":"road","class":"lane"},"geometry":{"type":"LineString","coordinates":[[77.266128,28.568357],[77.270139,28.568367],[77.274149,28.568357]]}},{"type":"Feature","properties":{"kind":"road","class":"lane"},"geometry":{"type":"LineString","coordinates":[[77.266128,28.570481],[77.270139,28.57049],[77.274149,28.570481]]}},{"type":"Feature","properties":{"kind":"road","class":"lane"},"geometry":{"type":"LineString","coordinates":[[77.270345,28.565884],[77.270267,28.569405],[77.270345,28.572926]]}},{"type":"Feature","properties":{"kind":"road","class":"lane"},"geometry":{"type":"LineString","coordinates":[[77.266128,28.574831],[77.270139,28.574911],[77.274149,28.574831]]}},{"type":"Feature","properties":{"kind":"road","class":"lane"},"geometry":{"type":"LineString","coordinates":[[77.266128,28.577427],[77.270139,28.577423],[77.274149,28.577427]]}},{"type":"Feature","properties":{"kind":"road","class":"lane"},"geometry":{"type":"LineString","coordinates":[[77.269009,28.572711],[77.268991,28.576232],[77.269009,28.579753]]}},{"type":"Feature","properties":{"kind":"road","class":"lane"},"geometry":{"type":"LineString","coordinates":[[77.271517,28.572711],[77.271409,28.576232],[77.271517,28.579753]]}},{"type":"Feature","properties":{"kind":"road","class":"lane"},"geometry":{"type":"LineString","coordinates":[[77.267487,28.582644],[77.270139,28.581731],[77.274149,28.581724]]}},{"type":"Feature","properties":{"kind":"road","class":"lane"},"geometry":{"type":"LineString","coordinates":[[77.267177,28.583872],[77.270139,28.584241],[77.274149,28.584117]]}},{"type":"Feature","properties":{"kind":"road","class":"lane"},"geometry":{"type":"LineString","coordinates":[[77.268902,28.580858],[77.267487,28.582644]]}},{"type":"Feature","properties":{"kind":"road","class":"lane"},"geometry":{"type":"LineString","coordinates":[[77.267487,28.582644],[77.267177,28.583872]]}},{"type":"Feature","properties":{"kind":"road","class":"lane"},"geometry":{"type":"LineString","coordinates":[[77.267177,28.583872],[77.26889,28.586581]]}},{"type":"Feature","properties":{"kind":"road","class":"lane"},"geometry":{"type":"LineString","coordinates":[[77.271733,28.580418],[77.271659,28.583059],[77.271758,28.586581]]}},{"type":"Feature","properties":{"kind":"road","class":"lane"},"geometry":{"type":"LineString","coordinates":[[77.265937,28.588783],[77.270139,28.588722],[77.274149,28.58867]]}},{"type":"Feature","properties":{"kind":"road","class":"lane"},"geometry":{"type":"LineString","coordinates":[[77.266558,28.591953],[77.270139,28.590966],[77.274149,28.590967]]}},{"type":"Feature","properties":{"kind":"road","class":"lane"},"geometry":{"type":"LineString","coordinates":[[77.268913,28.586365],[77.268898,28.589886],[77.268913,28.593408]]}},{"type":"Feature","properties":{"kind":"road","class":"lane"},"geometry":{"type":"LineString","coordinates":[[77.271332,28.586365],[77.271177,28.589886],[77.271332,28.593408]]}},{"type":"Feature","properties":{"kind":"road","class":"lane"},"geometry":{"type":"LineString","coordinates":[[77.26666,28.595097],[77.270139,28.595654],[77.274149,28.595666]]}},{"type":"Feature","properties":{"kind":"road","class":"lane"},"geometry":{"type":"LineString","coordinates":[[77.265842,28.597971],[77.270139,28.597752],[77.274149,28.597658]]}},{"type":"Feature","properties":{"kind":"road","class":"lane"},"geometry":{"type":"LineString","coordinates":[[77.268717,28.593192],[77.268591,28.596714],[77.268717,28.600235]]}},{"type":"Feature","properties":{"kind":"road","class":"lane"},"geometry":{"type":"LineString","coordinates":[[77.271477,28.593192],[77.27154,28.596714],[77.271477,28.600235]]}},{"type":"Feature","properties":{"kind":"road","class":"lane"},"geometry":{"type":"LineString","coordinates":[[77.266128,28.602233],[77.270139,28.602254],[77.274149,28.602233]]}},{"type":"Feature","properties":{"kind":"road","class":"lane"},"geometry":{"type":"LineString","coordinates":[[77.266128,28.604697],[77.270139,28.604837],[77.274149,28.604697]]}},{"type":"Feature","properties":{"kind":"road","class":"lane"},"geometry":{"type":"LineString","coordinates":[[77.268855,28.600019],[77.268836,28.603541],[77.268855,28.607062]]}},{"type":"Feature","properties":{"kind":"road","class":"lane"},"geometry":{"type":"LineString","coordinates":[[77.27153,28.600019],[77.271681,28.603541],[77.27153,28.607062]]}},{"type":"Feature","properties":{"kind":"road","class":"lane"},"geometry":{"type":"LineString","coordinates":[[77.266128,28.609116],[77.270139,28.609224],[77.274149,28.609116]]}},{"type":"Feature","properties":{"kind":"road","class":"lane"},"geometry":{"type":"LineString","coordinates":[[77.266128,28.611324],[77.270139,28.611385],[77.274149,28.611324]]}},{"type":"Feature","properties":{"kind":"road","class":"lane"},"geometry":{"type":"LineString","coordinates":[[77.269075,28.606847],[77.269179,28.610368],[77.269075,28.613889]]}},{"type":"Feature","properties":{"kind":"road","class":"lane"},"geometry":{"type":"LineString","coordinates":[[77.27173,28.606847],[77.271806,28.610368],[77.27173,28.613889]]}},{"type":"Feature","properties":{"kind":"road","class":"lane"},"geometry":{"type":"LineString","coordinates":[[77.266128,28.615907],[77.270139,28.615851],[77.274149,28.615907]]}},{"type":"Feature","properties":{"kind":"road","class":"lane"},"geometry":{"type":"LineString","coordinates":[[77.266128,28.618222],[77.270139,28.618221],[77.274149,28.618222]]}},{"type":"Feature","properties":{"kind":"road","class":"lane"},"geometry":{"type":"LineString","coordinates":[[77.270283,28.613674],[77.270382,28.617195],[77.270283,28.620716]]}},{"type":"Feature","properties":{"kind":"road","class":"lane"},"geometry":{"type":"LineString","coordinates":[[77.266128,28.622787],[77.270139,28.622769],[77.274149,28.622787]]}},{"type":"Feature","properties":{"kind":"road","class":"lane"},"geometry":{"type":"LineString","coordinates":[[77.266128,28.624986],[77.270139,28.624945],[77.274149,28.624986]]}},{"type":"Feature","properties":{"kind":"road","class":"lane"},"geometry":{"type":"LineString","coordinates":[[77.266128,28.630757],[77.270139,28.630651],[77.274149,28.630757]]}},{"type":"Feature","properties":{"kind":"road","class":"lane"},"geometry":{"type":"LineString","coordinates":[[77.266128,28.636605],[77.268635,28.636519]]}},{"type":"Feature","properties":{"kind":"road","class":"lane"},"geometry":{"type":"LineString","coordinates":[[77.266128,28.638723],[77.268133,28.638729]]}},{"type":"Feature","properties":{"kind":"road","class":"lane"},"geometry":{"type":"LineString","coordinates":[[77.273904,28.55594],[77.277914,28.556081],[77.281925,28.55594]]}},{"type":"Feature","properties":{"kind":"road","class":"lane"},"geometry":{"type":"LineString","coordinates":[[77.27774,28.552229],[77.277587,28.555751],[77.27774,28.559272]]}},{"type":"Feature","properties":{"kind":"road","class":"lane"},"geometry":{"type":"LineString","coordinates":[[77.273904,28.561455],[77.277914,28.561524],[77.281925,28.561455]]}},{"type":"Feature","properties":{"kind":"road","class":"lane"},"geometry":{"type":"LineString","coordinates":[[77.273904,28.563576],[77.277914,28.563647],[77.281925,28.563576]]}},{"type":"Feature","properties":{"kind":"road","class":"lane"},"geometry":{"type":"LineString","coordinates":[[77.273904,28.568006],[77.277914,28.5681],[77.281925,28.568006]]}},{"type":"Feature","properties":{"kind":"road","class":"lane"},"geometry":{"type":"LineString","coordinates":[[77.273904,28.570572],[77.277914,28.570579],[77.281925,28.570572]]}},{"type":"Feature","properties":{"kind":"road","class":"lane"},"geometry":{"type":"LineString","coordinates":[[77.273904,28.575065],[77.277914,28.575117],[77.281925,28.575065]]}},{"type":"Feature","properties":{"kind":"road","class":"lane"},"geometry":{"type":"LineString","coordinates":[[77.273904,28.577371],[77.277914,28.577494],[77.281925,28.577371]]}},{"type":"Feature","properties":{"kind":"road","class":"lane"},"geometry":{"type":"LineString","coordinates":[[77.278026,28.572711],[77.278164,28.576232],[77.278043,28.579313]]}},{"type":"Feature","properties":{"kind":"road","class":"lane"},"geometry":{"type":"LineString","coordinates":[[77.273904,28.581801],[77.277914,28.581755],[77.281925,28.581801]]}},{"type":"Feature","properties":{"kind":"road","class":"lane"},"geometry":{"type":"LineString","coordinates":[[77.273904,28.584033],[77.277914,28.584035],[77.281925,28.584033]]}},{"type":"Feature","properties":{"kind":"road","class":"lane"},"geometry":{"type":"LineString","coordinates":[[77.276841,28.579978],[77.276799,28.583059],[77.276846,28.586581]]}},{"type":"Feature","properties":{"kind":"road","class":"lane"},"geometry":{"type":"LineString","coordinates":[[77.279318,28.579978],[77.279448,28.583059],[77.279299,28.586581]]}},{"type":"Feature","properties":{"kind":"road","class":"lane"},"geometry":{"type":"LineString","coordinates":[[77.273904,28.588765],[77.277914,28.588767],[77.281925,28.588765]]}},{"type":"Feature","properties":{"kind":"road","class":"lane"},"geometry":{"type":"LineString","coordinates":[[77.273904,28.591154],[77.277914,28.591144],[77.281925,28.591154]]}},{"type":"Feature","properties":{"kind":"road","class":"lane"},"geometry":{"type":"LineString","coordinates":[[77.276461,28.586365],[77.276302,28.589886],[77.276461,28.593408]]}},{"type":"Feature","properties":{"kind":"road","class":"lane"},"geometry":{"type":"LineString","coordinates":[[77.279369,28.586365],[77.279469,28.589886],[77.279369,28.593408]]}},{"type":"Feature","properties":{"kind":"road","class":"lane"},"geometry":{"type":"LineString","coordinates":[[77.273904,28.595457],[77.277914,28.595555],[77.281925,28.595457]]}},{"type":"Feature","properties":{"kind":"road","class":"lane"},"geometry":{"type":"LineString","coordinates":[[77.273904,28.597796],[77.277914,28.597678],[77.281925,28.597796]]}},{"type":"Feature","properties":{"kind":"road","class":"lane"},"geometry":{"type":"LineString","coordinates":[[77.276702,28.593192],[77.276822,28.596714],[77.276702,28.600235]]}},{"type":"Feature","properties":{"kind":"road","class":"lane"},"geometry":{"type":"LineString","coordinates":[[77.279447,28.593192],[77.279563,28.596714],[77.279447,28.600235]]}},{"type":"Feature","properties":{"kind":"road","class":"lane"},"geometry":{"type":"LineString","coordinates":[[77.273904,28.602253],[77.277914,28.602274],[77.281925,28.602253]]}},{"type":"Feature","properties":{"kind":"road","class":"lane"},"geometry":{"type":"LineString","coordinates":[[77.279919,28.604507],[77.281925,28.604566]]}},{"type":"Feature","properties":{"kind":"road","class":"lane"},"geometry":{"type":"LineString","coordinates":[[77.276496,28.600019],[77.276553,28.603101]]}},{"type":"Feature","properties":{"kind":"road","class":"lane"},"geometry":{"type":"LineString","coordinates":[[77.279285,28.600019],[77.279209,28.603541]]}},{"type":"Feature","properties":{"kind":"road","class":"lane"},"geometry":{"type":"LineString","coordinates":[[77.273904,28.609144],[77.275408,28.609156]]}},{"type":"Feature","properties":{"kind":"road","class":"lane"},"geometry":{"type":"LineString","coordinates":[[77.280922,28.609152],[77.281925,28.609144]]}},{"type":"Feature","properties":{"kind":"road","class":"lane"},"geometry":{"type":"LineString","coordinates":[[77.273904,28.611334],[77.277914,28.611361],[77.281925,28.611334]]}},{"type":"Feature","properties":{"kind":"road","class":"lane"},"geometry":{"type":"LineString","coordinates":[[77.278077,28.610808],[77.278097,28.613889]]}},{"type":"Feature","properties":{"kind":"road","class":"lane"},"geometry":{"type":"LineString","coordinates":[[77.273904,28.617102],[77.277914,28.617138],[77.281925,28.617102]]}},{"type":"Feature","properties":{"kind":"road","class":"lane"},"geometry":{"type":"LineString","coordinates":[[77.273904,28.622844],[77.277914,28.622886],[77.281925,28.622844]]}},{"type":"Feature","properties":{"kind":"road","class":"lane"},"geometry":{"type":"LineString","coordinates":[[77.273904,28.625071],[77.277914,28.625059],[77.281925,28.625071]]}},{"type":"Feature","properties":{"kind":"road","class":"lane"},"geometry":{"type":"LineString","coordinates":[[77.277706,28.620501],[77.27755,28.624022],[77.277706,28.627544]]}},{"type":"Feature","properties":{"kind":"road","class":"lane"},"geometry":{"type":"LineString","coordinates":[[77.273904,28.629757],[77.277914,28.629737],[77.281925,28.629757]]}},{"type":"Feature","properties":{"kind":"road","class":"lane"},"geometry":{"type":"LineString","coordinates":[[77.273904,28.631837],[77.277914,28.631741]]}},{"type":"Feature","properties":{"kind":"road","class":"lane"},"geometry":{"type":"LineString","coordinates":[[77.278091,28.627328],[77.27797,28.630849],[77.278,28.63173]]}},{"type":"Feature","properties":{"kind":"road","class":"lane"},"geometry":{"type":"LineString","coordinates":[[77.281679,28.554446],[77.28569,28.554579],[77.2897,28.554446]]}},{"type":"Feature","properties":{"kind":"road","class":"lane"},"geometry":{"type":"LineString","coordinates":[[77.281679,28.556724],[77.28569,28.556773],[77.2897,28.556724]]}},{"type":"Feature","properties":{"kind":"road","class":"lane"},"geometry":{"type":"LineString","coordinates":[[77.285643,28.552229],[77.285521,28.555751],[77.285643,28.559272]]}},{"type":"Feature","properties":{"kind":"road","class":"lane"},"geometry":{"type":"LineString","coordinates":[[77.281679,28.561218],[77.28569,28.561121],[77.2897,28.561218]]}},{"type":"Feature","properties":{"kind":"road","class":"lane"},"geometry":{"type":"LineString","coordinates":[[77.281679,28.563744],[77.28569,28.563624],[77.2897,28.563744]]}},{"type":"Feature","properties":{"kind":"road","class":"lane"},"geometry":{"type":"LineString","coordinates":[[77.281679,28.569253],[77.28569,28.569169],[77.2897,28.569253]]}},{"type":"Feature","properties":{"kind":"road","class":"lane"},"geometry":{"type":"LineString","coordinates":[[77.285803,28.565884],[77.285685,28.569405],[77.285803,28.572926]]}},{"type":"Feature","properties":{"kind":"road","class":"lane"},"geometry":{"type":"LineString","coordinates":[[77.281679,28.576361],[77.28569,28.576364],[77.2897,28.576361]]}},{"type":"Feature","properties":{"kind":"road","class":"lane"},"geometry":{"type":"LineString","coordinates":[[77.285576,28.572711],[77.2857,28.576232],[77.285591,28.579313]]}},{"type":"Feature","properties":{"kind":"road","class":"lane"},"geometry":{"type":"LineString","coordinates":[[77.281679,28.581912],[77.28569,28.581798],[77.2897,28.581912]]}},{"type":"Feature","properties":{"kind":"road","class":"lane"},"geometry":{"type":"LineString","coordinates":[[77.281679,28.584014],[77.28569,28.584025],[77.2897,28.584014]]}},{"type":"Feature","properties":{"kind":"road","class":"lane"},"geometry":{"type":"LineString","coordinates":[[77.285659,28.579978],[77.285552,28.583059],[77.285674,28.586581]]}},{"type":"Feature","properties":{"kind":"road","class":"lane"},"geometry":{"type":"LineString","coordinates":[[77.281679,28.589776],[77.28569,28.589865],[77.2897,28.589776]]}},{"type":"Feature","properties":{"kind":"road","class":"lane"},"geometry":{"type":"LineString","coordinates":[[77.285641,28.586365],[77.285663,28.589886],[77.285641,28.593408]]}},{"type":"Feature","properties":{"kind":"road","class":"lane"},"geometry":{"type":"LineString","coordinates":[[77.281679,28.595634],[77.28569,28.595509],[77.2897,28.595634]]}},{"type":"Feature","properties":{"kind":"road","class":"lane"},"geometry":{"type":"LineString","coordinates":[[77.281679,28.597948],[77.28569,28.598045],[77.2897,28.597948]]}},{"type":"Feature","properties":{"kind":"road","class":"lane"},"geometry":{"type":"LineString","coordinates":[[77.285824,28.593192],[77.285748,28.596714],[77.285824,28.600235]]}},{"type":"Feature","properties":{"kind":"road","class":"lane"},"geometry":{"type":"LineString","coordinates":[[77.281679,28.603614],[77.28569,28.603588],[77.2897,28.603614]]}},{"type":"Feature","properties":{"kind":"road","class":"lane"},"geometry":{"type":"LineString","coordinates":[[77.281679,28.609273],[77.28569,28.60914],[77.2897,28.609273]]}},{"type":"Feature","properties":{"kind":"road","class":"lane"},"geometry":{"type":"LineString","coordinates":[[77.281679,28.611641],[77.28569,28.611619],[77.2897,28.611641]]}},{"type":"Feature","properties":{"kind":"road","class":"lane"},"geometry":{"type":"LineString","coordinates":[[77.285909,28.606847],[77.285923,28.610368],[77.285909,28.613889]]}},{"type":"Feature","properties":{"kind":"road","class":"lane"},"geometry":{"type":"LineString","coordinates":[[77.281679,28.617359],[77.28569,28.617489],[77.2897,28.617359]]}},{"type":"Feature","properties":{"kind":"road","class":"lane"},"geometry":{"type":"LineString","coordinates":[[77.285893,28.613674],[77.285943,28.617195],[77.285893,28.620716]]}},{"type":"Feature","properties":{"kind":"road","class":"lane"},"geometry":{"type":"LineString","coordinates":[[77.281679,28.624122],[77.28569,28.623986],[77.2897,28.624122]]}},{"type":"Feature","properties":{"kind":"road","class":"lane"},"geometry":{"type":"LineString","coordinates":[[77.285605,28.620501],[77.285602,28.624022],[77.285605,28.627544]]}},{"type":"Feature","properties":{"kind":"road","class":"lane"},"geometry":{"type":"LineString","coordinates":[[77.285188,28.630762],[77.28569,28.630761],[77.2897,28.630765]]}},{"type":"Feature","properties":{"kind":"road","class":"lane"},"geometry":{"type":"LineString","coordinates":[[77.289455,28.562478],[77.293465,28.562466]]}},{"type":"Feature","properties":{"kind":"road","class":"lane"},"geometry":{"type":"LineString","coordinates":[[77.293339,28.559056],[77.293275,28.562578]]}},{"type":"Feature","properties":{"kind":"road","class":"lane"},"geometry":{"type":"LineString","coordinates":[[77.289455,28.568017],[77.293465,28.568124]]}},{"type":"Feature","properties":{"kind":"road","class":"lane"},"geometry":{"type":"LineString","coordinates":[[77.289455,28.570578],[77.293465,28.570563]]}},{"type":"Feature","properties":{"kind":"road","class":"lane"},"geometry":{"type":"LineString","coordinates":[[77.289455,28.575013],[77.293465,28.574889],[77.293966,28.574904]]}},{"type":"Feature","properties":{"kind":"road","class":"lane"},"geometry":{"type":"LineString","coordinates":[[77.289455,28.577471],[77.293465,28.577345],[77.294468,28.577376]]}},{"type":"Feature","properties":{"kind":"road","class":"lane"},"geometry":{"type":"LineString","coordinates":[[77.29352,28.574031],[77.293616,28.576232],[77.293501,28.578873]]}},{"type":"Feature","properties":{"kind":"road","class":"lane"},"geometry":{"type":"LineString","coordinates":[[77.289455,28.581905],[77.293465,28.581929],[77.294969,28.58192]]}},{"type":"Feature","properties":{"kind":"road","class":"lane"},"geometry":{"type":"LineString","coordinates":[[77.289455,28.584022],[77.293465,28.584123],[77.29547,28.584073]]}},{"type":"Feature","properties":{"kind":"road","class":"lane"},"geometry":{"type":"LineString","coordinates":[[77.289455,28.588627],[77.293465,28.58851],[77.296473,28.588598]]}},{"type":"Feature","properties":{"kind":"road","class":"lane"},"geometry":{"type":"LineString","coordinates":[[77.289455,28.590807],[77.293465,28.590762],[77.296974,28.590801]]}},{"type":"Feature","properties":{"kind":"road","class":"lane"},"geometry":{"type":"LineString","coordinates":[[77.293298,28.586365],[77.293459,28.589886],[77.293298,28.593408]]}},{"type":"Feature","properties":{"kind":"road","class":"lane"},"geometry":{"type":"LineString","coordinates":[[77.289455,28.596882],[77.293465,28.596849],[77.297476,28.596882]]}},{"type":"Feature","properties":{"kind":"road","class":"lane"},"geometry":{"type":"LineString","coordinates":[[77.29326,28.593192],[77.293176,28.596714],[77.29326,28.600235]]}},{"type":"Feature","properties":{"kind":"road","class":"lane"},"geometry":{"type":"LineString","coordinates":[[77.289455,28.602365],[77.293465,28.602276],[77.297476,28.602365]]}},{"type":"Feature","properties":{"kind":"road","class":"lane"},"geometry":{"type":"LineString","coordinates":[[77.289455,28.604534],[77.293465,28.604598],[77.297476,28.604534]]}},{"type":"Feature","properties":{"kind":"road","class":"lane"},"geometry":{"type":"LineString","coordinates":[[77.293681,28.600019],[77.293567,28.603541],[77.293681,28.607062]]}},{"type":"Feature","properties":{"kind":"road","class":"lane"},"geometry":{"type":"LineString","coordinates":[[77.289455,28.610335],[77.293465,28.610194],[77.297476,28.610335]]}},{"type":"Feature","properties":{"kind":"road","class":"lane"},"geometry":{"type":"LineString","coordinates":[[77.293567,28.606847],[77.293538,28.610368],[77.293567,28.613889]]}},{"type":"Feature","properties":{"kind":"road","class":"lane"},"geometry":{"type":"LineString","coordinates":[[77.289455,28.615775],[77.293465,28.615734],[77.297476,28.615775]]}},{"type":"Feature","properties":{"kind":"road","class":"lane"},"geometry":{"type":"LineString","coordinates":[[77.289455,28.618309],[77.293465,28.6183],[77.297476,28.618309]]}},{"type":"Feature","properties":{"kind":"road","class":"lane"},"geometry":{"type":"LineString","coordinates":[[77.293565,28.613674],[77.293518,28.617195],[77.293565,28.620716]]}},{"type":"Feature","properties":{"kind":"road","class":"lane"},"geometry":{"type":"LineString","coordinates":[[77.289455,28.624069],[77.293465,28.624027],[77.296473,28.624058]]}},{"type":"Feature","properties":{"kind":"road","class":"lane"},"geometry":{"type":"LineString","coordinates":[[77.298233,28.576097],[77.301241,28.57612],[77.305251,28.57609]]}},{"type":"Feature","properties":{"kind":"road","class":"lane"},"geometry":{"type":"LineString","coordinates":[[77.301174,28.572711],[77.301151,28.576232],[77.301174,28.579753]]}},{"type":"Feature","properties":{"kind":"road","class":"lane"},"geometry":{"type":"LineString","coordinates":[[77.299235,28.581751],[77.301241,28.581809],[77.305251,28.581693]]}},{"type":"Feature","properties":{"kind":"road","class":"lane"},"geometry":{"type":"LineString","coordinates":[[77.299737,28.584263],[77.301241,28.58429],[77.305251,28.584219]]}},{"type":"Feature","properties":{"kind":"road","class":"lane"},"geometry":{"type":"LineString","coordinates":[[77.301153,28.579538],[77.301261,28.583059],[77.301153,28.586581]]}},{"type":"Feature","properties":{"kind":"road","class":"lane"},"geometry":{"type":"LineString","coordinates":[[77.300238,28.588566],[77.301241,28.588583],[77.305251,28.588515]]}},{"type":"Feature","properties":{"kind":"road","class":"lane"},"geometry":{"type":"LineString","coordinates":[[77.301241,28.591122],[77.305251,28.591076]]}},{"type":"Feature","properties":{"kind":"road","class":"lane"},"geometry":{"type":"LineString","coordinates":[[77.301331,28.586365],[77.301309,28.589886],[77.301331,28.593408]]}},{"type":"Feature","properties":{"kind":"road","class":"lane"},"geometry":{"type":"LineString","coordinates":[[77.301742,28.595369],[77.305251,28.595314]]}},{"type":"Feature","properties":{"kind":"road","class":"lane"},"geometry":{"type":"LineString","coordinates":[[77.29723,28.59785],[77.298233,28.597835]]}},{"type":"Feature","properties":{"kind":"road","class":"lane"},"geometry":{"type":"LineString","coordinates":[[77.302243,28.597807],[77.305251,28.59785]]}},{"type":"Feature","properties":{"kind":"road","class":"lane"},"geometry":{"type":"LineString","coordinates":[[77.29723,28.603667],[77.298734,28.603688]]}},{"type":"Feature","properties":{"kind":"road","class":"lane"},"geometry":{"type":"LineString","coordinates":[[77.302744,28.603702],[77.305251,28.603667]]}},{"type":"Feature","properties":{"kind":"road","class":"lane"},"geometry":{"type":"LineString","coordinates":[[77.29723,28.610421],[77.298734,28.610437]]}},{"type":"Feature","properties":{"kind":"road","class":"lane"},"geometry":{"type":"LineString","coordinates":[[77.302243,28.610453],[77.305251,28.610421]]}},{"type":"Feature","properties":{"kind":"building"},"geometry":{"type":"Polygon","coordinates":[[[77.240693,28.56588],[77.240807,28.56588],[77.240806,28.565971],[77.240692,28.56597],[77.240693,28.56588]]]}},{"type":"Feature","properties":{"kind":"building"},"geometry":{"type":"Polygon","coordinates":[[[77.240693,28.565534],[77.240814,28.565535],[77.240813,28.565641],[77.240692,28.56564],[77.240693,28.565534]]]}},{"type":"Feature","properties":{"kind":"building"},"geometry":{"type":"Polygon","coordinates":[[[77.243015,28.565865],[77.243131,28.565866],[77.24313,28.565994],[77.243013,28.565993],[77.243015,28.565865]]]}},{"type":"Feature","properties":{"kind":"building"},"geometry":{"type":"Polygon","coordinates":[[[77.243012,28.565519],[77.243141,28.56552],[77.24314,28.565635],[77.24301,28.565634],[77.243012,28.565519]]]}},{"type":"Feature","properties":{"kind":"building"},"geometry":{"type":"Polygon","coordinates":[[[77.244226,28.56589],[77.244354,28.565891],[77.244353,28.565986],[77.244225,28.565985],[77.244226,28.56589]]]}},{"type":"Feature","properties":{"kind":"building"},"geometry":{"type":"Polygon","coordinates":[[[77.244229,28.565576],[77.244358,28.565577],[77.244357,28.565671],[77.244228,28.565669],[77.244229,28.565576]]]}},{"type":"Feature","properties":{"kind":"building"},"geometry":{"type":"Polygon","coordinates":[[[77.247303,28.565883],[77.247416,28.565884],[77.247414,28.566011],[77.247301,28.56601],[77.247303,28.565883]]]}},{"type":"Feature","properties":{"kind":"building"},"geometry":{"type":"Polygon","coordinates":[[[77.247298,28.565582],[77.247429,28.565583],[77.247427,28.565688],[77.247297,28.565687],[77.247298,28.565582]]]}},{"type":"Feature","properties":{"kind":"building"},"geometry":{"type":"Polygon","coordinates":[[[77.247846,28.565901],[77.247981,28.565902],[77.24798,28.566014],[77.247845,28.566013],[77.247846,28.565901]]]}},{"type":"Feature","properties":{"kind":"building"},"geometry":{"type":"Polygon","coordinates":[[[77.249223,28.565896],[77.249342,28.565898],[77.249341,28.566004],[77.249222,28.566003],[77.249223,28.565896]]]}},{"type":"Feature","properties":{"kind":"building"},"geometry":{"type":"Polygon","coordinates":[[[77.250369,28.565898],[77.250489,28.565899],[77.250488,28.566004],[77.250367,28.566003],[77.250369,28.565898]]]}},{"type":"Feature","properties":{"kind":"building"},"geometry":{"type":"Polygon","coordinates":[[[77.251326,28.565953],[77.251491,28.565955],[77.25149,28.566075],[77.251324,28.566073],[77.251326,28.565953]]]}},{"type":"Feature","properties":{"kind":"building"},"geometry":{"type":"Polygon","coordinates":[[[77.253453,28.565648],[77.253551,28.56565],[77.25355,28.565743],[77.253452,28.565742],[77.253453,28.565648]]]}},{"type":"Feature","properties":{"kind":"building"},"geometry":{"type":"Polygon","coordinates":[[[77.256502,28.565988],[77.256632,28.56599],[77.256631,28.566088],[77.2565,28.566086],[77.256502,28.565988]]]}},{"type":"Feature","properties":{"kind":"building"},"geometry":{"type":"Polygon","coordinates":[[[77.257935,28.565993],[77.258105,28.565995],[77.258103,28.566101],[77.257933,28.566099],[77.257935,28.565993]]]}},{"type":"Feature","properties":{"kind":"building"},"geometry":{"type":"Polygon","coordinates":[[[77.257971,28.565672],[77.258079,28.565673],[77.258077,28.565801],[77.257969,28.5658],[77.257971,28.565672]]]}},{"type":"Feature","properties":{"kind":"building"},"geometry":{"type":"Polygon","coordinates":[[[77.26053,28.565749],[77.260633,28.56575],[77.260632,28.56584],[77.260529,28.565838],[77.26053,28.565749]]]}},{"type":"Feature","properties":{"kind":"building"},"geometry":{"type":"Polygon","coordinates":[[[77.262167,28.565709],[77.262313,28.565711],[77.262311,28.565831],[77.262166,28.565829],[77.262167,28.565709]]]}},{"type":"Feature","properties":{"kind":"building"},"geometry":{"type":"Polygon","coordinates":[[[77.21972,28.581796],[77.219722,28.581946],[77.219611,28.581947],[77.219609,28.581797],[77.21972,28.581796]]]}},{"type":"Feature","properties":{"kind":"building"},"geometry":{"type":"Polygon","coordinates":[[[77.220045,28.581808],[77.220046,28.581927],[77.219927,28.581928],[77.219926,28.581809],[77.220045,28.581808]]]}},{"type":"Feature","properties":{"kind":"building"},"geometry":{"type":"Polygon","coordinates":[[[77.220056,28.582988],[77.220058,28.583137],[77.21993,28.583138],[77.219928,28.582989],[77.220056,28.582988]]]}},{"type":"Feature","properties":{"kind":"building"},"geometry":{"type":"Polygon","coordinates":[[[77.219738,28.585331],[77.21974,28.585453],[77.219633,28.585454],[77.219632,28.585332],[77.219738,28.585331]]]}},{"type":"Feature","properties":{"kind":"building"},"geometry":{"type":"Polygon","coordinates":[[[77.220109,28.585317],[77.22011,28.585461],[77.219978,28.585463],[77.219976,28.585318],[77.220109,28.585317]]]}},{"type":"Feature","properties":{"kind":"building"},"geometry":{"type":"Polygon","coordinates":[[[77.21973,28.58804],[77.219731,28.588135],[77.219629,28.588136],[77.219628,28.588041],[77.21973,28.58804]]]}},{"type":"Feature","properties":{"kind":"building"},"geometry":{"type":"Polygon","coordinates":[[[77.220124,28.588028],[77.220125,28.588141],[77.22002,28.588142],[77.220019,28.588029],[77.220124,28.588028]]]}},{"type":"Feature","properties":{"kind":"building"},"geometry":{"type":"Polygon","coordinates":[[[77.219757,28.589899],[77.219758,28.590013],[77.219645,28.590013],[77.219644,28.589899],[77.219757,28.589899]]]}},{"type":"Feature","properties":{"kind":"building"},"geometry":{"type":"Polygon","coordinates":[[[77.22021,28.593826],[77.220211,28.593949],[77.220061,28.59395],[77.22006,28.593827],[77.22021,28.593826]]]}},{"type":"Feature","properties":{"kind":"building"},"geometry":{"type":"Polygon","coordinates":[[[77.219867,28.59797],[77.219867,28.59811],[77.219728,28.59811],[77.219728,28.59797],[77.219867,28.59797]]]}},{"type":"Feature","properties":{"kind":"building"},"geometry":{"type":"Polygon","coordinates":[[[77.219826,28.601912],[77.219826,28.602036],[77.219697,28.602036],[77.219697,28.601912],[77.219826,28.601912]]]}},{"type":"Feature","properties":{"kind":"building"},"geometry":{"type":"Polygon","coordinates":[[[77.219861,28.602725],[77.219861,28.602832],[77.219735,28.602832],[77.219735,28.602725],[77.219861,28.602725]]]}},{"type":"Feature","properties":{"kind":"building"},"geometry":{"type":"Polygon","coordinates":[[[77.220194,28.602705],[77.220194,28.602852],[77.220058,28.602852],[77.220058,28.602705],[77.220194,28.602705]]]}},{"type":"Feature","properties":{"kind":"building"},"geometry":{"type":"Polygon","coordinates":[[[77.219862,28.604623],[77.219862,28.604715],[77.21972,28.604715],[77.21972,28.604622],[77.219862,28.604623]]]}},{"type":"Feature","properties":{"kind":"building"},"geometry":{"type":"Polygon","coordinates":[[[77.220176,28.604628],[77.220176,28.604711],[77.220082,28.604711],[77.220082,28.604627],[77.220176,28.604628]]]}},{"type":"Feature","properties":{"kind":"building"},"geometry":{"type":"Polygon","coordinates":[[[77.22154,28.57936],[77.221697,28.579361],[77.221696,28.579481],[77.221539,28.57948],[77.22154,28.57936]]]}},{"type":"Feature","properties":{"kind":"building"},"geometry":{"type":"Polygon","coordinates":[[[77.221567,28.579023],[77.221676,28.579023],[77.221675,28.579142],[77.221566,28.579141],[77.221567,28.579023]]]}},{"type":"Feature","properties":{"kind":"building"},"geometry":{"type":"Polygon","coordinates":[[[77.227205,28.579067],[77.227376,28.579069],[77.227374,28.579187],[77.227203,28.579185],[77.227205,28.579067]]]}},{"type":"Feature","properties":{"kind":"building"},"geometry":{"type":"Polygon","coordinates":[[[77.229365,28.579414],[77.229463,28.579415],[77.229462,28.579508],[77.229364,28.579507],[77.229365,28.579414]]]}},{"type":"Feature","properties":{"kind":"building"},"geometry":{"type":"Polygon","coordinates":[[[77.229831,28.579088],[77.22993,28.579089],[77.229928,28.579219],[77.229829,28.579218],[77.229831,28.579088]]]}},{"type":"Feature","properties":{"kind":"building"},"geometry":{"type":"Polygon","coordinates":[[[77.231963,28.57946],[77.232062,28.579461],[77.23206,28.57956],[77.231961,28.579559],[77.231963,28.57946]]]}},{"type":"Feature","properties":{"kind":"building"},"geometry":{"type":"Polygon","coordinates":[[[77.231948,28.579168],[77.232086,28.57917],[77.232085,28.579255],[77.231946,28.579253],[77.231948,28.579168]]]}},{"type":"Feature","properties":{"kind":"building"},"geometry":{"type":"Polygon","coordinates":[[[77.23236,28.579107],[77.232531,28.579109],[77.232529,28.579226],[77.232358,28.579224],[77.23236,28.579107]]]}},{"type":"Feature","properties":{"kind":"building"},"geometry":{"type":"Polygon","coordinates":[[[77.234565,28.579472],[77.234657,28.579473],[77.234655,28.579608],[77.234562,28.579606],[77.234565,28.579472]]]}},{"type":"Feature","properties":{"kind":"building"},"geometry":{"type":"Polygon","coordinates":[[[77.234556,28.579202],[77.234676,28.579204],[77.234675,28.579289],[77.234554,28.579287],[77.234556,28.579202]]]}},{"type":"Feature","properties":{"kind":"building"},"geometry":{"type":"Polygon","coordinates":[[[77.235514,28.579507],[77.235629,28.579509],[77.235626,28.579626],[77.235512,28.579625],[77.235514,28.579507]]]}},{"type":"Feature","properties":{"kind":"building"},"geometry":{"type":"Polygon","coordinates":[[[77.235523,28.579183],[77.235631,28.579185],[77.23563,28.579291],[77.235521,28.579289],[77.235523,28.579183]]]}},{"type":"Feature","properties":{"kind":"building"},"geometry":{"type":"Polygon","coordinates":[[[77.235932,28.579465],[77.236047,28.579467],[77.236045,28.579588],[77.23593,28.579586],[77.235932,28.579465]]]}},{"type":"Feature","properties":{"kind":"building"},"geometry":{"type":"Polygon","coordinates":[[[77.237626,28.579486],[77.237736,28.579488],[77.237734,28.579611],[77.237623,28.579609],[77.237626,28.579486]]]}},{"type":"Feature","properties":{"kind":"building"},"geometry":{"type":"Polygon","coordinates":[[[77.237602,28.579243],[77.23777,28.579245],[77.237768,28.579332],[77.2376,28.579329],[77.237602,28.579243]]]}},{"type":"Feature","properties":{"kind":"building"},"geometry":{"type":"Polygon","coordinates":[[[77.23865,28.579526],[77.238773,28.579528],[77.238771,28.579626],[77.238648,28.579624],[77.23865,28.579526]]]}},{"type":"Feature","properties":{"kind":"building"},"geometry":{"type":"Polygon","coordinates":[[[77.238638,28.579224],[77.238797,28.579226],[77.238795,28.579326],[77.238636,28.579323],[77.238638,28.579224]]]}},{"type":"Feature","properties":{"kind":"building"},"geometry":{"type":"Polygon","coordinates":[[[77.23909,28.57925],[77.239229,28.579252],[77.239227,28.579362],[77.239088,28.57936],[77.23909,28.57925]]]}},{"type":"Feature","properties":{"kind":"building"},"geometry":{"type":"Polygon","coordinates":[[[77.241619,28.579286],[77.241774,28.579288],[77.241772,28.579377],[77.241618,28.579374],[77.241619,28.579286]]]}},{"type":"Feature","properties":{"kind":"building"},"geometry":{"type":"Polygon","coordinates":[[[77.242542,28.579612],[77.242704,28.579614],[77.242702,28.57971],[77.24254,28.579708],[77.242542,28.579612]]]}},{"type":"Feature","properties":{"kind":"building"},"geometry":{"type":"Polygon","coordinates":[[[77.242562,28.579315],[77.242695,28.579317],[77.242693,28.579407],[77.242561,28.579405],[77.242562,28.579315]]]}},{"type":"Feature","properties":{"kind":"building"},"geometry":{"type":"Polygon","coordinates":[[[77.243065,28.579622],[77.243192,28.579624],[77.24319,28.579721],[77.243063,28.579719],[77.243065,28.579622]]]}},{"type":"Feature","properties":{"kind":"building"},"geometry":{"type":"Polygon","coordinates":[[[77.243073,28.579295],[77.243199,28.579297],[77.243196,28.57941],[77.24307,28.579408],[77.243073,28.579295]]]}},{"type":"Feature","properties":{"kind":"building"},"geometry":{"type":"Polygon","coordinates":[[[77.244703,28.579638],[77.244816,28.57964],[77.244813,28.579745],[77.244701,28.579744],[77.244703,28.579638]]]}},{"type":"Feature","properties":{"kind":"building"},"geometry":{"type":"Polygon","coordinates":[[[77.244682,28.579339],[77.24485,28.579342],[77.244847,28.579454],[77.24468,28.579452],[77.244682,28.579339]]]}},{"type":"Feature","properties":{"kind":"building"},"geometry":{"type":"Polygon","coordinates":[[[77.245718,28.579621],[77.245819,28.579622],[77.245816,28.579729],[77.245715,28.579728],[77.245718,28.579621]]]}},{"type":"Feature","properties":{"kind":"building"},"geometry":{"type":"Polygon","coordinates":[[[77.245702,28.57933],[77.245846,28.579332],[77.245844,28.579429],[77.2457,28.579427],[77.245702,28.57933]]]}},{"type":"Feature","properties":{"kind":"building"},"geometry":{"type":"Polygon","coordinates":[[[77.246126,28.57966],[77.246294,28.579663],[77.246292,28.579753],[77.246124,28.57975],[77.246126,28.57966]]]}},{"type":"Feature","properties":{"kind":"building"},"geometry":{"type":"Polygon","coordinates":[[[77.246142,28.579323],[77.246292,28.579325],[77.24629,28.579428],[77.24614,28.579425],[77.246142,28.579323]]]}},{"type":"Feature","properties":{"kind":"building"},"geometry":{"type":"Polygon","coordinates":[[[77.246815,28.579383],[77.246973,28.579386],[77.246971,28.579482],[77.246812,28.57948],[77.246815,28.579383]]]}},{"type":"Feature","properties":{"kind":"building"},"geometry":{"type":"Polygon","coordinates":[[[77.247388,28.579672],[77.247527,28.579674],[77.247525,28.579757],[77.247386,28.579754],[77.247388,28.579672]]]}},{"type":"Feature","properties":{"kind":"building"},"geometry":{"type":"Polygon","coordinates":[[[77.247403,28.579338],[77.247526,28.579341],[77.247524,28.57944],[77.247401,28.579438],[77.247403,28.579338]]]}},{"type":"Feature","properties":{"kind":"building"},"geometry":{"type":"Polygon","coordinates":[[[77.247858,28.579361],[77.247953,28.579363],[77.247951,28.57945],[77.247857,28.579448],[77.247858,28.579361]]]}},{"type":"Feature","properties":{"kind":"building"},"geometry":{"type":"Polygon","coordinates":[[[77.248245,28.579709],[77.248395,28.579712],[77.248392,28.579821],[77.248242,28.579818],[77.248245,28.579709]]]}},{"type":"Feature","properties":{"kind":"building"},"geometry":{"type":"Polygon","coordinates":[[[77.250364,28.579748],[77.25049,28.57975],[77.250487,28.579844],[77.250362,28.579842],[77.250364,28.579748]]]}},{"type":"Feature","properties":{"kind":"building"},"geometry":{"type":"Polygon","coordinates":[[[77.250363,28.579392],[77.250507,28.579395],[77.250504,28.579512],[77.25036,28.57951],[77.250363,28.579392]]]}},{"type":"Feature","properties":{"kind":"building"},"geometry":{"type":"Polygon","coordinates":[[[77.250902,28.579746],[77.251038,28.579748],[77.251036,28.579832],[77.250901,28.57983],[77.250902,28.579746]]]}},{"type":"Feature","properties":{"kind":"building"},"geometry":{"type":"Polygon","coordinates":[[[77.250901,28.579454],[77.251052,28.579456],[77.25105,28.579553],[77.250899,28.57955],[77.250901,28.579454]]]}},{"type":"Feature","properties":{"kind":"building"},"geometry":{"type":"Polygon","coordinates":[[[77.251373,28.579759],[77.251473,28.579761],[77.25147,28.579894],[77.251371,28.579893],[77.251373,28.579759]]]}},{"type":"Feature","properties":{"kind":"building"},"geometry":{"type":"Polygon","coordinates":[[[77.252383,28.579737],[77.252486,28.579739],[77.252483,28.579855],[77.252381,28.579853],[77.252383,28.579737]]]}},{"type":"Feature","properties":{"kind":"building"},"geometry":{"type":"Polygon","coordinates":[[[77.252996,28.579689],[77.253095,28.579663],[77.253136,28.579788],[77.253037,28.579813],[77.252996,28.579689]]]}},{"type":"Feature","properties":{"kind":"building"},"geometry":{"type":"Polygon","coordinates":[[[77.252907,28.579416],[77.253002,28.579391],[77.253028,28.57947],[77.252933,28.579494],[77.252907,28.579416]]]}},{"type":"Feature","properties":{"kind":"building"},"geometry":{"type":"Polygon","coordinates":[[[77.253432,28.579551],[77.253568,28.579516],[77.253608,28.579638],[77.253473,28.579673],[77.253432,28.579551]]]}},{"type":"Feature","properties":{"kind":"building"},"geometry":{"type":"Polygon","coordinates":[[[77.253357,28.57931],[77.253483,28.579277],[77.253515,28.579374],[77.253389,28.579406],[77.253357,28.57931]]]}},{"type":"Feature","properties":{"kind":"building"},"geometry":{"type":"Polygon","coordinates":[[[77.253838,28.579513],[77.253993,28.579474],[77.254023,28.579565],[77.253869,28.579605],[77.253838,28.579513]]]}},{"type":"Feature","properties":{"kind":"building"},"geometry":{"type":"Polygon","coordinates":[[[77.253752,28.579176],[77.253858,28.579148],[77.253897,28.579266],[77.253791,28.579293],[77.253752,28.579176]]]}},{"type":"Feature","properties":{"kind":"building"},"geometry":{"type":"Polygon","coordinates":[[[77.257217,28.579284],[77.257319,28.579322],[77.257261,28.579444],[77.257159,28.579407],[77.257217,28.579284]]]}},{"type":"Feature","properties":{"kind":"building"},"geometry":{"type":"Polygon","coordinates":[[[77.25909,28.579858],[77.259241,28.579861],[77.259239,28.579944],[77.259088,28.579941],[77.25909,28.579858]]]}},{"type":"Feature","properties":{"kind":"building"},"geometry":{"type":"Polygon","coordinates":[[[77.259117,28.579562],[77.259225,28.579564],[77.259223,28.579685],[77.259115,28.579683],[77.259117,28.579562]]]}},{"type":"Feature","properties":{"kind":"building"},"geometry":{"type":"Polygon","coordinates":[[[77.25963,28.579911],[77.259777,28.579914],[77.259774,28.580019],[77.259628,28.580016],[77.25963,28.579911]]]}},{"type":"Feature","properties":{"kind":"building"},"geometry":{"type":"Polygon","coordinates":[[[77.259659,28.579571],[77.259762,28.579572],[77.259759,28.579694],[77.259656,28.579693],[77.259659,28.579571]]]}},{"type":"Feature","properties":{"kind":"building"},"geometry":{"type":"Polygon","coordinates":[[[77.260185,28.579879],[77.260338,28.579882],[77.260336,28.579996],[77.260183,28.579994],[77.260185,28.579879]]]}},{"type":"Feature","properties":{"kind":"building"},"geometry":{"type":"Polygon","coordinates":[[[77.26124,28.579923],[77.261335,28.579925],[77.261332,28.580042],[77.261238,28.58004],[77.26124,28.579923]]]}},{"type":"Feature","properties":{"kind":"building"},"geometry":{"type":"Polygon","coordinates":[[[77.261219,28.579613],[77.261369,28.579616],[77.261368,28.5797],[77.261217,28.579698],[77.261219,28.579613]]]}},{"type":"Feature","properties":{"kind":"building"},"geometry":{"type":"Polygon","coordinates":[[[77.262154,28.579919],[77.262315,28.579921],[77.262313,28.580011],[77.262152,28.580008],[77.262154,28.579919]]]}},{"type":"Feature","properties":{"kind":"building"},"geometry":{"type":"Polygon","coordinates":[[[77.262166,28.579582],[77.262316,28.579584],[77.262314,28.579711],[77.262163,28.579708],[77.262166,28.579582]]]}},{"type":"Feature","properties":{"kind":"building"},"geometry":{"type":"Polygon","coordinates":[[[77.263627,28.579936],[77.263763,28.579938],[77.263761,28.580028],[77.263625,28.580025],[77.263627,28.579936]]]}},{"type":"Feature","properties":{"kind":"building"},"geometry":{"type":"Polygon","coordinates":[[[77.265714,28.579946],[77.265835,28.579948],[77.265833,28.580061],[77.265712,28.580059],[77.265714,28.579946]]]}},{"type":"Feature","properties":{"kind":"building"},"geometry":{"type":"Polygon","coordinates":[[[77.265716,28.579681],[77.265843,28.579683],[77.265842,28.579788],[77.265714,28.579786],[77.265716,28.579681]]]}},{"type":"Feature","properties":{"kind":"building"},"geometry":{"type":"Polygon","coordinates":[[[77.266199,28.579994],[77.266325,28.579996],[77.266323,28.580118],[77.266197,28.580116],[77.266199,28.579994]]]}},{"type":"Feature","properties":{"kind":"building"},"geometry":{"type":"Polygon","coordinates":[[[77.266197,28.579663],[77.26634,28.579665],[77.266338,28.57977],[77.266195,28.579768],[77.266197,28.579663]]]}},{"type":"Feature","properties":{"kind":"building"},"geometry":{"type":"Polygon","coordinates":[[[77.267205,28.580017],[77.267349,28.580019],[77.267348,28.580113],[77.267203,28.580111],[77.267205,28.580017]]]}},{"type":"Feature","properties":{"kind":"building"},"geometry":{"type":"Polygon","coordinates":[[[77.267705,28.580016],[77.2678,28.580017],[77.267798,28.580137],[77.267702,28.580135],[77.267705,28.580016]]]}},{"type":"Feature","properties":{"kind":"building"},"geometry":{"type":"Polygon","coordinates":[[[77.276982,28.579817],[77.277084,28.579818],[77.277082,28.579947],[77.27698,28.579946],[77.276982,28.579817]]]}},{"type":"Feature","properties":{"kind":"building"},"geometry":{"type":"Polygon","coordinates":[[[77.279874,28.580101],[77.280038,28.580103],[77.280037,28.580235],[77.279872,28.580234],[77.279874,28.580101]]]}},{"type":"Feature","properties":{"kind":"building"},"geometry":{"type":"Polygon","coordinates":[[[77.235628,28.567289],[77.235631,28.567409],[77.235503,28.567411],[77.2355,28.567291],[77.235628,28.567289]]]}},{"type":"Feature","properties":{"kind":"building"},"geometry":{"type":"Polygon","coordinates":[[[77.235332,28.569152],[77.235335,28.569294],[77.235205,28.569296],[77.235202,28.569154],[77.235332,28.569152]]]}},{"type":"Feature","properties":{"kind":"building"},"geometry":{"type":"Polygon","coordinates":[[[77.235274,28.569552],[77.235276,28.56969],[77.235178,28.569692],[77.235175,28.569554],[77.235274,28.569552]]]}},{"type":"Feature","properties":{"kind":"building"},"geometry":{"type":"Polygon","coordinates":[[[77.235667,28.569562],[77.23567,28.569668],[77.235551,28.56967],[77.235548,28.569564],[77.235667,28.569562]]]}},{"type":"Feature","properties":{"kind":"building"},"geometry":{"type":"Polygon","coordinates":[[[77.235673,28.570399],[77.235675,28.570499],[77.235548,28.570501],[77.235546,28.570401],[77.235673,28.570399]]]}},{"type":"Feature","properties":{"kind":"building"},"geometry":{"type":"Polygon","coordinates":[[[77.235334,28.571033],[77.235336,28.571151],[77.235231,28.571152],[77.235229,28.571034],[77.235334,28.571033]]]}},{"type":"Feature","properties":{"kind":"building"},"geometry":{"type":"Polygon","coordinates":[[[77.235665,28.571014],[77.235668,28.57116],[77.235543,28.571162],[77.235541,28.571016],[77.235665,28.571014]]]}},{"type":"Feature","properties":{"kind":"building"},"geometry":{"type":"Polygon","coordinates":[[[77.235368,28.572695],[77.23537,28.572823],[77.235239,28.572825],[77.235236,28.572697],[77.235368,28.572695]]]}},{"type":"Feature","properties":{"kind":"building"},"geometry":{"type":"Polygon","coordinates":[[[77.235759,28.572679],[77.235762,28.572827],[77.235627,28.572829],[77.235625,28.572681],[77.235759,28.572679]]]}},{"type":"Feature","properties":{"kind":"building"},"geometry":{"type":"Polygon","coordinates":[[[77.23575,28.573118],[77.235752,28.573234],[77.235633,28.573235],[77.235631,28.57312],[77.23575,28.573118]]]}},{"type":"Feature","properties":{"kind":"building"},"geometry":{"type":"Polygon","coordinates":[[[77.235399,28.57373],[77.235401,28.573843],[77.235284,28.573844],[77.235282,28.573731],[77.235399,28.57373]]]}},{"type":"Feature","properties":{"kind":"building"},"geometry":{"type":"Polygon","coordinates":[[[77.235756,28.573711],[77.235758,28.573852],[77.235657,28.573854],[77.235655,28.573712],[77.235756,28.573711]]]}},{"type":"Feature","properties":{"kind":"building"},"geometry":{"type":"Polygon","coordinates":[[[77.235353,28.574078],[77.235355,28.574224],[77.235237,28.574225],[77.235235,28.574079],[77.235353,28.574078]]]}},{"type":"Feature","properties":{"kind":"building"},"geometry":{"type":"Polygon","coordinates":[[[77.235719,28.574087],[77.235721,28.574205],[77.235617,28.574206],[77.235615,28.574089],[77.235719,28.574087]]]}},{"type":"Feature","properties":{"kind":"building"},"geometry":{"type":"Polygon","coordinates":[[[77.235441,28.575359],[77.235443,28.57544],[77.235294,28.575442],[77.235293,28.575361],[77.235441,28.575359]]]}},{"type":"Feature","properties":{"kind":"building"},"geometry":{"type":"Polygon","coordinates":[[[77.235412,28.576825],[77.235414,28.576964],[77.235304,28.576966],[77.235302,28.576826],[77.235412,28.576825]]]}},{"type":"Feature","properties":{"kind":"building"},"geometry":{"type":"Polygon","coordinates":[[[77.235795,28.579113],[77.235797,28.579233],[77.235661,28.579234],[77.235659,28.579114],[77.235795,28.579113]]]}},{"type":"Feature","properties":{"kind":"building"},"geometry":{"type":"Polygon","coordinates":[[[77.235822,28.579532],[77.235823,28.579641],[77.235712,28.579642],[77.235711,28.579533],[77.235822,28.579532]]]}},{"type":"Feature","properties":{"kind":"building"},"geometry":{"type":"Polygon","coordinates":[[[77.235846,28.579984],[77.235848,28.580123],[77.235696,28.580124],[77.235695,28.579986],[77.235846,28.579984]]]}},{"type":"Feature","properties":{"kind":"building"},"geometry":{"type":"Polygon","coordinates":[[[77.235881,28.582238],[77.235881,28.582324],[77.23577,28.582325],[77.235769,28.582239],[77.235881,28.582238]]]}},{"type":"Feature","properties":{"kind":"building"},"geometry":{"type":"Polygon","coordinates":[[[77.235871,28.583153],[77.235872,28.583279],[77.235758,28.583279],[77.235756,28.583154],[77.235871,28.583153]]]}},{"type":"Feature","properties":{"kind":"building"},"geometry":{"type":"Polygon","coordinates":[[[77.23589,28.583562],[77.235892,28.583706],[77.235784,28.583707],[77.235783,28.583563],[77.23589,28.583562]]]}},{"type":"Feature","properties":{"kind":"building"},"geometry":{"type":"Polygon","coordinates":[[[77.235534,28.584017],[77.235535,28.584152],[77.235427,28.584153],[77.235426,28.584018],[77.235534,28.584017]]]}},{"type":"Feature","properties":{"kind":"building"},"geometry":{"type":"Polygon","coordinates":[[[77.235911,28.584011],[77.235912,28.584153],[77.235785,28.584154],[77.235784,28.584012],[77.235911,28.584011]]]}},{"type":"Feature","properties":{"kind":"building"},"geometry":{"type":"Polygon","coordinates":[[[77.235848,28.58451],[77.235849,28.584618],[77.235722,28.584618],[77.235721,28.58451],[77.235848,28.58451]]]}},{"type":"Feature","properties":{"kind":"building"},"geometry":{"type":"Polygon","coordinates":[[[77.235533,28.585365],[77.235534,28.585492],[77.235436,28.585492],[77.235435,28.585365],[77.235533,28.585365]]]}},{"type":"Feature","properties":{"kind":"building"},"geometry":{"type":"Polygon","coordinates":[[[77.235883,28.585362],[77.235884,28.585491],[77.235775,28.585492],[77.235774,28.585362],[77.235883,28.585362]]]}},{"type":"Feature","properties":{"kind":"building"},"geometry":{"type":"Polygon","coordinates":[[[77.235916,28.585841],[77.235917,28.585924],[77.235803,28.585925],[77.235803,28.585841],[77.235916,28.585841]]]}},{"type":"Feature","properties":{"kind":"building"},"geometry":{"type":"Polygon","coordinates":[[[77.235537,28.586677],[77.235538,28.586784],[77.235434,28.586785],[77.235433,28.586678],[77.235537,28.586677]]]}},{"type":"Feature","properties":{"kind":"building"},"geometry":{"type":"Polygon","coordinates":[[[77.235883,28.586661],[77.235884,28.586798],[77.235754,28.586798],[77.235754,28.586661],[77.235883,28.586661]]]}},{"type":"Feature","properties":{"kind":"building"},"geometry":{"type":"Polygon","coordinates":[[[77.235518,28.588439],[77.235519,28.58856],[77.235369,28.588561],[77.235368,28.58844],[77.235518,28.588439]]]}},{"type":"Feature","properties":{"kind":"building"},"geometry":{"type":"Polygon","coordinates":[[[77.235931,28.588423],[77.235932,28.588574],[77.235787,28.588574],[77.235786,28.588424],[77.235931,28.588423]]]}},{"type":"Feature","properties":{"kind":"building"},"geometry":{"type":"Polygon","coordinates":[[[77.235509,28.588888],[77.23551,28.589003],[77.235386,28.589004],[77.235385,28.588888],[77.235509,28.588888]]]}},{"type":"Feature","properties":{"kind":"building"},"geometry":{"type":"Polygon","coordinates":[[[77.235925,28.588885],[77.235925,28.589005],[77.235819,28.589005],[77.235819,28.588885],[77.235925,28.588885]]]}},{"type":"Feature","properties":{"kind":"building"},"geometry":{"type":"Polygon","coordinates":[[[77.235547,28.589367],[77.235547,28.589457],[77.235445,28.589458],[77.235445,28.589367],[77.235547,28.589367]]]}},{"type":"Feature","properties":{"kind":"building"},"geometry":{"type":"Polygon","coordinates":[[[77.235575,28.589881],[77.235575,28.590028],[77.235438,28.590028],[77.235438,28.589881],[77.235575,28.589881]]]}},{"type":"Feature","properties":{"kind":"building"},"geometry":{"type":"Polygon","coordinates":[[[77.235896,28.589913],[77.235896,28.589997],[77.235759,28.589997],[77.235759,28.589913],[77.235896,28.589913]]]}},{"type":"Feature","properties":{"kind":"building"},"geometry":{"type":"Polygon","coordinates":[[[77.235558,28.590349],[77.235558,28.590438],[77.235445,28.590438],[77.235445,28.590349],[77.235558,28.590349]]]}},{"type":"Feature","properties":{"kind":"building"},"geometry":{"type":"Polygon","coordinates":[[[77.235922,28.590334],[77.235922,28.590453],[77.235819,28.590453],[77.235819,28.590334],[77.235922,28.590334]]]}},{"type":"Feature","properties":{"kind":"building"},"geometry":{"type":"Polygon","coordinates":[[[77.235544,28.590782],[77.235544,28.590899],[77.235428,28.590899],[77.235428,28.590782],[77.235544,28.590782]]]}},{"type":"Feature","properties":{"kind":"building"},"geometry":{"type":"Polygon","coordinates":[[[77.235513,28.591164],[77.235514,28.591291],[77.235405,28.591291],[77.235405,28.591164],[77.235513,28.591164]]]}},{"type":"Feature","properties":{"kind":"building"},"geometry":{"type":"Polygon","coordinates":[[[77.23552,28.591657],[77.23552,28.591769],[77.235422,28.591769],[77.235421,28.591657],[77.23552,28.591657]]]}},{"type":"Feature","properties":{"kind":"building"},"geometry":{"type":"Polygon","coordinates":[[[77.235555,28.592608],[77.235555,28.592691],[77.235454,28.592691],[77.235454,28.592608],[77.235555,28.592608]]]}},{"type":"Feature","properties":{"kind":"building"},"geometry":{"type":"Polygon","coordinates":[[[77.235568,28.592994],[77.235568,28.593119],[77.235444,28.593118],[77.235444,28.592993],[77.235568,28.592994]]]}},{"type":"Feature","properties":{"kind":"building"},"geometry":{"type":"Polygon","coordinates":[[[77.235904,28.593459],[77.235904,28.593541],[77.235762,28.59354],[77.235762,28.593459],[77.235904,28.593459]]]}},{"type":"Feature","properties":{"kind":"building"},"geometry":{"type":"Polygon","coordinates":[[[77.23591,28.59421],[77.23591,28.594362],[77.235798,28.594362],[77.235799,28.59421],[77.23591,28.59421]]]}},{"type":"Feature","properties":{"kind":"building"},"geometry":{"type":"Polygon","coordinates":[[[77.235927,28.594676],[77.235926,28.594797],[77.235803,28.594796],[77.235804,28.594676],[77.235927,28.594676]]]}},{"type":"Feature","properties":{"kind":"building"},"geometry":{"type":"Polygon","coordinates":[[[77.235913,28.595285],[77.235912,28.595406],[77.23581,28.595405],[77.235811,28.595285],[77.235913,28.595285]]]}},{"type":"Feature","properties":{"kind":"building"},"geometry":{"type":"Polygon","coordinates":[[[77.23552,28.596915],[77.23552,28.597013],[77.235419,28.597012],[77.23542,28.596915],[77.23552,28.596915]]]}},{"type":"Feature","properties":{"kind":"building"},"geometry":{"type":"Polygon","coordinates":[[[77.235894,28.596915],[77.235894,28.597017],[77.23576,28.597016],[77.235761,28.596914],[77.235894,28.596915]]]}},{"type":"Feature","properties":{"kind":"building"},"geometry":{"type":"Polygon","coordinates":[[[77.235572,28.597405],[77.235571,28.597521],[77.23542,28.597521],[77.23542,28.597404],[77.235572,28.597405]]]}},{"type":"Feature","properties":{"kind":"building"},"geometry":{"type":"Polygon","coordinates":[[[77.235878,28.597389],[77.235877,28.59754],[77.235766,28.597539],[77.235767,28.597388],[77.235878,28.597389]]]}},{"type":"Feature","properties":{"kind":"building"},"geometry":{"type":"Polygon","coordinates":[[[77.235543,28.597992],[77.235543,28.598086],[77.235422,28.598085],[77.235422,28.597991],[77.235543,28.597992]]]}},{"type":"Feature","properties":{"kind":"building"},"geometry":{"type":"Polygon","coordinates":[[[77.235858,28.597987],[77.235857,28.598095],[77.23574,28.598094],[77.235741,28.597986],[77.235858,28.597987]]]}},{"type":"Feature","properties":{"kind":"building"},"geometry":{"type":"Polygon","coordinates":[[[77.235907,28.598774],[77.235906,28.598913],[77.235769,28.598912],[77.235771,28.598773],[77.235907,28.598774]]]}},{"type":"Feature","properties":{"kind":"building"},"geometry":{"type":"Polygon","coordinates":[[[77.236297,28.603256],[77.23627,28.603345],[77.23613,28.603311],[77.236158,28.603222],[77.236297,28.603256]]]}},{"type":"Feature","properties":{"kind":"building"},"geometry":{"type":"Polygon","coordinates":[[[77.236172,28.603583],[77.236134,28.603703],[77.236045,28.603682],[77.236083,28.603561],[77.236172,28.603583]]]}},{"type":"Feature","properties":{"kind":"building"},"geometry":{"type":"Polygon","coordinates":[[[77.236488,28.603668],[77.236455,28.603773],[77.236347,28.603747],[77.23638,28.603642],[77.236488,28.603668]]]}},{"type":"Feature","properties":{"kind":"building"},"geometry":{"type":"Polygon","coordinates":[[[77.235787,28.606069],[77.235785,28.606186],[77.235693,28.606185],[77.235695,28.606067],[77.235787,28.606069]]]}},{"type":"Feature","properties":{"kind":"building"},"geometry":{"type":"Polygon","coordinates":[[[77.235424,28.606535],[77.235422,28.606672],[77.235301,28.60667],[77.235303,28.606534],[77.235424,28.606535]]]}},{"type":"Feature","properties":{"kind":"building"},"geometry":{"type":"Polygon","coordinates":[[[77.235373,28.607451],[77.235371,28.607566],[77.235255,28.607565],[77.235257,28.607449],[77.235373,28.607451]]]}},{"type":"Feature","properties":{"kind":"building"},"geometry":{"type":"Polygon","coordinates":[[[77.235744,28.607465],[77.235743,28.60756],[77.235625,28.607559],[77.235626,28.607464],[77.235744,28.607465]]]}},{"type":"Feature","properties":{"kind":"building"},"geometry":{"type":"Polygon","coordinates":[[[77.235412,28.608355],[77.235411,28.608437],[77.23531,28.608436],[77.235311,28.608354],[77.235412,28.608355]]]}},{"type":"Feature","properties":{"kind":"building"},"geometry":{"type":"Polygon","coordinates":[[[77.235749,28.608332],[77.235747,28.608469],[77.235634,28.608468],[77.235636,28.60833],[77.235749,28.608332]]]}},{"type":"Feature","properties":{"kind":"building"},"geometry":{"type":"Polygon","coordinates":[[[77.235397,28.608767],[77.235395,28.608868],[77.235288,28.608867],[77.23529,28.608766],[77.235397,28.608767]]]}},{"type":"Feature","properties":{"kind":"building"},"geometry":{"type":"Polygon","coordinates":[[[77.235749,28.60876],[77.235747,28.608885],[77.235627,28.608884],[77.23563,28.608758],[77.235749,28.60876]]]}},{"type":"Feature","properties":{"kind":"building"},"geometry":{"type":"Polygon","coordinates":[[[77.235386,28.609201],[77.235384,28.609339],[77.235275,28.609338],[77.235278,28.609199],[77.235386,28.609201]]]}},{"type":"Feature","properties":{"kind":"building"},"geometry":{"type":"Polygon","coordinates":[[[77.235693,28.610061],[77.235691,28.610174],[77.235573,28.610172],[77.235575,28.610059],[77.235693,28.610061]]]}},{"type":"Feature","properties":{"kind":"building"},"geometry":{"type":"Polygon","coordinates":[[[77.235368,28.610439],[77.235366,28.610559],[77.235232,28.610557],[77.235235,28.610437],[77.235368,28.610439]]]}},{"type":"Feature","properties":{"kind":"building"},"geometry":{"type":"Polygon","coordinates":[[[77.235734,28.610451],[77.235732,28.610558],[77.235629,28.610556],[77.235631,28.610449],[77.235734,28.610451]]]}},{"type":"Feature","properties":{"kind":"building"},"geometry":{"type":"Polygon","coordinates":[[[77.235687,28.610869],[77.235685,28.610954],[77.235534,28.610952],[77.235535,28.610867],[77.235687,28.610869]]]}},{"type":"Feature","properties":{"kind":"building"},"geometry":{"type":"Polygon","coordinates":[[[77.235299,28.612286],[77.235297,28.612391],[77.235204,28.612389],[77.235206,28.612284],[77.235299,28.612286]]]}},{"type":"Feature","properties":{"kind":"building"},"geometry":{"type":"Polygon","coordinates":[[[77.235696,28.61228],[77.235693,28.612409],[77.235559,28.612407],[77.235561,28.612277],[77.235696,28.61228]]]}},{"type":"Feature","properties":{"kind":"building"},"geometry":{"type":"Polygon","coordinates":[[[77.235636,28.614558],[77.235633,28.614694],[77.235503,28.614692],[77.235506,28.614556],[77.235636,28.614558]]]}},{"type":"Feature","properties":{"kind":"building"},"geometry":{"type":"Polygon","coordinates":[[[77.222741,28.585725],[77.222874,28.585725],[77.222874,28.585819],[77.22274,28.585818],[77.222741,28.585725]]]}},{"type":"Feature","properties":{"kind":"building"},"geometry":{"type":"Polygon","coordinates":[[[77.227233,28.586059],[77.227342,28.586059],[77.227341,28.586155],[77.227232,28.586154],[77.227233,28.586059]]]}},{"type":"Feature","properties":{"kind":"building"},"geometry":{"type":"Polygon","coordinates":[[[77.228419,28.586104],[77.228527,28.586105],[77.228526,28.586208],[77.228418,28.586208],[77.228419,28.586104]]]}},{"type":"Feature","properties":{"kind":"building"},"geometry":{"type":"Polygon","coordinates":[[[77.22842,28.585759],[77.228532,28.585759],[77.228531,28.585887],[77.228419,28.585886],[77.22842,28.585759]]]}},{"type":"Feature","properties":{"kind":"building"},"geometry":{"type":"Polygon","coordinates":[[[77.229449,28.585797],[77.229568,28.585798],[77.229567,28.585925],[77.229448,28.585924],[77.229449,28.585797]]]}},{"type":"Feature","properties":{"kind":"building"},"geometry":{"type":"Polygon","coordinates":[[[77.230996,28.586084],[77.23112,28.586085],[77.231119,28.586207],[77.230994,28.586206],[77.230996,28.586084]]]}},{"type":"Feature","properties":{"kind":"building"},"geometry":{"type":"Polygon","coordinates":[[[77.230981,28.585828],[77.23114,28.585829],[77.231139,28.585916],[77.23098,28.585915],[77.230981,28.585828]]]}},{"type":"Feature","properties":{"kind":"building"},"geometry":{"type":"Polygon","coordinates":[[[77.231969,28.585817],[77.232064,28.585818],[77.232063,28.5859],[77.231968,28.585899],[77.231969,28.585817]]]}},{"type":"Feature","properties":{"kind":"building"},"geometry":{"type":"Polygon","coordinates":[[[77.234539,28.586145],[77.234683,28.586147],[77.234681,28.586274],[77.234538,28.586273],[77.234539,28.586145]]]}},{"type":"Feature","properties":{"kind":"building"},"geometry":{"type":"Polygon","coordinates":[[[77.234533,28.585839],[77.234698,28.585841],[77.234697,28.585929],[77.234532,28.585927],[77.234533,28.585839]]]}},{"type":"Feature","properties":{"kind":"building"},"geometry":{"type":"Polygon","coordinates":[[[77.235097,28.586138],[77.23521,28.58614],[77.235209,28.586237],[77.235096,28.586236],[77.235097,28.586138]]]}},{"type":"Feature","properties":{"kind":"building"},"geometry":{"type":"Polygon","coordinates":[[[77.235553,28.586152],[77.235664,28.586154],[77.235662,28.586242],[77.235552,28.586241],[77.235553,28.586152]]]}},{"type":"Feature","properties":{"kind":"building"},"geometry":{"type":"Polygon","coordinates":[[[77.235565,28.585837],[77.23566,28.585838],[77.235659,28.585937],[77.235564,28.585936],[77.235565,28.585837]]]}},{"type":"Feature","properties":{"kind":"building"},"geometry":{"type":"Polygon","coordinates":[[[77.236563,28.586177],[77.236663,28.586178],[77.236661,28.586282],[77.236562,28.586281],[77.236563,28.586177]]]}},{"type":"Feature","properties":{"kind":"building"},"geometry":{"type":"Polygon","coordinates":[[[77.236556,28.585853],[77.236679,28.585854],[77.236677,28.585945],[77.236555,28.585944],[77.236556,28.585853]]]}},{"type":"Feature","properties":{"kind":"building"},"geometry":{"type":"Polygon","coordinates":[[[77.238574,28.58616],[77.238716,28.586162],[77.238714,28.586283],[77.238572,28.586281],[77.238574,28.58616]]]}},{"type":"Feature","properties":{"kind":"building"},"geometry":{"type":"Polygon","coordinates":[[[77.238581,28.58588],[77.238718,28.585882],[77.238717,28.585986],[77.238579,28.585984],[77.238581,28.58588]]]}},{"type":"Feature","properties":{"kind":"building"},"geometry":{"type":"Polygon","coordinates":[[[77.239088,28.585849],[77.239185,28.58585],[77.239183,28.585967],[77.239086,28.585965],[77.239088,28.585849]]]}},{"type":"Feature","properties":{"kind":"building"},"geometry":{"type":"Polygon","coordinates":[[[77.239978,28.58621],[77.240084,28.586211],[77.240082,28.586323],[77.239976,28.586321],[77.239978,28.58621]]]}},{"type":"Feature","properties":{"kind":"building"},"geometry":{"type":"Polygon","coordinates":[[[77.239989,28.585857],[77.240085,28.585858],[77.240083,28.58596],[77.239987,28.585958],[77.239989,28.585857]]]}},{"type":"Feature","properties":{"kind":"building"},"geometry":{"type":"Polygon","coordinates":[[[77.24068,28.586207],[77.240852,28.586189],[77.240863,28.586277],[77.240691,28.586294],[77.24068,28.586207]]]}},{"type":"Feature","properties":{"kind":"building"},"geometry":{"type":"Polygon","coordinates":[[[77.240665,28.58588],[77.240783,28.585868],[77.240794,28.585959],[77.240677,28.58597],[77.240665,28.58588]]]}},{"type":"Feature","properties":{"kind":"building"},"geometry":{"type":"Polygon","coordinates":[[[77.241142,28.586117],[77.241274,28.586104],[77.241291,28.586236],[77.241159,28.586249],[77.241142,28.586117]]]}},{"type":"Feature","properties":{"kind":"building"},"geometry":{"type":"Polygon","coordinates":[[[77.241094,28.585828],[77.241247,28.585813],[77.24126,28.585912],[77.241107,28.585928],[77.241094,28.585828]]]}},{"type":"Feature","properties":{"kind":"building"},"geometry":{"type":"Polygon","coordinates":[[[77.245126,28.585856],[77.245279,28.585871],[77.245268,28.585956],[77.245116,28.585941],[77.245126,28.585856]]]}},{"type":"Feature","properties":{"kind":"building"},"geometry":{"type":"Polygon","coordinates":[[[77.246168,28.585906],[77.2463,28.585919],[77.246284,28.586045],[77.246152,28.586032],[77.246168,28.585906]]]}},{"type":"Feature","properties":{"kind":"building"},"geometry":{"type":"Polygon","coordinates":[[[77.246839,28.586302],[77.246936,28.586304],[77.246933,28.586427],[77.246837,28.586425],[77.246839,28.586302]]]}},{"type":"Feature","properties":{"kind":"building"},"geometry":{"type":"Polygon","coordinates":[[[77.246837,28.586014],[77.246951,28.586016],[77.246949,28.586102],[77.246835,28.5861],[77.246837,28.586014]]]}},{"type":"Feature","properties":{"kind":"building"},"geometry":{"type":"Polygon","coordinates":[[[77.247317,28.58633],[77.247438,28.586332],[77.247436,28.586415],[77.247315,28.586413],[77.247317,28.58633]]]}},{"type":"Feature","properties":{"kind":"building"},"geometry":{"type":"Polygon","coordinates":[[[77.247336,28.585974],[77.247434,28.585975],[77.247432,28.586068],[77.247334,28.586066],[77.247336,28.585974]]]}},{"type":"Feature","properties":{"kind":"building"},"geometry":{"type":"Polygon","coordinates":[[[77.247854,28.586343],[77.24795,28.586345],[77.247948,28.586447],[77.247852,28.586446],[77.247854,28.586343]]]}},{"type":"Feature","properties":{"kind":"building"},"geometry":{"type":"Polygon","coordinates":[[[77.247851,28.585984],[77.247969,28.585986],[77.247967,28.586108],[77.247848,28.586106],[77.247851,28.585984]]]}},{"type":"Feature","properties":{"kind":"building"},"geometry":{"type":"Polygon","coordinates":[[[77.248351,28.585989],[77.24846,28.585991],[77.248458,28.586089],[77.248349,28.586087],[77.248351,28.585989]]]}},{"type":"Feature","properties":{"kind":"building"},"geometry":{"type":"Polygon","coordinates":[[[77.248891,28.586343],[77.249013,28.586345],[77.249011,28.586467],[77.248888,28.586465],[77.248891,28.586343]]]}},{"type":"Feature","properties":{"kind":"building"},"geometry":{"type":"Polygon","coordinates":[[[77.248893,28.586042],[77.249025,28.586044],[77.249022,28.586153],[77.248891,28.586151],[77.248893,28.586042]]]}},{"type":"Feature","properties":{"kind":"building"},"geometry":{"type":"Polygon","coordinates":[[[77.24939,28.586373],[77.249496,28.586375],[77.249494,28.586474],[77.249388,28.586472],[77.24939,28.586373]]]}},{"type":"Feature","properties":{"kind":"building"},"geometry":{"type":"Polygon","coordinates":[[[77.249381,28.586044],[77.249519,28.586047],[77.249517,28.586136],[77.249379,28.586134],[77.249381,28.586044]]]}},{"type":"Feature","properties":{"kind":"building"},"geometry":{"type":"Polygon","coordinates":[[[77.249879,28.586349],[77.250034,28.586351],[77.250031,28.586478],[77.249877,28.586476],[77.249879,28.586349]]]}},{"type":"Feature","properties":{"kind":"building"},"geometry":{"type":"Polygon","coordinates":[[[77.249893,28.586019],[77.250036,28.586021],[77.250033,28.586121],[77.249891,28.586119],[77.249893,28.586019]]]}},{"type":"Feature","properties":{"kind":"building"},"geometry":{"type":"Polygon","coordinates":[[[77.251403,28.586373],[77.251541,28.586375],[77.251539,28.58648],[77.2514,28.586477],[77.251403,28.586373]]]}},{"type":"Feature","properties":{"kind":"building"},"geometry":{"type":"Polygon","coordinates":[[[77.256495,28.586095],[77.256635,28.586081],[77.256646,28.586164],[77.256506,28.586178],[77.256495,28.586095]]]}},{"type":"Feature","properties":{"kind":"building"},"geometry":{"type":"Polygon","coordinates":[[[77.256462,28.585723],[77.256575,28.585712],[77.256588,28.585813],[77.256475,28.585824],[77.256462,28.585723]]]}},{"type":"Feature","properties":{"kind":"building"},"geometry":{"type":"Polygon","coordinates":[[[77.256901,28.586051],[77.257044,28.586037],[77.257056,28.58613],[77.256913,28.586144],[77.256901,28.586051]]]}},{"type":"Feature","properties":{"kind":"building"},"geometry":{"type":"Polygon","coordinates":[[[77.256862,28.585737],[77.257004,28.585723],[77.257015,28.585813],[77.256873,28.585827],[77.256862,28.585737]]]}},{"type":"Feature","properties":{"kind":"building"},"geometry":{"type":"Polygon","coordinates":[[[77.257859,28.585962],[77.258027,28.585946],[77.258039,28.586041],[77.257871,28.586057],[77.257859,28.585962]]]}},{"type":"Feature","properties":{"kind":"building"},"geometry":{"type":"Polygon","coordinates":[[[77.257835,28.585627],[77.257966,28.585615],[77.257982,28.585738],[77.257851,28.585751],[77.257835,28.585627]]]}},{"type":"Feature","properties":{"kind":"building"},"geometry":{"type":"Polygon","coordinates":[[[77.25882,28.58579],[77.258925,28.58578],[77.258941,28.585905],[77.258836,28.585915],[77.25882,28.58579]]]}},{"type":"Feature","properties":{"kind":"building"},"geometry":{"type":"Polygon","coordinates":[[[77.268311,28.58671],[77.268433,28.586712],[77.26843,28.586845],[77.268308,28.586842],[77.268311,28.58671]]]}},{"type":"Feature","properties":{"kind":"building"},"geometry":{"type":"Polygon","coordinates":[[[77.268307,28.586395],[77.268452,28.586398],[77.26845,28.586484],[77.268305,28.586481],[77.268307,28.586395]]]}},{"type":"Feature","properties":{"kind":"building"},"geometry":{"type":"Polygon","coordinates":[[[77.269314,28.58675],[77.269411,28.586752],[77.269409,28.586839],[77.269312,28.586837],[77.269314,28.58675]]]}},{"type":"Feature","properties":{"kind":"building"},"geometry":{"type":"Polygon","coordinates":[[[77.269722,28.586439],[77.269881,28.586442],[77.269879,28.586553],[77.269719,28.58655],[77.269722,28.586439]]]}},{"type":"Feature","properties":{"kind":"building"},"geometry":{"type":"Polygon","coordinates":[[[77.270276,28.586704],[77.270394,28.586706],[77.270391,28.586837],[77.270273,28.586835],[77.270276,28.586704]]]}},{"type":"Feature","properties":{"kind":"building"},"geometry":{"type":"Polygon","coordinates":[[[77.270275,28.586414],[77.27041,28.586416],[77.270408,28.586501],[77.270273,28.586498],[77.270275,28.586414]]]}},{"type":"Feature","properties":{"kind":"building"},"geometry":{"type":"Polygon","coordinates":[[[77.271836,28.58674],[77.271989,28.586743],[77.271986,28.586871],[77.271833,28.586868],[77.271836,28.58674]]]}},{"type":"Feature","properties":{"kind":"building"},"geometry":{"type":"Polygon","coordinates":[[[77.271836,28.58643],[77.272004,28.586433],[77.272001,28.586535],[77.271834,28.586532],[77.271836,28.58643]]]}},{"type":"Feature","properties":{"kind":"building"},"geometry":{"type":"Polygon","coordinates":[[[77.272322,28.586776],[77.272478,28.586779],[77.272476,28.586873],[77.27232,28.58687],[77.272322,28.586776]]]}},{"type":"Feature","properties":{"kind":"building"},"geometry":{"type":"Polygon","coordinates":[[[77.27281,28.586793],[77.272974,28.586796],[77.272971,28.586916],[77.272808,28.586913],[77.27281,28.586793]]]}},{"type":"Feature","properties":{"kind":"building"},"geometry":{"type":"Polygon","coordinates":[[[77.272818,28.586463],[77.272982,28.586466],[77.272979,28.586601],[77.272815,28.586598],[77.272818,28.586463]]]}},{"type":"Feature","properties":{"kind":"building"},"geometry":{"type":"Polygon","coordinates":[[[77.273784,28.586466],[77.273899,28.586468],[77.273896,28.586593],[77.273781,28.586591],[77.273784,28.586466]]]}},{"type":"Feature","properties":{"kind":"building"},"geometry":{"type":"Polygon","coordinates":[[[77.275872,28.586848],[77.275973,28.58685],[77.275971,28.586951],[77.27587,28.586949],[77.275872,28.586848]]]}},{"type":"Feature","properties":{"kind":"building"},"geometry":{"type":"Polygon","coordinates":[[[77.275863,28.586519],[77.275996,28.586522],[77.275994,28.586626],[77.275861,28.586624],[77.275863,28.586519]]]}},{"type":"Feature","properties":{"kind":"building"},"geometry":{"type":"Polygon","coordinates":[[[77.276273,28.586837],[77.276444,28.58684],[77.276442,28.586924],[77.276271,28.586921],[77.276273,28.586837]]]}},{"type":"Feature","properties":{"kind":"building"},"geometry":{"type":"Polygon","coordinates":[[[77.276286,28.586521],[77.276444,28.586524],[77.276441,28.586658],[77.276283,28.586655],[77.276286,28.586521]]]}},{"type":"Feature","properties":{"kind":"building"},"geometry":{"type":"Polygon","coordinates":[[[77.277505,28.586877],[77.277656,28.58688],[77.277654,28.58697],[77.277503,28.586968],[77.277505,28.586877]]]}},{"type":"Feature","properties":{"kind":"building"},"geometry":{"type":"Polygon","coordinates":[[[77.280601,28.586888],[77.2807,28.58689],[77.280698,28.587024],[77.280598,28.587023],[77.280601,28.586888]]]}},{"type":"Feature","properties":{"kind":"building"},"geometry":{"type":"Polygon","coordinates":[[[77.281157,28.586944],[77.281284,28.586946],[77.281282,28.587056],[77.281155,28.587054],[77.281157,28.586944]]]}},{"type":"Feature","properties":{"kind":"building"},"geometry":{"type":"Polygon","coordinates":[[[77.281153,28.586624],[77.2813,28.586626],[77.281298,28.58672],[77.281151,28.586718],[77.281153,28.586624]]]}},{"type":"Feature","properties":{"kind":"building"},"geometry":{"type":"Polygon","coordinates":[[[77.242774,28.564618],[77.242776,28.564703],[77.24267,28.564705],[77.242668,28.56462],[77.242774,28.564618]]]}},{"type":"Feature","properties":{"kind":"building"},"geometry":{"type":"Polygon","coordinates":[[[77.24314,28.564599],[77.243143,28.564706],[77.242994,28.564709],[77.242991,28.564602],[77.24314,28.564599]]]}},{"type":"Feature","properties":{"kind":"building"},"geometry":{"type":"Polygon","coordinates":[[[77.242792,28.566046],[77.242795,28.566187],[77.242658,28.56619],[77.242654,28.566048],[77.242792,28.566046]]]}},{"type":"Feature","properties":{"kind":"building"},"geometry":{"type":"Polygon","coordinates":[[[77.243189,28.566043],[77.243193,28.566173],[77.243078,28.566175],[77.243075,28.566046],[77.243189,28.566043]]]}},{"type":"Feature","properties":{"kind":"building"},"geometry":{"type":"Polygon","coordinates":[[[77.242828,28.567266],[77.242831,28.567355],[77.242682,28.567358],[77.242679,28.567269],[77.242828,28.567266]]]}},{"type":"Feature","properties":{"kind":"building"},"geometry":{"type":"Polygon","coordinates":[[[77.243201,28.567232],[77.243205,28.567373],[77.243056,28.567376],[77.243052,28.567235],[77.243201,28.567232]]]}},{"type":"Feature","properties":{"kind":"building"},"geometry":{"type":"Polygon","coordinates":[[[77.242957,28.571032],[77.24296,28.571153],[77.242836,28.571155],[77.242833,28.571035],[77.242957,28.571032]]]}},{"type":"Feature","properties":{"kind":"building"},"geometry":{"type":"Polygon","coordinates":[[[77.243295,28.571031],[77.243298,28.57114],[77.243174,28.571143],[77.243172,28.571034],[77.243295,28.571031]]]}},{"type":"Feature","properties":{"kind":"building"},"geometry":{"type":"Polygon","coordinates":[[[77.242977,28.573109],[77.24298,28.573221],[77.24285,28.573224],[77.242847,28.573111],[77.242977,28.573109]]]}},{"type":"Feature","properties":{"kind":"building"},"geometry":{"type":"Polygon","coordinates":[[[77.243381,28.573111],[77.243384,28.573203],[77.243285,28.573205],[77.243283,28.573113],[77.243381,28.573111]]]}},{"type":"Feature","properties":{"kind":"building"},"geometry":{"type":"Polygon","coordinates":[[[77.24303,28.574983],[77.243032,28.575071],[77.242891,28.575074],[77.242888,28.574986],[77.24303,28.574983]]]}},{"type":"Feature","properties":{"kind":"building"},"geometry":{"type":"Polygon","coordinates":[[[77.243044,28.575475],[77.243047,28.575564],[77.242917,28.575566],[77.242915,28.575478],[77.243044,28.575475]]]}},{"type":"Feature","properties":{"kind":"building"},"geometry":{"type":"Polygon","coordinates":[[[77.243452,28.575459],[77.243455,28.575564],[77.243324,28.575566],[77.243321,28.575462],[77.243452,28.575459]]]}},{"type":"Feature","properties":{"kind":"building"},"geometry":{"type":"Polygon","coordinates":[[[77.243413,28.576419],[77.243415,28.576534],[77.243305,28.576536],[77.243302,28.576421],[77.243413,28.576419]]]}},{"type":"Feature","properties":{"kind":"building"},"geometry":{"type":"Polygon","coordinates":[[[77.243136,28.577729],[77.243138,28.577834],[77.242993,28.577836],[77.24299,28.577731],[77.243136,28.577729]]]}},{"type":"Feature","properties":{"kind":"building"},"geometry":{"type":"Polygon","coordinates":[[[77.243473,28.577727],[77.243475,28.577823],[77.243325,28.577826],[77.243322,28.577729],[77.243473,28.577727]]]}},{"type":"Feature","properties":{"kind":"building"},"geometry":{"type":"Polygon","coordinates":[[[77.24313,28.578496],[77.243134,28.578626],[77.243017,28.578628],[77.243014,28.578498],[77.24313,28.578496]]]}},{"type":"Feature","properties":{"kind":"building"},"geometry":{"type":"Polygon","coordinates":[[[77.243482,28.578485],[77.243485,28.578624],[77.243364,28.578626],[77.243361,28.578487],[77.243482,28.578485]]]}},{"type":"Feature","properties":{"kind":"building"},"geometry":{"type":"Polygon","coordinates":[[[77.243136,28.579532],[77.243138,28.579648],[77.242994,28.579651],[77.242991,28.579535],[77.243136,28.579532]]]}},{"type":"Feature","properties":{"kind":"building"},"geometry":{"type":"Polygon","coordinates":[[[77.243524,28.579541],[77.243526,28.579627],[77.243396,28.57963],[77.243395,28.579543],[77.243524,28.579541]]]}},{"type":"Feature","properties":{"kind":"building"},"geometry":{"type":"Polygon","coordinates":[[[77.243138,28.579939],[77.24314,28.580035],[77.243046,28.580036],[77.243043,28.579941],[77.243138,28.579939]]]}},{"type":"Feature","properties":{"kind":"building"},"geometry":{"type":"Polygon","coordinates":[[[77.243206,28.581182],[77.243209,28.58131],[77.243096,28.581311],[77.243093,28.581184],[77.243206,28.581182]]]}},{"type":"Feature","properties":{"kind":"building"},"geometry":{"type":"Polygon","coordinates":[[[77.243573,28.58118],[77.243576,28.581299],[77.243439,28.581301],[77.243436,28.581183],[77.243573,28.58118]]]}},{"type":"Feature","properties":{"kind":"building"},"geometry":{"type":"Polygon","coordinates":[[[77.2432,28.581805],[77.243203,28.581939],[77.243097,28.58194],[77.243095,28.581806],[77.2432,28.581805]]]}},{"type":"Feature","properties":{"kind":"building"},"geometry":{"type":"Polygon","coordinates":[[[77.243547,28.581796],[77.243549,28.581937],[77.243417,28.581939],[77.243415,28.581798],[77.243547,28.581796]]]}},{"type":"Feature","properties":{"kind":"building"},"geometry":{"type":"Polygon","coordinates":[[[77.243257,28.582297],[77.24326,28.582428],[77.243124,28.58243],[77.243122,28.582299],[77.243257,28.582297]]]}},{"type":"Feature","properties":{"kind":"building"},"geometry":{"type":"Polygon","coordinates":[[[77.243583,28.582296],[77.243585,28.58242],[77.24348,28.582421],[77.243478,28.582297],[77.243583,28.582296]]]}},{"type":"Feature","properties":{"kind":"building"},"geometry":{"type":"Polygon","coordinates":[[[77.243187,28.583158],[77.243176,28.583251],[77.243038,28.583239],[77.243048,28.583146],[77.243187,28.583158]]]}},{"type":"Feature","properties":{"kind":"building"},"geometry":{"type":"Polygon","coordinates":[[[77.243552,28.583164],[77.243536,28.583306],[77.243438,28.583298],[77.243454,28.583156],[77.243552,28.583164]]]}},{"type":"Feature","properties":{"kind":"building"},"geometry":{"type":"Polygon","coordinates":[[[77.24315,28.583926],[77.243137,28.584039],[77.243011,28.584028],[77.243023,28.583915],[77.24315,28.583926]]]}},{"type":"Feature","properties":{"kind":"building"},"geometry":{"type":"Polygon","coordinates":[[[77.243469,28.583957],[77.243458,28.584063],[77.243343,28.584053],[77.243355,28.583947],[77.243469,28.583957]]]}},{"type":"Feature","properties":{"kind":"building"},"geometry":{"type":"Polygon","coordinates":[[[77.243108,28.58769],[77.24312,28.587802],[77.242997,28.587813],[77.242985,28.5877],[77.243108,28.58769]]]}},{"type":"Feature","properties":{"kind":"building"},"geometry":{"type":"Polygon","coordinates":[[[77.243464,28.587658],[77.243477,28.587774],[77.243364,28.587784],[77.243351,28.587668],[77.243464,28.587658]]]}},{"type":"Feature","properties":{"kind":"building"},"geometry":{"type":"Polygon","coordinates":[[[77.243141,28.588142],[77.243152,28.588245],[77.243013,28.588257],[77.243002,28.588154],[77.243141,28.588142]]]}},{"type":"Feature","properties":{"kind":"building"},"geometry":{"type":"Polygon","coordinates":[[[77.243894,28.599324],[77.243838,28.599459],[77.243713,28.599419],[77.243768,28.599284],[77.243894,28.599324]]]}},{"type":"Feature","properties":{"kind":"building"},"geometry":{"type":"Polygon","coordinates":[[[77.244194,28.599421],[77.24414,28.599554],[77.244003,28.599511],[77.244058,28.599378],[77.244194,28.599421]]]}},{"type":"Feature","properties":{"kind":"building"},"geometry":{"type":"Polygon","coordinates":[[[77.243687,28.599815],[77.24365,28.599906],[77.243557,28.599877],[77.243595,28.599785],[77.243687,28.599815]]]}},{"type":"Feature","properties":{"kind":"building"},"geometry":{"type":"Polygon","coordinates":[[[77.243871,28.600234],[77.243816,28.600367],[77.243722,28.600337],[77.243777,28.600204],[77.243871,28.600234]]]}},{"type":"Feature","properties":{"kind":"building"},"geometry":{"type":"Polygon","coordinates":[[[77.243346,28.600616],[77.243284,28.600753],[77.243171,28.600713],[77.243233,28.600576],[77.243346,28.600616]]]}},{"type":"Feature","properties":{"kind":"building"},"geometry":{"type":"Polygon","coordinates":[[[77.243511,28.601098],[77.243454,28.601222],[77.24334,28.601182],[77.243397,28.601058],[77.243511,28.601098]]]}},{"type":"Feature","properties":{"kind":"building"},"geometry":{"type":"Polygon","coordinates":[[[77.242728,28.603691],[77.242762,28.603799],[77.242653,28.603825],[77.24262,28.603716],[77.242728,28.603691]]]}},{"type":"Feature","properties":{"kind":"building"},"geometry":{"type":"Polygon","coordinates":[[[77.242785,28.604058],[77.242824,28.604185],[77.2427,28.604214],[77.242661,28.604087],[77.242785,28.604058]]]}},{"type":"Feature","properties":{"kind":"building"},"geometry":{"type":"Polygon","coordinates":[[[77.243186,28.60397],[77.243221,28.604085],[77.24309,28.604116],[77.243055,28.604001],[77.243186,28.60397]]]}},{"type":"Feature","properties":{"kind":"building"},"geometry":{"type":"Polygon","coordinates":[[[77.243534,28.605233],[77.243564,28.605332],[77.243424,28.605365],[77.243394,28.605266],[77.243534,28.605233]]]}},{"type":"Feature","properties":{"kind":"building"},"geometry":{"type":"Polygon","coordinates":[[[77.243294,28.605703],[77.243325,28.605806],[77.243214,28.605832],[77.243182,28.605729],[77.243294,28.605703]]]}},{"type":"Feature","properties":{"kind":"building"},"geometry":{"type":"Polygon","coordinates":[[[77.243399,28.606058],[77.243397,28.606189],[77.243245,28.606188],[77.243246,28.606057],[77.243399,28.606058]]]}},{"type":"Feature","properties":{"kind":"building"},"geometry":{"type":"Polygon","coordinates":[[[77.243725,28.606052],[77.243724,28.6062],[77.243596,28.606199],[77.243597,28.606051],[77.243725,28.606052]]]}},{"type":"Feature","properties":{"kind":"building"},"geometry":{"type":"Polygon","coordinates":[[[77.243386,28.606864],[77.243385,28.606973],[77.243245,28.606972],[77.243246,28.606863],[77.243386,28.606864]]]}},{"type":"Feature","properties":{"kind":"building"},"geometry":{"type":"Polygon","coordinates":[[[77.243702,28.60688],[77.243701,28.606962],[77.243601,28.606961],[77.243602,28.606879],[77.243702,28.60688]]]}},{"type":"Feature","properties":{"kind":"building"},"geometry":{"type":"Polygon","coordinates":[[[77.243362,28.608118],[77.243361,28.608268],[77.243219,28.608267],[77.243221,28.608117],[77.243362,28.608118]]]}},{"type":"Feature","properties":{"kind":"building"},"geometry":{"type":"Polygon","coordinates":[[[77.243381,28.609182],[77.24338,28.609281],[77.243237,28.60928],[77.243238,28.60918],[77.243381,28.609182]]]}},{"type":"Feature","properties":{"kind":"building"},"geometry":{"type":"Polygon","coordinates":[[[77.243687,28.609189],[77.243686,28.60928],[77.243581,28.609279],[77.243582,28.609188],[77.243687,28.609189]]]}},{"type":"Feature","properties":{"kind":"building"},"geometry":{"type":"Polygon","coordinates":[[[77.243707,28.609672],[77.243706,28.609768],[77.243598,28.609767],[77.243599,28.609671],[77.243707,28.609672]]]}},{"type":"Feature","properties":{"kind":"building"},"geometry":{"type":"Polygon","coordinates":[[[77.243261,28.614137],[77.243259,28.614278],[77.243134,28.614276],[77.243136,28.614135],[77.243261,28.614137]]]}},{"type":"Feature","properties":{"kind":"building"},"geometry":{"type":"Polygon","coordinates":[[[77.243641,28.614172],[77.24364,28.614253],[77.243503,28.614251],[77.243505,28.61417],[77.243641,28.614172]]]}},{"type":"Feature","properties":{"kind":"building"},"geometry":{"type":"Polygon","coordinates":[[[77.243239,28.615436],[77.243238,28.615518],[77.24312,28.615517],[77.243121,28.615435],[77.243239,28.615436]]]}},{"type":"Feature","properties":{"kind":"building"},"geometry":{"type":"Polygon","coordinates":[[[77.24362,28.615413],[77.243617,28.615552],[77.243496,28.61555],[77.243499,28.615412],[77.24362,28.615413]]]}},{"type":"Feature","properties":{"kind":"building"},"geometry":{"type":"Polygon","coordinates":[[[77.243199,28.615891],[77.243197,28.616037],[77.243101,28.616036],[77.243103,28.615889],[77.243199,28.615891]]]}},{"type":"Feature","properties":{"kind":"building"},"geometry":{"type":"Polygon","coordinates":[[[77.243559,28.615912],[77.243557,28.616026],[77.243436,28.616024],[77.243438,28.61591],[77.243559,28.615912]]]}},{"type":"Feature","properties":{"kind":"building"},"geometry":{"type":"Polygon","coordinates":[[[77.243197,28.61766],[77.243194,28.617797],[77.243086,28.617795],[77.243089,28.617658],[77.243197,28.61766]]]}},{"type":"Feature","properties":{"kind":"building"},"geometry":{"type":"Polygon","coordinates":[[[77.243564,28.617689],[77.243562,28.61778],[77.243423,28.617777],[77.243425,28.617687],[77.243564,28.617689]]]}},{"type":"Feature","properties":{"kind":"building"},"geometry":{"type":"Polygon","coordinates":[[[77.243158,28.618977],[77.243155,28.619126],[77.243036,28.619124],[77.243039,28.618975],[77.243158,28.618977]]]}},{"type":"Feature","properties":{"kind":"building"},"geometry":{"type":"Polygon","coordinates":[[[77.243506,28.619545],[77.243504,28.619661],[77.243357,28.619658],[77.243359,28.619543],[77.243506,28.619545]]]}},{"type":"Feature","properties":{"kind":"building"},"geometry":{"type":"Polygon","coordinates":[[[77.219196,28.599901],[77.219334,28.599902],[77.219333,28.599995],[77.219195,28.599994],[77.219196,28.599901]]]}},{"type":"Feature","properties":{"kind":"building"},"geometry":{"type":"Polygon","coordinates":[[[77.21966,28.599925],[77.219762,28.599926],[77.219761,28.600025],[77.219659,28.600024],[77.21966,28.599925]]]}},{"type":"Feature","properties":{"kind":"building"},"geometry":{"type":"Polygon","coordinates":[[[77.219647,28.599545],[77.219785,28.599546],[77.219783,28.599671],[77.219646,28.59967],[77.219647,28.599545]]]}},{"type":"Feature","properties":{"kind":"building"},"geometry":{"type":"Polygon","coordinates":[[[77.220607,28.599561],[77.22078,28.599563],[77.220778,28.599681],[77.220606,28.59968],[77.220607,28.599561]]]}},{"type":"Feature","properties":{"kind":"building"},"geometry":{"type":"Polygon","coordinates":[[[77.221054,28.599896],[77.221214,28.599897],[77.221212,28.600011],[77.221053,28.60001],[77.221054,28.599896]]]}},{"type":"Feature","properties":{"kind":"building"},"geometry":{"type":"Polygon","coordinates":[[[77.22274,28.599901],[77.222871,28.599903],[77.222869,28.600031],[77.222738,28.600029],[77.22274,28.599901]]]}},{"type":"Feature","properties":{"kind":"building"},"geometry":{"type":"Polygon","coordinates":[[[77.222725,28.59964],[77.222894,28.599642],[77.222892,28.599734],[77.222723,28.599732],[77.222725,28.59964]]]}},{"type":"Feature","properties":{"kind":"building"},"geometry":{"type":"Polygon","coordinates":[[[77.22318,28.599921],[77.223318,28.599922],[77.223316,28.600024],[77.223179,28.600022],[77.22318,28.599921]]]}},{"type":"Feature","properties":{"kind":"building"},"geometry":{"type":"Polygon","coordinates":[[[77.224591,28.59964],[77.224744,28.599642],[77.224742,28.599768],[77.224589,28.599766],[77.224591,28.59964]]]}},{"type":"Feature","properties":{"kind":"building"},"geometry":{"type":"Polygon","coordinates":[[[77.225317,28.599976],[77.22549,28.599978],[77.225488,28.600098],[77.225315,28.600096],[77.225317,28.599976]]]}},{"type":"Feature","properties":{"kind":"building"},"geometry":{"type":"Polygon","coordinates":[[[77.226736,28.59997],[77.226836,28.599971],[77.226834,28.600063],[77.226735,28.600062],[77.226736,28.59997]]]}},{"type":"Feature","properties":{"kind":"building"},"geometry":{"type":"Polygon","coordinates":[[[77.226735,28.599694],[77.226847,28.599696],[77.226845,28.599779],[77.226733,28.599778],[77.226735,28.599694]]]}},{"type":"Feature","properties":{"kind":"building"},"geometry":{"type":"Polygon","coordinates":[[[77.227242,28.599982],[77.22736,28.599984],[77.227358,28.600118],[77.22724,28.600116],[77.227242,28.599982]]]}},{"type":"Feature","properties":{"kind":"building"},"geometry":{"type":"Polygon","coordinates":[[[77.227226,28.599649],[77.227388,28.599652],[77.227386,28.599771],[77.227224,28.599769],[77.227226,28.599649]]]}},{"type":"Feature","properties":{"kind":"building"},"geometry":{"type":"Polygon","coordinates":[[[77.227655,28.599961],[77.227824,28.599964],[77.227822,28.600089],[77.227653,28.600087],[77.227655,28.599961]]]}},{"type":"Feature","properties":{"kind":"building"},"geometry":{"type":"Polygon","coordinates":[[[77.227657,28.599717],[77.22783,28.599719],[77.227829,28.599804],[77.227656,28.599801],[77.227657,28.599717]]]}},{"type":"Feature","properties":{"kind":"building"},"geometry":{"type":"Polygon","coordinates":[[[77.230295,28.600039],[77.230414,28.60004],[77.230412,28.600134],[77.230293,28.600133],[77.230295,28.600039]]]}},{"type":"Feature","properties":{"kind":"building"},"geometry":{"type":"Polygon","coordinates":[[[77.230287,28.599718],[77.230433,28.59972],[77.230431,28.59985],[77.230285,28.599848],[77.230287,28.599718]]]}},{"type":"Feature","properties":{"kind":"building"},"geometry":{"type":"Polygon","coordinates":[[[77.231469,28.600048],[77.231615,28.60005],[77.231612,28.600172],[77.231466,28.60017],[77.231469,28.600048]]]}},{"type":"Feature","properties":{"kind":"building"},"geometry":{"type":"Polygon","coordinates":[[[77.231499,28.599753],[77.231595,28.599754],[77.231593,28.599843],[77.231497,28.599842],[77.231499,28.599753]]]}},{"type":"Feature","properties":{"kind":"building"},"geometry":{"type":"Polygon","coordinates":[[[77.232926,28.600053],[77.233093,28.600056],[77.233091,28.600179],[77.232924,28.600177],[77.232926,28.600053]]]}},{"type":"Feature","properties":{"kind":"building"},"geometry":{"type":"Polygon","coordinates":[[[77.233372,28.600037],[77.2335,28.600039],[77.233498,28.600157],[77.233369,28.600155],[77.233372,28.600037]]]}},{"type":"Feature","properties":{"kind":"building"},"geometry":{"type":"Polygon","coordinates":[[[77.235911,28.599939],[77.236025,28.599928],[77.236036,28.600019],[77.235921,28.60003],[77.235911,28.599939]]]}},{"type":"Feature","properties":{"kind":"building"},"geometry":{"type":"Polygon","coordinates":[[[77.235867,28.599651],[77.236001,28.599638],[77.236012,28.599731],[77.235877,28.599743],[77.235867,28.599651]]]}},{"type":"Feature","properties":{"kind":"building"},"geometry":{"type":"Polygon","coordinates":[[[77.236392,28.599886],[77.236491,28.599877],[77.236502,28.599972],[77.236403,28.599981],[77.236392,28.599886]]]}},{"type":"Feature","properties":{"kind":"building"},"geometry":{"type":"Polygon","coordinates":[[[77.236335,28.599588],[77.236477,28.599575],[77.236487,28.599663],[77.236345,28.599676],[77.236335,28.599588]]]}},{"type":"Feature","properties":{"kind":"building"},"geometry":{"type":"Polygon","coordinates":[[[77.236862,28.599883],[77.236978,28.599873],[77.23699,28.599971],[77.236873,28.599982],[77.236862,28.599883]]]}},{"type":"Feature","properties":{"kind":"building"},"geometry":{"type":"Polygon","coordinates":[[[77.236827,28.599559],[77.236937,28.599549],[77.23695,28.599656],[77.236839,28.599666],[77.236827,28.599559]]]}},{"type":"Feature","properties":{"kind":"building"},"geometry":{"type":"Polygon","coordinates":[[[77.23729,28.599809],[77.237384,28.5998],[77.237393,28.599883],[77.2373,28.599892],[77.23729,28.599809]]]}},{"type":"Feature","properties":{"kind":"building"},"geometry":{"type":"Polygon","coordinates":[[[77.237228,28.599528],[77.237379,28.599514],[77.237389,28.599603],[77.237238,28.599617],[77.237228,28.599528]]]}},{"type":"Feature","properties":{"kind":"building"},"geometry":{"type":"Polygon","coordinates":[[[77.241611,28.600201],[77.24177,28.600204],[77.241767,28.60033],[77.241608,28.600327],[77.241611,28.600201]]]}},{"type":"Feature","properties":{"kind":"building"},"geometry":{"type":"Polygon","coordinates":[[[77.241612,28.599878],[77.241781,28.599881],[77.241779,28.599977],[77.24161,28.599975],[77.241612,28.599878]]]}},{"type":"Feature","properties":{"kind":"building"},"geometry":{"type":"Polygon","coordinates":[[[77.242106,28.599907],[77.242226,28.599909],[77.242223,28.600031],[77.242103,28.60003],[77.242106,28.599907]]]}},{"type":"Feature","properties":{"kind":"building"},"geometry":{"type":"Polygon","coordinates":[[[77.242591,28.600194],[77.242717,28.600196],[77.242715,28.600309],[77.242588,28.600307],[77.242591,28.600194]]]}},{"type":"Feature","properties":{"kind":"building"},"geometry":{"type":"Polygon","coordinates":[[[77.242603,28.599901],[77.242717,28.599903],[77.242715,28.599984],[77.242601,28.599982],[77.242603,28.599901]]]}},{"type":"Feature","properties":{"kind":"building"},"geometry":{"type":"Polygon","coordinates":[[[77.243145,28.59989],[77.243248,28.599892],[77.243246,28.599992],[77.243143,28.599991],[77.243145,28.59989]]]}},{"type":"Feature","properties":{"kind":"building"},"geometry":{"type":"Polygon","coordinates":[[[77.243757,28.600224],[77.24388,28.600226],[77.243878,28.600357],[77.243754,28.600355],[77.243757,28.600224]]]}},{"type":"Feature","properties":{"kind":"building"},"geometry":{"type":"Polygon","coordinates":[[[77.243745,28.599904],[77.243906,28.599907],[77.243903,28.600034],[77.243742,28.600031],[77.243745,28.599904]]]}},{"type":"Feature","properties":{"kind":"building"},"geometry":{"type":"Polygon","coordinates":[[[77.244315,28.600233],[77.244467,28.600236],[77.244465,28.600362],[77.244312,28.60036],[77.244315,28.600233]]]}},{"type":"Feature","properties":{"kind":"building"},"geometry":{"type":"Polygon","coordinates":[[[77.244317,28.599898],[77.244479,28.599901],[77.244477,28.600008],[77.244315,28.600005],[77.244317,28.599898]]]}},{"type":"Feature","properties":{"kind":"building"},"geometry":{"type":"Polygon","coordinates":[[[77.244874,28.600239],[77.245023,28.600241],[77.24502,28.600369],[77.244872,28.600366],[77.244874,28.600239]]]}},{"type":"Feature","properties":{"kind":"building"},"geometry":{"type":"Polygon","coordinates":[[[77.246203,28.599925],[77.246343,28.599928],[77.246341,28.600035],[77.246201,28.600032],[77.246203,28.599925]]]}},{"type":"Feature","properties":{"kind":"building"},"geometry":{"type":"Polygon","coordinates":[[[77.246809,28.600263],[77.246967,28.600265],[77.246965,28.600381],[77.246807,28.600378],[77.246809,28.600263]]]}},{"type":"Feature","properties":{"kind":"building"},"geometry":{"type":"Polygon","coordinates":[[[77.246841,28.599933],[77.246949,28.599934],[77.246946,28.600065],[77.246838,28.600063],[77.246841,28.599933]]]}},{"type":"Feature","properties":{"kind":"building"},"geometry":{"type":"Polygon","coordinates":[[[77.247324,28.60028],[77.247469,28.600282],[77.247467,28.60039],[77.247322,28.600387],[77.247324,28.60028]]]}},{"type":"Feature","properties":{"kind":"building"},"geometry":{"type":"Polygon","coordinates":[[[77.247341,28.599987],[77.247464,28.599989],[77.247462,28.600099],[77.247339,28.600097],[77.247341,28.599987]]]}},{"type":"Feature","properties":{"kind":"building"},"geometry":{"type":"Polygon","coordinates":[[[77.247778,28.60028],[77.247934,28.600282],[77.247931,28.60041],[77.247775,28.600407],[77.247778,28.60028]]]}},{"type":"Feature","properties":{"kind":"building"},"geometry":{"type":"Polygon","coordinates":[[[77.247803,28.599971],[77.247921,28.599973],[77.247919,28.600074],[77.247801,28.600073],[77.247803,28.599971]]]}},{"type":"Feature","properties":{"kind":"building"},"geometry":{"type":"Polygon","coordinates":[[[77.248202,28.600318],[77.248327,28.60032],[77.248325,28.600429],[77.2482,28.600427],[77.248202,28.600318]]]}},{"type":"Feature","properties":{"kind":"building"},"geometry":{"type":"Polygon","coordinates":[[[77.248686,28.600318],[77.248826,28.60032],[77.248824,28.600422],[77.248684,28.60042],[77.248686,28.600318]]]}},{"type":"Feature","properties":{"kind":"building"},"geometry":{"type":"Polygon","coordinates":[[[77.248714,28.599992],[77.248812,28.599993],[77.24881,28.600112],[77.248711,28.600111],[77.248714,28.599992]]]}},{"type":"Feature","properties":{"kind":"building"},"geometry":{"type":"Polygon","coordinates":[[[77.249137,28.600335],[77.249284,28.600337],[77.249281,28.600445],[77.249135,28.600443],[77.249137,28.600335]]]}},{"type":"Feature","properties":{"kind":"building"},"geometry":{"type":"Polygon","coordinates":[[[77.249156,28.600013],[77.249278,28.600015],[77.249276,28.600131],[77.249153,28.600129],[77.249156,28.600013]]]}},{"type":"Feature","properties":{"kind":"building"},"geometry":{"type":"Polygon","coordinates":[[[77.249846,28.600384],[77.249947,28.60042],[77.249903,28.600516],[77.249801,28.60048],[77.249846,28.600384]]]}},{"type":"Feature","properties":{"kind":"building"},"geometry":{"type":"Polygon","coordinates":[[[77.250325,28.600588],[77.250468,28.600639],[77.250433,28.600715],[77.25029,28.600664],[77.250325,28.600588]]]}},{"type":"Feature","properties":{"kind":"building"},"geometry":{"type":"Polygon","coordinates":[[[77.250474,28.600287],[77.250601,28.600332],[77.250549,28.600445],[77.250422,28.6004],[77.250474,28.600287]]]}},{"type":"Feature","properties":{"kind":"building"},"geometry":{"type":"Polygon","coordinates":[[[77.25352,28.600812],[77.253689,28.600781],[77.253713,28.600882],[77.253544,28.600913],[77.25352,28.600812]]]}},{"type":"Feature","properties":{"kind":"building"},"geometry":{"type":"Polygon","coordinates":[[[77.254038,28.600724],[77.254192,28.600696],[77.254217,28.600801],[77.254063,28.600829],[77.254038,28.600724]]]}},{"type":"Feature","properties":{"kind":"building"},"geometry":{"type":"Polygon","coordinates":[[[77.253988,28.600428],[77.254103,28.600406],[77.254128,28.600512],[77.254013,28.600533],[77.253988,28.600428]]]}},{"type":"Feature","properties":{"kind":"building"},"geometry":{"type":"Polygon","coordinates":[[[77.254581,28.600622],[77.254704,28.6006],[77.254735,28.600729],[77.254612,28.600752],[77.254581,28.600622]]]}},{"type":"Feature","properties":{"kind":"building"},"geometry":{"type":"Polygon","coordinates":[[[77.255012,28.60054],[77.255109,28.600522],[77.255131,28.600615],[77.255035,28.600633],[77.255012,28.60054]]]}},{"type":"Feature","properties":{"kind":"building"},"geometry":{"type":"Polygon","coordinates":[[[77.255483,28.600514],[77.255594,28.600493],[77.255617,28.600586],[77.255505,28.600607],[77.255483,28.600514]]]}},{"type":"Feature","properties":{"kind":"building"},"geometry":{"type":"Polygon","coordinates":[[[77.256016,28.600235],[77.256128,28.600122],[77.256218,28.600192],[77.256107,28.600304],[77.256016,28.600235]]]}},{"type":"Feature","properties":{"kind":"building"},"geometry":{"type":"Polygon","coordinates":[[[77.265714,28.600534],[77.265835,28.600535],[77.265833,28.600668],[77.265713,28.600667],[77.265714,28.600534]]]}},{"type":"Feature","properties":{"kind":"building"},"geometry":{"type":"Polygon","coordinates":[[[77.266288,28.600586],[77.266383,28.600587],[77.266381,28.600676],[77.266287,28.600675],[77.266288,28.600586]]]}},{"type":"Feature","properties":{"kind":"building"},"geometry":{"type":"Polygon","coordinates":[[[77.266258,28.600251],[77.266422,28.600253],[77.26642,28.600341],[77.266257,28.60034],[77.266258,28.600251]]]}},{"type":"Feature","properties":{"kind":"building"},"geometry":{"type":"Polygon","coordinates":[[[77.266862,28.60023],[77.266958,28.600231],[77.266957,28.60034],[77.26686,28.600339],[77.266862,28.60023]]]}},{"type":"Feature","properties":{"kind":"building"},"geometry":{"type":"Polygon","coordinates":[[[77.267413,28.600571],[77.267516,28.600572],[77.267515,28.600697],[77.267411,28.600696],[77.267413,28.600571]]]}},{"type":"Feature","properties":{"kind":"building"},"geometry":{"type":"Polygon","coordinates":[[[77.267405,28.600249],[77.267533,28.600251],[77.267532,28.600372],[77.267403,28.600371],[77.267405,28.600249]]]}},{"type":"Feature","properties":{"kind":"building"},"geometry":{"type":"Polygon","coordinates":[[[77.268777,28.600579],[77.268911,28.60058],[77.26891,28.600709],[77.268776,28.600708],[77.268777,28.600579]]]}},{"type":"Feature","properties":{"kind":"building"},"geometry":{"type":"Polygon","coordinates":[[[77.268785,28.600231],[77.268911,28.600232],[77.26891,28.600338],[77.268784,28.600337],[77.268785,28.600231]]]}},{"type":"Feature","properties":{"kind":"building"},"geometry":{"type":"Polygon","coordinates":[[[77.269782,28.60058],[77.269947,28.600582],[77.269946,28.600668],[77.269781,28.600667],[77.269782,28.60058]]]}},{"type":"Feature","properties":{"kind":"building"},"geometry":{"type":"Polygon","coordinates":[[[77.271358,28.600625],[77.271528,28.600626],[77.271527,28.600735],[77.271357,28.600734],[77.271358,28.600625]]]}},{"type":"Feature","properties":{"kind":"building"},"geometry":{"type":"Polygon","coordinates":[[[77.271391,28.600296],[77.271501,28.600296],[77.2715,28.600378],[77.271391,28.600377],[77.271391,28.600296]]]}},{"type":"Feature","properties":{"kind":"building"},"geometry":{"type":"Polygon","coordinates":[[[77.272381,28.60059],[77.272546,28.600591],[77.272545,28.600716],[77.272379,28.600715],[77.272381,28.60059]]]}},{"type":"Feature","properties":{"kind":"building"},"geometry":{"type":"Polygon","coordinates":[[[77.272419,28.60028],[77.272514,28.600281],[77.272512,28.600415],[77.272418,28.600415],[77.272419,28.60028]]]}},{"type":"Feature","properties":{"kind":"building"},"geometry":{"type":"Polygon","coordinates":[[[77.27444,28.600649],[77.274585,28.600649],[77.274584,28.600731],[77.274439,28.60073],[77.27444,28.600649]]]}},{"type":"Feature","properties":{"kind":"building"},"geometry":{"type":"Polygon","coordinates":[[[77.274428,28.6003],[77.274602,28.600301],[77.274601,28.600406],[77.274428,28.600405],[77.274428,28.6003]]]}},{"type":"Feature","properties":{"kind":"building"},"geometry":{"type":"Polygon","coordinates":[[[77.275462,28.600625],[77.275567,28.600626],[77.275567,28.60071],[77.275462,28.600709],[77.275462,28.600625]]]}},{"type":"Feature","properties":{"kind":"building"},"geometry":{"type":"Polygon","coordinates":[[[77.275468,28.600292],[77.275566,28.600293],[77.275566,28.600397],[77.275467,28.600397],[77.275468,28.600292]]]}},{"type":"Feature","properties":{"kind":"building"},"geometry":{"type":"Polygon","coordinates":[[[77.276923,28.600358],[77.277065,28.600359],[77.277065,28.600445],[77.276922,28.600444],[77.276923,28.600358]]]}},{"type":"Feature","properties":{"kind":"building"},"geometry":{"type":"Polygon","coordinates":[[[77.27941,28.60064],[77.279519,28.600641],[77.279518,28.600737],[77.27941,28.600737],[77.27941,28.60064]]]}},{"type":"Feature","properties":{"kind":"building"},"geometry":{"type":"Polygon","coordinates":[[[77.279414,28.60034],[77.279518,28.60034],[77.279517,28.600427],[77.279414,28.600427],[77.279414,28.60034]]]}},{"type":"Feature","properties":{"kind":"building"},"geometry":{"type":"Polygon","coordinates":[[[77.258665,28.566459],[77.258668,28.566598],[77.258537,28.566599],[77.258534,28.56646],[77.258665,28.566459]]]}},{"type":"Feature","properties":{"kind":"building"},"geometry":{"type":"Polygon","coordinates":[[[77.259041,28.566459],[77.259043,28.566587],[77.258928,28.566589],[77.258925,28.566461],[77.259041,28.566459]]]}},{"type":"Feature","properties":{"kind":"building"},"geometry":{"type":"Polygon","coordinates":[[[77.258727,28.56832],[77.258729,28.568472],[77.258584,28.568474],[77.258581,28.568322],[77.258727,28.56832]]]}},{"type":"Feature","properties":{"kind":"building"},"geometry":{"type":"Polygon","coordinates":[[[77.259024,28.568324],[77.259026,28.568462],[77.25892,28.568463],[77.258918,28.568325],[77.259024,28.568324]]]}},{"type":"Feature","properties":{"kind":"building"},"geometry":{"type":"Polygon","coordinates":[[[77.259031,28.569197],[77.259033,28.569328],[77.258933,28.569329],[77.258931,28.569198],[77.259031,28.569197]]]}},{"type":"Feature","properties":{"kind":"building"},"geometry":{"type":"Polygon","coordinates":[[[77.258727,28.569601],[77.258729,28.569732],[77.258623,28.569733],[77.258621,28.569603],[77.258727,28.569601]]]}},{"type":"Feature","properties":{"kind":"building"},"geometry":{"type":"Polygon","coordinates":[[[77.259113,28.569618],[77.259114,28.569706],[77.258983,28.569708],[77.258982,28.56962],[77.259113,28.569618]]]}},{"type":"Feature","properties":{"kind":"building"},"geometry":{"type":"Polygon","coordinates":[[[77.258744,28.570001],[77.258745,28.570126],[77.258623,28.570128],[77.258621,28.570002],[77.258744,28.570001]]]}},{"type":"Feature","properties":{"kind":"building"},"geometry":{"type":"Polygon","coordinates":[[[77.258802,28.57496],[77.258804,28.575091],[77.258708,28.575092],[77.258706,28.574961],[77.258802,28.57496]]]}},{"type":"Feature","properties":{"kind":"building"},"geometry":{"type":"Polygon","coordinates":[[[77.258829,28.575418],[77.25883,28.575501],[77.258706,28.575502],[77.258705,28.575419],[77.258829,28.575418]]]}},{"type":"Feature","properties":{"kind":"building"},"geometry":{"type":"Polygon","coordinates":[[[77.258818,28.575804],[77.258819,28.575941],[77.258681,28.575943],[77.258679,28.575805],[77.258818,28.575804]]]}},{"type":"Feature","properties":{"kind":"building"},"geometry":{"type":"Polygon","coordinates":[[[77.259156,28.575822],[77.259157,28.575919],[77.259048,28.57592],[77.259047,28.575823],[77.259156,28.575822]]]}},{"type":"Feature","properties":{"kind":"building"},"geometry":{"type":"Polygon","coordinates":[[[77.259211,28.577235],[77.259212,28.577374],[77.25906,28.577375],[77.259059,28.577236],[77.259211,28.577235]]]}},{"type":"Feature","properties":{"kind":"building"},"geometry":{"type":"Polygon","coordinates":[[[77.259214,28.586583],[77.259121,28.586678],[77.259043,28.586618],[77.259136,28.586524],[77.259214,28.586583]]]}},{"type":"Feature","properties":{"kind":"building"},"geometry":{"type":"Polygon","coordinates":[[[77.259477,28.586805],[77.259409,28.586873],[77.259309,28.586798],[77.259377,28.586729],[77.259477,28.586805]]]}},{"type":"Feature","properties":{"kind":"building"},"geometry":{"type":"Polygon","coordinates":[[[77.259411,28.587478],[77.259479,28.587613],[77.25937,28.587655],[77.259302,28.58752],[77.259411,28.587478]]]}},{"type":"Feature","properties":{"kind":"building"},"geometry":{"type":"Polygon","coordinates":[[[77.259327,28.587957],[77.259375,28.588052],[77.259242,28.588103],[77.259194,28.588008],[77.259327,28.587957]]]}},{"type":"Feature","properties":{"kind":"building"},"geometry":{"type":"Polygon","coordinates":[[[77.259516,28.588327],[77.259572,28.588439],[77.259466,28.588479],[77.25941,28.588367],[77.259516,28.588327]]]}},{"type":"Feature","properties":{"kind":"building"},"geometry":{"type":"Polygon","coordinates":[[[77.258688,28.604724],[77.258686,28.604827],[77.258544,28.604825],[77.258545,28.604722],[77.258688,28.604724]]]}},{"type":"Feature","properties":{"kind":"building"},"geometry":{"type":"Polygon","coordinates":[[[77.258646,28.605501],[77.258644,28.605585],[77.258545,28.605583],[77.258547,28.6055],[77.258646,28.605501]]]}},{"type":"Feature","properties":{"kind":"building"},"geometry":{"type":"Polygon","coordinates":[[[77.259012,28.605493],[77.25901,28.605603],[77.258888,28.605601],[77.25889,28.605492],[77.259012,28.605493]]]}},{"type":"Feature","properties":{"kind":"building"},"geometry":{"type":"Polygon","coordinates":[[[77.258666,28.606054],[77.258664,28.606192],[77.25852,28.60619],[77.258522,28.606052],[77.258666,28.606054]]]}},{"type":"Feature","properties":{"kind":"building"},"geometry":{"type":"Polygon","coordinates":[[[77.259026,28.606052],[77.259023,28.606204],[77.25887,28.606202],[77.258873,28.60605],[77.259026,28.606052]]]}},{"type":"Feature","properties":{"kind":"building"},"geometry":{"type":"Polygon","coordinates":[[[77.258609,28.606979],[77.258607,28.607061],[77.258494,28.607059],[77.258495,28.606977],[77.258609,28.606979]]]}},{"type":"Feature","properties":{"kind":"building"},"geometry":{"type":"Polygon","coordinates":[[[77.25895,28.606962],[77.258948,28.607088],[77.258848,28.607086],[77.25885,28.606961],[77.25895,28.606962]]]}},{"type":"Feature","properties":{"kind":"building"},"geometry":{"type":"Polygon","coordinates":[[[77.258948,28.607404],[77.258946,28.607516],[77.258842,28.607515],[77.258844,28.607403],[77.258948,28.607404]]]}},{"type":"Feature","properties":{"kind":"building"},"geometry":{"type":"Polygon","coordinates":[[[77.258598,28.608742],[77.258595,28.608893],[77.258485,28.608891],[77.258488,28.60874],[77.258598,28.608742]]]}},{"type":"Feature","properties":{"kind":"building"},"geometry":{"type":"Polygon","coordinates":[[[77.258918,28.608748],[77.258914,28.608898],[77.258784,28.608896],[77.258787,28.608746],[77.258918,28.608748]]]}},{"type":"Feature","properties":{"kind":"building"},"geometry":{"type":"Polygon","coordinates":[[[77.258535,28.609184],[77.258532,28.60931],[77.258422,28.609309],[77.258425,28.609183],[77.258535,28.609184]]]}},{"type":"Feature","properties":{"kind":"building"},"geometry":{"type":"Polygon","coordinates":[[[77.258952,28.609179],[77.258948,28.609329],[77.258833,28.609327],[77.258836,28.609177],[77.258952,28.609179]]]}},{"type":"Feature","properties":{"kind":"building"},"geometry":{"type":"Polygon","coordinates":[[[77.258571,28.609997],[77.258568,28.610149],[77.25847,28.610148],[77.258473,28.609996],[77.258571,28.609997]]]}},{"type":"Feature","properties":{"kind":"building"},"geometry":{"type":"Polygon","coordinates":[[[77.258934,28.61003],[77.258932,28.610128],[77.258804,28.610126],[77.258806,28.610028],[77.258934,28.61003]]]}},{"type":"Feature","properties":{"kind":"building"},"geometry":{"type":"Polygon","coordinates":[[[77.258551,28.61195],[77.258548,28.612081],[77.258404,28.612079],[77.258407,28.611948],[77.258551,28.61195]]]}},{"type":"Feature","properties":{"kind":"building"},"geometry":{"type":"Polygon","coordinates":[[[77.258505,28.612434],[77.258502,28.612585],[77.258389,28.612583],[77.258392,28.612433],[77.258505,28.612434]]]}},{"type":"Feature","properties":{"kind":"building"},"geometry":{"type":"Polygon","coordinates":[[[77.258868,28.612455],[77.258865,28.612577],[77.258738,28.612575],[77.25874,28.612453],[77.258868,28.612455]]]}},{"type":"Feature","properties":{"kind":"building"},"geometry":{"type":"Polygon","coordinates":[[[77.258473,28.61284],[77.258471,28.612927],[77.258362,28.612925],[77.258364,28.612838],[77.258473,28.61284]]]}},{"type":"Feature","properties":{"kind":"building"},"geometry":{"type":"Polygon","coordinates":[[[77.258833,28.61457],[77.25883,28.614684],[77.258707,28.614681],[77.258709,28.614568],[77.258833,28.61457]]]}},{"type":"Feature","properties":{"kind":"building"},"geometry":{"type":"Polygon","coordinates":[[[77.258751,28.615368],[77.258748,28.615512],[77.258651,28.61551],[77.258654,28.615367],[77.258751,28.615368]]]}},{"type":"Feature","properties":{"kind":"building"},"geometry":{"type":"Polygon","coordinates":[[[77.258668,28.620751],[77.258665,28.620862],[77.258524,28.62086],[77.258526,28.620749],[77.258668,28.620751]]]}},{"type":"Feature","properties":{"kind":"building"},"geometry":{"type":"Polygon","coordinates":[[[77.258671,28.621229],[77.258668,28.621357],[77.258517,28.621354],[77.25852,28.621226],[77.258671,28.621229]]]}},{"type":"Feature","properties":{"kind":"building"},"geometry":{"type":"Polygon","coordinates":[[[77.221082,28.607404],[77.221227,28.607408],[77.221223,28.607535],[77.221078,28.607532],[77.221082,28.607404]]]}},{"type":"Feature","properties":{"kind":"building"},"geometry":{"type":"Polygon","coordinates":[[[77.223661,28.60777],[77.223828,28.607774],[77.223825,28.607887],[77.223658,28.607884],[77.223661,28.60777]]]}},{"type":"Feature","properties":{"kind":"building"},"geometry":{"type":"Polygon","coordinates":[[[77.223692,28.60747],[77.223813,28.607473],[77.223811,28.607577],[77.223689,28.607574],[77.223692,28.60747]]]}},{"type":"Feature","properties":{"kind":"building"},"geometry":{"type":"Polygon","coordinates":[[[77.225327,28.607794],[77.225479,28.607796],[77.225476,28.607916],[77.225324,28.607913],[77.225327,28.607794]]]}},{"type":"Feature","properties":{"kind":"building"},"geometry":{"type":"Polygon","coordinates":[[[77.225333,28.607487],[77.225488,28.607489],[77.225485,28.607581],[77.22533,28.607579],[77.225333,28.607487]]]}},{"type":"Feature","properties":{"kind":"building"},"geometry":{"type":"Polygon","coordinates":[[[77.22722,28.60751],[77.22735,28.607512],[77.227348,28.607636],[77.227217,28.607634],[77.22722,28.60751]]]}},{"type":"Feature","properties":{"kind":"building"},"geometry":{"type":"Polygon","coordinates":[[[77.228404,28.607864],[77.228541,28.607866],[77.22854,28.607948],[77.228402,28.607946],[77.228404,28.607864]]]}},{"type":"Feature","properties":{"kind":"building"},"geometry":{"type":"Polygon","coordinates":[[[77.228421,28.607555],[77.228535,28.607557],[77.228533,28.60766],[77.228419,28.607659],[77.228421,28.607555]]]}},{"type":"Feature","properties":{"kind":"building"},"geometry":{"type":"Polygon","coordinates":[[[77.229368,28.607875],[77.229515,28.607877],[77.229513,28.607991],[77.229366,28.607989],[77.229368,28.607875]]]}},{"type":"Feature","properties":{"kind":"building"},"geometry":{"type":"Polygon","coordinates":[[[77.229366,28.607551],[77.229529,28.607554],[77.229527,28.607681],[77.229364,28.607679],[77.229366,28.607551]]]}},{"type":"Feature","properties":{"kind":"building"},"geometry":{"type":"Polygon","coordinates":[[[77.231962,28.60763],[77.232072,28.607631],[77.23207,28.607722],[77.23196,28.607721],[77.231962,28.60763]]]}},{"type":"Feature","properties":{"kind":"building"},"geometry":{"type":"Polygon","coordinates":[[[77.232412,28.607929],[77.232535,28.60793],[77.232533,28.608035],[77.23241,28.608033],[77.232412,28.607929]]]}},{"type":"Feature","properties":{"kind":"building"},"geometry":{"type":"Polygon","coordinates":[[[77.232427,28.607596],[77.232529,28.607597],[77.232527,28.607686],[77.232426,28.607685],[77.232427,28.607596]]]}},{"type":"Feature","properties":{"kind":"building"},"geometry":{"type":"Polygon","coordinates":[[[77.233327,28.607607],[77.233428,28.607608],[77.233426,28.607739],[77.233325,28.607738],[77.233327,28.607607]]]}},{"type":"Feature","properties":{"kind":"building"},"geometry":{"type":"Polygon","coordinates":[[[77.234535,28.607972],[77.234688,28.607973],[77.234687,28.608067],[77.234534,28.608066],[77.234535,28.607972]]]}},{"type":"Feature","properties":{"kind":"building"},"geometry":{"type":"Polygon","coordinates":[[[77.234537,28.607605],[77.234693,28.607606],[77.234692,28.607714],[77.234536,28.607713],[77.234537,28.607605]]]}},{"type":"Feature","properties":{"kind":"building"},"geometry":{"type":"Polygon","coordinates":[[[77.23598,28.607923],[77.236108,28.607923],[77.236107,28.608042],[77.235979,28.608041],[77.23598,28.607923]]]}},{"type":"Feature","properties":{"kind":"building"},"geometry":{"type":"Polygon","coordinates":[[[77.235991,28.607603],[77.236102,28.607604],[77.236101,28.607729],[77.23599,28.607728],[77.235991,28.607603]]]}},{"type":"Feature","properties":{"kind":"building"},"geometry":{"type":"Polygon","coordinates":[[[77.238089,28.607959],[77.238216,28.60796],[77.238216,28.608065],[77.238088,28.608065],[77.238089,28.607959]]]}},{"type":"Feature","properties":{"kind":"building"},"geometry":{"type":"Polygon","coordinates":[[[77.23998,28.607972],[77.240098,28.607973],[77.240098,28.608069],[77.239979,28.608069],[77.23998,28.607972]]]}},{"type":"Feature","properties":{"kind":"building"},"geometry":{"type":"Polygon","coordinates":[[[77.239967,28.607666],[77.240113,28.607667],[77.240113,28.60775],[77.239967,28.60775],[77.239967,28.607666]]]}},{"type":"Feature","properties":{"kind":"building"},"geometry":{"type":"Polygon","coordinates":[[[77.241146,28.607679],[77.241298,28.607679],[77.241298,28.607775],[77.241146,28.607775],[77.241146,28.607679]]]}},{"type":"Feature","properties":{"kind":"building"},"geometry":{"type":"Polygon","coordinates":[[[77.241567,28.60795],[77.241698,28.60795],[77.241698,28.608058],[77.241567,28.608058],[77.241567,28.60795]]]}},{"type":"Feature","properties":{"kind":"building"},"geometry":{"type":"Polygon","coordinates":[[[77.241585,28.607676],[77.241679,28.607676],[77.241679,28.607779],[77.241585,28.607779],[77.241585,28.607676]]]}},{"type":"Feature","properties":{"kind":"building"},"geometry":{"type":"Polygon","coordinates":[[[77.242132,28.607954],[77.242225,28.607954],[77.242225,28.608045],[77.242133,28.608045],[77.242132,28.607954]]]}},{"type":"Feature","properties":{"kind":"building"},"geometry":{"type":"Polygon","coordinates":[[[77.242125,28.607659],[77.242232,28.607659],[77.242232,28.607794],[77.242125,28.607794],[77.242125,28.607659]]]}},{"type":"Feature","properties":{"kind":"building"},"geometry":{"type":"Polygon","coordinates":[[[77.243754,28.607971],[77.243889,28.60797],[77.24389,28.608067],[77.243754,28.608068],[77.243754,28.607971]]]}},{"type":"Feature","properties":{"kind":"building"},"geometry":{"type":"Polygon","coordinates":[[[77.243771,28.607635],[77.243868,28.607634],[77.243868,28.607745],[77.243772,28.607745],[77.243771,28.607635]]]}},{"type":"Feature","properties":{"kind":"building"},"geometry":{"type":"Polygon","coordinates":[[[77.244254,28.607991],[77.244424,28.60799],[77.244425,28.608089],[77.244255,28.60809],[77.244254,28.607991]]]}},{"type":"Feature","properties":{"kind":"building"},"geometry":{"type":"Polygon","coordinates":[[[77.244256,28.607634],[77.244418,28.607633],[77.244419,28.607751],[77.244257,28.607752],[77.244256,28.607634]]]}},{"type":"Feature","properties":{"kind":"building"},"geometry":{"type":"Polygon","coordinates":[[[77.245238,28.607634],[77.245348,28.607634],[77.245348,28.607734],[77.245238,28.607734],[77.245238,28.607634]]]}},{"type":"Feature","properties":{"kind":"building"},"geometry":{"type":"Polygon","coordinates":[[[77.245766,28.60797],[77.245932,28.60797],[77.245933,28.60808],[77.245767,28.608081],[77.245766,28.60797]]]}},{"type":"Feature","properties":{"kind":"building"},"geometry":{"type":"Polygon","coordinates":[[[77.245783,28.607652],[77.245911,28.607651],[77.245911,28.607733],[77.245784,28.607734],[77.245783,28.607652]]]}},{"type":"Feature","properties":{"kind":"building"},"geometry":{"type":"Polygon","coordinates":[[[77.246249,28.607625],[77.246419,28.607624],[77.24642,28.607714],[77.246249,28.607715],[77.246249,28.607625]]]}},{"type":"Feature","properties":{"kind":"building"},"geometry":{"type":"Polygon","coordinates":[[[77.246826,28.607613],[77.246949,28.607612],[77.24695,28.607722],[77.246827,28.607723],[77.246826,28.607613]]]}},{"type":"Feature","properties":{"kind":"building"},"geometry":{"type":"Polygon","coordinates":[[[77.251238,28.608603],[77.251369,28.60854],[77.25142,28.60862],[77.251289,28.608683],[77.251238,28.608603]]]}},{"type":"Feature","properties":{"kind":"building"},"geometry":{"type":"Polygon","coordinates":[[[77.25196,28.607939],[77.252051,28.607895],[77.252107,28.607983],[77.252016,28.608028],[77.25196,28.607939]]]}},{"type":"Feature","properties":{"kind":"building"},"geometry":{"type":"Polygon","coordinates":[[[77.252962,28.607884],[77.2531,28.607882],[77.253102,28.607982],[77.252964,28.607985],[77.252962,28.607884]]]}},{"type":"Feature","properties":{"kind":"building"},"geometry":{"type":"Polygon","coordinates":[[[77.252954,28.607554],[77.253094,28.607551],[77.253097,28.607674],[77.252956,28.607676],[77.252954,28.607554]]]}},{"type":"Feature","properties":{"kind":"building"},"geometry":{"type":"Polygon","coordinates":[[[77.253848,28.607833],[77.253991,28.607831],[77.253994,28.607964],[77.253851,28.607966],[77.253848,28.607833]]]}},{"type":"Feature","properties":{"kind":"building"},"geometry":{"type":"Polygon","coordinates":[[[77.253848,28.607513],[77.253978,28.607511],[77.25398,28.60764],[77.253851,28.607642],[77.253848,28.607513]]]}},{"type":"Feature","properties":{"kind":"building"},"geometry":{"type":"Polygon","coordinates":[[[77.254737,28.607849],[77.254894,28.607846],[77.254897,28.607971],[77.25474,28.607974],[77.254737,28.607849]]]}},{"type":"Feature","properties":{"kind":"building"},"geometry":{"type":"Polygon","coordinates":[[[77.254738,28.607531],[77.25488,28.607529],[77.254882,28.607611],[77.25474,28.607613],[77.254738,28.607531]]]}},{"type":"Feature","properties":{"kind":"building"},"geometry":{"type":"Polygon","coordinates":[[[77.255224,28.607853],[77.25539,28.60785],[77.255393,28.607984],[77.255227,28.607986],[77.255224,28.607853]]]}},{"type":"Feature","properties":{"kind":"building"},"geometry":{"type":"Polygon","coordinates":[[[77.255247,28.607513],[77.255353,28.607512],[77.255355,28.607623],[77.25525,28.607625],[77.255247,28.607513]]]}},{"type":"Feature","properties":{"kind":"building"},"geometry":{"type":"Polygon","coordinates":[[[77.256015,28.607475],[77.256168,28.607472],[77.256171,28.607592],[77.256018,28.607595],[77.256015,28.607475]]]}},{"type":"Feature","properties":{"kind":"building"},"geometry":{"type":"Polygon","coordinates":[[[77.257474,28.607756],[77.257611,28.607754],[77.257614,28.607883],[77.257478,28.607885],[77.257474,28.607756]]]}},{"type":"Feature","properties":{"kind":"building"},"geometry":{"type":"Polygon","coordinates":[[[77.257451,28.607509],[77.257622,28.607506],[77.257624,28.607595],[77.257453,28.607598],[77.257451,28.607509]]]}},{"type":"Feature","properties":{"kind":"building"},"geometry":{"type":"Polygon","coordinates":[[[77.259122,28.60778],[77.259219,28.607778],[77.259223,28.607899],[77.259125,28.607901],[77.259122,28.60778]]]}},{"type":"Feature","properties":{"kind":"building"},"geometry":{"type":"Polygon","coordinates":[[[77.259609,28.607727],[77.259772,28.607723],[77.259776,28.607848],[77.259613,28.607851],[77.259609,28.607727]]]}},{"type":"Feature","properties":{"kind":"building"},"geometry":{"type":"Polygon","coordinates":[[[77.259603,28.607424],[77.259761,28.60742],[77.259764,28.607521],[77.259606,28.607524],[77.259603,28.607424]]]}},{"type":"Feature","properties":{"kind":"building"},"geometry":{"type":"Polygon","coordinates":[[[77.260571,28.607729],[77.26072,28.607726],[77.260724,28.607838],[77.260575,28.607841],[77.260571,28.607729]]]}},{"type":"Feature","properties":{"kind":"building"},"geometry":{"type":"Polygon","coordinates":[[[77.262654,28.607667],[77.262765,28.607665],[77.262768,28.607751],[77.262656,28.607754],[77.262654,28.607667]]]}},{"type":"Feature","properties":{"kind":"building"},"geometry":{"type":"Polygon","coordinates":[[[77.263198,28.6077],[77.263333,28.607697],[77.263336,28.607794],[77.263201,28.607797],[77.263198,28.6077]]]}},{"type":"Feature","properties":{"kind":"building"},"geometry":{"type":"Polygon","coordinates":[[[77.263169,28.607329],[77.263337,28.607325],[77.263341,28.607438],[77.263173,28.607442],[77.263169,28.607329]]]}},{"type":"Feature","properties":{"kind":"building"},"geometry":{"type":"Polygon","coordinates":[[[77.265713,28.607329],[77.265827,28.607326],[77.26583,28.607415],[77.265716,28.607418],[77.265713,28.607329]]]}},{"type":"Feature","properties":{"kind":"building"},"geometry":{"type":"Polygon","coordinates":[[[77.268318,28.607211],[77.268415,28.607208],[77.268419,28.607322],[77.268322,28.607325],[77.268318,28.607211]]]}},{"type":"Feature","properties":{"kind":"building"},"geometry":{"type":"Polygon","coordinates":[[[77.268738,28.607527],[77.268846,28.607523],[77.268849,28.607616],[77.268741,28.607619],[77.268738,28.607527]]]}},{"type":"Feature","properties":{"kind":"building"},"geometry":{"type":"Polygon","coordinates":[[[77.268699,28.60719],[77.268858,28.607185],[77.268862,28.607289],[77.268703,28.607294],[77.268699,28.60719]]]}},{"type":"Feature","properties":{"kind":"building"},"geometry":{"type":"Polygon","coordinates":[[[77.269137,28.607472],[77.269266,28.607469],[77.269271,28.607593],[77.269142,28.607597],[77.269137,28.607472]]]}},{"type":"Feature","properties":{"kind":"building"},"geometry":{"type":"Polygon","coordinates":[[[77.27049,28.607487],[77.270657,28.607482],[77.27066,28.607572],[77.270494,28.607577],[77.27049,28.607487]]]}},{"type":"Feature","properties":{"kind":"building"},"geometry":{"type":"Polygon","coordinates":[[[77.27048,28.607195],[77.270645,28.60719],[77.270648,28.607273],[77.270483,28.607278],[77.27048,28.607195]]]}},{"type":"Feature","properties":{"kind":"building"},"geometry":{"type":"Polygon","coordinates":[[[77.271825,28.607068],[77.271983,28.607063],[77.271989,28.607197],[77.27183,28.607202],[77.271825,28.607068]]]}},{"type":"Feature","properties":{"kind":"building"},"geometry":{"type":"Polygon","coordinates":[[[77.273372,28.607422],[77.27349,28.607419],[77.273494,28.6075],[77.273375,28.607504],[77.273372,28.607422]]]}},{"type":"Feature","properties":{"kind":"building"},"geometry":{"type":"Polygon","coordinates":[[[77.273357,28.607086],[77.273477,28.607083],[77.273482,28.607188],[77.273362,28.607192],[77.273357,28.607086]]]}},{"type":"Feature","properties":{"kind":"building"},"geometry":{"type":"Polygon","coordinates":[[[77.273849,28.60737],[77.273942,28.607367],[77.273946,28.607467],[77.273853,28.60747],[77.273849,28.60737]]]}},{"type":"Feature","properties":{"kind":"building"},"geometry":{"type":"Polygon","coordinates":[[[77.267015,28.571852],[77.267009,28.571996],[77.266877,28.571992],[77.266883,28.571848],[77.267015,28.571852]]]}},{"type":"Feature","properties":{"kind":"building"},"geometry":{"type":"Polygon","coordinates":[[[77.26659,28.573739],[77.266586,28.573825],[77.266451,28.573821],[77.266455,28.573734],[77.26659,28.573739]]]}},{"type":"Feature","properties":{"kind":"building"},"geometry":{"type":"Polygon","coordinates":[[[77.266883,28.57413],[77.266879,28.574229],[77.266756,28.574225],[77.26676,28.574126],[77.266883,28.57413]]]}},{"type":"Feature","properties":{"kind":"building"},"geometry":{"type":"Polygon","coordinates":[[[77.266386,28.576847],[77.266382,28.576928],[77.266246,28.576923],[77.26625,28.576842],[77.266386,28.576847]]]}},{"type":"Feature","properties":{"kind":"building"},"geometry":{"type":"Polygon","coordinates":[[[77.266273,28.579533],[77.266268,28.579632],[77.266146,28.579627],[77.26615,28.579529],[77.266273,28.579533]]]}},{"type":"Feature","properties":{"kind":"building"},"geometry":{"type":"Polygon","coordinates":[[[77.266656,28.579527],[77.266649,28.579667],[77.266505,28.579662],[77.266512,28.579521],[77.266656,28.579527]]]}},{"type":"Feature","properties":{"kind":"building"},"geometry":{"type":"Polygon","coordinates":[[[77.266645,28.579999],[77.266638,28.580149],[77.266539,28.580145],[77.266546,28.579995],[77.266645,28.579999]]]}},{"type":"Feature","properties":{"kind":"building"},"geometry":{"type":"Polygon","coordinates":[[[77.265508,28.599774],[77.265487,28.599924],[77.265362,28.599911],[77.265383,28.599761],[77.265508,28.599774]]]}},{"type":"Feature","properties":{"kind":"building"},"geometry":{"type":"Polygon","coordinates":[[[77.265454,28.600207],[77.26544,28.600314],[77.265289,28.600298],[77.265304,28.600191],[77.265454,28.600207]]]}},{"type":"Feature","properties":{"kind":"building"},"geometry":{"type":"Polygon","coordinates":[[[77.265778,28.600248],[77.265765,28.600341],[77.265635,28.600328],[77.265647,28.600234],[77.265778,28.600248]]]}},{"type":"Feature","properties":{"kind":"building"},"geometry":{"type":"Polygon","coordinates":[[[77.265372,28.600679],[77.265369,28.600784],[77.265271,28.600782],[77.265274,28.600677],[77.265372,28.600679]]]}},{"type":"Feature","properties":{"kind":"building"},"geometry":{"type":"Polygon","coordinates":[[[77.265749,28.600669],[77.265744,28.600812],[77.265598,28.600808],[77.265602,28.600666],[77.265749,28.600669]]]}},{"type":"Feature","properties":{"kind":"building"},"geometry":{"type":"Polygon","coordinates":[[[77.265373,28.601133],[77.265369,28.601267],[77.265257,28.601264],[77.265261,28.60113],[77.265373,28.601133]]]}},{"type":"Feature","properties":{"kind":"building"},"geometry":{"type":"Polygon","coordinates":[[[77.26568,28.601153],[77.265677,28.601261],[77.26556,28.601258],[77.265563,28.60115],[77.26568,28.601153]]]}},{"type":"Feature","properties":{"kind":"building"},"geometry":{"type":"Polygon","coordinates":[[[77.265351,28.602466],[77.265348,28.602562],[77.265233,28.602559],[77.265236,28.602463],[77.265351,28.602466]]]}},{"type":"Feature","properties":{"kind":"building"},"geometry":{"type":"Polygon","coordinates":[[[77.265711,28.60247],[77.265708,28.602575],[77.265569,28.602571],[77.265572,28.602467],[77.265711,28.60247]]]}},{"type":"Feature","properties":{"kind":"building"},"geometry":{"type":"Polygon","coordinates":[[[77.265294,28.603371],[77.265291,28.603483],[77.265163,28.603481],[77.265166,28.603368],[77.265294,28.603371]]]}},{"type":"Feature","properties":{"kind":"building"},"geometry":{"type":"Polygon","coordinates":[[[77.265628,28.603365],[77.265625,28.603502],[77.265529,28.6035],[77.265533,28.603363],[77.265628,28.603365]]]}},{"type":"Feature","properties":{"kind":"building"},"geometry":{"type":"Polygon","coordinates":[[[77.265239,28.604727],[77.265236,28.604841],[77.265106,28.604839],[77.265109,28.604724],[77.265239,28.604727]]]}},{"type":"Feature","properties":{"kind":"building"},"geometry":{"type":"Polygon","coordinates":[[[77.265276,28.605245],[77.265273,28.605331],[77.265139,28.605328],[77.265141,28.605242],[77.265276,28.605245]]]}},{"type":"Feature","properties":{"kind":"building"},"geometry":{"type":"Polygon","coordinates":[[[77.265563,28.605252],[77.265561,28.605335],[77.265468,28.605333],[77.26547,28.60525],[77.265563,28.605252]]]}},{"type":"Feature","properties":{"kind":"building"},"geometry":{"type":"Polygon","coordinates":[[[77.265185,28.606878],[77.265183,28.606997],[77.26505,28.606994],[77.265053,28.606876],[77.265185,28.606878]]]}},{"type":"Feature","properties":{"kind":"building"},"geometry":{"type":"Polygon","coordinates":[[[77.26516,28.608096],[77.265158,28.608219],[77.265012,28.608217],[77.265014,28.608093],[77.26516,28.608096]]]}},{"type":"Feature","properties":{"kind":"building"},"geometry":{"type":"Polygon","coordinates":[[[77.265138,28.609585],[77.265136,28.609703],[77.264995,28.609701],[77.264996,28.609584],[77.265138,28.609585]]]}},{"type":"Feature","properties":{"kind":"building"},"geometry":{"type":"Polygon","coordinates":[[[77.265519,28.610908],[77.265517,28.611012],[77.265425,28.611011],[77.265426,28.610907],[77.265519,28.610908]]]}},{"type":"Feature","properties":{"kind":"building"},"geometry":{"type":"Polygon","coordinates":[[[77.265487,28.6127],[77.265486,28.612811],[77.265337,28.61281],[77.265338,28.612699],[77.265487,28.6127]]]}},{"type":"Feature","properties":{"kind":"building"},"geometry":{"type":"Polygon","coordinates":[[[77.265087,28.614972],[77.265087,28.615099],[77.264981,28.615098],[77.264981,28.614971],[77.265087,28.614972]]]}},{"type":"Feature","properties":{"kind":"building"},"geometry":{"type":"Polygon","coordinates":[[[77.265449,28.614961],[77.265448,28.615111],[77.265321,28.615111],[77.265322,28.61496],[77.265449,28.614961]]]}},{"type":"Feature","properties":{"kind":"building"},"geometry":{"type":"Polygon","coordinates":[[[77.265494,28.615372],[77.265494,28.615476],[77.265369,28.615475],[77.26537,28.615372],[77.265494,28.615372]]]}},{"type":"Feature","properties":{"kind":"building"},"geometry":{"type":"Polygon","coordinates":[[[77.265465,28.61625],[77.265465,28.616342],[77.265346,28.616342],[77.265347,28.61625],[77.265465,28.61625]]]}},{"type":"Feature","properties":{"kind":"building"},"geometry":{"type":"Polygon","coordinates":[[[77.26509,28.618097],[77.265091,28.618191],[77.264989,28.618191],[77.264989,28.618097],[77.26509,28.618097]]]}},{"type":"Feature","properties":{"kind":"building"},"geometry":{"type":"Polygon","coordinates":[[[77.265471,28.618091],[77.265472,28.618196],[77.265377,28.618196],[77.265377,28.618091],[77.265471,28.618091]]]}},{"type":"Feature","properties":{"kind":"building"},"geometry":{"type":"Polygon","coordinates":[[[77.237638,28.620071],[77.237738,28.620073],[77.237735,28.620166],[77.237636,28.620164],[77.237638,28.620071]]]}},{"type":"Feature","properties":{"kind":"building"},"geometry":{"type":"Polygon","coordinates":[[[77.242099,28.620477],[77.242221,28.62048],[77.242217,28.620602],[77.242095,28.6206],[77.242099,28.620477]]]}},{"type":"Feature","properties":{"kind":"building"},"geometry":{"type":"Polygon","coordinates":[[[77.242098,28.620168],[77.24224,28.620171],[77.242237,28.620283],[77.242095,28.62028],[77.242098,28.620168]]]}},{"type":"Feature","properties":{"kind":"building"},"geometry":{"type":"Polygon","coordinates":[[[77.242558,28.620463],[77.242662,28.620465],[77.242659,28.62057],[77.242555,28.620568],[77.242558,28.620463]]]}},{"type":"Feature","properties":{"kind":"building"},"geometry":{"type":"Polygon","coordinates":[[[77.257449,28.620846],[77.257563,28.620849],[77.257559,28.620968],[77.257445,28.620965],[77.257449,28.620846]]]}},{"type":"Feature","properties":{"kind":"building"},"geometry":{"type":"Polygon","coordinates":[[[77.257446,28.620533],[77.257586,28.620536],[77.257583,28.620623],[77.257443,28.620619],[77.257446,28.620533]]]}},{"type":"Feature","properties":{"kind":"building"},"geometry":{"type":"Polygon","coordinates":[[[77.282755,28.583862],[77.282757,28.584004],[77.282644,28.584005],[77.282642,28.583864],[77.282755,28.583862]]]}},{"type":"Feature","properties":{"kind":"building"},"geometry":{"type":"Polygon","coordinates":[[[77.282394,28.584917],[77.282395,28.585041],[77.282261,28.585042],[77.282259,28.584918],[77.282394,28.584917]]]}},{"type":"Feature","properties":{"kind":"building"},"geometry":{"type":"Polygon","coordinates":[[[77.28277,28.584905],[77.282771,28.585048],[77.28267,28.585048],[77.282669,28.584906],[77.28277,28.584905]]]}},{"type":"Feature","properties":{"kind":"building"},"geometry":{"type":"Polygon","coordinates":[[[77.282389,28.595716],[77.282388,28.595798],[77.282293,28.595797],[77.282293,28.595716],[77.282389,28.595716]]]}},{"type":"Feature","properties":{"kind":"building"},"geometry":{"type":"Polygon","coordinates":[[[77.28279,28.595699],[77.282789,28.59582],[77.282687,28.595819],[77.282688,28.595698],[77.28279,28.595699]]]}},{"type":"Feature","properties":{"kind":"building"},"geometry":{"type":"Polygon","coordinates":[[[77.2824,28.598404],[77.282398,28.59851],[77.28229,28.598509],[77.282292,28.598403],[77.2824,28.598404]]]}},{"type":"Feature","properties":{"kind":"building"},"geometry":{"type":"Polygon","coordinates":[[[77.282375,28.601079],[77.282373,28.601213],[77.282277,28.601212],[77.28228,28.601078],[77.282375,28.601079]]]}},{"type":"Feature","properties":{"kind":"building"},"geometry":{"type":"Polygon","coordinates":[[[77.217603,28.588837],[77.217716,28.588833],[77.217721,28.588954],[77.217608,28.588957],[77.217603,28.588837]]]}},{"type":"Feature","properties":{"kind":"building"},"geometry":{"type":"Polygon","coordinates":[[[77.217577,28.588556],[77.217718,28.588551],[77.217724,28.588679],[77.217582,28.588684],[77.217577,28.588556]]]}},{"type":"Feature","properties":{"kind":"building"},"geometry":{"type":"Polygon","coordinates":[[[77.217579,28.590637],[77.217744,28.590639],[77.217742,28.590755],[77.217577,28.590753],[77.217579,28.590637]]]}},{"type":"Feature","properties":{"kind":"building"},"geometry":{"type":"Polygon","coordinates":[[[77.219029,28.590948],[77.219187,28.59095],[77.219185,28.591067],[77.219027,28.591065],[77.219029,28.590948]]]}},{"type":"Feature","properties":{"kind":"building"},"geometry":{"type":"Polygon","coordinates":[[[77.219049,28.590672],[77.219176,28.590673],[77.219174,28.590786],[77.219048,28.590784],[77.219049,28.590672]]]}},{"type":"Feature","properties":{"kind":"building"},"geometry":{"type":"Polygon","coordinates":[[[77.226071,28.575953],[77.226184,28.575952],[77.226186,28.576081],[77.226072,28.576082],[77.226071,28.575953]]]}},{"type":"Feature","properties":{"kind":"building"},"geometry":{"type":"Polygon","coordinates":[[[77.227077,28.576204],[77.227243,28.576202],[77.227244,28.576333],[77.227079,28.576334],[77.227077,28.576204]]]}},{"type":"Feature","properties":{"kind":"building"},"geometry":{"type":"Polygon","coordinates":[[[77.227071,28.57594],[77.227244,28.575939],[77.227245,28.57602],[77.227072,28.576022],[77.227071,28.57594]]]}},{"type":"Feature","properties":{"kind":"building"},"geometry":{"type":"Polygon","coordinates":[[[77.223455,28.577573],[77.223458,28.577705],[77.223364,28.577707],[77.223361,28.577574],[77.223455,28.577573]]]}},{"type":"Feature","properties":{"kind":"building"},"geometry":{"type":"Polygon","coordinates":[[[77.223817,28.578164],[77.223819,28.578256],[77.22367,28.578259],[77.223668,28.578167],[77.223817,28.578164]]]}},{"type":"Feature","properties":{"kind":"building"},"geometry":{"type":"Polygon","coordinates":[[[77.221683,28.582004],[77.221852,28.582007],[77.221849,28.582095],[77.221681,28.582092],[77.221683,28.582004]]]}},{"type":"Feature","properties":{"kind":"building"},"geometry":{"type":"Polygon","coordinates":[[[77.221703,28.581718],[77.221848,28.581721],[77.221845,28.581837],[77.2217,28.581834],[77.221703,28.581718]]]}},{"type":"Feature","properties":{"kind":"building"},"geometry":{"type":"Polygon","coordinates":[[[77.224661,28.582001],[77.22482,28.581998],[77.224822,28.582089],[77.224664,28.582092],[77.224661,28.582001]]]}},{"type":"Feature","properties":{"kind":"building"},"geometry":{"type":"Polygon","coordinates":[[[77.224652,28.581721],[77.224812,28.581717],[77.224815,28.581811],[77.224655,28.581815],[77.224652,28.581721]]]}},{"type":"Feature","properties":{"kind":"building"},"geometry":{"type":"Polygon","coordinates":[[[77.220315,28.584059],[77.220443,28.584059],[77.220443,28.58414],[77.220315,28.58414],[77.220315,28.584059]]]}},{"type":"Feature","properties":{"kind":"building"},"geometry":{"type":"Polygon","coordinates":[[[77.221469,28.584288],[77.221573,28.584288],[77.221574,28.584414],[77.22147,28.584414],[77.221469,28.584288]]]}},{"type":"Feature","properties":{"kind":"building"},"geometry":{"type":"Polygon","coordinates":[[[77.223982,28.584247],[77.224102,28.584247],[77.224102,28.584381],[77.223981,28.584381],[77.223982,28.584247]]]}},{"type":"Feature","properties":{"kind":"building"},"geometry":{"type":"Polygon","coordinates":[[[77.223982,28.584048],[77.224104,28.584049],[77.224104,28.584153],[77.223982,28.584152],[77.223982,28.584048]]]}},{"type":"Feature","properties":{"kind":"building"},"geometry":{"type":"Polygon","coordinates":[[[77.225072,28.584278],[77.225192,28.584279],[77.225191,28.584382],[77.225071,28.584382],[77.225072,28.584278]]]}},{"type":"Feature","properties":{"kind":"building"},"geometry":{"type":"Polygon","coordinates":[[[77.225054,28.584062],[77.225212,28.584063],[77.225211,28.584149],[77.225053,28.584148],[77.225054,28.584062]]]}},{"type":"Feature","properties":{"kind":"building"},"geometry":{"type":"Polygon","coordinates":[[[77.225844,28.5843],[77.225991,28.584301],[77.225991,28.584397],[77.225844,28.584396],[77.225844,28.5843]]]}},{"type":"Feature","properties":{"kind":"building"},"geometry":{"type":"Polygon","coordinates":[[[77.225863,28.583988],[77.225975,28.583988],[77.225975,28.584118],[77.225863,28.584117],[77.225863,28.583988]]]}},{"type":"Feature","properties":{"kind":"building"},"geometry":{"type":"Polygon","coordinates":[[[77.226494,28.584305],[77.226615,28.584305],[77.226614,28.584431],[77.226493,28.584431],[77.226494,28.584305]]]}},{"type":"Feature","properties":{"kind":"building"},"geometry":{"type":"Polygon","coordinates":[[[77.226483,28.584016],[77.226629,28.584016],[77.226628,28.584127],[77.226482,28.584127],[77.226483,28.584016]]]}},{"type":"Feature","properties":{"kind":"building"},"geometry":{"type":"Polygon","coordinates":[[[77.227171,28.584298],[77.227322,28.584299],[77.227321,28.584432],[77.227171,28.584432],[77.227171,28.584298]]]}},{"type":"Feature","properties":{"kind":"building"},"geometry":{"type":"Polygon","coordinates":[[[77.227197,28.584046],[77.227299,28.584046],[77.227299,28.584137],[77.227196,28.584136],[77.227197,28.584046]]]}},{"type":"Feature","properties":{"kind":"building"},"geometry":{"type":"Polygon","coordinates":[[[77.22233,28.582113],[77.222326,28.582226],[77.222173,28.582221],[77.222178,28.582108],[77.22233,28.582113]]]}},{"type":"Feature","properties":{"kind":"building"},"geometry":{"type":"Polygon","coordinates":[[[77.222027,28.583197],[77.222031,28.583292],[77.221915,28.583295],[77.221911,28.583201],[77.222027,28.583197]]]}},{"type":"Feature","properties":{"kind":"building"},"geometry":{"type":"Polygon","coordinates":[[[77.222336,28.583166],[77.222342,28.583304],[77.222207,28.583308],[77.222201,28.58317],[77.222336,28.583166]]]}},{"type":"Feature","properties":{"kind":"building"},"geometry":{"type":"Polygon","coordinates":[[[77.222457,28.585879],[77.222462,28.586013],[77.22231,28.586018],[77.222304,28.585884],[77.222457,28.585879]]]}},{"type":"Feature","properties":{"kind":"building"},"geometry":{"type":"Polygon","coordinates":[[[77.224897,28.580897],[77.224896,28.580999],[77.224746,28.580999],[77.224746,28.580897],[77.224897,28.580897]]]}},{"type":"Feature","properties":{"kind":"building"},"geometry":{"type":"Polygon","coordinates":[[[77.225184,28.580902],[77.225184,28.580994],[77.225077,28.580994],[77.225077,28.580902],[77.225184,28.580902]]]}},{"type":"Feature","properties":{"kind":"building"},"geometry":{"type":"Polygon","coordinates":[[[77.224889,28.581252],[77.224889,28.581399],[77.224773,28.581399],[77.224773,28.581252],[77.224889,28.581252]]]}},{"type":"Feature","properties":{"kind":"building"},"geometry":{"type":"Polygon","coordinates":[[[77.224871,28.584364],[77.224871,28.584493],[77.224777,28.584493],[77.224777,28.584364],[77.224871,28.584364]]]}},{"type":"Feature","properties":{"kind":"building"},"geometry":{"type":"Polygon","coordinates":[[[77.225215,28.584667],[77.225216,28.584808],[77.225106,28.584808],[77.225106,28.584667],[77.225215,28.584667]]]}},{"type":"Feature","properties":{"kind":"building"},"geometry":{"type":"Polygon","coordinates":[[[77.222395,28.588532],[77.222539,28.588532],[77.22254,28.588637],[77.222395,28.588638],[77.222395,28.588532]]]}},{"type":"Feature","properties":{"kind":"building"},"geometry":{"type":"Polygon","coordinates":[[[77.222408,28.588321],[77.222525,28.58832],[77.222525,28.588408],[77.222408,28.588408],[77.222408,28.588321]]]}},{"type":"Feature","properties":{"kind":"building"},"geometry":{"type":"Polygon","coordinates":[[[77.224672,28.588558],[77.224804,28.588558],[77.224804,28.588668],[77.224671,28.588668],[77.224672,28.588558]]]}},{"type":"Feature","properties":{"kind":"building"},"geometry":{"type":"Polygon","coordinates":[[[77.22467,28.58829],[77.224807,28.588291],[77.224807,28.588397],[77.22467,28.588396],[77.22467,28.58829]]]}},{"type":"Feature","properties":{"kind":"building"},"geometry":{"type":"Polygon","coordinates":[[[77.224965,28.588571],[77.225122,28.588571],[77.225122,28.58866],[77.224964,28.58866],[77.224965,28.588571]]]}},{"type":"Feature","properties":{"kind":"building"},"geometry":{"type":"Polygon","coordinates":[[[77.224963,28.588312],[77.225125,28.588312],[77.225125,28.588403],[77.224963,28.588403],[77.224963,28.588312]]]}},{"type":"Feature","properties":{"kind":"building"},"geometry":{"type":"Polygon","coordinates":[[[77.22538,28.588318],[77.225513,28.588319],[77.225513,28.588433],[77.22538,28.588433],[77.22538,28.588318]]]}},{"type":"Feature","properties":{"kind":"building"},"geometry":{"type":"Polygon","coordinates":[[[77.225656,28.588545],[77.225825,28.588546],[77.225825,28.588665],[77.225655,28.588664],[77.225656,28.588545]]]}},{"type":"Feature","properties":{"kind":"building"},"geometry":{"type":"Polygon","coordinates":[[[77.225679,28.588295],[77.225803,28.588295],[77.225803,28.588405],[77.225679,28.588405],[77.225679,28.588295]]]}},{"type":"Feature","properties":{"kind":"building"},"geometry":{"type":"Polygon","coordinates":[[[77.226412,28.588267],[77.226582,28.588267],[77.226582,28.588368],[77.226412,28.588368],[77.226412,28.588267]]]}},{"type":"Feature","properties":{"kind":"building"},"geometry":{"type":"Polygon","coordinates":[[[77.22717,28.588301],[77.227307,28.588302],[77.227306,28.588417],[77.227169,28.588416],[77.22717,28.588301]]]}},{"type":"Feature","properties":{"kind":"building"},"geometry":{"type":"Polygon","coordinates":[[[77.220316,28.59094],[77.220449,28.590942],[77.220447,28.591051],[77.220315,28.59105],[77.220316,28.59094]]]}},{"type":"Feature","properties":{"kind":"building"},"geometry":{"type":"Polygon","coordinates":[[[77.221346,28.591178],[77.221499,28.59118],[77.221497,28.591313],[77.221344,28.591311],[77.221346,28.591178]]]}},{"type":"Feature","properties":{"kind":"building"},"geometry":{"type":"Polygon","coordinates":[[[77.221369,28.590954],[77.221484,28.590956],[77.221482,28.591086],[77.221367,28.591084],[77.221369,28.590954]]]}},{"type":"Feature","properties":{"kind":"building"},"geometry":{"type":"Polygon","coordinates":[[[77.224308,28.591246],[77.224475,28.591244],[77.224477,28.591375],[77.22431,28.591377],[77.224308,28.591246]]]}},{"type":"Feature","properties":{"kind":"building"},"geometry":{"type":"Polygon","coordinates":[[[77.224304,28.590936],[77.224469,28.590934],[77.224471,28.591065],[77.224306,28.591068],[77.224304,28.590936]]]}},{"type":"Feature","properties":{"kind":"building"},"geometry":{"type":"Polygon","coordinates":[[[77.226101,28.591216],[77.226253,28.591214],[77.226254,28.591324],[77.226103,28.591326],[77.226101,28.591216]]]}},{"type":"Feature","properties":{"kind":"building"},"geometry":{"type":"Polygon","coordinates":[[[77.222402,28.587093],[77.222395,28.587238],[77.222256,28.587233],[77.222262,28.587088],[77.222402,28.587093]]]}},{"type":"Feature","properties":{"kind":"building"},"geometry":{"type":"Polygon","coordinates":[[[77.222294,28.590623],[77.222298,28.590724],[77.222191,28.590728],[77.222186,28.590627],[77.222294,28.590623]]]}},{"type":"Feature","properties":{"kind":"building"},"geometry":{"type":"Polygon","coordinates":[[[77.222142,28.592443],[77.222147,28.59256],[77.222027,28.592564],[77.222022,28.592447],[77.222142,28.592443]]]}},{"type":"Feature","properties":{"kind":"building"},"geometry":{"type":"Polygon","coordinates":[[[77.222444,28.593103],[77.222449,28.593205],[77.222296,28.59321],[77.222292,28.593109],[77.222444,28.593103]]]}},{"type":"Feature","properties":{"kind":"building"},"geometry":{"type":"Polygon","coordinates":[[[77.224849,28.586506],[77.224847,28.586587],[77.224736,28.586584],[77.224738,28.586503],[77.224849,28.586506]]]}},{"type":"Feature","properties":{"kind":"building"},"geometry":{"type":"Polygon","coordinates":[[[77.224843,28.588003],[77.224839,28.588135],[77.2247,28.588132],[77.224704,28.588],[77.224843,28.588003]]]}},{"type":"Feature","properties":{"kind":"building"},"geometry":{"type":"Polygon","coordinates":[[[77.225128,28.588012],[77.225125,28.58814],[77.225025,28.588138],[77.225029,28.58801],[77.225128,28.588012]]]}},{"type":"Feature","properties":{"kind":"building"},"geometry":{"type":"Polygon","coordinates":[[[77.224764,28.588314],[77.22476,28.588428],[77.224663,28.588426],[77.224667,28.588312],[77.224764,28.588314]]]}},{"type":"Feature","properties":{"kind":"building"},"geometry":{"type":"Polygon","coordinates":[[[77.225111,28.588325],[77.225108,28.588432],[77.224974,28.58843],[77.224977,28.588322],[77.225111,28.588325]]]}},{"type":"Feature","properties":{"kind":"building"},"geometry":{"type":"Polygon","coordinates":[[[77.224756,28.589228],[77.224754,28.589323],[77.224615,28.58932],[77.224618,28.589225],[77.224756,28.589228]]]}},{"type":"Feature","properties":{"kind":"building"},"geometry":{"type":"Polygon","coordinates":[[[77.224764,28.590315],[77.224767,28.590439],[77.224645,28.590442],[77.224642,28.590317],[77.224764,28.590315]]]}},{"type":"Feature","properties":{"kind":"building"},"geometry":{"type":"Polygon","coordinates":[[[77.225058,28.590723],[77.225061,28.590808],[77.224945,28.590811],[77.224942,28.590726],[77.225058,28.590723]]]}},{"type":"Feature","properties":{"kind":"building"},"geometry":{"type":"Polygon","coordinates":[[[77.224812,28.591075],[77.224816,28.591204],[77.224694,28.591207],[77.224691,28.591078],[77.224812,28.591075]]]}},{"type":"Feature","properties":{"kind":"building"},"geometry":{"type":"Polygon","coordinates":[[[77.225066,28.591093],[77.225069,28.591175],[77.224923,28.591178],[77.22492,28.591096],[77.225066,28.591093]]]}},{"type":"Feature","properties":{"kind":"building"},"geometry":{"type":"Polygon","coordinates":[[[77.224855,28.592371],[77.224858,28.592482],[77.224723,28.592485],[77.22472,28.592374],[77.224855,28.592371]]]}},{"type":"Feature","properties":{"kind":"building"},"geometry":{"type":"Polygon","coordinates":[[[77.225133,28.59237],[77.225136,28.592471],[77.225019,28.592473],[77.225016,28.592372],[77.225133,28.59237]]]}},{"type":"Feature","properties":{"kind":"building"},"geometry":{"type":"Polygon","coordinates":[[[77.224847,28.592676],[77.224851,28.592786],[77.224707,28.592789],[77.224703,28.592679],[77.224847,28.592676]]]}},{"type":"Feature","properties":{"kind":"building"},"geometry":{"type":"Polygon","coordinates":[[[77.225129,28.592664],[77.225132,28.592786],[77.225024,28.592789],[77.22502,28.592666],[77.225129,28.592664]]]}},{"type":"Feature","properties":{"kind":"building"},"geometry":{"type":"Polygon","coordinates":[[[77.221358,28.595247],[77.221493,28.595249],[77.221491,28.595347],[77.221357,28.595345],[77.221358,28.595247]]]}},{"type":"Feature","properties":{"kind":"building"},"geometry":{"type":"Polygon","coordinates":[[[77.223967,28.59548],[77.224119,28.595478],[77.22412,28.595594],[77.223969,28.595596],[77.223967,28.59548]]]}},{"type":"Feature","properties":{"kind":"building"},"geometry":{"type":"Polygon","coordinates":[[[77.224417,28.595527],[77.224518,28.595526],[77.22452,28.595631],[77.224419,28.595632],[77.224417,28.595527]]]}},{"type":"Feature","properties":{"kind":"building"},"geometry":{"type":"Polygon","coordinates":[[[77.225788,28.595485],[77.225929,28.595483],[77.22593,28.595567],[77.22579,28.595569],[77.225788,28.595485]]]}},{"type":"Feature","properties":{"kind":"building"},"geometry":{"type":"Polygon","coordinates":[[[77.225788,28.595242],[77.225922,28.595241],[77.225924,28.595369],[77.22579,28.595371],[77.225788,28.595242]]]}},{"type":"Feature","properties":{"kind":"building"},"geometry":{"type":"Polygon","coordinates":[[[77.226124,28.595472],[77.226245,28.595471],[77.226246,28.595569],[77.226126,28.59557],[77.226124,28.595472]]]}},{"type":"Feature","properties":{"kind":"building"},"geometry":{"type":"Polygon","coordinates":[[[77.226106,28.595254],[77.226257,28.595252],[77.226258,28.595354],[77.226108,28.595356],[77.226106,28.595254]]]}},{"type":"Feature","properties":{"kind":"building"},"geometry":{"type":"Polygon","coordinates":[[[77.221014,28.597767],[77.221133,28.59777],[77.221131,28.597867],[77.221011,28.597865],[77.221014,28.597767]]]}},{"type":"Feature","properties":{"kind":"building"},"geometry":{"type":"Polygon","coordinates":[[[77.221008,28.597525],[77.221152,28.597528],[77.221149,28.59766],[77.221004,28.597657],[77.221008,28.597525]]]}},{"type":"Feature","properties":{"kind":"building"},"geometry":{"type":"Polygon","coordinates":[[[77.222766,28.597843],[77.2229,28.597846],[77.222896,28.597971],[77.222762,28.597969],[77.222766,28.597843]]]}},{"type":"Feature","properties":{"kind":"building"},"geometry":{"type":"Polygon","coordinates":[[[77.222782,28.597549],[77.222899,28.597551],[77.222896,28.597656],[77.222779,28.597653],[77.222782,28.597549]]]}},{"type":"Feature","properties":{"kind":"building"},"geometry":{"type":"Polygon","coordinates":[[[77.223096,28.597853],[77.223226,28.597856],[77.223222,28.597985],[77.223093,28.597982],[77.223096,28.597853]]]}},{"type":"Feature","properties":{"kind":"building"},"geometry":{"type":"Polygon","coordinates":[[[77.225431,28.597823],[77.225527,28.597821],[77.22553,28.597935],[77.225434,28.597937],[77.225431,28.597823]]]}},{"type":"Feature","properties":{"kind":"building"},"geometry":{"type":"Polygon","coordinates":[[[77.226446,28.597527],[77.226563,28.597525],[77.226565,28.597608],[77.226448,28.59761],[77.226446,28.597527]]]}},{"type":"Feature","properties":{"kind":"building"},"geometry":{"type":"Polygon","coordinates":[[[77.227106,28.597756],[77.227204,28.597754],[77.227206,28.597842],[77.227109,28.597844],[77.227106,28.597756]]]}},{"type":"Feature","properties":{"kind":"building"},"geometry":{"type":"Polygon","coordinates":[[[77.227063,28.597524],[77.227235,28.597521],[77.227237,28.597602],[77.227065,28.597606],[77.227063,28.597524]]]}},{"type":"Feature","properties":{"kind":"building"},"geometry":{"type":"Polygon","coordinates":[[[77.222297,28.593311],[77.222291,28.593453],[77.222157,28.593449],[77.222163,28.593307],[77.222297,28.593311]]]}},{"type":"Feature","properties":{"kind":"building"},"geometry":{"type":"Polygon","coordinates":[[[77.222257,28.594599],[77.222253,28.594695],[77.222125,28.59469],[77.222129,28.594595],[77.222257,28.594599]]]}},{"type":"Feature","properties":{"kind":"building"},"geometry":{"type":"Polygon","coordinates":[[[77.221927,28.595505],[77.221923,28.595608],[77.22179,28.595603],[77.221794,28.595501],[77.221927,28.595505]]]}},{"type":"Feature","properties":{"kind":"building"},"geometry":{"type":"Polygon","coordinates":[[[77.222192,28.595498],[77.222186,28.595632],[77.222075,28.595628],[77.22208,28.595494],[77.222192,28.595498]]]}},{"type":"Feature","properties":{"kind":"building"},"geometry":{"type":"Polygon","coordinates":[[[77.221888,28.597757],[77.221893,28.597874],[77.221772,28.597878],[77.221768,28.597761],[77.221888,28.597757]]]}},{"type":"Feature","properties":{"kind":"building"},"geometry":{"type":"Polygon","coordinates":[[[77.222217,28.597738],[77.222223,28.597872],[77.222107,28.597876],[77.222101,28.597742],[77.222217,28.597738]]]}},{"type":"Feature","properties":{"kind":"building"},"geometry":{"type":"Polygon","coordinates":[[[77.222302,28.599591],[77.222306,28.599703],[77.222185,28.599706],[77.22218,28.599594],[77.222302,28.599591]]]}},{"type":"Feature","properties":{"kind":"building"},"geometry":{"type":"Polygon","coordinates":[[[77.224864,28.594214],[77.224859,28.594364],[77.22475,28.594361],[77.224755,28.594212],[77.224864,28.594214]]]}},{"type":"Feature","properties":{"kind":"building"},"geometry":{"type":"Polygon","coordinates":[[[77.224877,28.594861],[77.224874,28.59498],[77.224743,28.594977],[77.224746,28.594858],[77.224877,28.594861]]]}},{"type":"Feature","properties":{"kind":"building"},"geometry":{"type":"Polygon","coordinates":[[[77.225157,28.594859],[77.225154,28.594993],[77.225015,28.59499],[77.225019,28.594856],[77.225157,28.594859]]]}},{"type":"Feature","properties":{"kind":"building"},"geometry":{"type":"Polygon","coordinates":[[[77.224867,28.595486],[77.224864,28.595607],[77.224764,28.595605],[77.224767,28.595484],[77.224867,28.595486]]]}},{"type":"Feature","properties":{"kind":"building"},"geometry":{"type":"Polygon","coordinates":[[[77.224853,28.596149],[77.224849,28.596293],[77.224746,28.596291],[77.22475,28.596147],[77.224853,28.596149]]]}},{"type":"Feature","properties":{"kind":"building"},"geometry":{"type":"Polygon","coordinates":[[[77.224859,28.596487],[77.224856,28.596606],[77.22473,28.596604],[77.224734,28.596485],[77.224859,28.596487]]]}},{"type":"Feature","properties":{"kind":"building"},"geometry":{"type":"Polygon","coordinates":[[[77.225123,28.596484],[77.225119,28.596621],[77.22497,28.596618],[77.224973,28.59648],[77.225123,28.596484]]]}},{"type":"Feature","properties":{"kind":"building"},"geometry":{"type":"Polygon","coordinates":[[[77.224826,28.596847],[77.224829,28.59695],[77.224729,28.596952],[77.224727,28.596849],[77.224826,28.596847]]]}},{"type":"Feature","properties":{"kind":"building"},"geometry":{"type":"Polygon","coordinates":[[[77.225156,28.596843],[77.225159,28.59694],[77.225007,28.596943],[77.225004,28.596847],[77.225156,28.596843]]]}},{"type":"Feature","properties":{"kind":"building"},"geometry":{"type":"Polygon","coordinates":[[[77.225175,28.599033],[77.225178,28.599135],[77.22505,28.599138],[77.225047,28.599035],[77.225175,28.599033]]]}},{"type":"Feature","properties":{"kind":"building"},"geometry":{"type":"Polygon","coordinates":[[[77.222754,28.602518],[77.222876,28.602517],[77.222876,28.602604],[77.222754,28.602604],[77.222754,28.602518]]]}},{"type":"Feature","properties":{"kind":"building"},"geometry":{"type":"Polygon","coordinates":[[[77.223091,28.602516],[77.223216,28.602515],[77.223216,28.602639],[77.223091,28.60264],[77.223091,28.602516]]]}},{"type":"Feature","properties":{"kind":"building"},"geometry":{"type":"Polygon","coordinates":[[[77.223068,28.602264],[77.223236,28.602263],[77.223237,28.602382],[77.223069,28.602383],[77.223068,28.602264]]]}},{"type":"Feature","properties":{"kind":"building"},"geometry":{"type":"Polygon","coordinates":[[[77.225026,28.602501],[77.225145,28.602502],[77.225145,28.602619],[77.225026,28.602618],[77.225026,28.602501]]]}},{"type":"Feature","properties":{"kind":"building"},"geometry":{"type":"Polygon","coordinates":[[[77.225013,28.602269],[77.22516,28.602269],[77.22516,28.602396],[77.225012,28.602396],[77.225013,28.602269]]]}},{"type":"Feature","properties":{"kind":"building"},"geometry":{"type":"Polygon","coordinates":[[[77.225681,28.602524],[77.225812,28.602524],[77.225812,28.602631],[77.225681,28.60263],[77.225681,28.602524]]]}},{"type":"Feature","properties":{"kind":"building"},"geometry":{"type":"Polygon","coordinates":[[[77.227164,28.602522],[77.227292,28.602523],[77.227291,28.602626],[77.227164,28.602625],[77.227164,28.602522]]]}},{"type":"Feature","properties":{"kind":"building"},"geometry":{"type":"Polygon","coordinates":[[[77.220301,28.604669],[77.220463,28.604663],[77.220469,28.604781],[77.220307,28.604787],[77.220301,28.604669]]]}},{"type":"Feature","properties":{"kind":"building"},"geometry":{"type":"Polygon","coordinates":[[[77.220292,28.604435],[77.220451,28.604429],[77.220457,28.60455],[77.220297,28.604555],[77.220292,28.604435]]]}},{"type":"Feature","properties":{"kind":"building"},"geometry":{"type":"Polygon","coordinates":[[[77.221028,28.604676],[77.221153,28.604671],[77.221158,28.604781],[77.221033,28.604786],[77.221028,28.604676]]]}},{"type":"Feature","properties":{"kind":"building"},"geometry":{"type":"Polygon","coordinates":[[[77.223084,28.604337],[77.223212,28.604332],[77.223217,28.604444],[77.223089,28.604449],[77.223084,28.604337]]]}},{"type":"Feature","properties":{"kind":"building"},"geometry":{"type":"Polygon","coordinates":[[[77.224335,28.604611],[77.224436,28.604615],[77.224431,28.604705],[77.224331,28.604701],[77.224335,28.604611]]]}},{"type":"Feature","properties":{"kind":"building"},"geometry":{"type":"Polygon","coordinates":[[[77.226711,28.604447],[77.226851,28.604452],[77.226847,28.604544],[77.226706,28.604539],[77.226711,28.604447]]]}},{"type":"Feature","properties":{"kind":"building"},"geometry":{"type":"Polygon","coordinates":[[[77.222074,28.600146],[77.222078,28.600263],[77.221953,28.600266],[77.221949,28.600149],[77.222074,28.600146]]]}},{"type":"Feature","properties":{"kind":"building"},"geometry":{"type":"Polygon","coordinates":[[[77.222374,28.600136],[77.222378,28.600257],[77.222256,28.60026],[77.222251,28.600139],[77.222374,28.600136]]]}},{"type":"Feature","properties":{"kind":"building"},"geometry":{"type":"Polygon","coordinates":[[[77.22212,28.601723],[77.222125,28.601873],[77.222025,28.601876],[77.22202,28.601725],[77.22212,28.601723]]]}},{"type":"Feature","properties":{"kind":"building"},"geometry":{"type":"Polygon","coordinates":[[[77.222167,28.603652],[77.222163,28.603791],[77.222042,28.603788],[77.222047,28.603649],[77.222167,28.603652]]]}},{"type":"Feature","properties":{"kind":"building"},"geometry":{"type":"Polygon","coordinates":[[[77.222465,28.603688],[77.222462,28.603771],[77.222334,28.603768],[77.222337,28.603685],[77.222465,28.603688]]]}},{"type":"Feature","properties":{"kind":"building"},"geometry":{"type":"Polygon","coordinates":[[[77.222097,28.604601],[77.222094,28.604689],[77.221992,28.604686],[77.221995,28.604599],[77.222097,28.604601]]]}},{"type":"Feature","properties":{"kind":"building"},"geometry":{"type":"Polygon","coordinates":[[[77.222362,28.6055],[77.222359,28.605583],[77.222236,28.60558],[77.222239,28.605497],[77.222362,28.6055]]]}},{"type":"Feature","properties":{"kind":"building"},"geometry":{"type":"Polygon","coordinates":[[[77.224784,28.600752],[77.224784,28.600874],[77.224672,28.600874],[77.224673,28.600752],[77.224784,28.600752]]]}},{"type":"Feature","properties":{"kind":"building"},"geometry":{"type":"Polygon","coordinates":[[[77.225085,28.600761],[77.225085,28.600867],[77.224986,28.600867],[77.224986,28.600761],[77.225085,28.600761]]]}},{"type":"Feature","properties":{"kind":"building"},"geometry":{"type":"Polygon","coordinates":[[[77.224823,28.601432],[77.224823,28.601547],[77.22467,28.601547],[77.22467,28.601431],[77.224823,28.601432]]]}},{"type":"Feature","properties":{"kind":"building"},"geometry":{"type":"Polygon","coordinates":[[[77.22512,28.601414],[77.225119,28.601567],[77.224976,28.601566],[77.224976,28.601414],[77.22512,28.601414]]]}},{"type":"Feature","properties":{"kind":"building"},"geometry":{"type":"Polygon","coordinates":[[[77.22506,28.603677],[77.225061,28.603769],[77.224934,28.60377],[77.224934,28.603678],[77.22506,28.603677]]]}},{"type":"Feature","properties":{"kind":"building"},"geometry":{"type":"Polygon","coordinates":[[[77.224794,28.604311],[77.224795,28.604413],[77.22469,28.604413],[77.22469,28.604312],[77.224794,28.604311]]]}},{"type":"Feature","properties":{"kind":"building"},"geometry":{"type":"Polygon","coordinates":[[[77.224782,28.604594],[77.224783,28.604682],[77.22464,28.604683],[77.22464,28.604595],[77.224782,28.604594]]]}},{"type":"Feature","properties":{"kind":"building"},"geometry":{"type":"Polygon","coordinates":[[[77.224769,28.604868],[77.22477,28.60499],[77.224673,28.604991],[77.224672,28.604869],[77.224769,28.604868]]]}},{"type":"Feature","properties":{"kind":"building"},"geometry":{"type":"Polygon","coordinates":[[[77.225075,28.604887],[77.225075,28.60497],[77.224962,28.60497],[77.224962,28.604887],[77.225075,28.604887]]]}},{"type":"Feature","properties":{"kind":"building"},"geometry":{"type":"Polygon","coordinates":[[[77.225089,28.605473],[77.225089,28.605624],[77.224994,28.605624],[77.224993,28.605474],[77.225089,28.605473]]]}},{"type":"Feature","properties":{"kind":"building"},"geometry":{"type":"Polygon","coordinates":[[[77.224775,28.605843],[77.224776,28.605939],[77.224653,28.60594],[77.224653,28.605843],[77.224775,28.605843]]]}},{"type":"Feature","properties":{"kind":"building"},"geometry":{"type":"Polygon","coordinates":[[[77.225092,28.60584],[77.225093,28.60594],[77.224984,28.605941],[77.224983,28.605841],[77.225092,28.60584]]]}},{"type":"Feature","properties":{"kind":"building"},"geometry":{"type":"Polygon","coordinates":[[[77.223202,28.608816],[77.223205,28.608912],[77.223111,28.608914],[77.223108,28.608818],[77.223202,28.608816]]]}},{"type":"Feature","properties":{"kind":"building"},"geometry":{"type":"Polygon","coordinates":[[[77.231734,28.569569],[77.231901,28.569569],[77.231901,28.569692],[77.231734,28.569692],[77.231734,28.569569]]]}},{"type":"Feature","properties":{"kind":"building"},"geometry":{"type":"Polygon","coordinates":[[[77.233843,28.569574],[77.234005,28.569575],[77.234005,28.569689],[77.233843,28.569689],[77.233843,28.569574]]]}},{"type":"Feature","properties":{"kind":"building"},"geometry":{"type":"Polygon","coordinates":[[[77.23424,28.569596],[77.234378,28.569596],[77.234377,28.569725],[77.23424,28.569725],[77.23424,28.569596]]]}},{"type":"Feature","properties":{"kind":"building"},"geometry":{"type":"Polygon","coordinates":[[[77.228802,28.575128],[77.228895,28.57513],[77.228892,28.575225],[77.228799,28.575223],[77.228802,28.575128]]]}},{"type":"Feature","properties":{"kind":"building"},"geometry":{"type":"Polygon","coordinates":[[[77.228806,28.574888],[77.228903,28.57489],[77.228901,28.574982],[77.228803,28.57498],[77.228806,28.574888]]]}},{"type":"Feature","properties":{"kind":"building"},"geometry":{"type":"Polygon","coordinates":[[[77.230898,28.575161],[77.231038,28.575163],[77.231035,28.575286],[77.230895,28.575283],[77.230898,28.575161]]]}},{"type":"Feature","properties":{"kind":"building"},"geometry":{"type":"Polygon","coordinates":[[[77.230892,28.574902],[77.231057,28.574905],[77.231054,28.575019],[77.230889,28.575016],[77.230892,28.574902]]]}},{"type":"Feature","properties":{"kind":"building"},"geometry":{"type":"Polygon","coordinates":[[[77.231403,28.575187],[77.231542,28.575184],[77.231544,28.575275],[77.231406,28.575278],[77.231403,28.575187]]]}},{"type":"Feature","properties":{"kind":"building"},"geometry":{"type":"Polygon","coordinates":[[[77.231386,28.57489],[77.231544,28.574887],[77.231547,28.57501],[77.231389,28.575013],[77.231386,28.57489]]]}},{"type":"Feature","properties":{"kind":"building"},"geometry":{"type":"Polygon","coordinates":[[[77.232755,28.575151],[77.232853,28.575149],[77.232855,28.575245],[77.232757,28.575247],[77.232755,28.575151]]]}},{"type":"Feature","properties":{"kind":"building"},"geometry":{"type":"Polygon","coordinates":[[[77.233541,28.57483],[77.233633,28.574829],[77.233637,28.574951],[77.233544,28.574952],[77.233541,28.57483]]]}},{"type":"Feature","properties":{"kind":"building"},"geometry":{"type":"Polygon","coordinates":[[[77.23422,28.575081],[77.234392,28.575077],[77.234395,28.575208],[77.234224,28.575212],[77.23422,28.575081]]]}},{"type":"Feature","properties":{"kind":"building"},"geometry":{"type":"Polygon","coordinates":[[[77.228415,28.577504],[77.228585,28.577508],[77.228583,28.57759],[77.228412,28.577586],[77.228415,28.577504]]]}},{"type":"Feature","properties":{"kind":"building"},"geometry":{"type":"Polygon","coordinates":[[[77.228443,28.577201],[77.228576,28.577204],[77.228572,28.57733],[77.228439,28.577326],[77.228443,28.577201]]]}},{"type":"Feature","properties":{"kind":"building"},"geometry":{"type":"Polygon","coordinates":[[[77.229853,28.577522],[77.229979,28.577525],[77.229976,28.577613],[77.22985,28.57761],[77.229853,28.577522]]]}},{"type":"Feature","properties":{"kind":"building"},"geometry":{"type":"Polygon","coordinates":[[[77.230932,28.577317],[77.231082,28.57732],[77.231079,28.577428],[77.230929,28.577425],[77.230932,28.577317]]]}},{"type":"Feature","properties":{"kind":"building"},"geometry":{"type":"Polygon","coordinates":[[[77.231765,28.577544],[77.231875,28.577542],[77.231878,28.577645],[77.231768,28.577647],[77.231765,28.577544]]]}},{"type":"Feature","properties":{"kind":"building"},"geometry":{"type":"Polygon","coordinates":[[[77.234172,28.577504],[77.23434,28.5775],[77.234343,28.577599],[77.234175,28.577603],[77.234172,28.577504]]]}},{"type":"Feature","properties":{"kind":"building"},"geometry":{"type":"Polygon","coordinates":[[[77.234172,28.577244],[77.234324,28.577241],[77.234327,28.577367],[77.234176,28.577371],[77.234172,28.577244]]]}},{"type":"Feature","properties":{"kind":"building"},"geometry":{"type":"Polygon","coordinates":[[[77.234511,28.577228],[77.234664,28.577224],[77.234668,28.577351],[77.234515,28.577355],[77.234511,28.577228]]]}},{"type":"Feature","properties":{"kind":"building"},"geometry":{"type":"Polygon","coordinates":[[[77.230249,28.576348],[77.230243,28.576475],[77.230101,28.576471],[77.230107,28.576343],[77.230249,28.576348]]]}},{"type":"Feature","properties":{"kind":"building"},"geometry":{"type":"Polygon","coordinates":[[[77.230551,28.576374],[77.230547,28.57647],[77.230444,28.576467],[77.230448,28.57637],[77.230551,28.576374]]]}},{"type":"Feature","properties":{"kind":"building"},"geometry":{"type":"Polygon","coordinates":[[[77.230216,28.577633],[77.230212,28.577731],[77.230069,28.577726],[77.230074,28.577629],[77.230216,28.577633]]]}},{"type":"Feature","properties":{"kind":"building"},"geometry":{"type":"Polygon","coordinates":[[[77.230466,28.578207],[77.230461,28.578324],[77.230309,28.578319],[77.230314,28.578202],[77.230466,28.578207]]]}},{"type":"Feature","properties":{"kind":"building"},"geometry":{"type":"Polygon","coordinates":[[[77.230161,28.578517],[77.230154,28.578662],[77.230016,28.578657],[77.230023,28.578512],[77.230161,28.578517]]]}},{"type":"Feature","properties":{"kind":"building"},"geometry":{"type":"Polygon","coordinates":[[[77.230464,28.578551],[77.230459,28.578648],[77.230339,28.578644],[77.230343,28.578547],[77.230464,28.578551]]]}},{"type":"Feature","properties":{"kind":"building"},"geometry":{"type":"Polygon","coordinates":[[[77.232649,28.574662],[77.232645,28.574786],[77.232551,28.574784],[77.232554,28.57466],[77.232649,28.574662]]]}},{"type":"Feature","properties":{"kind":"building"},"geometry":{"type":"Polygon","coordinates":[[[77.232951,28.574985],[77.232948,28.575086],[77.232853,28.575084],[77.232856,28.574983],[77.232951,28.574985]]]}},{"type":"Feature","properties":{"kind":"building"},"geometry":{"type":"Polygon","coordinates":[[[77.232595,28.575886],[77.232591,28.576028],[77.232484,28.576025],[77.232488,28.575884],[77.232595,28.575886]]]}},{"type":"Feature","properties":{"kind":"building"},"geometry":{"type":"Polygon","coordinates":[[[77.23293,28.575892],[77.232926,28.576036],[77.232826,28.576034],[77.23283,28.57589],[77.23293,28.575892]]]}},{"type":"Feature","properties":{"kind":"building"},"geometry":{"type":"Polygon","coordinates":[[[77.232916,28.576947],[77.23292,28.577097],[77.232809,28.5771],[77.232804,28.576949],[77.232916,28.576947]]]}},{"type":"Feature","properties":{"kind":"building"},"geometry":{"type":"Polygon","coordinates":[[[77.232657,28.577322],[77.232659,28.577408],[77.232514,28.577411],[77.232512,28.577325],[77.232657,28.577322]]]}},{"type":"Feature","properties":{"kind":"building"},"geometry":{"type":"Polygon","coordinates":[[[77.232957,28.577318],[77.232959,28.5774],[77.232812,28.577403],[77.23281,28.577321],[77.232957,28.577318]]]}},{"type":"Feature","properties":{"kind":"building"},"geometry":{"type":"Polygon","coordinates":[[[77.232688,28.577692],[77.23269,28.577779],[77.232573,28.577781],[77.23257,28.577695],[77.232688,28.577692]]]}},{"type":"Feature","properties":{"kind":"building"},"geometry":{"type":"Polygon","coordinates":[[[77.232923,28.577658],[77.232927,28.577803],[77.232815,28.577806],[77.232811,28.57766],[77.232923,28.577658]]]}},{"type":"Feature","properties":{"kind":"building"},"geometry":{"type":"Polygon","coordinates":[[[77.232682,28.578046],[77.232686,28.578176],[77.232574,28.578179],[77.232571,28.578048],[77.232682,28.578046]]]}},{"type":"Feature","properties":{"kind":"building"},"geometry":{"type":"Polygon","coordinates":[[[77.232974,28.578042],[77.232977,28.578168],[77.23286,28.578171],[77.232857,28.578044],[77.232974,28.578042]]]}},{"type":"Feature","properties":{"kind":"building"},"geometry":{"type":"Polygon","coordinates":[[[77.232702,28.57872],[77.232705,28.578826],[77.232552,28.578829],[77.232549,28.578723],[77.232702,28.57872]]]}},{"type":"Feature","properties":{"kind":"building"},"geometry":{"type":"Polygon","coordinates":[[[77.232993,28.578726],[77.232995,28.578808],[77.232876,28.57881],[77.232874,28.578728],[77.232993,28.578726]]]}},{"type":"Feature","properties":{"kind":"building"},"geometry":{"type":"Polygon","coordinates":[[[77.22844,28.581997],[77.228568,28.581996],[77.228569,28.582106],[77.228441,28.582107],[77.22844,28.581997]]]}},{"type":"Feature","properties":{"kind":"building"},"geometry":{"type":"Polygon","coordinates":[[[77.228842,28.581973],[77.228947,28.581973],[77.228948,28.582101],[77.228843,28.582102],[77.228842,28.581973]]]}},{"type":"Feature","properties":{"kind":"building"},"geometry":{"type":"Polygon","coordinates":[[[77.229156,28.581722],[77.229309,28.581721],[77.22931,28.58181],[77.229157,28.581811],[77.229156,28.581722]]]}},{"type":"Feature","properties":{"kind":"building"},"geometry":{"type":"Polygon","coordinates":[[[77.229497,28.581989],[77.229604,28.581989],[77.229606,28.582119],[77.229498,28.58212],[77.229497,28.581989]]]}},{"type":"Feature","properties":{"kind":"building"},"geometry":{"type":"Polygon","coordinates":[[[77.229494,28.58174],[77.229603,28.581739],[77.229604,28.581858],[77.229495,28.581859],[77.229494,28.58174]]]}},{"type":"Feature","properties":{"kind":"building"},"geometry":{"type":"Polygon","coordinates":[[[77.230852,28.581696],[77.230966,28.581695],[77.230967,28.581807],[77.230853,28.581808],[77.230852,28.581696]]]}},{"type":"Feature","properties":{"kind":"building"},"geometry":{"type":"Polygon","coordinates":[[[77.231401,28.581988],[77.231538,28.581989],[77.231537,28.582096],[77.2314,28.582095],[77.231401,28.581988]]]}},{"type":"Feature","properties":{"kind":"building"},"geometry":{"type":"Polygon","coordinates":[[[77.231821,28.582027],[77.231915,28.582028],[77.231914,28.582114],[77.23182,28.582113],[77.231821,28.582027]]]}},{"type":"Feature","properties":{"kind":"building"},"geometry":{"type":"Polygon","coordinates":[[[77.231791,28.581749],[77.23195,28.58175],[77.231949,28.581861],[77.23179,28.58186],[77.231791,28.581749]]]}},{"type":"Feature","properties":{"kind":"building"},"geometry":{"type":"Polygon","coordinates":[[[77.232109,28.581969],[77.232214,28.58197],[77.232213,28.582063],[77.232108,28.582062],[77.232109,28.581969]]]}},{"type":"Feature","properties":{"kind":"building"},"geometry":{"type":"Polygon","coordinates":[[[77.232112,28.581705],[77.232215,28.581705],[77.232214,28.581824],[77.232111,28.581823],[77.232112,28.581705]]]}},{"type":"Feature","properties":{"kind":"building"},"geometry":{"type":"Polygon","coordinates":[[[77.232422,28.582008],[77.232553,28.582009],[77.232552,28.582116],[77.232421,28.582115],[77.232422,28.582008]]]}},{"type":"Feature","properties":{"kind":"building"},"geometry":{"type":"Polygon","coordinates":[[[77.232414,28.581735],[77.232565,28.581736],[77.232564,28.581825],[77.232414,28.581824],[77.232414,28.581735]]]}},{"type":"Feature","properties":{"kind":"building"},"geometry":{"type":"Polygon","coordinates":[[[77.232837,28.582009],[77.232959,28.582009],[77.232958,28.582136],[77.232836,28.582135],[77.232837,28.582009]]]}},{"type":"Feature","properties":{"kind":"building"},"geometry":{"type":"Polygon","coordinates":[[[77.233925,28.581977],[77.234085,28.581978],[77.234084,28.582078],[77.233925,28.582077],[77.233925,28.581977]]]}},{"type":"Feature","properties":{"kind":"building"},"geometry":{"type":"Polygon","coordinates":[[[77.233932,28.581777],[77.234082,28.581778],[77.234081,28.58186],[77.233931,28.581859],[77.233932,28.581777]]]}},{"type":"Feature","properties":{"kind":"building"},"geometry":{"type":"Polygon","coordinates":[[[77.234997,28.582001],[77.235091,28.582002],[77.23509,28.582117],[77.234996,28.582116],[77.234997,28.582001]]]}},{"type":"Feature","properties":{"kind":"building"},"geometry":{"type":"Polygon","coordinates":[[[77.228068,28.584221],[77.228239,28.584223],[77.228238,28.584311],[77.228066,28.584309],[77.228068,28.584221]]]}},{"type":"Feature","properties":{"kind":"building"},"geometry":{"type":"Polygon","coordinates":[[[77.228111,28.583903],[77.228206,28.583904],[77.228204,28.584],[77.22811,28.583999],[77.228111,28.583903]]]}},{"type":"Feature","properties":{"kind":"building"},"geometry":{"type":"Polygon","coordinates":[[[77.228497,28.584208],[77.22863,28.58421],[77.228628,28.584339],[77.228495,28.584337],[77.228497,28.584208]]]}},{"type":"Feature","properties":{"kind":"building"},"geometry":{"type":"Polygon","coordinates":[[[77.228501,28.583922],[77.228635,28.583923],[77.228634,28.584032],[77.228499,28.58403],[77.228501,28.583922]]]}},{"type":"Feature","properties":{"kind":"building"},"geometry":{"type":"Polygon","coordinates":[[[77.228914,28.584208],[77.22907,28.584209],[77.229069,28.584297],[77.228913,28.584295],[77.228914,28.584208]]]}},{"type":"Feature","properties":{"kind":"building"},"geometry":{"type":"Polygon","coordinates":[[[77.228937,28.58392],[77.229056,28.583921],[77.229055,28.584018],[77.228935,28.584016],[77.228937,28.58392]]]}},{"type":"Feature","properties":{"kind":"building"},"geometry":{"type":"Polygon","coordinates":[[[77.229346,28.583938],[77.229466,28.583939],[77.229464,28.584066],[77.229344,28.584065],[77.229346,28.583938]]]}},{"type":"Feature","properties":{"kind":"building"},"geometry":{"type":"Polygon","coordinates":[[[77.229666,28.584227],[77.229817,28.584228],[77.229815,28.58434],[77.229664,28.584338],[77.229666,28.584227]]]}},{"type":"Feature","properties":{"kind":"building"},"geometry":{"type":"Polygon","coordinates":[[[77.22966,28.583936],[77.229831,28.583938],[77.22983,28.584026],[77.229659,28.584024],[77.22966,28.583936]]]}},{"type":"Feature","properties":{"kind":"building"},"geometry":{"type":"Polygon","coordinates":[[[77.231418,28.584252],[77.231526,28.584251],[77.231527,28.584339],[77.231419,28.584341],[77.231418,28.584252]]]}},{"type":"Feature","properties":{"kind":"building"},"geometry":{"type":"Polygon","coordinates":[[[77.231398,28.583924],[77.231535,28.583922],[77.231537,28.584046],[77.2314,28.584048],[77.231398,28.583924]]]}},{"type":"Feature","properties":{"kind":"building"},"geometry":{"type":"Polygon","coordinates":[[[77.231778,28.584203],[77.231889,28.584202],[77.231891,28.584329],[77.23178,28.58433],[77.231778,28.584203]]]}},{"type":"Feature","properties":{"kind":"building"},"geometry":{"type":"Polygon","coordinates":[[[77.23176,28.583935],[77.2319,28.583933],[77.231902,28.584048],[77.231761,28.58405],[77.23176,28.583935]]]}},{"type":"Feature","properties":{"kind":"building"},"geometry":{"type":"Polygon","coordinates":[[[77.232533,28.58417],[77.232638,28.584169],[77.23264,28.584303],[77.232535,28.584304],[77.232533,28.58417]]]}},{"type":"Feature","properties":{"kind":"building"},"geometry":{"type":"Polygon","coordinates":[[[77.232507,28.583945],[77.232657,28.583943],[77.232658,28.584026],[77.232508,28.584028],[77.232507,28.583945]]]}},{"type":"Feature","properties":{"kind":"building"},"geometry":{"type":"Polygon","coordinates":[[[77.232891,28.584185],[77.232993,28.584184],[77.232995,28.584301],[77.232892,28.584302],[77.232891,28.584185]]]}},{"type":"Feature","properties":{"kind":"building"},"geometry":{"type":"Polygon","coordinates":[[[77.234574,28.584181],[77.234691,28.58418],[77.234693,28.584299],[77.234576,28.584301],[77.234574,28.584181]]]}},{"type":"Feature","properties":{"kind":"building"},"geometry":{"type":"Polygon","coordinates":[[[77.234576,28.583909],[77.234681,28.583908],[77.234683,28.584033],[77.234578,28.584034],[77.234576,28.583909]]]}},{"type":"Feature","properties":{"kind":"building"},"geometry":{"type":"Polygon","coordinates":[[[77.234988,28.584151],[77.235136,28.584149],[77.235138,28.584254],[77.234989,28.584256],[77.234988,28.584151]]]}},{"type":"Feature","properties":{"kind":"building"},"geometry":{"type":"Polygon","coordinates":[[[77.230412,28.579655],[77.230412,28.579788],[77.23029,28.579788],[77.23029,28.579654],[77.230412,28.579655]]]}},{"type":"Feature","properties":{"kind":"building"},"geometry":{"type":"Polygon","coordinates":[[[77.230113,28.581149],[77.230112,28.581289],[77.229972,28.581289],[77.229972,28.581149],[77.230113,28.581149]]]}},{"type":"Feature","properties":{"kind":"building"},"geometry":{"type":"Polygon","coordinates":[[[77.230426,28.581175],[77.230426,28.581263],[77.230279,28.581263],[77.230279,28.581174],[77.230426,28.581175]]]}},{"type":"Feature","properties":{"kind":"building"},"geometry":{"type":"Polygon","coordinates":[[[77.230077,28.582668],[77.230077,28.582773],[77.229958,28.582773],[77.229958,28.582668],[77.230077,28.582668]]]}},{"type":"Feature","properties":{"kind":"building"},"geometry":{"type":"Polygon","coordinates":[[[77.230387,28.58265],[77.230387,28.582792],[77.23028,28.582792],[77.23028,28.58265],[77.230387,28.58265]]]}},{"type":"Feature","properties":{"kind":"building"},"geometry":{"type":"Polygon","coordinates":[[[77.230114,28.584525],[77.230114,28.584673],[77.229961,28.584673],[77.229961,28.584525],[77.230114,28.584525]]]}},{"type":"Feature","properties":{"kind":"building"},"geometry":{"type":"Polygon","coordinates":[[[77.230395,28.584921],[77.230395,28.585053],[77.230263,28.585053],[77.230263,28.584921],[77.230395,28.584921]]]}},{"type":"Feature","properties":{"kind":"building"},"geometry":{"type":"Polygon","coordinates":[[[77.230142,28.585498],[77.230142,28.585613],[77.229995,28.585613],[77.229995,28.585498],[77.230142,28.585498]]]}},{"type":"Feature","properties":{"kind":"building"},"geometry":{"type":"Polygon","coordinates":[[[77.230434,28.585497],[77.230434,28.585614],[77.230316,28.585614],[77.230316,28.585497],[77.230434,28.585497]]]}},{"type":"Feature","properties":{"kind":"building"},"geometry":{"type":"Polygon","coordinates":[[[77.230151,28.585791],[77.230151,28.585911],[77.230022,28.585912],[77.230022,28.585791],[77.230151,28.585791]]]}},{"type":"Feature","properties":{"kind":"building"},"geometry":{"type":"Polygon","coordinates":[[[77.23039,28.585805],[77.23039,28.585897],[77.230261,28.585897],[77.230261,28.585805],[77.23039,28.585805]]]}},{"type":"Feature","properties":{"kind":"building"},"geometry":{"type":"Polygon","coordinates":[[[77.232514,28.579648],[77.232511,28.579792],[77.23238,28.57979],[77.232383,28.579646],[77.232514,28.579648]]]}},{"type":"Feature","properties":{"kind":"building"},"geometry":{"type":"Polygon","coordinates":[[[77.232744,28.579681],[77.232742,28.579767],[77.232636,28.579765],[77.232638,28.579679],[77.232744,28.579681]]]}},{"type":"Feature","properties":{"kind":"building"},"geometry":{"type":"Polygon","coordinates":[[[77.232461,28.57995],[77.232458,28.580093],[77.232322,28.580091],[77.232325,28.579948],[77.232461,28.57995]]]}},{"type":"Feature","properties":{"kind":"building"},"geometry":{"type":"Polygon","coordinates":[[[77.232756,28.57996],[77.232753,28.580092],[77.23261,28.58009],[77.232613,28.579958],[77.232756,28.57996]]]}},{"type":"Feature","properties":{"kind":"building"},"geometry":{"type":"Polygon","coordinates":[[[77.232475,28.580313],[77.232473,28.580412],[77.232345,28.58041],[77.232347,28.580311],[77.232475,28.580313]]]}},{"type":"Feature","properties":{"kind":"building"},"geometry":{"type":"Polygon","coordinates":[[[77.23277,28.580311],[77.232768,28.580424],[77.232627,28.580422],[77.23263,28.580308],[77.23277,28.580311]]]}},{"type":"Feature","properties":{"kind":"building"},"geometry":{"type":"Polygon","coordinates":[[[77.232445,28.580666],[77.232442,28.580811],[77.232341,28.58081],[77.232344,28.580664],[77.232445,28.580666]]]}},{"type":"Feature","properties":{"kind":"building"},"geometry":{"type":"Polygon","coordinates":[[[77.232788,28.580691],[77.232786,28.580798],[77.232662,28.580796],[77.232665,28.580689],[77.232788,28.580691]]]}},{"type":"Feature","properties":{"kind":"building"},"geometry":{"type":"Polygon","coordinates":[[[77.232433,28.581348],[77.232431,28.581441],[77.232282,28.581438],[77.232284,28.581346],[77.232433,28.581348]]]}},{"type":"Feature","properties":{"kind":"building"},"geometry":{"type":"Polygon","coordinates":[[[77.23274,28.581333],[77.232737,28.581466],[77.232608,28.581463],[77.23261,28.581331],[77.23274,28.581333]]]}},{"type":"Feature","properties":{"kind":"building"},"geometry":{"type":"Polygon","coordinates":[[[77.232735,28.581711],[77.232733,28.581801],[77.232591,28.581799],[77.232593,28.581709],[77.232735,28.581711]]]}},{"type":"Feature","properties":{"kind":"building"},"geometry":{"type":"Polygon","coordinates":[[[77.232407,28.582057],[77.232403,28.58221],[77.232264,28.582208],[77.232268,28.582055],[77.232407,28.582057]]]}},{"type":"Feature","properties":{"kind":"building"},"geometry":{"type":"Polygon","coordinates":[[[77.232708,28.582092],[77.232706,28.582185],[77.232597,28.582184],[77.232598,28.58209],[77.232708,28.582092]]]}},{"type":"Feature","properties":{"kind":"building"},"geometry":{"type":"Polygon","coordinates":[[[77.232398,28.584238],[77.232401,28.584352],[77.232291,28.584354],[77.232288,28.58424],[77.232398,28.584238]]]}},{"type":"Feature","properties":{"kind":"building"},"geometry":{"type":"Polygon","coordinates":[[[77.232479,28.586054],[77.232482,28.586165],[77.232357,28.586167],[77.232355,28.586055],[77.232479,28.586054]]]}},{"type":"Feature","properties":{"kind":"building"},"geometry":{"type":"Polygon","coordinates":[[[77.232761,28.586357],[77.232763,28.586441],[77.232622,28.586443],[77.232621,28.586359],[77.232761,28.586357]]]}},{"type":"Feature","properties":{"kind":"building"},"geometry":{"type":"Polygon","coordinates":[[[77.228097,28.58865],[77.228201,28.588647],[77.228205,28.588744],[77.2281,28.588747],[77.228097,28.58865]]]}},{"type":"Feature","properties":{"kind":"building"},"geometry":{"type":"Polygon","coordinates":[[[77.229883,28.588835],[77.230001,28.588832],[77.230006,28.588963],[77.229889,28.588967],[77.229883,28.588835]]]}},{"type":"Feature","properties":{"kind":"building"},"geometry":{"type":"Polygon","coordinates":[[[77.229865,28.58854],[77.229995,28.588536],[77.229999,28.588639],[77.22987,28.588643],[77.229865,28.58854]]]}},{"type":"Feature","properties":{"kind":"building"},"geometry":{"type":"Polygon","coordinates":[[[77.231397,28.58881],[77.231534,28.588814],[77.23153,28.588904],[77.231394,28.5889],[77.231397,28.58881]]]}},{"type":"Feature","properties":{"kind":"building"},"geometry":{"type":"Polygon","coordinates":[[[77.231407,28.588488],[77.23155,28.588492],[77.231545,28.588623],[77.231402,28.588619],[77.231407,28.588488]]]}},{"type":"Feature","properties":{"kind":"building"},"geometry":{"type":"Polygon","coordinates":[[[77.232521,28.588579],[77.232666,28.588584],[77.232662,28.588675],[77.232517,28.588671],[77.232521,28.588579]]]}},{"type":"Feature","properties":{"kind":"building"},"geometry":{"type":"Polygon","coordinates":[[[77.232837,28.588846],[77.232976,28.588851],[77.232973,28.588937],[77.232834,28.588933],[77.232837,28.588846]]]}},{"type":"Feature","properties":{"kind":"building"},"geometry":{"type":"Polygon","coordinates":[[[77.233267,28.588843],[77.233399,28.588847],[77.233395,28.588948],[77.233263,28.588944],[77.233267,28.588843]]]}},{"type":"Feature","properties":{"kind":"building"},"geometry":{"type":"Polygon","coordinates":[[[77.234049,28.588883],[77.234175,28.588887],[77.23417,28.589002],[77.234044,28.588998],[77.234049,28.588883]]]}},{"type":"Feature","properties":{"kind":"building"},"geometry":{"type":"Polygon","coordinates":[[[77.234077,28.588613],[77.234169,28.588615],[77.234165,28.588718],[77.234072,28.588715],[77.234077,28.588613]]]}},{"type":"Feature","properties":{"kind":"building"},"geometry":{"type":"Polygon","coordinates":[[[77.23477,28.5889],[77.234894,28.588904],[77.23489,28.589011],[77.234765,28.589007],[77.23477,28.5889]]]}},{"type":"Feature","properties":{"kind":"building"},"geometry":{"type":"Polygon","coordinates":[[[77.234757,28.588651],[77.234928,28.588656],[77.234923,28.588775],[77.234752,28.58877],[77.234757,28.588651]]]}},{"type":"Feature","properties":{"kind":"building"},"geometry":{"type":"Polygon","coordinates":[[[77.227736,28.591241],[77.227873,28.591244],[77.22787,28.591355],[77.227732,28.591352],[77.227736,28.591241]]]}},{"type":"Feature","properties":{"kind":"building"},"geometry":{"type":"Polygon","coordinates":[[[77.227745,28.590978],[77.227879,28.59098],[77.227875,28.5911],[77.227742,28.591097],[77.227745,28.590978]]]}},{"type":"Feature","properties":{"kind":"building"},"geometry":{"type":"Polygon","coordinates":[[[77.229214,28.590965],[77.229373,28.590968],[77.229369,28.591095],[77.22921,28.591091],[77.229214,28.590965]]]}},{"type":"Feature","properties":{"kind":"building"},"geometry":{"type":"Polygon","coordinates":[[[77.229604,28.591235],[77.229762,28.591238],[77.229758,28.591351],[77.229601,28.591348],[77.229604,28.591235]]]}},{"type":"Feature","properties":{"kind":"building"},"geometry":{"type":"Polygon","coordinates":[[[77.22962,28.591019],[77.229758,28.591022],[77.229755,28.591114],[77.229618,28.591111],[77.22962,28.591019]]]}},{"type":"Feature","properties":{"kind":"building"},"geometry":{"type":"Polygon","coordinates":[[[77.230266,28.591253],[77.230371,28.591255],[77.230368,28.59138],[77.230263,28.591378],[77.230266,28.591253]]]}},{"type":"Feature","properties":{"kind":"building"},"geometry":{"type":"Polygon","coordinates":[[[77.230272,28.591015],[77.230379,28.591017],[77.230376,28.591116],[77.23027,28.591114],[77.230272,28.591015]]]}},{"type":"Feature","properties":{"kind":"building"},"geometry":{"type":"Polygon","coordinates":[[[77.230571,28.591273],[77.23071,28.591276],[77.230707,28.591373],[77.230568,28.59137],[77.230571,28.591273]]]}},{"type":"Feature","properties":{"kind":"building"},"geometry":{"type":"Polygon","coordinates":[[[77.230566,28.591022],[77.230729,28.591025],[77.230726,28.591133],[77.230563,28.59113],[77.230566,28.591022]]]}},{"type":"Feature","properties":{"kind":"building"},"geometry":{"type":"Polygon","coordinates":[[[77.231758,28.591257],[77.23188,28.591254],[77.231883,28.591354],[77.231761,28.591357],[77.231758,28.591257]]]}},{"type":"Feature","properties":{"kind":"building"},"geometry":{"type":"Polygon","coordinates":[[[77.231743,28.59102],[77.231882,28.591017],[77.231885,28.591112],[77.231746,28.591115],[77.231743,28.59102]]]}},{"type":"Feature","properties":{"kind":"building"},"geometry":{"type":"Polygon","coordinates":[[[77.232386,28.591267],[77.232546,28.591263],[77.232549,28.591386],[77.23239,28.591389],[77.232386,28.591267]]]}},{"type":"Feature","properties":{"kind":"building"},"geometry":{"type":"Polygon","coordinates":[[[77.232383,28.591027],[77.232536,28.591024],[77.23254,28.591154],[77.232387,28.591157],[77.232383,28.591027]]]}},{"type":"Feature","properties":{"kind":"building"},"geometry":{"type":"Polygon","coordinates":[[[77.232789,28.591265],[77.232962,28.591261],[77.232965,28.59137],[77.232792,28.591373],[77.232789,28.591265]]]}},{"type":"Feature","properties":{"kind":"building"},"geometry":{"type":"Polygon","coordinates":[[[77.232789,28.590966],[77.232945,28.590963],[77.232948,28.591086],[77.232792,28.591089],[77.232789,28.590966]]]}},{"type":"Feature","properties":{"kind":"building"},"geometry":{"type":"Polygon","coordinates":[[[77.233441,28.591258],[77.233609,28.591254],[77.233613,28.591376],[77.233444,28.591379],[77.233441,28.591258]]]}},{"type":"Feature","properties":{"kind":"building"},"geometry":{"type":"Polygon","coordinates":[[[77.233436,28.590967],[77.233598,28.590963],[77.233601,28.591067],[77.233439,28.591071],[77.233436,28.590967]]]}},{"type":"Feature","properties":{"kind":"building"},"geometry":{"type":"Polygon","coordinates":[[[77.233907,28.591243],[77.234032,28.591241],[77.234035,28.591345],[77.23391,28.591348],[77.233907,28.591243]]]}},{"type":"Feature","properties":{"kind":"building"},"geometry":{"type":"Polygon","coordinates":[[[77.233906,28.59094],[77.234016,28.590938],[77.23402,28.59107],[77.233909,28.591072],[77.233906,28.59094]]]}},{"type":"Feature","properties":{"kind":"building"},"geometry":{"type":"Polygon","coordinates":[[[77.234292,28.591218],[77.23441,28.591215],[77.234413,28.59131],[77.234295,28.591312],[77.234292,28.591218]]]}},{"type":"Feature","properties":{"kind":"building"},"geometry":{"type":"Polygon","coordinates":[[[77.234282,28.59097],[77.234407,28.590967],[77.23441,28.591096],[77.234286,28.591099],[77.234282,28.59097]]]}},{"type":"Feature","properties":{"kind":"building"},"geometry":{"type":"Polygon","coordinates":[[[77.234622,28.59118],[77.234787,28.591177],[77.23479,28.591308],[77.234625,28.591312],[77.234622,28.59118]]]}},{"type":"Feature","properties":{"kind":"building"},"geometry":{"type":"Polygon","coordinates":[[[77.234984,28.591208],[77.235143,28.591205],[77.235146,28.591314],[77.234987,28.591318],[77.234984,28.591208]]]}},{"type":"Feature","properties":{"kind":"building"},"geometry":{"type":"Polygon","coordinates":[[[77.23498,28.590927],[77.235131,28.590923],[77.235135,28.591035],[77.234983,28.591038],[77.23498,28.590927]]]}},{"type":"Feature","properties":{"kind":"building"},"geometry":{"type":"Polygon","coordinates":[[[77.230369,28.587418],[77.230371,28.587506],[77.230232,28.587508],[77.23023,28.58742],[77.230369,28.587418]]]}},{"type":"Feature","properties":{"kind":"building"},"geometry":{"type":"Polygon","coordinates":[[[77.230134,28.587688],[77.230135,28.587775],[77.229997,28.587777],[77.229996,28.58769],[77.230134,28.587688]]]}},{"type":"Feature","properties":{"kind":"building"},"geometry":{"type":"Polygon","coordinates":[[[77.230132,28.588921],[77.230134,28.589033],[77.230007,28.589034],[77.230005,28.588923],[77.230132,28.588921]]]}},{"type":"Feature","properties":{"kind":"building"},"geometry":{"type":"Polygon","coordinates":[[[77.230404,28.589493],[77.230406,28.589626],[77.230301,28.589628],[77.230299,28.589494],[77.230404,28.589493]]]}},{"type":"Feature","properties":{"kind":"building"},"geometry":{"type":"Polygon","coordinates":[[[77.230117,28.590623],[77.230116,28.590736],[77.230001,28.590734],[77.230003,28.590621],[77.230117,28.590623]]]}},{"type":"Feature","properties":{"kind":"building"},"geometry":{"type":"Polygon","coordinates":[[[77.230098,28.590909],[77.230096,28.591043],[77.229986,28.591041],[77.229988,28.590907],[77.230098,28.590909]]]}},{"type":"Feature","properties":{"kind":"building"},"geometry":{"type":"Polygon","coordinates":[[[77.230431,28.590907],[77.230428,28.591053],[77.230313,28.591052],[77.230315,28.590905],[77.230431,28.590907]]]}},{"type":"Feature","properties":{"kind":"building"},"geometry":{"type":"Polygon","coordinates":[[[77.230393,28.59116],[77.23039,28.591313],[77.230255,28.591311],[77.230258,28.591158],[77.230393,28.59116]]]}},{"type":"Feature","properties":{"kind":"building"},"geometry":{"type":"Polygon","coordinates":[[[77.230133,28.591488],[77.230131,28.591592],[77.230008,28.591591],[77.230009,28.591486],[77.230133,28.591488]]]}},{"type":"Feature","properties":{"kind":"building"},"geometry":{"type":"Polygon","coordinates":[[[77.230424,28.591493],[77.230422,28.591594],[77.23033,28.591593],[77.230331,28.591492],[77.230424,28.591493]]]}},{"type":"Feature","properties":{"kind":"building"},"geometry":{"type":"Polygon","coordinates":[[[77.230099,28.59246],[77.230097,28.592611],[77.230004,28.59261],[77.230007,28.592459],[77.230099,28.59246]]]}},{"type":"Feature","properties":{"kind":"building"},"geometry":{"type":"Polygon","coordinates":[[[77.230396,28.592497],[77.230394,28.592582],[77.230261,28.59258],[77.230262,28.592495],[77.230396,28.592497]]]}},{"type":"Feature","properties":{"kind":"building"},"geometry":{"type":"Polygon","coordinates":[[[77.230064,28.592766],[77.230062,28.592878],[77.229959,28.592876],[77.229961,28.592765],[77.230064,28.592766]]]}},{"type":"Feature","properties":{"kind":"building"},"geometry":{"type":"Polygon","coordinates":[[[77.230374,28.592779],[77.230372,28.592873],[77.230275,28.592872],[77.230276,28.592778],[77.230374,28.592779]]]}},{"type":"Feature","properties":{"kind":"building"},"geometry":{"type":"Polygon","coordinates":[[[77.232984,28.586496],[77.232984,28.586603],[77.232872,28.586602],[77.232873,28.586495],[77.232984,28.586496]]]}},{"type":"Feature","properties":{"kind":"building"},"geometry":{"type":"Polygon","coordinates":[[[77.232988,28.586843],[77.232987,28.586941],[77.232862,28.58694],[77.232862,28.586842],[77.232988,28.586843]]]}},{"type":"Feature","properties":{"kind":"building"},"geometry":{"type":"Polygon","coordinates":[[[77.232713,28.58721],[77.232712,28.587355],[77.232618,28.587355],[77.232619,28.587209],[77.232713,28.58721]]]}},{"type":"Feature","properties":{"kind":"building"},"geometry":{"type":"Polygon","coordinates":[[[77.232694,28.588455],[77.232693,28.588574],[77.232583,28.588574],[77.232584,28.588454],[77.232694,28.588455]]]}},{"type":"Feature","properties":{"kind":"building"},"geometry":{"type":"Polygon","coordinates":[[[77.232962,28.589697],[77.232961,28.589834],[77.232865,28.589833],[77.232867,28.589696],[77.232962,28.589697]]]}},{"type":"Feature","properties":{"kind":"building"},"geometry":{"type":"Polygon","coordinates":[[[77.233022,28.590892],[77.233023,28.590981],[77.232871,28.590982],[77.23287,28.590893],[77.233022,28.590892]]]}},{"type":"Feature","properties":{"kind":"building"},"geometry":{"type":"Polygon","coordinates":[[[77.23271,28.591278],[77.232711,28.591365],[77.232575,28.591366],[77.232574,28.591279],[77.23271,28.591278]]]}},{"type":"Feature","properties":{"kind":"building"},"geometry":{"type":"Polygon","coordinates":[[[77.233016,28.591259],[77.233017,28.591381],[77.232878,28.591382],[77.232877,28.59126],[77.233016,28.591259]]]}},{"type":"Feature","properties":{"kind":"building"},"geometry":{"type":"Polygon","coordinates":[[[77.232673,28.592553],[77.232674,28.592678],[77.23257,28.592679],[77.23257,28.592554],[77.232673,28.592553]]]}},{"type":"Feature","properties":{"kind":"building"},"geometry":{"type":"Polygon","coordinates":[[[77.233018,28.593149],[77.233018,28.593246],[77.232867,28.593247],[77.232866,28.593149],[77.233018,28.593149]]]}},{"type":"Feature","properties":{"kind":"building"},"geometry":{"type":"Polygon","coordinates":[[[77.227723,28.595368],[77.227879,28.595364],[77.227883,28.595492],[77.227727,28.595496],[77.227723,28.595368]]]}},{"type":"Feature","properties":{"kind":"building"},"geometry":{"type":"Polygon","coordinates":[[[77.228782,28.595394],[77.228929,28.59539],[77.228932,28.59548],[77.228785,28.595483],[77.228782,28.595394]]]}},{"type":"Feature","properties":{"kind":"building"},"geometry":{"type":"Polygon","coordinates":[[[77.231404,28.595586],[77.23153,28.595589],[77.231526,28.595693],[77.231401,28.59569],[77.231404,28.595586]]]}},{"type":"Feature","properties":{"kind":"building"},"geometry":{"type":"Polygon","coordinates":[[[77.231415,28.595314],[77.231536,28.595317],[77.231533,28.595402],[77.231412,28.595399],[77.231415,28.595314]]]}},{"type":"Feature","properties":{"kind":"building"},"geometry":{"type":"Polygon","coordinates":[[[77.232175,28.59557],[77.232321,28.595573],[77.232318,28.59568],[77.232172,28.595676],[77.232175,28.59557]]]}},{"type":"Feature","properties":{"kind":"building"},"geometry":{"type":"Polygon","coordinates":[[[77.232963,28.595618],[77.233097,28.595622],[77.233094,28.595726],[77.23296,28.595723],[77.232963,28.595618]]]}},{"type":"Feature","properties":{"kind":"building"},"geometry":{"type":"Polygon","coordinates":[[[77.232958,28.595336],[77.233119,28.59534],[77.233116,28.595448],[77.232955,28.595444],[77.232958,28.595336]]]}},{"type":"Feature","properties":{"kind":"building"},"geometry":{"type":"Polygon","coordinates":[[[77.233369,28.595391],[77.233538,28.595395],[77.233535,28.595477],[77.233366,28.595473],[77.233369,28.595391]]]}},{"type":"Feature","properties":{"kind":"building"},"geometry":{"type":"Polygon","coordinates":[[[77.233723,28.595629],[77.233845,28.595632],[77.233841,28.595749],[77.233719,28.595746],[77.233723,28.595629]]]}},{"type":"Feature","properties":{"kind":"building"},"geometry":{"type":"Polygon","coordinates":[[[77.233738,28.595395],[77.233844,28.595397],[77.233841,28.595486],[77.233735,28.595483],[77.233738,28.595395]]]}},{"type":"Feature","properties":{"kind":"building"},"geometry":{"type":"Polygon","coordinates":[[[77.234075,28.595637],[77.234194,28.59564],[77.23419,28.595757],[77.234072,28.595754],[77.234075,28.595637]]]}},{"type":"Feature","properties":{"kind":"building"},"geometry":{"type":"Polygon","coordinates":[[[77.23407,28.595374],[77.234216,28.595377],[77.234213,28.595472],[77.234067,28.595469],[77.23407,28.595374]]]}},{"type":"Feature","properties":{"kind":"building"},"geometry":{"type":"Polygon","coordinates":[[[77.234453,28.595648],[77.234569,28.595651],[77.234566,28.595742],[77.23445,28.595739],[77.234453,28.595648]]]}},{"type":"Feature","properties":{"kind":"building"},"geometry":{"type":"Polygon","coordinates":[[[77.234467,28.59535],[77.234573,28.595353],[77.234569,28.595463],[77.234464,28.595461],[77.234467,28.59535]]]}},{"type":"Feature","properties":{"kind":"building"},"geometry":{"type":"Polygon","coordinates":[[[77.228433,28.597829],[77.228568,28.597832],[77.228565,28.597927],[77.22843,28.597924],[77.228433,28.597829]]]}},{"type":"Feature","properties":{"kind":"building"},"geometry":{"type":"Polygon","coordinates":[[[77.229167,28.597867],[77.229283,28.597869],[77.22928,28.597973],[77.229164,28.59797],[77.229167,28.597867]]]}},{"type":"Feature","properties":{"kind":"building"},"geometry":{"type":"Polygon","coordinates":[[[77.229181,28.597592],[77.229285,28.597594],[77.229282,28.5977],[77.229178,28.597697],[77.229181,28.597592]]]}},{"type":"Feature","properties":{"kind":"building"},"geometry":{"type":"Polygon","coordinates":[[[77.229502,28.597889],[77.229651,28.597893],[77.229648,28.597978],[77.229499,28.597975],[77.229502,28.597889]]]}},{"type":"Feature","properties":{"kind":"building"},"geometry":{"type":"Polygon","coordinates":[[[77.229527,28.597613],[77.229642,28.597616],[77.229639,28.597738],[77.229523,28.597735],[77.229527,28.597613]]]}},{"type":"Feature","properties":{"kind":"building"},"geometry":{"type":"Polygon","coordinates":[[[77.229927,28.597578],[77.230038,28.597581],[77.230035,28.597685],[77.229924,28.597683],[77.229927,28.597578]]]}},{"type":"Feature","properties":{"kind":"building"},"geometry":{"type":"Polygon","coordinates":[[[77.23063,28.597883],[77.230738,28.597885],[77.230735,28.597981],[77.230627,28.597978],[77.23063,28.597883]]]}},{"type":"Feature","properties":{"kind":"building"},"geometry":{"type":"Polygon","coordinates":[[[77.230612,28.597646],[77.23077,28.59765],[77.230767,28.597746],[77.230609,28.597743],[77.230612,28.597646]]]}},{"type":"Feature","properties":{"kind":"building"},"geometry":{"type":"Polygon","coordinates":[[[77.232804,28.597869],[77.232923,28.597866],[77.232926,28.597956],[77.232807,28.597959],[77.232804,28.597869]]]}},{"type":"Feature","properties":{"kind":"building"},"geometry":{"type":"Polygon","coordinates":[[[77.233552,28.59782],[77.233675,28.597818],[77.233679,28.597945],[77.233556,28.597948],[77.233552,28.59782]]]}},{"type":"Feature","properties":{"kind":"building"},"geometry":{"type":"Polygon","coordinates":[[[77.233559,28.597573],[77.233653,28.59757],[77.233656,28.597667],[77.233562,28.597669],[77.233559,28.597573]]]}},{"type":"Feature","properties":{"kind":"building"},"geometry":{"type":"Polygon","coordinates":[[[77.234998,28.597818],[77.235091,28.597816],[77.235094,28.597903],[77.235,28.597905],[77.234998,28.597818]]]}},{"type":"Feature","properties":{"kind":"building"},"geometry":{"type":"Polygon","coordinates":[[[77.230054,28.594526],[77.23006,28.594671],[77.229958,28.594674],[77.229951,28.594529],[77.230054,28.594526]]]}},{"type":"Feature","properties":{"kind":"building"},"geometry":{"type":"Polygon","coordinates":[[[77.230302,28.59454],[77.230306,28.594641],[77.230194,28.594645],[77.23019,28.594544],[77.230302,28.59454]]]}},{"type":"Feature","properties":{"kind":"building"},"geometry":{"type":"Polygon","coordinates":[[[77.230063,28.595453],[77.230068,28.595576],[77.229934,28.595581],[77.229928,28.595458],[77.230063,28.595453]]]}},{"type":"Feature","properties":{"kind":"building"},"geometry":{"type":"Polygon","coordinates":[[[77.23039,28.595462],[77.230394,28.595547],[77.230266,28.595551],[77.230263,28.595466],[77.23039,28.595462]]]}},{"type":"Feature","properties":{"kind":"building"},"geometry":{"type":"Polygon","coordinates":[[[77.230103,28.595775],[77.230108,28.595908],[77.229959,28.595912],[77.229953,28.59578],[77.230103,28.595775]]]}},{"type":"Feature","properties":{"kind":"building"},"geometry":{"type":"Polygon","coordinates":[[[77.230364,28.595785],[77.230368,28.595882],[77.230256,28.595885],[77.230252,28.595788],[77.230364,28.595785]]]}},{"type":"Feature","properties":{"kind":"building"},"geometry":{"type":"Polygon","coordinates":[[[77.230072,28.596106],[77.230078,28.596243],[77.229948,28.596247],[77.229943,28.596111],[77.230072,28.596106]]]}},{"type":"Feature","properties":{"kind":"building"},"geometry":{"type":"Polygon","coordinates":[[[77.23041,28.596116],[77.230414,28.596212],[77.230315,28.596215],[77.230311,28.596119],[77.23041,28.596116]]]}},{"type":"Feature","properties":{"kind":"building"},"geometry":{"type":"Polygon","coordinates":[[[77.23042,28.597137],[77.230414,28.597276],[77.23031,28.597273],[77.230316,28.597134],[77.23042,28.597137]]]}},{"type":"Feature","properties":{"kind":"building"},"geometry":{"type":"Polygon","coordinates":[[[77.230108,28.597429],[77.230102,28.59756],[77.23001,28.597557],[77.230016,28.597426],[77.230108,28.597429]]]}},{"type":"Feature","properties":{"kind":"building"},"geometry":{"type":"Polygon","coordinates":[[[77.2304,28.597463],[77.230397,28.597545],[77.230245,28.59754],[77.230249,28.597458],[77.2304,28.597463]]]}},{"type":"Feature","properties":{"kind":"building"},"geometry":{"type":"Polygon","coordinates":[[[77.23009,28.598103],[77.230087,28.598185],[77.229985,28.598181],[77.229989,28.5981],[77.23009,28.598103]]]}},{"type":"Feature","properties":{"kind":"building"},"geometry":{"type":"Polygon","coordinates":[[[77.230354,28.5981],[77.230349,28.598205],[77.230212,28.5982],[77.230216,28.598095],[77.230354,28.5981]]]}},{"type":"Feature","properties":{"kind":"building"},"geometry":{"type":"Polygon","coordinates":[[[77.230063,28.598637],[77.230057,28.598775],[77.22996,28.598772],[77.229965,28.598634],[77.230063,28.598637]]]}},{"type":"Feature","properties":{"kind":"building"},"geometry":{"type":"Polygon","coordinates":[[[77.230046,28.59922],[77.23004,28.599348],[77.229924,28.599344],[77.229929,28.599217],[77.230046,28.59922]]]}},{"type":"Feature","properties":{"kind":"building"},"geometry":{"type":"Polygon","coordinates":[[[77.230328,28.599903],[77.230324,28.599987],[77.23019,28.599983],[77.230194,28.599899],[77.230328,28.599903]]]}},{"type":"Feature","properties":{"kind":"building"},"geometry":{"type":"Polygon","coordinates":[[[77.232746,28.594835],[77.232748,28.594919],[77.232604,28.594923],[77.232601,28.594838],[77.232746,28.594835]]]}},{"type":"Feature","properties":{"kind":"building"},"geometry":{"type":"Polygon","coordinates":[[[77.232763,28.595123],[77.232767,28.595239],[77.232626,28.595242],[77.232623,28.595126],[77.232763,28.595123]]]}},{"type":"Feature","properties":{"kind":"building"},"geometry":{"type":"Polygon","coordinates":[[[77.233017,28.595129],[77.23302,28.595221],[77.232901,28.595224],[77.232898,28.595132],[77.233017,28.595129]]]}},{"type":"Feature","properties":{"kind":"building"},"geometry":{"type":"Polygon","coordinates":[[[77.232754,28.595734],[77.232757,28.595842],[77.232632,28.595844],[77.232629,28.595737],[77.232754,28.595734]]]}},{"type":"Feature","properties":{"kind":"building"},"geometry":{"type":"Polygon","coordinates":[[[77.233024,28.595716],[77.233028,28.595848],[77.232909,28.59585],[77.232905,28.595718],[77.233024,28.595716]]]}},{"type":"Feature","properties":{"kind":"building"},"geometry":{"type":"Polygon","coordinates":[[[77.232796,28.59604],[77.232801,28.596182],[77.232688,28.596185],[77.232684,28.596042],[77.232796,28.59604]]]}},{"type":"Feature","properties":{"kind":"building"},"geometry":{"type":"Polygon","coordinates":[[[77.232773,28.597751],[77.232769,28.597871],[77.232626,28.597868],[77.23263,28.597747],[77.232773,28.597751]]]}},{"type":"Feature","properties":{"kind":"building"},"geometry":{"type":"Polygon","coordinates":[[[77.233035,28.598112],[77.23303,28.598259],[77.232936,28.598257],[77.232941,28.59811],[77.233035,28.598112]]]}},{"type":"Feature","properties":{"kind":"building"},"geometry":{"type":"Polygon","coordinates":[[[77.233008,28.599079],[77.233004,28.599232],[77.232868,28.599229],[77.232872,28.599076],[77.233008,28.599079]]]}},{"type":"Feature","properties":{"kind":"building"},"geometry":{"type":"Polygon","coordinates":[[[77.232653,28.599953],[77.232649,28.600083],[77.23254,28.60008],[77.232544,28.599951],[77.232653,28.599953]]]}},{"type":"Feature","properties":{"kind":"building"},"geometry":{"type":"Polygon","coordinates":[[[77.232983,28.599976],[77.23298,28.600075],[77.232863,28.600073],[77.232866,28.599974],[77.232983,28.599976]]]}},{"type":"Feature","properties":{"kind":"building"},"geometry":{"type":"Polygon","coordinates":[[[77.227382,28.602452],[77.227535,28.602455],[77.227532,28.602585],[77.227379,28.602582],[77.227382,28.602452]]]}},{"type":"Feature","properties":{"kind":"building"},"geometry":{"type":"Polygon","coordinates":[[[77.227396,28.602267],[77.22753,28.60227],[77.227528,28.60235],[77.227394,28.602348],[77.227396,28.602267]]]}},{"type":"Feature","properties":{"kind":"building"},"geometry":{"type":"Polygon","coordinates":[[[77.228145,28.602508],[77.228294,28.602511],[77.228291,28.602627],[77.228142,28.602625],[77.228145,28.602508]]]}},{"type":"Feature","properties":{"kind":"building"},"geometry":{"type":"Polygon","coordinates":[[[77.228152,28.602234],[77.228302,28.602237],[77.228299,28.60235],[77.228149,28.602347],[77.228152,28.602234]]]}},{"type":"Feature","properties":{"kind":"building"},"geometry":{"type":"Polygon","coordinates":[[[77.228833,28.602517],[77.228974,28.60252],[77.228971,28.602628],[77.22883,28.602626],[77.228833,28.602517]]]}},{"type":"Feature","properties":{"kind":"building"},"geometry":{"type":"Polygon","coordinates":[[[77.229145,28.602516],[77.22926,28.602518],[77.229256,28.602639],[77.229142,28.602637],[77.229145,28.602516]]]}},{"type":"Feature","properties":{"kind":"building"},"geometry":{"type":"Polygon","coordinates":[[[77.229129,28.602271],[77.229287,28.602275],[77.229285,28.602376],[77.229127,28.602373],[77.229129,28.602271]]]}},{"type":"Feature","properties":{"kind":"building"},"geometry":{"type":"Polygon","coordinates":[[[77.229896,28.602574],[77.229988,28.602576],[77.229986,28.602667],[77.229893,28.602665],[77.229896,28.602574]]]}},{"type":"Feature","properties":{"kind":"building"},"geometry":{"type":"Polygon","coordinates":[[[77.230211,28.602284],[77.23033,28.602287],[77.230327,28.602387],[77.230208,28.602385],[77.230211,28.602284]]]}},{"type":"Feature","properties":{"kind":"building"},"geometry":{"type":"Polygon","coordinates":[[[77.23136,28.602276],[77.231496,28.602255],[77.231519,28.602372],[77.231383,28.602393],[77.23136,28.602276]]]}},{"type":"Feature","properties":{"kind":"building"},"geometry":{"type":"Polygon","coordinates":[[[77.227397,28.604557],[77.227515,28.604555],[77.227518,28.604688],[77.227399,28.60469],[77.227397,28.604557]]]}},{"type":"Feature","properties":{"kind":"building"},"geometry":{"type":"Polygon","coordinates":[[[77.228783,28.604809],[77.228937,28.604807],[77.22894,28.60493],[77.228785,28.604932],[77.228783,28.604809]]]}},{"type":"Feature","properties":{"kind":"building"},"geometry":{"type":"Polygon","coordinates":[[[77.228777,28.604502],[77.22893,28.604499],[77.228933,28.604632],[77.22878,28.604635],[77.228777,28.604502]]]}},{"type":"Feature","properties":{"kind":"building"},"geometry":{"type":"Polygon","coordinates":[[[77.229456,28.604808],[77.229589,28.604806],[77.229591,28.604906],[77.229458,28.604908],[77.229456,28.604808]]]}},{"type":"Feature","properties":{"kind":"building"},"geometry":{"type":"Polygon","coordinates":[[[77.230165,28.604494],[77.230291,28.604492],[77.230293,28.604614],[77.230167,28.604616],[77.230165,28.604494]]]}},{"type":"Feature","properties":{"kind":"building"},"geometry":{"type":"Polygon","coordinates":[[[77.230522,28.604745],[77.23067,28.604743],[77.230672,28.604859],[77.230525,28.604861],[77.230522,28.604745]]]}},{"type":"Feature","properties":{"kind":"building"},"geometry":{"type":"Polygon","coordinates":[[[77.230521,28.60452],[77.230662,28.604518],[77.230664,28.604605],[77.230523,28.604607],[77.230521,28.60452]]]}},{"type":"Feature","properties":{"kind":"building"},"geometry":{"type":"Polygon","coordinates":[[[77.230893,28.604779],[77.231058,28.604777],[77.23106,28.604907],[77.230896,28.604909],[77.230893,28.604779]]]}},{"type":"Feature","properties":{"kind":"building"},"geometry":{"type":"Polygon","coordinates":[[[77.230916,28.604458],[77.231022,28.604457],[77.231025,28.604588],[77.230919,28.604589],[77.230916,28.604458]]]}},{"type":"Feature","properties":{"kind":"building"},"geometry":{"type":"Polygon","coordinates":[[[77.233469,28.604795],[77.233642,28.604797],[77.23364,28.604896],[77.233467,28.604893],[77.233469,28.604795]]]}},{"type":"Feature","properties":{"kind":"building"},"geometry":{"type":"Polygon","coordinates":[[[77.234167,28.604788],[77.234319,28.604791],[77.234316,28.60492],[77.234164,28.604918],[77.234167,28.604788]]]}},{"type":"Feature","properties":{"kind":"building"},"geometry":{"type":"Polygon","coordinates":[[[77.234527,28.604829],[77.234699,28.604832],[77.234696,28.60495],[77.234524,28.604947],[77.234527,28.604829]]]}},{"type":"Feature","properties":{"kind":"building"},"geometry":{"type":"Polygon","coordinates":[[[77.234542,28.604571],[77.234694,28.604573],[77.234692,28.604688],[77.234539,28.604686],[77.234542,28.604571]]]}},{"type":"Feature","properties":{"kind":"building"},"geometry":{"type":"Polygon","coordinates":[[[77.230041,28.60016],[77.230038,28.600242],[77.229934,28.600239],[77.229936,28.600158],[77.230041,28.60016]]]}},{"type":"Feature","properties":{"kind":"building"},"geometry":{"type":"Polygon","coordinates":[[[77.22999,28.600778],[77.229987,28.600904],[77.229871,28.600902],[77.229874,28.600776],[77.22999,28.600778]]]}},{"type":"Feature","properties":{"kind":"building"},"geometry":{"type":"Polygon","coordinates":[[[77.230299,28.600794],[77.230296,28.600902],[77.230173,28.600899],[77.230176,28.600791],[77.230299,28.600794]]]}},{"type":"Feature","properties":{"kind":"building"},"geometry":{"type":"Polygon","coordinates":[[[77.22997,28.601152],[77.229966,28.601298],[77.229856,28.601295],[77.22986,28.60115],[77.22997,28.601152]]]}},{"type":"Feature","properties":{"kind":"building"},"geometry":{"type":"Polygon","coordinates":[[[77.230281,28.601156],[77.230277,28.601307],[77.230124,28.601304],[77.230129,28.601153],[77.230281,28.601156]]]}},{"type":"Feature","properties":{"kind":"building"},"geometry":{"type":"Polygon","coordinates":[[[77.229972,28.601419],[77.229969,28.601534],[77.229861,28.601531],[77.229864,28.601417],[77.229972,28.601419]]]}},{"type":"Feature","properties":{"kind":"building"},"geometry":{"type":"Polygon","coordinates":[[[77.229973,28.602628],[77.229969,28.602764],[77.22984,28.602762],[77.229843,28.602625],[77.229973,28.602628]]]}},{"type":"Feature","properties":{"kind":"building"},"geometry":{"type":"Polygon","coordinates":[[[77.229912,28.602934],[77.229909,28.60304],[77.229804,28.603038],[77.229807,28.602931],[77.229912,28.602934]]]}},{"type":"Feature","properties":{"kind":"building"},"geometry":{"type":"Polygon","coordinates":[[[77.229919,28.603654],[77.229923,28.603798],[77.229787,28.603801],[77.229783,28.603657],[77.229919,28.603654]]]}},{"type":"Feature","properties":{"kind":"building"},"geometry":{"type":"Polygon","coordinates":[[[77.230225,28.603674],[77.230227,28.603766],[77.230084,28.603769],[77.230082,28.603677],[77.230225,28.603674]]]}},{"type":"Feature","properties":{"kind":"building"},"geometry":{"type":"Polygon","coordinates":[[[77.22994,28.604051],[77.229943,28.604153],[77.229849,28.604155],[77.229846,28.604053],[77.22994,28.604051]]]}},{"type":"Feature","properties":{"kind":"building"},"geometry":{"type":"Polygon","coordinates":[[[77.229984,28.605247],[77.229987,28.605372],[77.229888,28.605374],[77.229885,28.60525],[77.229984,28.605247]]]}},{"type":"Feature","properties":{"kind":"building"},"geometry":{"type":"Polygon","coordinates":[[[77.230286,28.605232],[77.23029,28.605375],[77.230154,28.605378],[77.23015,28.605235],[77.230286,28.605232]]]}},{"type":"Feature","properties":{"kind":"building"},"geometry":{"type":"Polygon","coordinates":[[[77.230281,28.606125],[77.230283,28.606212],[77.230176,28.606214],[77.230174,28.606127],[77.230281,28.606125]]]}},{"type":"Feature","properties":{"kind":"building"},"geometry":{"type":"Polygon","coordinates":[[[77.229973,28.606477],[77.229977,28.606624],[77.229885,28.606626],[77.229881,28.606479],[77.229973,28.606477]]]}},{"type":"Feature","properties":{"kind":"building"},"geometry":{"type":"Polygon","coordinates":[[[77.230291,28.606494],[77.230294,28.606594],[77.230167,28.606597],[77.230164,28.606496],[77.230291,28.606494]]]}},{"type":"Feature","properties":{"kind":"building"},"geometry":{"type":"Polygon","coordinates":[[[77.232551,28.600156],[77.232613,28.600257],[77.232509,28.600306],[77.232447,28.600206],[77.232551,28.600156]]]}},{"type":"Feature","properties":{"kind":"building"},"geometry":{"type":"Polygon","coordinates":[[[77.232783,28.600042],[77.23285,28.600149],[77.232744,28.600199],[77.232678,28.600092],[77.232783,28.600042]]]}},{"type":"Feature","properties":{"kind":"building"},"geometry":{"type":"Polygon","coordinates":[[[77.233324,28.604952],[77.233295,28.605064],[77.233176,28.60504],[77.233205,28.604928],[77.233324,28.604952]]]}},{"type":"Feature","properties":{"kind":"building"},"geometry":{"type":"Polygon","coordinates":[[[77.232962,28.605157],[77.232926,28.605296],[77.232809,28.605272],[77.232845,28.605133],[77.232962,28.605157]]]}},{"type":"Feature","properties":{"kind":"building"},"geometry":{"type":"Polygon","coordinates":[[[77.232555,28.606642],[77.23253,28.606739],[77.232421,28.606717],[77.232446,28.60662],[77.232555,28.606642]]]}},{"type":"Feature","properties":{"kind":"building"},"geometry":{"type":"Polygon","coordinates":[[[77.227754,28.609115],[77.227858,28.609117],[77.227857,28.609211],[77.227752,28.609209],[77.227754,28.609115]]]}},{"type":"Feature","properties":{"kind":"building"},"geometry":{"type":"Polygon","coordinates":[[[77.22817,28.609099],[77.228264,28.6091],[77.228262,28.609219],[77.228168,28.609218],[77.22817,28.609099]]]}},{"type":"Feature","properties":{"kind":"building"},"geometry":{"type":"Polygon","coordinates":[[[77.22814,28.6089],[77.2283,28.608902],[77.228299,28.608984],[77.228138,28.608982],[77.22814,28.6089]]]}},{"type":"Feature","properties":{"kind":"building"},"geometry":{"type":"Polygon","coordinates":[[[77.230235,28.609136],[77.230385,28.609138],[77.230384,28.609237],[77.230233,28.609235],[77.230235,28.609136]]]}},{"type":"Feature","properties":{"kind":"building"},"geometry":{"type":"Polygon","coordinates":[[[77.23023,28.608907],[77.230398,28.608909],[77.230396,28.608998],[77.230229,28.608996],[77.23023,28.608907]]]}},{"type":"Feature","properties":{"kind":"building"},"geometry":{"type":"Polygon","coordinates":[[[77.231384,28.608917],[77.23155,28.608915],[77.231552,28.609048],[77.231386,28.60905],[77.231384,28.608917]]]}},{"type":"Feature","properties":{"kind":"building"},"geometry":{"type":"Polygon","coordinates":[[[77.233808,28.609157],[77.233953,28.609155],[77.233955,28.609241],[77.233809,28.609243],[77.233808,28.609157]]]}},{"type":"Feature","properties":{"kind":"building"},"geometry":{"type":"Polygon","coordinates":[[[77.233812,28.608905],[77.23394,28.608903],[77.233942,28.609012],[77.233814,28.609014],[77.233812,28.608905]]]}},{"type":"Feature","properties":{"kind":"building"},"geometry":{"type":"Polygon","coordinates":[[[77.234145,28.608856],[77.234242,28.608855],[77.234244,28.608951],[77.234147,28.608952],[77.234145,28.608856]]]}},{"type":"Feature","properties":{"kind":"building"},"geometry":{"type":"Polygon","coordinates":[[[77.234593,28.609103],[77.234693,28.609102],[77.234695,28.609219],[77.234595,28.609221],[77.234593,28.609103]]]}},{"type":"Feature","properties":{"kind":"building"},"geometry":{"type":"Polygon","coordinates":[[[77.234557,28.608908],[77.234722,28.608906],[77.234724,28.608997],[77.234559,28.608999],[77.234557,28.608908]]]}},{"type":"Feature","properties":{"kind":"building"},"geometry":{"type":"Polygon","coordinates":[[[77.234915,28.609104],[77.235044,28.609103],[77.235045,28.609213],[77.234917,28.609215],[77.234915,28.609104]]]}},{"type":"Feature","properties":{"kind":"building"},"geometry":{"type":"Polygon","coordinates":[[[77.234889,28.608851],[77.235061,28.608849],[77.235063,28.608936],[77.234891,28.608938],[77.234889,28.608851]]]}},{"type":"Feature","properties":{"kind":"building"},"geometry":{"type":"Polygon","coordinates":[[[77.227722,28.611431],[77.227889,28.611436],[77.227885,28.611552],[77.227718,28.611548],[77.227722,28.611431]]]}},{"type":"Feature","properties":{"kind":"building"},"geometry":{"type":"Polygon","coordinates":[[[77.227739,28.611195],[77.227889,28.611199],[77.227886,28.611301],[77.227735,28.611297],[77.227739,28.611195]]]}},{"type":"Feature","properties":{"kind":"building"},"geometry":{"type":"Polygon","coordinates":[[[77.229129,28.611469],[77.229239,28.611472],[77.229234,28.611605],[77.229125,28.611602],[77.229129,28.611469]]]}},{"type":"Feature","properties":{"kind":"building"},"geometry":{"type":"Polygon","coordinates":[[[77.229572,28.611292],[77.229704,28.611295],[77.229701,28.611386],[77.229569,28.611383],[77.229572,28.611292]]]}},{"type":"Feature","properties":{"kind":"building"},"geometry":{"type":"Polygon","coordinates":[[[77.22995,28.611502],[77.230042,28.611504],[77.230038,28.611608],[77.229946,28.611605],[77.22995,28.611502]]]}},{"type":"Feature","properties":{"kind":"building"},"geometry":{"type":"Polygon","coordinates":[[[77.229939,28.611253],[77.230071,28.611257],[77.230066,28.611389],[77.229934,28.611386],[77.229939,28.611253]]]}},{"type":"Feature","properties":{"kind":"building"},"geometry":{"type":"Polygon","coordinates":[[[77.230629,28.611265],[77.2308,28.61127],[77.230796,28.611375],[77.230625,28.61137],[77.230629,28.611265]]]}},{"type":"Feature","properties":{"kind":"building"},"geometry":{"type":"Polygon","coordinates":[[[77.231736,28.611565],[77.231906,28.61156],[77.23191,28.611662],[77.231739,28.611666],[77.231736,28.611565]]]}},{"type":"Feature","properties":{"kind":"building"},"geometry":{"type":"Polygon","coordinates":[[[77.232434,28.611548],[77.2326,28.611543],[77.232603,28.611628],[77.232437,28.611633],[77.232434,28.611548]]]}},{"type":"Feature","properties":{"kind":"building"},"geometry":{"type":"Polygon","coordinates":[[[77.233546,28.611228],[77.233677,28.611225],[77.23368,28.611311],[77.233549,28.611315],[77.233546,28.611228]]]}},{"type":"Feature","properties":{"kind":"building"},"geometry":{"type":"Polygon","coordinates":[[[77.234295,28.611476],[77.234435,28.611472],[77.234438,28.611571],[77.234299,28.611575],[77.234295,28.611476]]]}},{"type":"Feature","properties":{"kind":"building"},"geometry":{"type":"Polygon","coordinates":[[[77.23428,28.611228],[77.234432,28.611224],[77.234435,28.611305],[77.234283,28.611309],[77.23428,28.611228]]]}},{"type":"Feature","properties":{"kind":"building"},"geometry":{"type":"Polygon","coordinates":[[[77.235051,28.611441],[77.235182,28.611437],[77.235186,28.611565],[77.235056,28.611568],[77.235051,28.611441]]]}},{"type":"Feature","properties":{"kind":"building"},"geometry":{"type":"Polygon","coordinates":[[[77.229968,28.606959],[77.229973,28.607106],[77.229866,28.607109],[77.229861,28.606962],[77.229968,28.606959]]]}},{"type":"Feature","properties":{"kind":"building"},"geometry":{"type":"Polygon","coordinates":[[[77.230288,28.607248],[77.230293,28.607396],[77.230145,28.6074],[77.23014,28.607252],[77.230288,28.607248]]]}},{"type":"Feature","properties":{"kind":"building"},"geometry":{"type":"Polygon","coordinates":[[[77.23033,28.607942],[77.230335,28.608084],[77.230225,28.608087],[77.23022,28.607944],[77.23033,28.607942]]]}},{"type":"Feature","properties":{"kind":"building"},"geometry":{"type":"Polygon","coordinates":[[[77.230041,28.608245],[77.230044,28.608338],[77.229901,28.608341],[77.229898,28.608249],[77.230041,28.608245]]]}},{"type":"Feature","properties":{"kind":"building"},"geometry":{"type":"Polygon","coordinates":[[[77.230074,28.609691],[77.230079,28.609841],[77.229974,28.609843],[77.229969,28.609694],[77.230074,28.609691]]]}},{"type":"Feature","properties":{"kind":"building"},"geometry":{"type":"Polygon","coordinates":[[[77.230422,28.609683],[77.230427,28.609831],[77.230282,28.609835],[77.230277,28.609687],[77.230422,28.609683]]]}},{"type":"Feature","properties":{"kind":"building"},"geometry":{"type":"Polygon","coordinates":[[[77.23241,28.607246],[77.23241,28.607389],[77.232265,28.607389],[77.232265,28.607246],[77.23241,28.607246]]]}},{"type":"Feature","properties":{"kind":"building"},"geometry":{"type":"Polygon","coordinates":[[[77.232705,28.61],[77.232705,28.610098],[77.232586,28.610098],[77.232586,28.61],[77.232705,28.61]]]}},{"type":"Feature","properties":{"kind":"building"},"geometry":{"type":"Polygon","coordinates":[[[77.232426,28.611105],[77.232425,28.611219],[77.232283,28.611219],[77.232283,28.611105],[77.232426,28.611105]]]}},{"type":"Feature","properties":{"kind":"building"},"geometry":{"type":"Polygon","coordinates":[[[77.232729,28.611112],[77.232729,28.611212],[77.232634,28.611212],[77.232634,28.611112],[77.232729,28.611112]]]}},{"type":"Feature","properties":{"kind":"building"},"geometry":{"type":"Polygon","coordinates":[[[77.232461,28.612057],[77.232461,28.612164],[77.232313,28.612164],[77.232313,28.612057],[77.232461,28.612057]]]}},{"type":"Feature","properties":{"kind":"building"},"geometry":{"type":"Polygon","coordinates":[[[77.232699,28.612059],[77.232699,28.612162],[77.232589,28.612162],[77.23259,28.612059],[77.232699,28.612059]]]}},{"type":"Feature","properties":{"kind":"building"},"geometry":{"type":"Polygon","coordinates":[[[77.232689,28.613584],[77.232688,28.613677],[77.23256,28.613677],[77.23256,28.613584],[77.232689,28.613584]]]}},{"type":"Feature","properties":{"kind":"building"},"geometry":{"type":"Polygon","coordinates":[[[77.237252,28.568079],[77.237392,28.56808],[77.237391,28.568207],[77.237251,28.568206],[77.237252,28.568079]]]}},{"type":"Feature","properties":{"kind":"building"},"geometry":{"type":"Polygon","coordinates":[[[77.239534,28.568076],[77.239653,28.568076],[77.239654,28.568167],[77.239534,28.568167],[77.239534,28.568076]]]}},{"type":"Feature","properties":{"kind":"building"},"geometry":{"type":"Polygon","coordinates":[[[77.239542,28.567808],[77.239643,28.567808],[77.239643,28.567909],[77.239543,28.56791],[77.239542,28.567808]]]}},{"type":"Feature","properties":{"kind":"building"},"geometry":{"type":"Polygon","coordinates":[[[77.241591,28.568037],[77.241686,28.568037],[77.241686,28.568156],[77.241591,28.568156],[77.241591,28.568037]]]}},{"type":"Feature","properties":{"kind":"building"},"geometry":{"type":"Polygon","coordinates":[[[77.241559,28.567795],[77.241715,28.567794],[77.241716,28.567887],[77.241559,28.567887],[77.241559,28.567795]]]}},{"type":"Feature","properties":{"kind":"building"},"geometry":{"type":"Polygon","coordinates":[[[77.242372,28.568076],[77.242531,28.568076],[77.242531,28.568208],[77.242372,28.568209],[77.242372,28.568076]]]}},{"type":"Feature","properties":{"kind":"building"},"geometry":{"type":"Polygon","coordinates":[[[77.242392,28.56784],[77.242509,28.56784],[77.242509,28.567932],[77.242392,28.567932],[77.242392,28.56784]]]}},{"type":"Feature","properties":{"kind":"building"},"geometry":{"type":"Polygon","coordinates":[[[77.235512,28.570582],[77.235656,28.570581],[77.235657,28.570683],[77.235514,28.570685],[77.235512,28.570582]]]}},{"type":"Feature","properties":{"kind":"building"},"geometry":{"type":"Polygon","coordinates":[[[77.235499,28.570307],[77.235662,28.570305],[77.235664,28.57041],[77.2355,28.570412],[77.235499,28.570307]]]}},{"type":"Feature","properties":{"kind":"building"},"geometry":{"type":"Polygon","coordinates":[[[77.235948,28.570581],[77.236092,28.570579],[77.236093,28.5707],[77.23595,28.570702],[77.235948,28.570581]]]}},{"type":"Feature","properties":{"kind":"building"},"geometry":{"type":"Polygon","coordinates":[[[77.236399,28.57054],[77.236497,28.570539],[77.236499,28.570657],[77.236401,28.570658],[77.236399,28.57054]]]}},{"type":"Feature","properties":{"kind":"building"},"geometry":{"type":"Polygon","coordinates":[[[77.238135,28.570544],[77.238288,28.570542],[77.238289,28.570644],[77.238137,28.570646],[77.238135,28.570544]]]}},{"type":"Feature","properties":{"kind":"building"},"geometry":{"type":"Polygon","coordinates":[[[77.241626,28.570576],[77.241732,28.570577],[77.241731,28.570665],[77.241625,28.570664],[77.241626,28.570576]]]}},{"type":"Feature","properties":{"kind":"building"},"geometry":{"type":"Polygon","coordinates":[[[77.241598,28.570317],[77.241767,28.570318],[77.241766,28.570442],[77.241596,28.57044],[77.241598,28.570317]]]}},{"type":"Feature","properties":{"kind":"building"},"geometry":{"type":"Polygon","coordinates":[[[77.24201,28.570574],[77.24215,28.570575],[77.242149,28.570671],[77.242009,28.570669],[77.24201,28.570574]]]}},{"type":"Feature","properties":{"kind":"building"},"geometry":{"type":"Polygon","coordinates":[[[77.242037,28.570292],[77.24213,28.570293],[77.242128,28.570394],[77.242036,28.570393],[77.242037,28.570292]]]}},{"type":"Feature","properties":{"kind":"building"},"geometry":{"type":"Polygon","coordinates":[[[77.242823,28.570594],[77.242915,28.570595],[77.242914,28.570693],[77.242821,28.570692],[77.242823,28.570594]]]}},{"type":"Feature","properties":{"kind":"building"},"geometry":{"type":"Polygon","coordinates":[[[77.242824,28.570293],[77.242921,28.570294],[77.242919,28.570403],[77.242823,28.570402],[77.242824,28.570293]]]}},{"type":"Feature","properties":{"kind":"building"},"geometry":{"type":"Polygon","coordinates":[[[77.237716,28.567226],[77.237719,28.567353],[77.237597,28.567356],[77.237594,28.567228],[77.237716,28.567226]]]}},{"type":"Feature","properties":{"kind":"building"},"geometry":{"type":"Polygon","coordinates":[[[77.238021,28.567232],[77.238023,28.567336],[77.237928,28.567338],[77.237925,28.567234],[77.238021,28.567232]]]}},{"type":"Feature","properties":{"kind":"building"},"geometry":{"type":"Polygon","coordinates":[[[77.237704,28.567918],[77.237706,28.56803],[77.237608,28.568031],[77.237605,28.56792],[77.237704,28.567918]]]}},{"type":"Feature","properties":{"kind":"building"},"geometry":{"type":"Polygon","coordinates":[[[77.238033,28.567903],[77.238036,28.568034],[77.237931,28.568036],[77.237928,28.567905],[77.238033,28.567903]]]}},{"type":"Feature","properties":{"kind":"building"},"geometry":{"type":"Polygon","coordinates":[[[77.238016,28.568778],[77.238019,28.568898],[77.237881,28.568901],[77.237878,28.56878],[77.238016,28.568778]]]}},{"type":"Feature","properties":{"kind":"building"},"geometry":{"type":"Polygon","coordinates":[[[77.237716,28.569821],[77.237712,28.569962],[77.237617,28.56996],[77.23762,28.569819],[77.237716,28.569821]]]}},{"type":"Feature","properties":{"kind":"building"},"geometry":{"type":"Polygon","coordinates":[[[77.238008,28.569841],[77.238005,28.569952],[77.237907,28.569951],[77.23791,28.569839],[77.238008,28.569841]]]}},{"type":"Feature","properties":{"kind":"building"},"geometry":{"type":"Polygon","coordinates":[[[77.237707,28.571109],[77.237704,28.571223],[77.237599,28.571222],[77.237602,28.571107],[77.237707,28.571109]]]}},{"type":"Feature","properties":{"kind":"building"},"geometry":{"type":"Polygon","coordinates":[[[77.238035,28.571127],[77.238033,28.571216],[77.237891,28.571214],[77.237893,28.571125],[77.238035,28.571127]]]}},{"type":"Feature","properties":{"kind":"building"},"geometry":{"type":"Polygon","coordinates":[[[77.237711,28.571483],[77.237708,28.571612],[77.23757,28.57161],[77.237573,28.57148],[77.237711,28.571483]]]}},{"type":"Feature","properties":{"kind":"building"},"geometry":{"type":"Polygon","coordinates":[[[77.238006,28.57177],[77.238003,28.571916],[77.23787,28.571914],[77.237873,28.571767],[77.238006,28.57177]]]}},{"type":"Feature","properties":{"kind":"building"},"geometry":{"type":"Polygon","coordinates":[[[77.240329,28.568468],[77.24033,28.568555],[77.240237,28.568556],[77.240235,28.568469],[77.240329,28.568468]]]}},{"type":"Feature","properties":{"kind":"building"},"geometry":{"type":"Polygon","coordinates":[[[77.240611,28.568458],[77.240613,28.568558],[77.240488,28.568559],[77.240487,28.568459],[77.240611,28.568458]]]}},{"type":"Feature","properties":{"kind":"building"},"geometry":{"type":"Polygon","coordinates":[[[77.240354,28.570144],[77.240352,28.570252],[77.240207,28.570251],[77.240209,28.570142],[77.240354,28.570144]]]}},{"type":"Feature","properties":{"kind":"building"},"geometry":{"type":"Polygon","coordinates":[[[77.240317,28.57171],[77.240315,28.571833],[77.240177,28.571831],[77.240179,28.571708],[77.240317,28.57171]]]}},{"type":"Feature","properties":{"kind":"building"},"geometry":{"type":"Polygon","coordinates":[[[77.240634,28.572066],[77.240632,28.572183],[77.240528,28.572181],[77.240529,28.572064],[77.240634,28.572066]]]}},{"type":"Feature","properties":{"kind":"building"},"geometry":{"type":"Polygon","coordinates":[[[77.240355,28.572424],[77.240354,28.572515],[77.240204,28.572514],[77.240206,28.572422],[77.240355,28.572424]]]}},{"type":"Feature","properties":{"kind":"building"},"geometry":{"type":"Polygon","coordinates":[[[77.240626,28.572408],[77.240624,28.572539],[77.240504,28.572537],[77.240506,28.572406],[77.240626,28.572408]]]}},{"type":"Feature","properties":{"kind":"building"},"geometry":{"type":"Polygon","coordinates":[[[77.240594,28.572755],[77.240593,28.572841],[77.240498,28.57284],[77.240499,28.572754],[77.240594,28.572755]]]}},{"type":"Feature","properties":{"kind":"building"},"geometry":{"type":"Polygon","coordinates":[[[77.235859,28.575231],[77.235996,28.575235],[77.235992,28.575366],[77.235855,28.575362],[77.235859,28.575231]]]}},{"type":"Feature","properties":{"kind":"building"},"geometry":{"type":"Polygon","coordinates":[[[77.236506,28.575238],[77.236641,28.575242],[77.236637,28.575341],[77.236503,28.575337],[77.236506,28.575238]]]}},{"type":"Feature","properties":{"kind":"building"},"geometry":{"type":"Polygon","coordinates":[[[77.236524,28.575004],[77.236639,28.575007],[77.236636,28.575098],[77.236521,28.575095],[77.236524,28.575004]]]}},{"type":"Feature","properties":{"kind":"building"},"geometry":{"type":"Polygon","coordinates":[[[77.236916,28.575023],[77.237073,28.575028],[77.237069,28.575134],[77.236912,28.57513],[77.236916,28.575023]]]}},{"type":"Feature","properties":{"kind":"building"},"geometry":{"type":"Polygon","coordinates":[[[77.238626,28.575294],[77.238768,28.575298],[77.238765,28.57539],[77.238623,28.575386],[77.238626,28.575294]]]}},{"type":"Feature","properties":{"kind":"building"},"geometry":{"type":"Polygon","coordinates":[[[77.238646,28.575028],[77.238767,28.575031],[77.238763,28.575164],[77.238641,28.575161],[77.238646,28.575028]]]}},{"type":"Feature","properties":{"kind":"building"},"geometry":{"type":"Polygon","coordinates":[[[77.239191,28.575353],[77.239308,28.57535],[77.23931,28.575433],[77.239194,28.575436],[77.239191,28.575353]]]}},{"type":"Feature","properties":{"kind":"building"},"geometry":{"type":"Polygon","coordinates":[[[77.239194,28.575075],[77.239286,28.575073],[77.23929,28.575205],[77.239198,28.575208],[77.239194,28.575075]]]}},{"type":"Feature","properties":{"kind":"building"},"geometry":{"type":"Polygon","coordinates":[[[77.239509,28.575288],[77.239607,28.575285],[77.239611,28.575397],[77.239513,28.5754],[77.239509,28.575288]]]}},{"type":"Feature","properties":{"kind":"building"},"geometry":{"type":"Polygon","coordinates":[[[77.240574,28.575285],[77.24069,28.575282],[77.240694,28.575399],[77.240578,28.575402],[77.240574,28.575285]]]}},{"type":"Feature","properties":{"kind":"building"},"geometry":{"type":"Polygon","coordinates":[[[77.24096,28.575242],[77.241133,28.575238],[77.241137,28.575353],[77.240964,28.575358],[77.24096,28.575242]]]}},{"type":"Feature","properties":{"kind":"building"},"geometry":{"type":"Polygon","coordinates":[[[77.240952,28.574986],[77.241122,28.574981],[77.241126,28.575091],[77.240956,28.575096],[77.240952,28.574986]]]}},{"type":"Feature","properties":{"kind":"building"},"geometry":{"type":"Polygon","coordinates":[[[77.241348,28.575229],[77.241483,28.575225],[77.241487,28.575349],[77.241352,28.575353],[77.241348,28.575229]]]}},{"type":"Feature","properties":{"kind":"building"},"geometry":{"type":"Polygon","coordinates":[[[77.241327,28.57501],[77.241488,28.575006],[77.241493,28.575125],[77.241331,28.575129],[77.241327,28.57501]]]}},{"type":"Feature","properties":{"kind":"building"},"geometry":{"type":"Polygon","coordinates":[[[77.242115,28.574982],[77.242218,28.57498],[77.242221,28.575068],[77.242118,28.57507],[77.242115,28.574982]]]}},{"type":"Feature","properties":{"kind":"building"},"geometry":{"type":"Polygon","coordinates":[[[77.242783,28.575215],[77.24292,28.575211],[77.242924,28.575324],[77.242787,28.575328],[77.242783,28.575215]]]}},{"type":"Feature","properties":{"kind":"building"},"geometry":{"type":"Polygon","coordinates":[[[77.235851,28.577292],[77.236001,28.577297],[77.235997,28.577384],[77.235847,28.577379],[77.235851,28.577292]]]}},{"type":"Feature","properties":{"kind":"building"},"geometry":{"type":"Polygon","coordinates":[[[77.235874,28.577023],[77.236,28.577027],[77.235995,28.577139],[77.23587,28.577135],[77.235874,28.577023]]]}},{"type":"Feature","properties":{"kind":"building"},"geometry":{"type":"Polygon","coordinates":[[[77.236151,28.577259],[77.236294,28.577263],[77.23629,28.577357],[77.236147,28.577352],[77.236151,28.577259]]]}},{"type":"Feature","properties":{"kind":"building"},"geometry":{"type":"Polygon","coordinates":[[[77.236506,28.577329],[77.236604,28.577332],[77.236601,28.577415],[77.236503,28.577412],[77.236506,28.577329]]]}},{"type":"Feature","properties":{"kind":"building"},"geometry":{"type":"Polygon","coordinates":[[[77.236483,28.577014],[77.236654,28.577019],[77.236649,28.577117],[77.236479,28.577111],[77.236483,28.577014]]]}},{"type":"Feature","properties":{"kind":"building"},"geometry":{"type":"Polygon","coordinates":[[[77.236919,28.577269],[77.237076,28.577274],[77.237071,28.577393],[77.236914,28.577388],[77.236919,28.577269]]]}},{"type":"Feature","properties":{"kind":"building"},"geometry":{"type":"Polygon","coordinates":[[[77.236925,28.577038],[77.237089,28.577043],[77.237086,28.577131],[77.236921,28.577126],[77.236925,28.577038]]]}},{"type":"Feature","properties":{"kind":"building"},"geometry":{"type":"Polygon","coordinates":[[[77.237358,28.577333],[77.237499,28.577338],[77.237495,28.57743],[77.237355,28.577425],[77.237358,28.577333]]]}},{"type":"Feature","properties":{"kind":"building"},"geometry":{"type":"Polygon","coordinates":[[[77.237371,28.577026],[77.237513,28.577031],[77.237509,28.577138],[77.237366,28.577133],[77.237371,28.577026]]]}},{"type":"Feature","properties":{"kind":"building"},"geometry":{"type":"Polygon","coordinates":[[[77.238129,28.577073],[77.23829,28.577078],[77.238285,28.577196],[77.238124,28.577191],[77.238129,28.577073]]]}},{"type":"Feature","properties":{"kind":"building"},"geometry":{"type":"Polygon","coordinates":[[[77.239196,28.577368],[77.239302,28.577364],[77.239306,28.577465],[77.2392,28.577468],[77.239196,28.577368]]]}},{"type":"Feature","properties":{"kind":"building"},"geometry":{"type":"Polygon","coordinates":[[[77.239165,28.57707],[77.239307,28.577066],[77.239312,28.577183],[77.23917,28.577187],[77.239165,28.57707]]]}},{"type":"Feature","properties":{"kind":"building"},"geometry":{"type":"Polygon","coordinates":[[[77.241362,28.57729],[77.241476,28.577286],[77.24148,28.577398],[77.241367,28.577402],[77.241362,28.57729]]]}},{"type":"Feature","properties":{"kind":"building"},"geometry":{"type":"Polygon","coordinates":[[[77.241349,28.577018],[77.241466,28.577014],[77.241469,28.577105],[77.241353,28.577109],[77.241349,28.577018]]]}},{"type":"Feature","properties":{"kind":"building"},"geometry":{"type":"Polygon","coordinates":[[[77.241699,28.57729],[77.241869,28.577284],[77.241874,28.577414],[77.241704,28.577419],[77.241699,28.57729]]]}},{"type":"Feature","properties":{"kind":"building"},"geometry":{"type":"Polygon","coordinates":[[[77.241695,28.576987],[77.241846,28.576983],[77.241852,28.577114],[77.241701,28.577118],[77.241695,28.576987]]]}},{"type":"Feature","properties":{"kind":"building"},"geometry":{"type":"Polygon","coordinates":[[[77.242111,28.577249],[77.242213,28.577245],[77.242218,28.577364],[77.242116,28.577368],[77.242111,28.577249]]]}},{"type":"Feature","properties":{"kind":"building"},"geometry":{"type":"Polygon","coordinates":[[[77.242078,28.576988],[77.242224,28.576983],[77.242229,28.577098],[77.242083,28.577102],[77.242078,28.576988]]]}},{"type":"Feature","properties":{"kind":"building"},"geometry":{"type":"Polygon","coordinates":[[[77.238027,28.574042],[77.238027,28.574189],[77.237895,28.574189],[77.237895,28.574042],[77.238027,28.574042]]]}},{"type":"Feature","properties":{"kind":"building"},"geometry":{"type":"Polygon","coordinates":[[[77.237767,28.575233],[77.237767,28.575339],[77.237647,28.575338],[77.237647,28.575233],[77.237767,28.575233]]]}},{"type":"Feature","properties":{"kind":"building"},"geometry":{"type":"Polygon","coordinates":[[[77.238065,28.575213],[77.238064,28.57536],[77.237918,28.575359],[77.237918,28.575213],[77.238065,28.575213]]]}},{"type":"Feature","properties":{"kind":"building"},"geometry":{"type":"Polygon","coordinates":[[[77.237732,28.575871],[77.237732,28.575997],[77.237588,28.575996],[77.237588,28.575871],[77.237732,28.575871]]]}},{"type":"Feature","properties":{"kind":"building"},"geometry":{"type":"Polygon","coordinates":[[[77.23807,28.575858],[77.23807,28.576011],[77.237947,28.576011],[77.237947,28.575858],[77.23807,28.575858]]]}},{"type":"Feature","properties":{"kind":"building"},"geometry":{"type":"Polygon","coordinates":[[[77.237771,28.576658],[77.237771,28.576783],[77.237641,28.576784],[77.237641,28.576658],[77.237771,28.576658]]]}},{"type":"Feature","properties":{"kind":"building"},"geometry":{"type":"Polygon","coordinates":[[[77.238071,28.576672],[77.238072,28.576769],[77.237939,28.576769],[77.237939,28.576672],[77.238071,28.576672]]]}},{"type":"Feature","properties":{"kind":"building"},"geometry":{"type":"Polygon","coordinates":[[[77.238047,28.576967],[77.238048,28.577079],[77.237914,28.577079],[77.237914,28.576967],[77.238047,28.576967]]]}},{"type":"Feature","properties":{"kind":"building"},"geometry":{"type":"Polygon","coordinates":[[[77.238065,28.578562],[77.238065,28.578694],[77.237936,28.578694],[77.237935,28.578563],[77.238065,28.578562]]]}},{"type":"Feature","properties":{"kind":"building"},"geometry":{"type":"Polygon","coordinates":[[[77.237727,28.579153],[77.237727,28.579246],[77.237623,28.579246],[77.237623,28.579153],[77.237727,28.579153]]]}},{"type":"Feature","properties":{"kind":"building"},"geometry":{"type":"Polygon","coordinates":[[[77.238054,28.579156],[77.238054,28.579242],[77.237938,28.579242],[77.237938,28.579156],[77.238054,28.579156]]]}},{"type":"Feature","properties":{"kind":"building"},"geometry":{"type":"Polygon","coordinates":[[[77.240447,28.57282],[77.24045,28.57297],[77.240318,28.572972],[77.240315,28.572823],[77.240447,28.57282]]]}},{"type":"Feature","properties":{"kind":"building"},"geometry":{"type":"Polygon","coordinates":[[[77.240749,28.572813],[77.240752,28.572966],[77.240622,28.572968],[77.240619,28.572816],[77.240749,28.572813]]]}},{"type":"Feature","properties":{"kind":"building"},"geometry":{"type":"Polygon","coordinates":[[[77.240453,28.574072],[77.240456,28.574202],[77.240327,28.574204],[77.240324,28.574074],[77.240453,28.574072]]]}},{"type":"Feature","properties":{"kind":"building"},"geometry":{"type":"Polygon","coordinates":[[[77.240759,28.574066],[77.240761,28.574196],[77.240619,28.574199],[77.240616,28.574069],[77.240759,28.574066]]]}},{"type":"Feature","properties":{"kind":"building"},"geometry":{"type":"Polygon","coordinates":[[[77.24046,28.574456],[77.240462,28.57455],[77.240343,28.574552],[77.240341,28.574458],[77.24046,28.574456]]]}},{"type":"Feature","properties":{"kind":"building"},"geometry":{"type":"Polygon","coordinates":[[[77.240785,28.575848],[77.240788,28.57599],[77.240639,28.575993],[77.240636,28.575851],[77.240785,28.575848]]]}},{"type":"Feature","properties":{"kind":"building"},"geometry":{"type":"Polygon","coordinates":[[[77.240468,28.576346],[77.240465,28.576481],[77.240338,28.576479],[77.240341,28.576344],[77.240468,28.576346]]]}},{"type":"Feature","properties":{"kind":"building"},"geometry":{"type":"Polygon","coordinates":[[[77.240747,28.576342],[77.240744,28.576494],[77.24065,28.576493],[77.240653,28.57634],[77.240747,28.576342]]]}},{"type":"Feature","properties":{"kind":"building"},"geometry":{"type":"Polygon","coordinates":[[[77.240775,28.576924],[77.240771,28.577074],[77.240633,28.577071],[77.240636,28.576922],[77.240775,28.576924]]]}},{"type":"Feature","properties":{"kind":"building"},"geometry":{"type":"Polygon","coordinates":[[[77.240433,28.578803],[77.240431,28.578891],[77.240289,28.578889],[77.240291,28.5788],[77.240433,28.578803]]]}},{"type":"Feature","properties":{"kind":"building"},"geometry":{"type":"Polygon","coordinates":[[[77.240726,28.578802],[77.240724,28.578902],[77.240574,28.5789],[77.240577,28.578799],[77.240726,28.578802]]]}},{"type":"Feature","properties":{"kind":"building"},"geometry":{"type":"Polygon","coordinates":[[[77.236219,28.581676],[77.23634,28.581674],[77.236343,28.581807],[77.236221,28.581809],[77.236219,28.581676]]]}},{"type":"Feature","properties":{"kind":"building"},"geometry":{"type":"Polygon","coordinates":[[[77.236546,28.581692],[77.236678,28.58169],[77.23668,28.58179],[77.236548,28.581791],[77.236546,28.581692]]]}},{"type":"Feature","properties":{"kind":"building"},"geometry":{"type":"Polygon","coordinates":[[[77.236526,28.581449],[77.236689,28.581447],[77.236691,28.581551],[77.236528,28.581554],[77.236526,28.581449]]]}},{"type":"Feature","properties":{"kind":"building"},"geometry":{"type":"Polygon","coordinates":[[[77.236939,28.581699],[77.237058,28.581697],[77.23706,28.581792],[77.236941,28.581794],[77.236939,28.581699]]]}},{"type":"Feature","properties":{"kind":"building"},"geometry":{"type":"Polygon","coordinates":[[[77.237705,28.581428],[77.237822,28.581426],[77.237824,28.581514],[77.237706,28.581516],[77.237705,28.581428]]]}},{"type":"Feature","properties":{"kind":"building"},"geometry":{"type":"Polygon","coordinates":[[[77.238081,28.5817],[77.238184,28.581698],[77.238186,28.581791],[77.238083,28.581793],[77.238081,28.5817]]]}},{"type":"Feature","properties":{"kind":"building"},"geometry":{"type":"Polygon","coordinates":[[[77.23848,28.581385],[77.23861,28.581383],[77.238613,28.581507],[77.238483,28.581509],[77.23848,28.581385]]]}},{"type":"Feature","properties":{"kind":"building"},"geometry":{"type":"Polygon","coordinates":[[[77.240559,28.581714],[77.24071,28.581716],[77.240709,28.581798],[77.240557,28.581796],[77.240559,28.581714]]]}},{"type":"Feature","properties":{"kind":"building"},"geometry":{"type":"Polygon","coordinates":[[[77.240581,28.581404],[77.2407,28.581405],[77.240698,28.581521],[77.240579,28.581519],[77.240581,28.581404]]]}},{"type":"Feature","properties":{"kind":"building"},"geometry":{"type":"Polygon","coordinates":[[[77.241253,28.581695],[77.24139,28.581697],[77.241388,28.581796],[77.241251,28.581794],[77.241253,28.581695]]]}},{"type":"Feature","properties":{"kind":"building"},"geometry":{"type":"Polygon","coordinates":[[[77.24124,28.581446],[77.241412,28.581449],[77.24141,28.581564],[77.241237,28.581561],[77.24124,28.581446]]]}},{"type":"Feature","properties":{"kind":"building"},"geometry":{"type":"Polygon","coordinates":[[[77.241592,28.581417],[77.241686,28.581418],[77.241684,28.581533],[77.24159,28.581532],[77.241592,28.581417]]]}},{"type":"Feature","properties":{"kind":"building"},"geometry":{"type":"Polygon","coordinates":[[[77.24197,28.581703],[77.242124,28.581705],[77.242122,28.581806],[77.241968,28.581803],[77.24197,28.581703]]]}},{"type":"Feature","properties":{"kind":"building"},"geometry":{"type":"Polygon","coordinates":[[[77.241999,28.581439],[77.242104,28.58144],[77.242102,28.581566],[77.241996,28.581564],[77.241999,28.581439]]]}},{"type":"Feature","properties":{"kind":"building"},"geometry":{"type":"Polygon","coordinates":[[[77.235854,28.584233],[77.23601,28.584231],[77.236011,28.584337],[77.235855,28.584338],[77.235854,28.584233]]]}},{"type":"Feature","properties":{"kind":"building"},"geometry":{"type":"Polygon","coordinates":[[[77.23627,28.584228],[77.236362,28.584227],[77.236364,28.584346],[77.236271,28.584346],[77.23627,28.584228]]]}},{"type":"Feature","properties":{"kind":"building"},"geometry":{"type":"Polygon","coordinates":[[[77.236231,28.583956],[77.236394,28.583954],[77.236395,28.584079],[77.236233,28.58408],[77.236231,28.583956]]]}},{"type":"Feature","properties":{"kind":"building"},"geometry":{"type":"Polygon","coordinates":[[[77.236925,28.583916],[77.237083,28.583915],[77.237084,28.584009],[77.236926,28.584011],[77.236925,28.583916]]]}},{"type":"Feature","properties":{"kind":"building"},"geometry":{"type":"Polygon","coordinates":[[[77.237378,28.584184],[77.237529,28.584182],[77.23753,28.584307],[77.23738,28.584308],[77.237378,28.584184]]]}},{"type":"Feature","properties":{"kind":"building"},"geometry":{"type":"Polygon","coordinates":[[[77.237369,28.583914],[77.237531,28.583912],[77.237533,28.584037],[77.237371,28.584039],[77.237369,28.583914]]]}},{"type":"Feature","properties":{"kind":"building"},"geometry":{"type":"Polygon","coordinates":[[[77.238054,28.584207],[77.238218,28.584206],[77.23822,28.584309],[77.238055,28.584311],[77.238054,28.584207]]]}},{"type":"Feature","properties":{"kind":"building"},"geometry":{"type":"Polygon","coordinates":[[[77.238055,28.583936],[77.238211,28.583934],[77.238212,28.584056],[77.238056,28.584058],[77.238055,28.583936]]]}},{"type":"Feature","properties":{"kind":"building"},"geometry":{"type":"Polygon","coordinates":[[[77.238408,28.584204],[77.238552,28.584202],[77.238554,28.584318],[77.23841,28.58432],[77.238408,28.584204]]]}},{"type":"Feature","properties":{"kind":"building"},"geometry":{"type":"Polygon","coordinates":[[[77.238836,28.583914],[77.238986,28.583912],[77.238988,28.584022],[77.238837,28.584024],[77.238836,28.583914]]]}},{"type":"Feature","properties":{"kind":"building"},"geometry":{"type":"Polygon","coordinates":[[[77.239128,28.584228],[77.239243,28.584278],[77.239174,28.584398],[77.23906,28.584348],[77.239128,28.584228]]]}},{"type":"Feature","properties":{"kind":"building"},"geometry":{"type":"Polygon","coordinates":[[[77.239277,28.583969],[77.239388,28.584017],[77.239323,28.584133],[77.239211,28.584084],[77.239277,28.583969]]]}},{"type":"Feature","properties":{"kind":"building"},"geometry":{"type":"Polygon","coordinates":[[[77.239538,28.584374],[77.239622,28.584411],[77.239564,28.584513],[77.23948,28.584476],[77.239538,28.584374]]]}},{"type":"Feature","properties":{"kind":"building"},"geometry":{"type":"Polygon","coordinates":[[[77.240282,28.584452],[77.240404,28.584505],[77.240354,28.584594],[77.240232,28.584541],[77.240282,28.584452]]]}},{"type":"Feature","properties":{"kind":"building"},"geometry":{"type":"Polygon","coordinates":[[[77.240416,28.584811],[77.240552,28.58487],[77.240498,28.584965],[77.240363,28.584906],[77.240416,28.584811]]]}},{"type":"Feature","properties":{"kind":"building"},"geometry":{"type":"Polygon","coordinates":[[[77.240567,28.584573],[77.240677,28.584621],[77.240616,28.584728],[77.240506,28.58468],[77.240567,28.584573]]]}},{"type":"Feature","properties":{"kind":"building"},"geometry":{"type":"Polygon","coordinates":[[[77.240747,28.584895],[77.240876,28.584951],[77.240808,28.58507],[77.240679,28.585014],[77.240747,28.584895]]]}},{"type":"Feature","properties":{"kind":"building"},"geometry":{"type":"Polygon","coordinates":[[[77.240872,28.584697],[77.24098,28.584744],[77.240918,28.584853],[77.24081,28.584806],[77.240872,28.584697]]]}},{"type":"Feature","properties":{"kind":"building"},"geometry":{"type":"Polygon","coordinates":[[[77.241129,28.584827],[77.24125,28.58488],[77.241202,28.584965],[77.241081,28.584912],[77.241129,28.584827]]]}},{"type":"Feature","properties":{"kind":"building"},"geometry":{"type":"Polygon","coordinates":[[[77.241318,28.585183],[77.241467,28.585247],[77.241403,28.58536],[77.241255,28.585295],[77.241318,28.585183]]]}},{"type":"Feature","properties":{"kind":"building"},"geometry":{"type":"Polygon","coordinates":[[[77.241475,28.584976],[77.24156,28.585013],[77.241516,28.585091],[77.241431,28.585054],[77.241475,28.584976]]]}},{"type":"Feature","properties":{"kind":"building"},"geometry":{"type":"Polygon","coordinates":[[[77.241825,28.585083],[77.241909,28.585119],[77.241853,28.585217],[77.24177,28.58518],[77.241825,28.585083]]]}},{"type":"Feature","properties":{"kind":"building"},"geometry":{"type":"Polygon","coordinates":[[[77.237834,28.57998],[77.237837,28.580077],[77.23772,28.58008],[77.237717,28.579982],[77.237834,28.57998]]]}},{"type":"Feature","properties":{"kind":"building"},"geometry":{"type":"Polygon","coordinates":[[[77.23811,28.579966],[77.238113,28.580077],[77.237965,28.580081],[77.237961,28.579969],[77.23811,28.579966]]]}},{"type":"Feature","properties":{"kind":"building"},"geometry":{"type":"Polygon","coordinates":[[[77.237856,28.580577],[77.237861,28.580725],[77.237753,28.580728],[77.237749,28.58058],[77.237856,28.580577]]]}},{"type":"Feature","properties":{"kind":"building"},"geometry":{"type":"Polygon","coordinates":[[[77.23787,28.580893],[77.237874,28.581021],[77.237776,28.581024],[77.237772,28.580895],[77.23787,28.580893]]]}},{"type":"Feature","properties":{"kind":"building"},"geometry":{"type":"Polygon","coordinates":[[[77.237823,28.581287],[77.237827,28.581408],[77.237724,28.581411],[77.23772,28.58129],[77.237823,28.581287]]]}},{"type":"Feature","properties":{"kind":"building"},"geometry":{"type":"Polygon","coordinates":[[[77.238168,28.58129],[77.238171,28.581389],[77.238025,28.581392],[77.238022,28.581294],[77.238168,28.58129]]]}},{"type":"Feature","properties":{"kind":"building"},"geometry":{"type":"Polygon","coordinates":[[[77.237856,28.581627],[77.23786,28.581742],[77.237725,28.581746],[77.237721,28.58163],[77.237856,28.581627]]]}},{"type":"Feature","properties":{"kind":"building"},"geometry":{"type":"Polygon","coordinates":[[[77.237877,28.582307],[77.23788,28.582409],[77.237755,28.582412],[77.237752,28.58231],[77.237877,28.582307]]]}},{"type":"Feature","properties":{"kind":"building"},"geometry":{"type":"Polygon","coordinates":[[[77.237931,28.58291],[77.237934,28.582996],[77.23783,28.582999],[77.237828,28.582913],[77.237931,28.58291]]]}},{"type":"Feature","properties":{"kind":"building"},"geometry":{"type":"Polygon","coordinates":[[[77.238238,28.582879],[77.238242,28.583013],[77.238098,28.583016],[77.238094,28.582882],[77.238238,28.582879]]]}},{"type":"Feature","properties":{"kind":"building"},"geometry":{"type":"Polygon","coordinates":[[[77.237883,28.583628],[77.237879,28.583732],[77.237752,28.583729],[77.237755,28.583625],[77.237883,28.583628]]]}},{"type":"Feature","properties":{"kind":"building"},"geometry":{"type":"Polygon","coordinates":[[[77.237856,28.584268],[77.237853,28.584354],[77.237736,28.584351],[77.237738,28.584265],[77.237856,28.584268]]]}},{"type":"Feature","properties":{"kind":"building"},"geometry":{"type":"Polygon","coordinates":[[[77.237846,28.5845],[77.237841,28.584629],[77.237707,28.584626],[77.237712,28.584497],[77.237846,28.5845]]]}},{"type":"Feature","properties":{"kind":"building"},"geometry":{"type":"Polygon","coordinates":[[[77.23787,28.58509],[77.237865,28.585233],[77.237725,28.58523],[77.23773,28.585086],[77.23787,28.58509]]]}},{"type":"Feature","properties":{"kind":"building"},"geometry":{"type":"Polygon","coordinates":[[[77.238135,28.585096],[77.238131,28.58524],[77.237989,28.585237],[77.237994,28.585092],[77.238135,28.585096]]]}},{"type":"Feature","properties":{"kind":"building"},"geometry":{"type":"Polygon","coordinates":[[[77.238161,28.58542],[77.238158,28.585507],[77.23802,28.585504],[77.238023,28.585417],[77.238161,28.58542]]]}},{"type":"Feature","properties":{"kind":"building"},"geometry":{"type":"Polygon","coordinates":[[[77.237799,28.585767],[77.237796,28.585868],[77.237692,28.585865],[77.237695,28.585764],[77.237799,28.585767]]]}},{"type":"Feature","properties":{"kind":"building"},"geometry":{"type":"Polygon","coordinates":[[[77.238128,28.586339],[77.238125,28.586451],[77.238005,28.586448],[77.238009,28.586336],[77.238128,28.586339]]]}},{"type":"Feature","properties":{"kind":"building"},"geometry":{"type":"Polygon","coordinates":[[[77.240386,28.579678],[77.24039,28.579769],[77.240284,28.579772],[77.24028,28.579681],[77.240386,28.579678]]]}},{"type":"Feature","properties":{"kind":"building"},"geometry":{"type":"Polygon","coordinates":[[[77.240402,28.580278],[77.240407,28.580398],[77.240295,28.580401],[77.24029,28.580282],[77.240402,28.580278]]]}},{"type":"Feature","properties":{"kind":"building"},"geometry":{"type":"Polygon","coordinates":[[[77.240693,28.580283],[77.240697,28.580374],[77.240562,28.580378],[77.240558,28.580287],[77.240693,28.580283]]]}},{"type":"Feature","properties":{"kind":"building"},"geometry":{"type":"Polygon","coordinates":[[[77.240436,28.580534],[77.240441,28.580657],[77.24032,28.580661],[77.240315,28.580538],[77.240436,28.580534]]]}},{"type":"Feature","properties":{"kind":"building"},"geometry":{"type":"Polygon","coordinates":[[[77.240701,28.580518],[77.240707,28.580655],[77.240605,28.580658],[77.240599,28.580521],[77.240701,28.580518]]]}},{"type":"Feature","properties":{"kind":"building"},"geometry":{"type":"Polygon","coordinates":[[[77.240422,28.580851],[77.240426,28.580944],[77.240277,28.580949],[77.240273,28.580856],[77.240422,28.580851]]]}},{"type":"Feature","properties":{"kind":"building"},"geometry":{"type":"Polygon","coordinates":[[[77.240727,28.581172],[77.240734,28.581324],[77.24063,28.581327],[77.240624,28.581175],[77.240727,28.581172]]]}},{"type":"Feature","properties":{"kind":"building"},"geometry":{"type":"Polygon","coordinates":[[[77.240423,28.581933],[77.240428,28.582036],[77.240331,28.582039],[77.240327,28.581936],[77.240423,28.581933]]]}},{"type":"Feature","properties":{"kind":"building"},"geometry":{"type":"Polygon","coordinates":[[[77.240774,28.581924],[77.240778,28.582021],[77.240686,28.582024],[77.240682,28.581927],[77.240774,28.581924]]]}},{"type":"Feature","properties":{"kind":"building"},"geometry":{"type":"Polygon","coordinates":[[[77.240774,28.582185],[77.24078,28.582336],[77.240644,28.58234],[77.240638,28.58219],[77.240774,28.582185]]]}},{"type":"Feature","properties":{"kind":"building"},"geometry":{"type":"Polygon","coordinates":[[[77.240772,28.583799],[77.240768,28.583921],[77.240631,28.583918],[77.240634,28.583796],[77.240772,28.583799]]]}},{"type":"Feature","properties":{"kind":"building"},"geometry":{"type":"Polygon","coordinates":[[[77.240488,28.584146],[77.240484,28.584268],[77.240355,28.584265],[77.240358,28.584143],[77.240488,28.584146]]]}},{"type":"Feature","properties":{"kind":"building"},"geometry":{"type":"Polygon","coordinates":[[[77.240487,28.584476],[77.240484,28.584576],[77.240337,28.584573],[77.24034,28.584473],[77.240487,28.584476]]]}},{"type":"Feature","properties":{"kind":"building"},"geometry":{"type":"Polygon","coordinates":[[[77.240765,28.584458],[77.240761,28.584607],[77.24064,28.584604],[77.240644,28.584455],[77.240765,28.584458]]]}},{"type":"Feature","properties":{"kind":"building"},"geometry":{"type":"Polygon","coordinates":[[[77.240443,28.584804],[77.240439,28.58495],[77.240304,28.584947],[77.240308,28.584801],[77.240443,28.584804]]]}},{"type":"Feature","properties":{"kind":"building"},"geometry":{"type":"Polygon","coordinates":[[[77.240777,28.584843],[77.240775,28.584925],[77.240673,28.584923],[77.240675,28.584841],[77.240777,28.584843]]]}},{"type":"Feature","properties":{"kind":"building"},"geometry":{"type":"Polygon","coordinates":[[[77.240438,28.585412],[77.240436,28.585493],[77.240342,28.585491],[77.240345,28.58541],[77.240438,28.585412]]]}},{"type":"Feature","properties":{"kind":"building"},"geometry":{"type":"Polygon","coordinates":[[[77.240771,28.585387],[77.240767,28.585532],[77.240641,28.58553],[77.240645,28.585384],[77.240771,28.585387]]]}},{"type":"Feature","properties":{"kind":"building"},"geometry":{"type":"Polygon","coordinates":[[[77.240449,28.585802],[77.240446,28.585892],[77.240317,28.585889],[77.240319,28.585799],[77.240449,28.585802]]]}},{"type":"Feature","properties":{"kind":"building"},"geometry":{"type":"Polygon","coordinates":[[[77.240466,28.586123],[77.240462,28.586245],[77.240314,28.586242],[77.240318,28.58612],[77.240466,28.586123]]]}},{"type":"Feature","properties":{"kind":"building"},"geometry":{"type":"Polygon","coordinates":[[[77.240423,28.586383],[77.24042,28.586494],[77.240313,28.586492],[77.240316,28.58638],[77.240423,28.586383]]]}},{"type":"Feature","properties":{"kind":"building"},"geometry":{"type":"Polygon","coordinates":[[[77.240683,28.586382],[77.24068,28.586507],[77.24057,28.586504],[77.240574,28.586379],[77.240683,28.586382]]]}},{"type":"Feature","properties":{"kind":"building"},"geometry":{"type":"Polygon","coordinates":[[[77.235181,28.588787],[77.23531,28.588763],[77.235329,28.588842],[77.2352,28.588867],[77.235181,28.588787]]]}},{"type":"Feature","properties":{"kind":"building"},"geometry":{"type":"Polygon","coordinates":[[[77.235112,28.588566],[77.235269,28.588537],[77.235294,28.588639],[77.235137,28.588668],[77.235112,28.588566]]]}},{"type":"Feature","properties":{"kind":"building"},"geometry":{"type":"Polygon","coordinates":[[[77.235396,28.588504],[77.235561,28.588473],[77.235589,28.588586],[77.235424,28.588617],[77.235396,28.588504]]]}},{"type":"Feature","properties":{"kind":"building"},"geometry":{"type":"Polygon","coordinates":[[[77.235775,28.588703],[77.23594,28.588672],[77.235963,28.588765],[77.235798,28.588796],[77.235775,28.588703]]]}},{"type":"Feature","properties":{"kind":"building"},"geometry":{"type":"Polygon","coordinates":[[[77.236416,28.588323],[77.236562,28.588296],[77.236583,28.588384],[77.236437,28.588412],[77.236416,28.588323]]]}},{"type":"Feature","properties":{"kind":"building"},"geometry":{"type":"Polygon","coordinates":[[[77.236853,28.588457],[77.23701,28.588428],[77.237037,28.58854],[77.236881,28.58857],[77.236853,28.588457]]]}},{"type":"Feature","properties":{"kind":"building"},"geometry":{"type":"Polygon","coordinates":[[[77.236822,28.588244],[77.236939,28.588222],[77.23696,28.588307],[77.236842,28.588329],[77.236822,28.588244]]]}},{"type":"Feature","properties":{"kind":"building"},"geometry":{"type":"Polygon","coordinates":[[[77.237187,28.588162],[77.237318,28.588137],[77.237344,28.588243],[77.237212,28.588268],[77.237187,28.588162]]]}},{"type":"Feature","properties":{"kind":"building"},"geometry":{"type":"Polygon","coordinates":[[[77.238447,28.587935],[77.238611,28.587904],[77.238638,28.588018],[77.238474,28.588049],[77.238447,28.587935]]]}},{"type":"Feature","properties":{"kind":"building"},"geometry":{"type":"Polygon","coordinates":[[[77.242054,28.588624],[77.242167,28.5887],[77.242107,28.588768],[77.241994,28.588692],[77.242054,28.588624]]]}},{"type":"Feature","properties":{"kind":"building"},"geometry":{"type":"Polygon","coordinates":[[[77.235507,28.590842],[77.235667,28.590835],[77.235673,28.590924],[77.235512,28.590932],[77.235507,28.590842]]]}},{"type":"Feature","properties":{"kind":"building"},"geometry":{"type":"Polygon","coordinates":[[[77.235492,28.590585],[77.23565,28.590577],[77.235656,28.590681],[77.235498,28.590688],[77.235492,28.590585]]]}},{"type":"Feature","properties":{"kind":"building"},"geometry":{"type":"Polygon","coordinates":[[[77.235867,28.590552],[77.236031,28.590545],[77.236038,28.590653],[77.235874,28.590661],[77.235867,28.590552]]]}},{"type":"Feature","properties":{"kind":"building"},"geometry":{"type":"Polygon","coordinates":[[[77.236252,28.590804],[77.236391,28.590798],[77.236397,28.5909],[77.236258,28.590907],[77.236252,28.590804]]]}},{"type":"Feature","properties":{"kind":"building"},"geometry":{"type":"Polygon","coordinates":[[[77.236227,28.590526],[77.236381,28.590518],[77.236389,28.59065],[77.236235,28.590658],[77.236227,28.590526]]]}},{"type":"Feature","properties":{"kind":"building"},"geometry":{"type":"Polygon","coordinates":[[[77.236908,28.590809],[77.237016,28.590804],[77.237022,28.590902],[77.236915,28.590907],[77.236908,28.590809]]]}},{"type":"Feature","properties":{"kind":"building"},"geometry":{"type":"Polygon","coordinates":[[[77.236891,28.590517],[77.236997,28.590512],[77.237003,28.590599],[77.236896,28.590604],[77.236891,28.590517]]]}},{"type":"Feature","properties":{"kind":"building"},"geometry":{"type":"Polygon","coordinates":[[[77.237224,28.59078],[77.237337,28.590775],[77.237343,28.590875],[77.237231,28.590881],[77.237224,28.59078]]]}},{"type":"Feature","properties":{"kind":"building"},"geometry":{"type":"Polygon","coordinates":[[[77.237201,28.590491],[77.237324,28.590485],[77.23733,28.590582],[77.237207,28.590588],[77.237201,28.590491]]]}},{"type":"Feature","properties":{"kind":"building"},"geometry":{"type":"Polygon","coordinates":[[[77.23787,28.586506],[77.237891,28.586601],[77.237751,28.586625],[77.23773,28.58653],[77.23787,28.586506]]]}},{"type":"Feature","properties":{"kind":"building"},"geometry":{"type":"Polygon","coordinates":[[[77.238121,28.586448],[77.238149,28.586572],[77.238015,28.586595],[77.237988,28.58647],[77.238121,28.586448]]]}},{"type":"Feature","properties":{"kind":"building"},"geometry":{"type":"Polygon","coordinates":[[[77.238224,28.58675],[77.238245,28.586843],[77.238097,28.586868],[77.238076,28.586776],[77.238224,28.58675]]]}},{"type":"Feature","properties":{"kind":"building"},"geometry":{"type":"Polygon","coordinates":[[[77.238278,28.587104],[77.238301,28.587208],[77.238158,28.587233],[77.238134,28.587128],[77.238278,28.587104]]]}},{"type":"Feature","properties":{"kind":"building"},"geometry":{"type":"Polygon","coordinates":[[[77.238332,28.587449],[77.238362,28.587585],[77.238243,28.587605],[77.238213,28.587469],[77.238332,28.587449]]]}},{"type":"Feature","properties":{"kind":"building"},"geometry":{"type":"Polygon","coordinates":[[[77.238168,28.587874],[77.238191,28.587978],[77.238049,28.588002],[77.238026,28.587898],[77.238168,28.587874]]]}},{"type":"Feature","properties":{"kind":"building"},"geometry":{"type":"Polygon","coordinates":[[[77.238216,28.588208],[77.238246,28.588343],[77.238096,28.588368],[77.238066,28.588234],[77.238216,28.588208]]]}},{"type":"Feature","properties":{"kind":"building"},"geometry":{"type":"Polygon","coordinates":[[[77.2383,28.588466],[77.238323,28.58857],[77.238201,28.588591],[77.238178,28.588487],[77.2383,28.588466]]]}},{"type":"Feature","properties":{"kind":"building"},"geometry":{"type":"Polygon","coordinates":[[[77.235153,28.595483],[77.235278,28.595498],[77.235264,28.595586],[77.23514,28.595571],[77.235153,28.595483]]]}},{"type":"Feature","properties":{"kind":"building"},"geometry":{"type":"Polygon","coordinates":[[[77.23518,28.595218],[77.235334,28.595237],[77.235318,28.595337],[77.235164,28.595318],[77.23518,28.595218]]]}},{"type":"Feature","properties":{"kind":"building"},"geometry":{"type":"Polygon","coordinates":[[[77.235519,28.595499],[77.235625,28.595512],[77.235611,28.595602],[77.235505,28.595589],[77.235519,28.595499]]]}},{"type":"Feature","properties":{"kind":"building"},"geometry":{"type":"Polygon","coordinates":[[[77.235568,28.595217],[77.235664,28.595229],[77.235647,28.595339],[77.235551,28.595328],[77.235568,28.595217]]]}},{"type":"Feature","properties":{"kind":"building"},"geometry":{"type":"Polygon","coordinates":[[[77.235799,28.595531],[77.235924,28.595545],[77.235908,28.595647],[77.235784,28.595632],[77.235799,28.595531]]]}},{"type":"Feature","properties":{"kind":"building"},"geometry":{"type":"Polygon","coordinates":[[[77.235832,28.595295],[77.235964,28.595311],[77.235951,28.595394],[77.235819,28.595378],[77.235832,28.595295]]]}},{"type":"Feature","properties":{"kind":"building"},"geometry":{"type":"Polygon","coordinates":[[[77.236494,28.595588],[77.236648,28.595607],[77.236631,28.595713],[77.236478,28.595695],[77.236494,28.595588]]]}},{"type":"Feature","properties":{"kind":"building"},"geometry":{"type":"Polygon","coordinates":[[[77.236539,28.595373],[77.236671,28.595388],[77.236655,28.595488],[77.236524,28.595472],[77.236539,28.595373]]]}},{"type":"Feature","properties":{"kind":"building"},"geometry":{"type":"Polygon","coordinates":[[[77.235508,28.597735],[77.235651,28.597694],[77.235695,28.597815],[77.235553,28.597856],[77.235508,28.597735]]]}},{"type":"Feature","properties":{"kind":"building"},"geometry":{"type":"Polygon","coordinates":[[[77.235749,28.597389],[77.235886,28.59735],[77.235922,28.597447],[77.235785,28.597486],[77.235749,28.597389]]]}},{"type":"Feature","properties":{"kind":"building"},"geometry":{"type":"Polygon","coordinates":[[[77.236483,28.597433],[77.236598,28.5974],[77.236639,28.597509],[77.236523,28.597542],[77.236483,28.597433]]]}},{"type":"Feature","properties":{"kind":"building"},"geometry":{"type":"Polygon","coordinates":[[[77.236383,28.597209],[77.236529,28.597167],[77.23656,28.597249],[77.236413,28.59729],[77.236383,28.597209]]]}},{"type":"Feature","properties":{"kind":"building"},"geometry":{"type":"Polygon","coordinates":[[[77.236758,28.597367],[77.236909,28.597324],[77.236957,28.597451],[77.236805,28.597494],[77.236758,28.597367]]]}},{"type":"Feature","properties":{"kind":"building"},"geometry":{"type":"Polygon","coordinates":[[[77.236684,28.597142],[77.236819,28.597104],[77.236855,28.597199],[77.236719,28.597238],[77.236684,28.597142]]]}},{"type":"Feature","properties":{"kind":"building"},"geometry":{"type":"Polygon","coordinates":[[[77.235511,28.604408],[77.235669,28.604412],[77.235665,28.604517],[77.235507,28.604513],[77.235511,28.604408]]]}},{"type":"Feature","properties":{"kind":"building"},"geometry":{"type":"Polygon","coordinates":[[[77.236315,28.604457],[77.236429,28.604461],[77.236425,28.604564],[77.236312,28.604561],[77.236315,28.604457]]]}},{"type":"Feature","properties":{"kind":"building"},"geometry":{"type":"Polygon","coordinates":[[[77.236701,28.604729],[77.236856,28.604733],[77.236852,28.604858],[77.236696,28.604853],[77.236701,28.604729]]]}},{"type":"Feature","properties":{"kind":"building"},"geometry":{"type":"Polygon","coordinates":[[[77.236709,28.604498],[77.236866,28.604502],[77.236862,28.604591],[77.236705,28.604587],[77.236709,28.604498]]]}},{"type":"Feature","properties":{"kind":"building"},"geometry":{"type":"Polygon","coordinates":[[[77.237114,28.604722],[77.237258,28.604727],[77.237253,28.604859],[77.237109,28.604855],[77.237114,28.604722]]]}},{"type":"Feature","properties":{"kind":"building"},"geometry":{"type":"Polygon","coordinates":[[[77.23715,28.604452],[77.237242,28.604455],[77.237238,28.604564],[77.237146,28.604561],[77.23715,28.604452]]]}},{"type":"Feature","properties":{"kind":"building"},"geometry":{"type":"Polygon","coordinates":[[[77.238209,28.604512],[77.238367,28.604516],[77.238363,28.604632],[77.238205,28.604627],[77.238209,28.604512]]]}},{"type":"Feature","properties":{"kind":"building"},"geometry":{"type":"Polygon","coordinates":[[[77.238556,28.604492],[77.238673,28.604495],[77.238668,28.604613],[77.238552,28.604609],[77.238556,28.604492]]]}},{"type":"Feature","properties":{"kind":"building"},"geometry":{"type":"Polygon","coordinates":[[[77.239165,28.604787],[77.239332,28.604782],[77.239335,28.60488],[77.239169,28.604885],[77.239165,28.604787]]]}},{"type":"Feature","properties":{"kind":"building"},"geometry":{"type":"Polygon","coordinates":[[[77.239171,28.604538],[77.239307,28.604534],[77.239312,28.604649],[77.239175,28.604653],[77.239171,28.604538]]]}},{"type":"Feature","properties":{"kind":"building"},"geometry":{"type":"Polygon","coordinates":[[[77.23954,28.604756],[77.239713,28.604751],[77.239716,28.604838],[77.239544,28.604843],[77.23954,28.604756]]]}},{"type":"Feature","properties":{"kind":"building"},"geometry":{"type":"Polygon","coordinates":[[[77.240587,28.60476],[77.240748,28.604755],[77.240751,28.60484],[77.24059,28.604844],[77.240587,28.60476]]]}},{"type":"Feature","properties":{"kind":"building"},"geometry":{"type":"Polygon","coordinates":[[[77.240898,28.604469],[77.241066,28.604464],[77.241071,28.604597],[77.240903,28.604602],[77.240898,28.604469]]]}},{"type":"Feature","properties":{"kind":"building"},"geometry":{"type":"Polygon","coordinates":[[[77.241223,28.604497],[77.241362,28.604493],[77.241366,28.604595],[77.241227,28.604599],[77.241223,28.604497]]]}},{"type":"Feature","properties":{"kind":"building"},"geometry":{"type":"Polygon","coordinates":[[[77.241591,28.604706],[77.241752,28.604701],[77.241755,28.604788],[77.241594,28.604792],[77.241591,28.604706]]]}},{"type":"Feature","properties":{"kind":"building"},"geometry":{"type":"Polygon","coordinates":[[[77.241577,28.60445],[77.241747,28.604445],[77.241752,28.604574],[77.241581,28.604578],[77.241577,28.60445]]]}},{"type":"Feature","properties":{"kind":"building"},"geometry":{"type":"Polygon","coordinates":[[[77.241978,28.604672],[77.242094,28.604668],[77.242099,28.604801],[77.241983,28.604804],[77.241978,28.604672]]]}},{"type":"Feature","properties":{"kind":"building"},"geometry":{"type":"Polygon","coordinates":[[[77.241969,28.604473],[77.242088,28.60447],[77.242092,28.604573],[77.241973,28.604576],[77.241969,28.604473]]]}},{"type":"Feature","properties":{"kind":"building"},"geometry":{"type":"Polygon","coordinates":[[[77.242365,28.604717],[77.242527,28.604712],[77.24253,28.604806],[77.242369,28.604811],[77.242365,28.604717]]]}},{"type":"Feature","properties":{"kind":"building"},"geometry":{"type":"Polygon","coordinates":[[[77.237135,28.603582],[77.237156,28.603699],[77.237064,28.603712],[77.237043,28.603595],[77.237135,28.603582]]]}},{"type":"Feature","properties":{"kind":"building"},"geometry":{"type":"Polygon","coordinates":[[[77.236898,28.603907],[77.236924,28.604043],[77.236788,28.604063],[77.236762,28.603926],[77.236898,28.603907]]]}},{"type":"Feature","properties":{"kind":"building"},"geometry":{"type":"Polygon","coordinates":[[[77.237019,28.604548],[77.237039,28.604655],[77.236911,28.604673],[77.236891,28.604567],[77.237019,28.604548]]]}},{"type":"Feature","properties":{"kind":"building"},"geometry":{"type":"Polygon","coordinates":[[[77.237313,28.604498],[77.237335,28.604621],[77.23722,28.604637],[77.237197,28.604515],[77.237313,28.604498]]]}},{"type":"Feature","properties":{"kind":"building"},"geometry":{"type":"Polygon","coordinates":[[[77.237084,28.604831],[77.2371,28.604922],[77.236952,28.604943],[77.236935,28.604853],[77.237084,28.604831]]]}},{"type":"Feature","properties":{"kind":"building"},"geometry":{"type":"Polygon","coordinates":[[[77.237348,28.604789],[77.237366,28.604888],[77.237261,28.604904],[77.237243,28.604804],[77.237348,28.604789]]]}},{"type":"Feature","properties":{"kind":"building"},"geometry":{"type":"Polygon","coordinates":[[[77.237151,28.605122],[77.237167,28.605208],[77.237063,28.605223],[77.237047,28.605137],[77.237151,28.605122]]]}},{"type":"Feature","properties":{"kind":"building"},"geometry":{"type":"Polygon","coordinates":[[[77.237416,28.605059],[77.237441,28.605194],[77.237304,28.605214],[77.237279,28.605078],[77.237416,28.605059]]]}},{"type":"Feature","properties":{"kind":"building"},"geometry":{"type":"Polygon","coordinates":[[[77.237199,28.605471],[77.237225,28.605611],[77.237133,28.605624],[77.237107,28.605485],[77.237199,28.605471]]]}},{"type":"Feature","properties":{"kind":"building"},"geometry":{"type":"Polygon","coordinates":[[[77.23746,28.605429],[77.237488,28.605577],[77.237372,28.605594],[77.237344,28.605446],[77.23746,28.605429]]]}},{"type":"Feature","properties":{"kind":"building"},"geometry":{"type":"Polygon","coordinates":[[[77.237295,28.606122],[77.237313,28.606218],[77.237192,28.606236],[77.237174,28.606139],[77.237295,28.606122]]]}},{"type":"Feature","properties":{"kind":"building"},"geometry":{"type":"Polygon","coordinates":[[[77.237604,28.606065],[77.237626,28.606186],[77.2375,28.606204],[77.237477,28.606083],[77.237604,28.606065]]]}},{"type":"Feature","properties":{"kind":"building"},"geometry":{"type":"Polygon","coordinates":[[[77.240529,28.603961],[77.240525,28.604093],[77.24041,28.60409],[77.240414,28.603958],[77.240529,28.603961]]]}},{"type":"Feature","properties":{"kind":"building"},"geometry":{"type":"Polygon","coordinates":[[[77.240824,28.603981],[77.240821,28.604086],[77.240721,28.604083],[77.240724,28.603979],[77.240824,28.603981]]]}},{"type":"Feature","properties":{"kind":"building"},"geometry":{"type":"Polygon","coordinates":[[[77.240823,28.60468],[77.240819,28.604833],[77.240701,28.60483],[77.240705,28.604678],[77.240823,28.60468]]]}},{"type":"Feature","properties":{"kind":"building"},"geometry":{"type":"Polygon","coordinates":[[[77.240529,28.60536],[77.240524,28.605509],[77.240403,28.605507],[77.240408,28.605358],[77.240529,28.60536]]]}},{"type":"Feature","properties":{"kind":"building"},"geometry":{"type":"Polygon","coordinates":[[[77.240824,28.605381],[77.240821,28.605502],[77.240727,28.6055],[77.24073,28.605379],[77.240824,28.605381]]]}},{"type":"Feature","properties":{"kind":"building"},"geometry":{"type":"Polygon","coordinates":[[[77.240507,28.605619],[77.240503,28.605757],[77.240383,28.605754],[77.240387,28.605617],[77.240507,28.605619]]]}},{"type":"Feature","properties":{"kind":"building"},"geometry":{"type":"Polygon","coordinates":[[[77.24081,28.605647],[77.240808,28.605743],[77.240682,28.60574],[77.240685,28.605644],[77.24081,28.605647]]]}},{"type":"Feature","properties":{"kind":"building"},"geometry":{"type":"Polygon","coordinates":[[[77.240789,28.606028],[77.240786,28.606137],[77.240673,28.606135],[77.240676,28.606025],[77.240789,28.606028]]]}},{"type":"Feature","properties":{"kind":"building"},"geometry":{"type":"Polygon","coordinates":[[[77.240466,28.606299],[77.240463,28.606404],[77.240334,28.606401],[77.240337,28.606296],[77.240466,28.606299]]]}},{"type":"Feature","properties":{"kind":"building"},"geometry":{"type":"Polygon","coordinates":[[[77.240811,28.606287],[77.240807,28.606432],[77.24067,28.606429],[77.240674,28.606284],[77.240811,28.606287]]]}},{"type":"Feature","properties":{"kind":"building"},"geometry":{"type":"Polygon","coordinates":[[[77.24079,28.606633],[77.240787,28.606754],[77.240641,28.606751],[77.240644,28.60663],[77.24079,28.606633]]]}},{"type":"Feature","properties":{"kind":"building"},"geometry":{"type":"Polygon","coordinates":[[[77.235871,28.608802],[77.235976,28.6088],[77.23598,28.608908],[77.235875,28.608911],[77.235871,28.608802]]]}},{"type":"Feature","properties":{"kind":"building"},"geometry":{"type":"Polygon","coordinates":[[[77.236252,28.609094],[77.236381,28.609091],[77.236385,28.609191],[77.236255,28.609195],[77.236252,28.609094]]]}},{"type":"Feature","properties":{"kind":"building"},"geometry":{"type":"Polygon","coordinates":[[[77.236226,28.60884],[77.23639,28.608835],[77.236393,28.608929],[77.236229,28.608934],[77.236226,28.60884]]]}},{"type":"Feature","properties":{"kind":"building"},"geometry":{"type":"Polygon","coordinates":[[[77.23664,28.609031],[77.236786,28.609027],[77.23679,28.609147],[77.236644,28.60915],[77.23664,28.609031]]]}},{"type":"Feature","properties":{"kind":"building"},"geometry":{"type":"Polygon","coordinates":[[[77.236645,28.608796],[77.236765,28.608793],[77.236768,28.608885],[77.236648,28.608888],[77.236645,28.608796]]]}},{"type":"Feature","properties":{"kind":"building"},"geometry":{"type":"Polygon","coordinates":[[[77.237303,28.60902],[77.237442,28.609017],[77.237445,28.609115],[77.237306,28.609119],[77.237303,28.60902]]]}},{"type":"Feature","properties":{"kind":"building"},"geometry":{"type":"Polygon","coordinates":[[[77.237614,28.609028],[77.237721,28.609026],[77.237724,28.609107],[77.237617,28.60911],[77.237614,28.609028]]]}},{"type":"Feature","properties":{"kind":"building"},"geometry":{"type":"Polygon","coordinates":[[[77.237578,28.608761],[77.23774,28.608757],[77.237743,28.608868],[77.237582,28.608872],[77.237578,28.608761]]]}},{"type":"Feature","properties":{"kind":"building"},"geometry":{"type":"Polygon","coordinates":[[[77.237929,28.609042],[77.238074,28.609038],[77.238078,28.609163],[77.237933,28.609167],[77.237929,28.609042]]]}},{"type":"Feature","properties":{"kind":"building"},"geometry":{"type":"Polygon","coordinates":[[[77.238345,28.609019],[77.23849,28.609015],[77.238494,28.609107],[77.238348,28.609111],[77.238345,28.609019]]]}},{"type":"Feature","properties":{"kind":"building"},"geometry":{"type":"Polygon","coordinates":[[[77.23833,28.608778],[77.23849,28.608774],[77.238493,28.608876],[77.238334,28.60888],[77.23833,28.608778]]]}},{"type":"Feature","properties":{"kind":"building"},"geometry":{"type":"Polygon","coordinates":[[[77.239519,28.608775],[77.239678,28.608779],[77.239674,28.608875],[77.239516,28.608871],[77.239519,28.608775]]]}},{"type":"Feature","properties":{"kind":"building"},"geometry":{"type":"Polygon","coordinates":[[[77.239845,28.609033],[77.239952,28.609036],[77.239948,28.609157],[77.239841,28.609155],[77.239845,28.609033]]]}},{"type":"Feature","properties":{"kind":"building"},"geometry":{"type":"Polygon","coordinates":[[[77.240163,28.609049],[77.2403,28.609053],[77.240297,28.609162],[77.24016,28.609159],[77.240163,28.609049]]]}},{"type":"Feature","properties":{"kind":"building"},"geometry":{"type":"Polygon","coordinates":[[[77.240168,28.608756],[77.240315,28.608759],[77.240311,28.608879],[77.240164,28.608875],[77.240168,28.608756]]]}},{"type":"Feature","properties":{"kind":"building"},"geometry":{"type":"Polygon","coordinates":[[[77.240509,28.609031],[77.240667,28.609036],[77.240664,28.609129],[77.240505,28.609125],[77.240509,28.609031]]]}},{"type":"Feature","properties":{"kind":"building"},"geometry":{"type":"Polygon","coordinates":[[[77.24053,28.608752],[77.240664,28.608755],[77.24066,28.608885],[77.240526,28.608881],[77.24053,28.608752]]]}},{"type":"Feature","properties":{"kind":"building"},"geometry":{"type":"Polygon","coordinates":[[[77.24194,28.608838],[77.242068,28.608841],[77.242065,28.608929],[77.241937,28.608926],[77.24194,28.608838]]]}},{"type":"Feature","properties":{"kind":"building"},"geometry":{"type":"Polygon","coordinates":[[[77.24237,28.609093],[77.242494,28.609096],[77.24249,28.609205],[77.242367,28.609202],[77.24237,28.609093]]]}},{"type":"Feature","properties":{"kind":"building"},"geometry":{"type":"Polygon","coordinates":[[[77.242378,28.608802],[77.242506,28.608805],[77.242502,28.608913],[77.242374,28.60891],[77.242378,28.608802]]]}},{"type":"Feature","properties":{"kind":"building"},"geometry":{"type":"Polygon","coordinates":[[[77.235532,28.611477],[77.235634,28.611476],[77.235634,28.611604],[77.235533,28.611604],[77.235532,28.611477]]]}},{"type":"Feature","properties":{"kind":"building"},"geometry":{"type":"Polygon","coordinates":[[[77.235501,28.611207],[77.235664,28.611206],[77.235664,28.611297],[77.235501,28.611297],[77.235501,28.611207]]]}},{"type":"Feature","properties":{"kind":"building"},"geometry":{"type":"Polygon","coordinates":[[[77.236293,28.611169],[77.236432,28.611169],[77.236433,28.61128],[77.236293,28.61128],[77.236293,28.611169]]]}},{"type":"Feature","properties":{"kind":"building"},"geometry":{"type":"Polygon","coordinates":[[[77.236697,28.611473],[77.236801,28.611473],[77.236801,28.611574],[77.236697,28.611575],[77.236697,28.611473]]]}},{"type":"Feature","properties":{"kind":"building"},"geometry":{"type":"Polygon","coordinates":[[[77.237772,28.611181],[77.237929,28.611181],[77.23793,28.611278],[77.237773,28.611278],[77.237772,28.611181]]]}},{"type":"Feature","properties":{"kind":"building"},"geometry":{"type":"Polygon","coordinates":[[[77.23822,28.611491],[77.238362,28.611491],[77.238362,28.61159],[77.23822,28.61159],[77.23822,28.611491]]]}},{"type":"Feature","properties":{"kind":"building"},"geometry":{"type":"Polygon","coordinates":[[[77.238204,28.611171],[77.238377,28.611171],[77.238377,28.611279],[77.238204,28.611279],[77.238204,28.611171]]]}},{"type":"Feature","properties":{"kind":"building"},"geometry":{"type":"Polygon","coordinates":[[[77.238555,28.611476],[77.238705,28.611476],[77.238706,28.611571],[77.238556,28.611571],[77.238555,28.611476]]]}},{"type":"Feature","properties":{"kind":"building"},"geometry":{"type":"Polygon","coordinates":[[[77.238543,28.611194],[77.238717,28.611194],[77.238717,28.611283],[77.238543,28.611283],[77.238543,28.611194]]]}},{"type":"Feature","properties":{"kind":"building"},"geometry":{"type":"Polygon","coordinates":[[[77.239863,28.611205],[77.24002,28.611205],[77.24002,28.611304],[77.239863,28.611304],[77.239863,28.611205]]]}},{"type":"Feature","properties":{"kind":"building"},"geometry":{"type":"Polygon","coordinates":[[[77.24089,28.611458],[77.240997,28.611458],[77.240997,28.611565],[77.24089,28.611565],[77.24089,28.611458]]]}},{"type":"Feature","properties":{"kind":"building"},"geometry":{"type":"Polygon","coordinates":[[[77.240871,28.611241],[77.241017,28.611241],[77.241017,28.61133],[77.240871,28.611329],[77.240871,28.611241]]]}},{"type":"Feature","properties":{"kind":"building"},"geometry":{"type":"Polygon","coordinates":[[[77.241996,28.61145],[77.242132,28.61145],[77.242131,28.611548],[77.241996,28.611548],[77.241996,28.61145]]]}},{"type":"Feature","properties":{"kind":"building"},"geometry":{"type":"Polygon","coordinates":[[[77.237876,28.607298],[77.237872,28.607381],[77.237749,28.607377],[77.237752,28.607294],[77.237876,28.607298]]]}},{"type":"Feature","properties":{"kind":"building"},"geometry":{"type":"Polygon","coordinates":[[[77.238156,28.607291],[77.238152,28.607405],[77.238012,28.607401],[77.238016,28.607287],[77.238156,28.607291]]]}},{"type":"Feature","properties":{"kind":"building"},"geometry":{"type":"Polygon","coordinates":[[[77.238135,28.607963],[77.238131,28.608051],[77.238028,28.608047],[77.238031,28.60796],[77.238135,28.607963]]]}},{"type":"Feature","properties":{"kind":"building"},"geometry":{"type":"Polygon","coordinates":[[[77.2378,28.608842],[77.237795,28.608958],[77.237653,28.608953],[77.237658,28.608837],[77.2378,28.608842]]]}},{"type":"Feature","properties":{"kind":"building"},"geometry":{"type":"Polygon","coordinates":[[[77.238143,28.608835],[77.238137,28.608985],[77.238001,28.608981],[77.238007,28.608831],[77.238143,28.608835]]]}},{"type":"Feature","properties":{"kind":"building"},"geometry":{"type":"Polygon","coordinates":[[[77.238057,28.609552],[77.238054,28.609635],[77.237938,28.609632],[77.237941,28.609548],[77.238057,28.609552]]]}},{"type":"Feature","properties":{"kind":"building"},"geometry":{"type":"Polygon","coordinates":[[[77.238076,28.609794],[77.238071,28.609918],[77.237948,28.609914],[77.237953,28.60979],[77.238076,28.609794]]]}},{"type":"Feature","properties":{"kind":"building"},"geometry":{"type":"Polygon","coordinates":[[[77.23781,28.610504],[77.237814,28.6106],[77.237664,28.610605],[77.23766,28.610509],[77.23781,28.610504]]]}},{"type":"Feature","properties":{"kind":"building"},"geometry":{"type":"Polygon","coordinates":[[[77.238093,28.610484],[77.238098,28.610603],[77.237952,28.610608],[77.237947,28.610488],[77.238093,28.610484]]]}},{"type":"Feature","properties":{"kind":"building"},"geometry":{"type":"Polygon","coordinates":[[[77.23808,28.611164],[77.238084,28.611282],[77.237965,28.611286],[77.23796,28.611167],[77.23808,28.611164]]]}},{"type":"Feature","properties":{"kind":"building"},"geometry":{"type":"Polygon","coordinates":[[[77.237816,28.611544],[77.237819,28.611632],[77.237694,28.611635],[77.23769,28.611547],[77.237816,28.611544]]]}},{"type":"Feature","properties":{"kind":"building"},"geometry":{"type":"Polygon","coordinates":[[[77.237823,28.612395],[77.237829,28.612543],[77.237724,28.612546],[77.237718,28.612398],[77.237823,28.612395]]]}},{"type":"Feature","properties":{"kind":"building"},"geometry":{"type":"Polygon","coordinates":[[[77.237897,28.61303],[77.237903,28.613172],[77.237787,28.613176],[77.237781,28.613033],[77.237897,28.61303]]]}},{"type":"Feature","properties":{"kind":"building"},"geometry":{"type":"Polygon","coordinates":[[[77.238145,28.613024],[77.238151,28.613162],[77.238018,28.613166],[77.238013,28.613028],[77.238145,28.613024]]]}},{"type":"Feature","properties":{"kind":"building"},"geometry":{"type":"Polygon","coordinates":[[[77.24037,28.607282],[77.240367,28.607386],[77.240239,28.607383],[77.240242,28.607279],[77.24037,28.607282]]]}},{"type":"Feature","properties":{"kind":"building"},"geometry":{"type":"Polygon","coordinates":[[[77.240364,28.607832],[77.24036,28.607951],[77.240225,28.607948],[77.240228,28.607829],[77.240364,28.607832]]]}},{"type":"Feature","properties":{"kind":"building"},"geometry":{"type":"Polygon","coordinates":[[[77.240637,28.607833],[77.240633,28.607962],[77.240522,28.607959],[77.240525,28.607831],[77.240637,28.607833]]]}},{"type":"Feature","properties":{"kind":"building"},"geometry":{"type":"Polygon","coordinates":[[[77.240253,28.608684],[77.240249,28.608824],[77.240156,28.608822],[77.24016,28.608682],[77.240253,28.608684]]]}},{"type":"Feature","properties":{"kind":"building"},"geometry":{"type":"Polygon","coordinates":[[[77.240616,28.60872],[77.240613,28.608805],[77.240512,28.608802],[77.240515,28.608717],[77.240616,28.60872]]]}},{"type":"Feature","properties":{"kind":"building"},"geometry":{"type":"Polygon","coordinates":[[[77.240283,28.609289],[77.240281,28.609374],[77.240162,28.609371],[77.240165,28.609287],[77.240283,28.609289]]]}},{"type":"Feature","properties":{"kind":"building"},"geometry":{"type":"Polygon","coordinates":[[[77.240611,28.609278],[77.240608,28.609399],[77.240473,28.609396],[77.240477,28.609276],[77.240611,28.609278]]]}},{"type":"Feature","properties":{"kind":"building"},"geometry":{"type":"Polygon","coordinates":[[[77.24029,28.609522],[77.240287,28.609661],[77.240135,28.609658],[77.240139,28.609518],[77.24029,28.609522]]]}},{"type":"Feature","properties":{"kind":"building"},"geometry":{"type":"Polygon","coordinates":[[[77.240593,28.609535],[77.240589,28.609661],[77.240476,28.609659],[77.240479,28.609533],[77.240593,28.609535]]]}},{"type":"Feature","properties":{"kind":"building"},"geometry":{"type":"Polygon","coordinates":[[[77.24059,28.610778],[77.240594,28.610924],[77.240457,28.610927],[77.240452,28.610781],[77.24059,28.610778]]]}},{"type":"Feature","properties":{"kind":"building"},"geometry":{"type":"Polygon","coordinates":[[[77.240587,28.611416],[77.240591,28.61156],[77.240491,28.611562],[77.240486,28.611418],[77.240587,28.611416]]]}},{"type":"Feature","properties":{"kind":"building"},"geometry":{"type":"Polygon","coordinates":[[[77.240351,28.612395],[77.240354,28.612492],[77.240209,28.612495],[77.240206,28.612398],[77.240351,28.612395]]]}},{"type":"Feature","properties":{"kind":"building"},"geometry":{"type":"Polygon","coordinates":[[[77.240631,28.612382],[77.240634,28.612493],[77.24051,28.612496],[77.240506,28.612384],[77.240631,28.612382]]]}},{"type":"Feature","properties":{"kind":"building"},"geometry":{"type":"Polygon","coordinates":[[[77.240309,28.613049],[77.240311,28.613147],[77.240177,28.61315],[77.240175,28.613052],[77.240309,28.613049]]]}},{"type":"Feature","properties":{"kind":"building"},"geometry":{"type":"Polygon","coordinates":[[[77.240608,28.613043],[77.240611,28.613141],[77.240489,28.613143],[77.240486,28.613045],[77.240608,28.613043]]]}},{"type":"Feature","properties":{"kind":"building"},"geometry":{"type":"Polygon","coordinates":[[[77.240351,28.613418],[77.240354,28.613508],[77.240233,28.613511],[77.24023,28.61342],[77.240351,28.613418]]]}},{"type":"Feature","properties":{"kind":"building"},"geometry":{"type":"Polygon","coordinates":[[[77.240643,28.613412],[77.240646,28.613501],[77.240503,28.613504],[77.240501,28.613415],[77.240643,28.613412]]]}},{"type":"Feature","properties":{"kind":"building"},"geometry":{"type":"Polygon","coordinates":[[[77.236654,28.616083],[77.236826,28.616082],[77.236827,28.616182],[77.236655,28.616184],[77.236654,28.616083]]]}},{"type":"Feature","properties":{"kind":"building"},"geometry":{"type":"Polygon","coordinates":[[[77.236676,28.615791],[77.236797,28.61579],[77.236799,28.615906],[77.236678,28.615907],[77.236676,28.615791]]]}},{"type":"Feature","properties":{"kind":"building"},"geometry":{"type":"Polygon","coordinates":[[[77.237702,28.615779],[77.237843,28.615777],[77.237844,28.615861],[77.237703,28.615862],[77.237702,28.615779]]]}},{"type":"Feature","properties":{"kind":"building"},"geometry":{"type":"Polygon","coordinates":[[[77.2387,28.615767],[77.238869,28.615766],[77.23887,28.615864],[77.238701,28.615866],[77.2387,28.615767]]]}},{"type":"Feature","properties":{"kind":"building"},"geometry":{"type":"Polygon","coordinates":[[[77.239868,28.616017],[77.240013,28.616019],[77.240012,28.616148],[77.239867,28.616147],[77.239868,28.616017]]]}},{"type":"Feature","properties":{"kind":"building"},"geometry":{"type":"Polygon","coordinates":[[[77.239873,28.615772],[77.240013,28.615773],[77.240012,28.61589],[77.239872,28.615889],[77.239873,28.615772]]]}},{"type":"Feature","properties":{"kind":"building"},"geometry":{"type":"Polygon","coordinates":[[[77.241776,28.616028],[77.24188,28.616028],[77.241879,28.616159],[77.241775,28.616159],[77.241776,28.616028]]]}},{"type":"Feature","properties":{"kind":"building"},"geometry":{"type":"Polygon","coordinates":[[[77.24212,28.616065],[77.242281,28.616066],[77.242279,28.616199],[77.242119,28.616197],[77.24212,28.616065]]]}},{"type":"Feature","properties":{"kind":"building"},"geometry":{"type":"Polygon","coordinates":[[[77.242126,28.61585],[77.242279,28.615851],[77.242278,28.615933],[77.242125,28.615932],[77.242126,28.61585]]]}},{"type":"Feature","properties":{"kind":"building"},"geometry":{"type":"Polygon","coordinates":[[[77.242814,28.616047],[77.24298,28.616049],[77.242979,28.616163],[77.242813,28.616162],[77.242814,28.616047]]]}},{"type":"Feature","properties":{"kind":"building"},"geometry":{"type":"Polygon","coordinates":[[[77.237153,28.618026],[77.237324,28.618025],[77.237325,28.618121],[77.237154,28.618123],[77.237153,28.618026]]]}},{"type":"Feature","properties":{"kind":"building"},"geometry":{"type":"Polygon","coordinates":[[[77.238589,28.618004],[77.23872,28.618003],[77.238721,28.618116],[77.23859,28.618117],[77.238589,28.618004]]]}},{"type":"Feature","properties":{"kind":"building"},"geometry":{"type":"Polygon","coordinates":[[[77.239532,28.618228],[77.239654,28.618229],[77.239652,28.618332],[77.239531,28.618331],[77.239532,28.618228]]]}},{"type":"Feature","properties":{"kind":"building"},"geometry":{"type":"Polygon","coordinates":[[[77.239518,28.618],[77.239672,28.618002],[77.239671,28.618083],[77.239517,28.618082],[77.239518,28.618]]]}},{"type":"Feature","properties":{"kind":"building"},"geometry":{"type":"Polygon","coordinates":[[[77.240872,28.618225],[77.241008,28.618226],[77.241007,28.618354],[77.24087,28.618353],[77.240872,28.618225]]]}},{"type":"Feature","properties":{"kind":"building"},"geometry":{"type":"Polygon","coordinates":[[[77.242215,28.618276],[77.242377,28.618278],[77.242376,28.618359],[77.242214,28.618357],[77.242215,28.618276]]]}},{"type":"Feature","properties":{"kind":"building"},"geometry":{"type":"Polygon","coordinates":[[[77.24222,28.617985],[77.242379,28.617986],[77.242377,28.61812],[77.242218,28.618119],[77.24222,28.617985]]]}},{"type":"Feature","properties":{"kind":"building"},"geometry":{"type":"Polygon","coordinates":[[[77.24257,28.618282],[77.24274,28.618283],[77.242738,28.618398],[77.242569,28.618396],[77.24257,28.618282]]]}},{"type":"Feature","properties":{"kind":"building"},"geometry":{"type":"Polygon","coordinates":[[[77.242597,28.618008],[77.242718,28.618009],[77.242717,28.618119],[77.242596,28.618118],[77.242597,28.618008]]]}},{"type":"Feature","properties":{"kind":"building"},"geometry":{"type":"Polygon","coordinates":[[[77.238108,28.615265],[77.238105,28.615415],[77.237964,28.615413],[77.237966,28.615263],[77.238108,28.615265]]]}},{"type":"Feature","properties":{"kind":"building"},"geometry":{"type":"Polygon","coordinates":[[[77.238082,28.617333],[77.238083,28.617418],[77.237953,28.61742],[77.237952,28.617334],[77.238082,28.617333]]]}},{"type":"Feature","properties":{"kind":"building"},"geometry":{"type":"Polygon","coordinates":[[[77.238129,28.620398],[77.238131,28.620522],[77.237981,28.620524],[77.237979,28.6204],[77.238129,28.620398]]]}},{"type":"Feature","properties":{"kind":"building"},"geometry":{"type":"Polygon","coordinates":[[[77.240168,28.613791],[77.240163,28.613916],[77.240038,28.613912],[77.240042,28.613788],[77.240168,28.613791]]]}},{"type":"Feature","properties":{"kind":"building"},"geometry":{"type":"Polygon","coordinates":[[[77.240488,28.613787],[77.240482,28.613939],[77.240353,28.613935],[77.240359,28.613783],[77.240488,28.613787]]]}},{"type":"Feature","properties":{"kind":"building"},"geometry":{"type":"Polygon","coordinates":[[[77.240198,28.614688],[77.240195,28.614769],[77.240042,28.614765],[77.240045,28.614683],[77.240198,28.614688]]]}},{"type":"Feature","properties":{"kind":"building"},"geometry":{"type":"Polygon","coordinates":[[[77.240444,28.615242],[77.24044,28.61535],[77.240301,28.615346],[77.240305,28.615238],[77.240444,28.615242]]]}},{"type":"Feature","properties":{"kind":"building"},"geometry":{"type":"Polygon","coordinates":[[[77.240086,28.616733],[77.240083,28.616816],[77.239963,28.616812],[77.239966,28.61673],[77.240086,28.616733]]]}},{"type":"Feature","properties":{"kind":"building"},"geometry":{"type":"Polygon","coordinates":[[[77.240092,28.61795],[77.240095,28.618032],[77.239993,28.618035],[77.23999,28.617953],[77.240092,28.61795]]]}},{"type":"Feature","properties":{"kind":"building"},"geometry":{"type":"Polygon","coordinates":[[[77.240411,28.617936],[77.240414,28.618028],[77.24028,28.618032],[77.240276,28.61794],[77.240411,28.617936]]]}},{"type":"Feature","properties":{"kind":"building"},"geometry":{"type":"Polygon","coordinates":[[[77.240417,28.618827],[77.240422,28.61894],[77.240283,28.618944],[77.240279,28.618831],[77.240417,28.618827]]]}},{"type":"Feature","properties":{"kind":"building"},"geometry":{"type":"Polygon","coordinates":[[[77.243626,28.567857],[77.243786,28.567856],[77.243786,28.567951],[77.243626,28.567952],[77.243626,28.567857]]]}},{"type":"Feature","properties":{"kind":"building"},"geometry":{"type":"Polygon","coordinates":[[[77.244299,28.568108],[77.244411,28.568108],[77.244411,28.568197],[77.244299,28.568197],[77.244299,28.568108]]]}},{"type":"Feature","properties":{"kind":"building"},"geometry":{"type":"Polygon","coordinates":[[[77.244289,28.567889],[77.244419,28.567888],[77.244419,28.567998],[77.24429,28.567998],[77.244289,28.567889]]]}},{"type":"Feature","properties":{"kind":"building"},"geometry":{"type":"Polygon","coordinates":[[[77.244707,28.568124],[77.244877,28.568124],[77.244877,28.568253],[77.244707,28.568253],[77.244707,28.568124]]]}},{"type":"Feature","properties":{"kind":"building"},"geometry":{"type":"Polygon","coordinates":[[[77.244732,28.56787],[77.24485,28.56787],[77.24485,28.567995],[77.244733,28.567995],[77.244732,28.56787]]]}},{"type":"Feature","properties":{"kind":"building"},"geometry":{"type":"Polygon","coordinates":[[[77.24546,28.568131],[77.245601,28.568131],[77.245601,28.568248],[77.24546,28.568249],[77.24546,28.568131]]]}},{"type":"Feature","properties":{"kind":"building"},"geometry":{"type":"Polygon","coordinates":[[[77.246191,28.568111],[77.246311,28.568111],[77.246312,28.568193],[77.246191,28.568194],[77.246191,28.568111]]]}},{"type":"Feature","properties":{"kind":"building"},"geometry":{"type":"Polygon","coordinates":[[[77.24764,28.568159],[77.247793,28.568159],[77.247792,28.568257],[77.24764,28.568256],[77.24764,28.568159]]]}},{"type":"Feature","properties":{"kind":"building"},"geometry":{"type":"Polygon","coordinates":[[[77.248401,28.56814],[77.248497,28.56814],[77.248497,28.568226],[77.2484,28.568226],[77.248401,28.56814]]]}},{"type":"Feature","properties":{"kind":"building"},"geometry":{"type":"Polygon","coordinates":[[[77.248396,28.567882],[77.248503,28.567883],[77.248503,28.567996],[77.248396,28.567995],[77.248396,28.567882]]]}},{"type":"Feature","properties":{"kind":"building"},"geometry":{"type":"Polygon","coordinates":[[[77.250535,28.567873],[77.250654,28.567874],[77.250654,28.567978],[77.250535,28.567978],[77.250535,28.567873]]]}},{"type":"Feature","properties":{"kind":"building"},"geometry":{"type":"Polygon","coordinates":[[[77.244674,28.570476],[77.244829,28.570473],[77.244832,28.570579],[77.244677,28.570582],[77.244674,28.570476]]]}},{"type":"Feature","properties":{"kind":"building"},"geometry":{"type":"Polygon","coordinates":[[[77.244669,28.570205],[77.244822,28.570202],[77.244824,28.570293],[77.244671,28.570296],[77.244669,28.570205]]]}},{"type":"Feature","properties":{"kind":"building"},"geometry":{"type":"Polygon","coordinates":[[[77.245711,28.570463],[77.245848,28.57046],[77.24585,28.570552],[77.245713,28.570555],[77.245711,28.570463]]]}},{"type":"Feature","properties":{"kind":"building"},"geometry":{"type":"Polygon","coordinates":[[[77.245718,28.570172],[77.245827,28.57017],[77.24583,28.570286],[77.245721,28.570288],[77.245718,28.570172]]]}},{"type":"Feature","properties":{"kind":"building"},"geometry":{"type":"Polygon","coordinates":[[[77.248691,28.570437],[77.248825,28.57044],[77.248822,28.570549],[77.248689,28.570547],[77.248691,28.570437]]]}},{"type":"Feature","properties":{"kind":"building"},"geometry":{"type":"Polygon","coordinates":[[[77.249395,28.570439],[77.249527,28.570441],[77.249524,28.570542],[77.249392,28.57054],[77.249395,28.570439]]]}},{"type":"Feature","properties":{"kind":"building"},"geometry":{"type":"Polygon","coordinates":[[[77.249389,28.570213],[77.249543,28.570215],[77.249541,28.570301],[77.249387,28.570298],[77.249389,28.570213]]]}},{"type":"Feature","properties":{"kind":"building"},"geometry":{"type":"Polygon","coordinates":[[[77.245581,28.566009],[77.245581,28.566124],[77.245471,28.566124],[77.245471,28.566009],[77.245581,28.566009]]]}},{"type":"Feature","properties":{"kind":"building"},"geometry":{"type":"Polygon","coordinates":[[[77.245864,28.566024],[77.245864,28.56611],[77.245732,28.56611],[77.245732,28.566024],[77.245864,28.566024]]]}},{"type":"Feature","properties":{"kind":"building"},"geometry":{"type":"Polygon","coordinates":[[[77.245534,28.568173],[77.245534,28.568322],[77.245424,28.568322],[77.245424,28.568173],[77.245534,28.568173]]]}},{"type":"Feature","properties":{"kind":"building"},"geometry":{"type":"Polygon","coordinates":[[[77.24583,28.568847],[77.24583,28.568965],[77.24571,28.568965],[77.24571,28.568847],[77.24583,28.568847]]]}},{"type":"Feature","properties":{"kind":"building"},"geometry":{"type":"Polygon","coordinates":[[[77.245873,28.571963],[77.245873,28.572099],[77.245767,28.572099],[77.245767,28.571964],[77.245873,28.571963]]]}},{"type":"Feature","properties":{"kind":"building"},"geometry":{"type":"Polygon","coordinates":[[[77.245543,28.572502],[77.245543,28.572597],[77.245414,28.572597],[77.245413,28.572502],[77.245543,28.572502]]]}},{"type":"Feature","properties":{"kind":"building"},"geometry":{"type":"Polygon","coordinates":[[[77.245881,28.572502],[77.245881,28.572596],[77.245745,28.572596],[77.245745,28.572503],[77.245881,28.572502]]]}},{"type":"Feature","properties":{"kind":"building"},"geometry":{"type":"Polygon","coordinates":[[[77.248229,28.567548],[77.248224,28.567652],[77.248098,28.567648],[77.248102,28.567544],[77.248229,28.567548]]]}},{"type":"Feature","properties":{"kind":"building"},"geometry":{"type":"Polygon","coordinates":[[[77.247928,28.567915],[77.247925,28.567999],[77.247779,28.567994],[77.247782,28.56791],[77.247928,28.567915]]]}},{"type":"Feature","properties":{"kind":"building"},"geometry":{"type":"Polygon","coordinates":[[[77.248163,28.567896],[77.248157,28.568032],[77.248053,28.568029],[77.248059,28.567893],[77.248163,28.567896]]]}},{"type":"Feature","properties":{"kind":"building"},"geometry":{"type":"Polygon","coordinates":[[[77.247816,28.569159],[77.247811,28.569272],[77.247712,28.569268],[77.247716,28.569156],[77.247816,28.569159]]]}},{"type":"Feature","properties":{"kind":"building"},"geometry":{"type":"Polygon","coordinates":[[[77.248167,28.569167],[77.248162,28.569286],[77.248036,28.569282],[77.248041,28.569163],[77.248167,28.569167]]]}},{"type":"Feature","properties":{"kind":"building"},"geometry":{"type":"Polygon","coordinates":[[[77.248152,28.569523],[77.248157,28.569639],[77.248055,28.569643],[77.24805,28.569526],[77.248152,28.569523]]]}},{"type":"Feature","properties":{"kind":"building"},"geometry":{"type":"Polygon","coordinates":[[[77.247841,28.569906],[77.247846,28.570021],[77.247701,28.570026],[77.247696,28.56991],[77.247841,28.569906]]]}},{"type":"Feature","properties":{"kind":"building"},"geometry":{"type":"Polygon","coordinates":[[[77.248112,28.56989],[77.248117,28.57002],[77.248004,28.570024],[77.247999,28.569893],[77.248112,28.56989]]]}},{"type":"Feature","properties":{"kind":"building"},"geometry":{"type":"Polygon","coordinates":[[[77.247907,28.57082],[77.247913,28.570957],[77.247818,28.57096],[77.247812,28.570823],[77.247907,28.57082]]]}},{"type":"Feature","properties":{"kind":"building"},"geometry":{"type":"Polygon","coordinates":[[[77.2482,28.570828],[77.248204,28.570931],[77.248104,28.570934],[77.2481,28.570831],[77.2482,28.570828]]]}},{"type":"Feature","properties":{"kind":"building"},"geometry":{"type":"Polygon","coordinates":[[[77.247933,28.571191],[77.247938,28.571314],[77.247792,28.571319],[77.247787,28.571196],[77.247933,28.571191]]]}},{"type":"Feature","properties":{"kind":"building"},"geometry":{"type":"Polygon","coordinates":[[[77.248236,28.571193],[77.24824,28.571294],[77.248093,28.571298],[77.248089,28.571198],[77.248236,28.571193]]]}},{"type":"Feature","properties":{"kind":"building"},"geometry":{"type":"Polygon","coordinates":[[[77.247945,28.571499],[77.247949,28.571587],[77.247796,28.571591],[77.247793,28.571504],[77.247945,28.571499]]]}},{"type":"Feature","properties":{"kind":"building"},"geometry":{"type":"Polygon","coordinates":[[[77.248197,28.57149],[77.248201,28.57158],[77.248052,28.571584],[77.248048,28.571495],[77.248197,28.57149]]]}},{"type":"Feature","properties":{"kind":"building"},"geometry":{"type":"Polygon","coordinates":[[[77.247951,28.571807],[77.247955,28.571907],[77.247839,28.571911],[77.247835,28.571811],[77.247951,28.571807]]]}},{"type":"Feature","properties":{"kind":"building"},"geometry":{"type":"Polygon","coordinates":[[[77.247958,28.572093],[77.247964,28.572237],[77.247835,28.572241],[77.247829,28.572097],[77.247958,28.572093]]]}},{"type":"Feature","properties":{"kind":"building"},"geometry":{"type":"Polygon","coordinates":[[[77.248243,28.572091],[77.248249,28.572221],[77.248127,28.572225],[77.248122,28.572094],[77.248243,28.572091]]]}},{"type":"Feature","properties":{"kind":"building"},"geometry":{"type":"Polygon","coordinates":[[[77.243276,28.57528],[77.243446,28.575276],[77.243449,28.575376],[77.243279,28.57538],[77.243276,28.57528]]]}},{"type":"Feature","properties":{"kind":"building"},"geometry":{"type":"Polygon","coordinates":[[[77.24405,28.575233],[77.244178,28.575231],[77.244181,28.575355],[77.244053,28.575357],[77.24405,28.575233]]]}},{"type":"Feature","properties":{"kind":"building"},"geometry":{"type":"Polygon","coordinates":[[[77.244791,28.575194],[77.244959,28.57519],[77.244961,28.575281],[77.244794,28.575285],[77.244791,28.575194]]]}},{"type":"Feature","properties":{"kind":"building"},"geometry":{"type":"Polygon","coordinates":[[[77.24479,28.574928],[77.244945,28.574925],[77.244949,28.575059],[77.244794,28.575063],[77.24479,28.574928]]]}},{"type":"Feature","properties":{"kind":"building"},"geometry":{"type":"Polygon","coordinates":[[[77.245597,28.575185],[77.245721,28.575182],[77.245724,28.575265],[77.245599,28.575268],[77.245597,28.575185]]]}},{"type":"Feature","properties":{"kind":"building"},"geometry":{"type":"Polygon","coordinates":[[[77.24601,28.574958],[77.246127,28.574956],[77.24613,28.575041],[77.246012,28.575044],[77.24601,28.574958]]]}},{"type":"Feature","properties":{"kind":"building"},"geometry":{"type":"Polygon","coordinates":[[[77.246976,28.574905],[77.247076,28.574907],[77.247074,28.574991],[77.246974,28.574989],[77.246976,28.574905]]]}},{"type":"Feature","properties":{"kind":"building"},"geometry":{"type":"Polygon","coordinates":[[[77.247338,28.575198],[77.247462,28.575201],[77.247459,28.575319],[77.247335,28.575316],[77.247338,28.575198]]]}},{"type":"Feature","properties":{"kind":"building"},"geometry":{"type":"Polygon","coordinates":[[[77.248132,28.574926],[77.248259,28.574929],[77.248255,28.57505],[77.248128,28.575047],[77.248132,28.574926]]]}},{"type":"Feature","properties":{"kind":"building"},"geometry":{"type":"Polygon","coordinates":[[[77.248859,28.574965],[77.249003,28.574968],[77.249,28.575061],[77.248857,28.575058],[77.248859,28.574965]]]}},{"type":"Feature","properties":{"kind":"building"},"geometry":{"type":"Polygon","coordinates":[[[77.249628,28.575218],[77.249753,28.57522],[77.24975,28.575332],[77.249625,28.575329],[77.249628,28.575218]]]}},{"type":"Feature","properties":{"kind":"building"},"geometry":{"type":"Polygon","coordinates":[[[77.249636,28.574949],[77.24976,28.574952],[77.249758,28.575047],[77.249633,28.575045],[77.249636,28.574949]]]}},{"type":"Feature","properties":{"kind":"building"},"geometry":{"type":"Polygon","coordinates":[[[77.250057,28.575208],[77.250167,28.57521],[77.250164,28.575325],[77.250054,28.575323],[77.250057,28.575208]]]}},{"type":"Feature","properties":{"kind":"building"},"geometry":{"type":"Polygon","coordinates":[[[77.250069,28.574988],[77.250167,28.57499],[77.250164,28.575096],[77.250066,28.575094],[77.250069,28.574988]]]}},{"type":"Feature","properties":{"kind":"building"},"geometry":{"type":"Polygon","coordinates":[[[77.242967,28.577463],[77.243059,28.57746],[77.243064,28.577576],[77.242972,28.577579],[77.242967,28.577463]]]}},{"type":"Feature","properties":{"kind":"building"},"geometry":{"type":"Polygon","coordinates":[[[77.242934,28.577194],[77.243069,28.57719],[77.243074,28.577303],[77.242939,28.577307],[77.242934,28.577194]]]}},{"type":"Feature","properties":{"kind":"building"},"geometry":{"type":"Polygon","coordinates":[[[77.243282,28.577169],[77.243424,28.577164],[77.24343,28.577284],[77.243288,28.577288],[77.243282,28.577169]]]}},{"type":"Feature","properties":{"kind":"building"},"geometry":{"type":"Polygon","coordinates":[[[77.24366,28.577188],[77.243816,28.577183],[77.24382,28.577275],[77.243664,28.57728],[77.24366,28.577188]]]}},{"type":"Feature","properties":{"kind":"building"},"geometry":{"type":"Polygon","coordinates":[[[77.244052,28.577161],[77.244174,28.577157],[77.244179,28.57726],[77.244056,28.577264],[77.244052,28.577161]]]}},{"type":"Feature","properties":{"kind":"building"},"geometry":{"type":"Polygon","coordinates":[[[77.244454,28.577439],[77.244611,28.577433],[77.244615,28.577529],[77.244458,28.577534],[77.244454,28.577439]]]}},{"type":"Feature","properties":{"kind":"building"},"geometry":{"type":"Polygon","coordinates":[[[77.246141,28.577372],[77.246302,28.577366],[77.246308,28.577493],[77.246147,28.577499],[77.246141,28.577372]]]}},{"type":"Feature","properties":{"kind":"building"},"geometry":{"type":"Polygon","coordinates":[[[77.247394,28.577106],[77.247526,28.57711],[77.247522,28.577198],[77.24739,28.577194],[77.247394,28.577106]]]}},{"type":"Feature","properties":{"kind":"building"},"geometry":{"type":"Polygon","coordinates":[[[77.247729,28.577376],[77.247833,28.57738],[77.247828,28.577499],[77.247724,28.577496],[77.247729,28.577376]]]}},{"type":"Feature","properties":{"kind":"building"},"geometry":{"type":"Polygon","coordinates":[[[77.24773,28.577147],[77.247851,28.577151],[77.247847,28.577237],[77.247727,28.577233],[77.24773,28.577147]]]}},{"type":"Feature","properties":{"kind":"building"},"geometry":{"type":"Polygon","coordinates":[[[77.248403,28.577404],[77.248552,28.577409],[77.248548,28.577491],[77.2484,28.577486],[77.248403,28.577404]]]}},{"type":"Feature","properties":{"kind":"building"},"geometry":{"type":"Polygon","coordinates":[[[77.248413,28.577157],[77.248563,28.577162],[77.248559,28.577263],[77.248409,28.577258],[77.248413,28.577157]]]}},{"type":"Feature","properties":{"kind":"building"},"geometry":{"type":"Polygon","coordinates":[[[77.249545,28.577445],[77.249644,28.577448],[77.249639,28.577577],[77.24954,28.577574],[77.249545,28.577445]]]}},{"type":"Feature","properties":{"kind":"building"},"geometry":{"type":"Polygon","coordinates":[[[77.249535,28.577144],[77.249681,28.577149],[77.249675,28.577269],[77.249529,28.577264],[77.249535,28.577144]]]}},{"type":"Feature","properties":{"kind":"building"},"geometry":{"type":"Polygon","coordinates":[[[77.250263,28.577439],[77.25037,28.577443],[77.250366,28.577534],[77.250259,28.57753],[77.250263,28.577439]]]}},{"type":"Feature","properties":{"kind":"building"},"geometry":{"type":"Polygon","coordinates":[[[77.250265,28.577173],[77.250391,28.577177],[77.250386,28.577286],[77.250261,28.577282],[77.250265,28.577173]]]}},{"type":"Feature","properties":{"kind":"building"},"geometry":{"type":"Polygon","coordinates":[[[77.245395,28.573697],[77.245392,28.573827],[77.245255,28.573824],[77.245258,28.573695],[77.245395,28.573697]]]}},{"type":"Feature","properties":{"kind":"building"},"geometry":{"type":"Polygon","coordinates":[[[77.245642,28.573713],[77.245639,28.573821],[77.245541,28.573819],[77.245544,28.573711],[77.245642,28.573713]]]}},{"type":"Feature","properties":{"kind":"building"},"geometry":{"type":"Polygon","coordinates":[[[77.245682,28.573994],[77.245679,28.574122],[77.245564,28.57412],[77.245567,28.573991],[77.245682,28.573994]]]}},{"type":"Feature","properties":{"kind":"building"},"geometry":{"type":"Polygon","coordinates":[[[77.245382,28.574558],[77.245379,28.574695],[77.245235,28.574692],[77.245238,28.574556],[77.245382,28.574558]]]}},{"type":"Feature","properties":{"kind":"building"},"geometry":{"type":"Polygon","coordinates":[[[77.245315,28.57578],[77.245312,28.575895],[77.245194,28.575893],[77.245197,28.575778],[77.245315,28.57578]]]}},{"type":"Feature","properties":{"kind":"building"},"geometry":{"type":"Polygon","coordinates":[[[77.245631,28.576343],[77.245634,28.576479],[77.245528,28.576481],[77.245525,28.576345],[77.245631,28.576343]]]}},{"type":"Feature","properties":{"kind":"building"},"geometry":{"type":"Polygon","coordinates":[[[77.245638,28.576712],[77.245641,28.576861],[77.245523,28.576863],[77.24552,28.576714],[77.245638,28.576712]]]}},{"type":"Feature","properties":{"kind":"building"},"geometry":{"type":"Polygon","coordinates":[[[77.245608,28.577056],[77.245611,28.577206],[77.245476,28.577209],[77.245472,28.577058],[77.245608,28.577056]]]}},{"type":"Feature","properties":{"kind":"building"},"geometry":{"type":"Polygon","coordinates":[[[77.245363,28.578092],[77.245365,28.578175],[77.245212,28.578177],[77.24521,28.578095],[77.245363,28.578092]]]}},{"type":"Feature","properties":{"kind":"building"},"geometry":{"type":"Polygon","coordinates":[[[77.245612,28.578076],[77.245615,28.578181],[77.245503,28.578184],[77.2455,28.578078],[77.245612,28.578076]]]}},{"type":"Feature","properties":{"kind":"building"},"geometry":{"type":"Polygon","coordinates":[[[77.245375,28.578349],[77.245378,28.57847],[77.245265,28.578472],[77.245262,28.578352],[77.245375,28.578349]]]}},{"type":"Feature","properties":{"kind":"building"},"geometry":{"type":"Polygon","coordinates":[[[77.245652,28.578346],[77.245655,28.578463],[77.245554,28.578465],[77.245551,28.578347],[77.245652,28.578346]]]}},{"type":"Feature","properties":{"kind":"building"},"geometry":{"type":"Polygon","coordinates":[[[77.245419,28.578749],[77.245421,28.578832],[77.245268,28.578835],[77.245266,28.578752],[77.245419,28.578749]]]}},{"type":"Feature","properties":{"kind":"building"},"geometry":{"type":"Polygon","coordinates":[[[77.245677,28.578717],[77.24568,28.578853],[77.24558,28.578855],[77.245576,28.578719],[77.245677,28.578717]]]}},{"type":"Feature","properties":{"kind":"building"},"geometry":{"type":"Polygon","coordinates":[[[77.245373,28.579421],[77.245376,28.57954],[77.245246,28.579542],[77.245243,28.579424],[77.245373,28.579421]]]}},{"type":"Feature","properties":{"kind":"building"},"geometry":{"type":"Polygon","coordinates":[[[77.245708,28.579402],[77.245711,28.579546],[77.245596,28.579548],[77.245592,28.579404],[77.245708,28.579402]]]}},{"type":"Feature","properties":{"kind":"building"},"geometry":{"type":"Polygon","coordinates":[[[77.248025,28.573145],[77.248023,28.573251],[77.247874,28.573249],[77.247875,28.573143],[77.248025,28.573145]]]}},{"type":"Feature","properties":{"kind":"building"},"geometry":{"type":"Polygon","coordinates":[[[77.248335,28.573139],[77.248333,28.573266],[77.248185,28.573263],[77.248188,28.573137],[77.248335,28.573139]]]}},{"type":"Feature","properties":{"kind":"building"},"geometry":{"type":"Polygon","coordinates":[[[77.247988,28.574438],[77.247985,28.57456],[77.247883,28.574558],[77.247886,28.574436],[77.247988,28.574438]]]}},{"type":"Feature","properties":{"kind":"building"},"geometry":{"type":"Polygon","coordinates":[[[77.248288,28.574455],[77.248286,28.574551],[77.248191,28.574549],[77.248192,28.574454],[77.248288,28.574455]]]}},{"type":"Feature","properties":{"kind":"building"},"geometry":{"type":"Polygon","coordinates":[[[77.248034,28.575039],[77.248032,28.575129],[77.247924,28.575127],[77.247925,28.575038],[77.248034,28.575039]]]}},{"type":"Feature","properties":{"kind":"building"},"geometry":{"type":"Polygon","coordinates":[[[77.248034,28.575329],[77.248031,28.57548],[77.247911,28.575479],[77.247914,28.575328],[77.248034,28.575329]]]}},{"type":"Feature","properties":{"kind":"building"},"geometry":{"type":"Polygon","coordinates":[[[77.248256,28.575363],[77.248255,28.575453],[77.248141,28.575452],[77.248143,28.575361],[77.248256,28.575363]]]}},{"type":"Feature","properties":{"kind":"building"},"geometry":{"type":"Polygon","coordinates":[[[77.247988,28.575896],[77.247986,28.576017],[77.247878,28.576015],[77.24788,28.575894],[77.247988,28.575896]]]}},{"type":"Feature","properties":{"kind":"building"},"geometry":{"type":"Polygon","coordinates":[[[77.247964,28.576375],[77.247965,28.576459],[77.247819,28.576461],[77.247817,28.576377],[77.247964,28.576375]]]}},{"type":"Feature","properties":{"kind":"building"},"geometry":{"type":"Polygon","coordinates":[[[77.24829,28.577032],[77.248292,28.577137],[77.248175,28.577139],[77.248173,28.577034],[77.24829,28.577032]]]}},{"type":"Feature","properties":{"kind":"building"},"geometry":{"type":"Polygon","coordinates":[[[77.24802,28.57734],[77.248021,28.577429],[77.247881,28.577431],[77.24788,28.577342],[77.24802,28.57734]]]}},{"type":"Feature","properties":{"kind":"building"},"geometry":{"type":"Polygon","coordinates":[[[77.248287,28.577321],[77.248289,28.577441],[77.248148,28.577443],[77.248146,28.577323],[77.248287,28.577321]]]}},{"type":"Feature","properties":{"kind":"building"},"geometry":{"type":"Polygon","coordinates":[[[77.248034,28.577967],[77.248037,28.578112],[77.247905,28.578113],[77.247902,28.577969],[77.248034,28.577967]]]}},{"type":"Feature","properties":{"kind":"building"},"geometry":{"type":"Polygon","coordinates":[[[77.2483,28.577991],[77.248302,28.57808],[77.248191,28.578082],[77.24819,28.577992],[77.2483,28.577991]]]}},{"type":"Feature","properties":{"kind":"building"},"geometry":{"type":"Polygon","coordinates":[[[77.248,28.57827],[77.248002,28.578383],[77.247869,28.578385],[77.247867,28.578272],[77.248,28.57827]]]}},{"type":"Feature","properties":{"kind":"building"},"geometry":{"type":"Polygon","coordinates":[[[77.247995,28.578615],[77.247997,28.57873],[77.247899,28.578732],[77.247897,28.578616],[77.247995,28.578615]]]}},{"type":"Feature","properties":{"kind":"building"},"geometry":{"type":"Polygon","coordinates":[[[77.248296,28.578623],[77.248298,28.578714],[77.248192,28.578715],[77.24819,28.578624],[77.248296,28.578623]]]}},{"type":"Feature","properties":{"kind":"building"},"geometry":{"type":"Polygon","coordinates":[[[77.248045,28.578903],[77.248048,28.579055],[77.247943,28.579057],[77.24794,28.578904],[77.248045,28.578903]]]}},{"type":"Feature","properties":{"kind":"building"},"geometry":{"type":"Polygon","coordinates":[[[77.248307,28.578934],[77.248308,28.579016],[77.248194,28.579018],[77.248193,28.578936],[77.248307,28.578934]]]}},{"type":"Feature","properties":{"kind":"building"},"geometry":{"type":"Polygon","coordinates":[[[77.248311,28.579493],[77.248313,28.579628],[77.248189,28.57963],[77.248187,28.579495],[77.248311,28.579493]]]}},{"type":"Feature","properties":{"kind":"building"},"geometry":{"type":"Polygon","coordinates":[[[77.242928,28.581824],[77.243098,28.58182],[77.243102,28.581928],[77.242932,28.581933],[77.242928,28.581824]]]}},{"type":"Feature","properties":{"kind":"building"},"geometry":{"type":"Polygon","coordinates":[[[77.242922,28.581582],[77.243087,28.581577],[77.243091,28.58169],[77.242926,28.581694],[77.242922,28.581582]]]}},{"type":"Feature","properties":{"kind":"building"},"geometry":{"type":"Polygon","coordinates":[[[77.24332,28.581833],[77.243455,28.58183],[77.24346,28.581945],[77.243324,28.581949],[77.24332,28.581833]]]}},{"type":"Feature","properties":{"kind":"building"},"geometry":{"type":"Polygon","coordinates":[[[77.243327,28.581522],[77.243426,28.581519],[77.24343,28.58163],[77.24333,28.581633],[77.243327,28.581522]]]}},{"type":"Feature","properties":{"kind":"building"},"geometry":{"type":"Polygon","coordinates":[[[77.244085,28.581816],[77.244195,28.581813],[77.244198,28.581903],[77.244088,28.581906],[77.244085,28.581816]]]}},{"type":"Feature","properties":{"kind":"building"},"geometry":{"type":"Polygon","coordinates":[[[77.244048,28.581534],[77.244212,28.581529],[77.244216,28.581652],[77.244052,28.581656],[77.244048,28.581534]]]}},{"type":"Feature","properties":{"kind":"building"},"geometry":{"type":"Polygon","coordinates":[[[77.244455,28.581793],[77.244585,28.581789],[77.244588,28.581876],[77.244458,28.58188],[77.244455,28.581793]]]}},{"type":"Feature","properties":{"kind":"building"},"geometry":{"type":"Polygon","coordinates":[[[77.244435,28.581516],[77.244585,28.581512],[77.244589,28.581626],[77.244439,28.58163],[77.244435,28.581516]]]}},{"type":"Feature","properties":{"kind":"building"},"geometry":{"type":"Polygon","coordinates":[[[77.2448,28.581745],[77.244964,28.581741],[77.244969,28.58187],[77.244804,28.581874],[77.2448,28.581745]]]}},{"type":"Feature","properties":{"kind":"building"},"geometry":{"type":"Polygon","coordinates":[[[77.24599,28.581489],[77.246118,28.581486],[77.246122,28.581597],[77.245994,28.581601],[77.24599,28.581489]]]}},{"type":"Feature","properties":{"kind":"building"},"geometry":{"type":"Polygon","coordinates":[[[77.246349,28.581719],[77.246463,28.581716],[77.246467,28.581826],[77.246353,28.581829],[77.246349,28.581719]]]}},{"type":"Feature","properties":{"kind":"building"},"geometry":{"type":"Polygon","coordinates":[[[77.246333,28.58146],[77.24646,28.581456],[77.246464,28.581566],[77.246337,28.581569],[77.246333,28.58146]]]}},{"type":"Feature","properties":{"kind":"building"},"geometry":{"type":"Polygon","coordinates":[[[77.247303,28.581729],[77.247428,28.581732],[77.247425,28.581826],[77.2473,28.581822],[77.247303,28.581729]]]}},{"type":"Feature","properties":{"kind":"building"},"geometry":{"type":"Polygon","coordinates":[[[77.247306,28.581512],[77.247441,28.581516],[77.247438,28.581601],[77.247303,28.581597],[77.247306,28.581512]]]}},{"type":"Feature","properties":{"kind":"building"},"geometry":{"type":"Polygon","coordinates":[[[77.247763,28.581492],[77.247873,28.581495],[77.24787,28.581581],[77.24776,28.581578],[77.247763,28.581492]]]}},{"type":"Feature","properties":{"kind":"building"},"geometry":{"type":"Polygon","coordinates":[[[77.248095,28.581475],[77.248269,28.58148],[77.248265,28.581584],[77.248092,28.581579],[77.248095,28.581475]]]}},{"type":"Feature","properties":{"kind":"building"},"geometry":{"type":"Polygon","coordinates":[[[77.247614,28.584508],[77.247724,28.584484],[77.247751,28.584577],[77.247642,28.584602],[77.247614,28.584508]]]}},{"type":"Feature","properties":{"kind":"building"},"geometry":{"type":"Polygon","coordinates":[[[77.247538,28.584256],[77.247652,28.584231],[77.247678,28.584322],[77.247565,28.584347],[77.247538,28.584256]]]}},{"type":"Feature","properties":{"kind":"building"},"geometry":{"type":"Polygon","coordinates":[[[77.245639,28.579681],[77.245641,28.579764],[77.245533,28.579766],[77.245531,28.579683],[77.245639,28.579681]]]}},{"type":"Feature","properties":{"kind":"building"},"geometry":{"type":"Polygon","coordinates":[[[77.245955,28.579669],[77.245958,28.579764],[77.245859,28.579766],[77.245856,28.579671],[77.245955,28.579669]]]}},{"type":"Feature","properties":{"kind":"building"},"geometry":{"type":"Polygon","coordinates":[[[77.245641,28.579941],[77.245643,28.580031],[77.245518,28.580033],[77.245515,28.579943],[77.245641,28.579941]]]}},{"type":"Feature","properties":{"kind":"building"},"geometry":{"type":"Polygon","coordinates":[[[77.245947,28.579927],[77.245949,28.580033],[77.245848,28.580035],[77.245845,28.579929],[77.245947,28.579927]]]}},{"type":"Feature","properties":{"kind":"building"},"geometry":{"type":"Polygon","coordinates":[[[77.245678,28.580282],[77.245681,28.580404],[77.245529,28.580407],[77.245526,28.580285],[77.245678,28.580282]]]}},{"type":"Feature","properties":{"kind":"building"},"geometry":{"type":"Polygon","coordinates":[[[77.245953,28.58029],[77.245955,28.580385],[77.245818,28.580388],[77.245815,28.580293],[77.245953,28.58029]]]}},{"type":"Feature","properties":{"kind":"building"},"geometry":{"type":"Polygon","coordinates":[[[77.245698,28.580656],[77.2457,28.580762],[77.245563,28.580764],[77.24556,28.580659],[77.245698,28.580656]]]}},{"type":"Feature","properties":{"kind":"building"},"geometry":{"type":"Polygon","coordinates":[[[77.245954,28.581342],[77.245958,28.581475],[77.245814,28.581477],[77.245811,28.581344],[77.245954,28.581342]]]}},{"type":"Feature","properties":{"kind":"building"},"geometry":{"type":"Polygon","coordinates":[[[77.248432,28.580231],[77.248434,28.580345],[77.248304,28.580347],[77.248302,28.580233],[77.248432,28.580231]]]}},{"type":"Feature","properties":{"kind":"building"},"geometry":{"type":"Polygon","coordinates":[[[77.248143,28.580552],[77.248146,28.58069],[77.248011,28.580692],[77.248009,28.580554],[77.248143,28.580552]]]}},{"type":"Feature","properties":{"kind":"building"},"geometry":{"type":"Polygon","coordinates":[[[77.248447,28.580561],[77.248449,28.580671],[77.248301,28.580673],[77.248299,28.580564],[77.248447,28.580561]]]}},{"type":"Feature","properties":{"kind":"building"},"geometry":{"type":"Polygon","coordinates":[[[77.248162,28.581148],[77.248164,28.581251],[77.248057,28.581252],[77.248055,28.58115],[77.248162,28.581148]]]}},{"type":"Feature","properties":{"kind":"building"},"geometry":{"type":"Polygon","coordinates":[[[77.248174,28.581413],[77.248177,28.581551],[77.248044,28.581553],[77.248041,28.581416],[77.248174,28.581413]]]}},{"type":"Feature","properties":{"kind":"building"},"geometry":{"type":"Polygon","coordinates":[[[77.24849,28.581429],[77.248492,28.581525],[77.248348,28.581528],[77.248346,28.581431],[77.24849,28.581429]]]}},{"type":"Feature","properties":{"kind":"building"},"geometry":{"type":"Polygon","coordinates":[[[77.248182,28.582292],[77.248184,28.582435],[77.248062,28.582437],[77.248059,28.582294],[77.248182,28.582292]]]}},{"type":"Feature","properties":{"kind":"building"},"geometry":{"type":"Polygon","coordinates":[[[77.248441,28.582284],[77.248444,28.582434],[77.248345,28.582436],[77.248342,28.582286],[77.248441,28.582284]]]}},{"type":"Feature","properties":{"kind":"building"},"geometry":{"type":"Polygon","coordinates":[[[77.248163,28.582579],[77.248166,28.582705],[77.248059,28.582706],[77.248056,28.58258],[77.248163,28.582579]]]}},{"type":"Feature","properties":{"kind":"building"},"geometry":{"type":"Polygon","coordinates":[[[77.248195,28.582883],[77.248198,28.583016],[77.248085,28.583018],[77.248082,28.582885],[77.248195,28.582883]]]}},{"type":"Feature","properties":{"kind":"building"},"geometry":{"type":"Polygon","coordinates":[[[77.248492,28.58289],[77.248494,28.583],[77.248393,28.583001],[77.248391,28.582892],[77.248492,28.58289]]]}},{"type":"Feature","properties":{"kind":"building"},"geometry":{"type":"Polygon","coordinates":[[[77.248321,28.583204],[77.248435,28.583277],[77.248355,28.583374],[77.24824,28.583301],[77.248321,28.583204]]]}},{"type":"Feature","properties":{"kind":"building"},"geometry":{"type":"Polygon","coordinates":[[[77.248503,28.58297],[77.248633,28.583053],[77.248546,28.583158],[77.248416,28.583075],[77.248503,28.58297]]]}},{"type":"Feature","properties":{"kind":"building"},"geometry":{"type":"Polygon","coordinates":[[[77.249062,28.585515],[77.248986,28.58565],[77.248892,28.585609],[77.248968,28.585474],[77.249062,28.585515]]]}},{"type":"Feature","properties":{"kind":"building"},"geometry":{"type":"Polygon","coordinates":[[[77.248623,28.585689],[77.248567,28.585789],[77.248465,28.585745],[77.248522,28.585644],[77.248623,28.585689]]]}},{"type":"Feature","properties":{"kind":"building"},"geometry":{"type":"Polygon","coordinates":[[[77.248889,28.585784],[77.248814,28.585917],[77.248721,28.585877],[77.248796,28.585743],[77.248889,28.585784]]]}},{"type":"Feature","properties":{"kind":"building"},"geometry":{"type":"Polygon","coordinates":[[[77.248441,28.585983],[77.248386,28.58608],[77.248286,28.586036],[77.248341,28.58594],[77.248441,28.585983]]]}},{"type":"Feature","properties":{"kind":"building"},"geometry":{"type":"Polygon","coordinates":[[[77.248721,28.586092],[77.248655,28.586209],[77.248569,28.586172],[77.248634,28.586055],[77.248721,28.586092]]]}},{"type":"Feature","properties":{"kind":"building"},"geometry":{"type":"Polygon","coordinates":[[[77.248271,28.586221],[77.248229,28.586295],[77.248112,28.586244],[77.248154,28.58617],[77.248271,28.586221]]]}},{"type":"Feature","properties":{"kind":"building"},"geometry":{"type":"Polygon","coordinates":[[[77.248536,28.586336],[77.248493,28.586411],[77.248401,28.586371],[77.248444,28.586295],[77.248536,28.586336]]]}},{"type":"Feature","properties":{"kind":"building"},"geometry":{"type":"Polygon","coordinates":[[[77.248848,28.589382],[77.249005,28.589326],[77.249052,28.589427],[77.248896,28.589483],[77.248848,28.589382]]]}},{"type":"Feature","properties":{"kind":"building"},"geometry":{"type":"Polygon","coordinates":[[[77.248725,28.589104],[77.248871,28.589052],[77.248919,28.589153],[77.248772,28.589205],[77.248725,28.589104]]]}},{"type":"Feature","properties":{"kind":"building"},"geometry":{"type":"Polygon","coordinates":[[[77.249123,28.588952],[77.249249,28.588907],[77.249295,28.589005],[77.249169,28.589051],[77.249123,28.588952]]]}},{"type":"Feature","properties":{"kind":"building"},"geometry":{"type":"Polygon","coordinates":[[[77.249515,28.58908],[77.249646,28.589033],[77.249699,28.589149],[77.249568,28.589196],[77.249515,28.58908]]]}},{"type":"Feature","properties":{"kind":"building"},"geometry":{"type":"Polygon","coordinates":[[[77.249419,28.588851],[77.249531,28.588811],[77.249585,28.588928],[77.249474,28.588968],[77.249419,28.588851]]]}},{"type":"Feature","properties":{"kind":"building"},"geometry":{"type":"Polygon","coordinates":[[[77.249903,28.588976],[77.250058,28.58892],[77.250104,28.58902],[77.24995,28.589076],[77.249903,28.588976]]]}},{"type":"Feature","properties":{"kind":"building"},"geometry":{"type":"Polygon","coordinates":[[[77.250317,28.588831],[77.25041,28.588798],[77.250466,28.588918],[77.250372,28.588951],[77.250317,28.588831]]]}},{"type":"Feature","properties":{"kind":"building"},"geometry":{"type":"Polygon","coordinates":[[[77.250191,28.58859],[77.250308,28.588548],[77.250353,28.588645],[77.250236,28.588687],[77.250191,28.58859]]]}},{"type":"Feature","properties":{"kind":"building"},"geometry":{"type":"Polygon","coordinates":[[[77.250594,28.58875],[77.250751,28.588694],[77.250787,28.588772],[77.25063,28.588828],[77.250594,28.58875]]]}},{"type":"Feature","properties":{"kind":"building"},"geometry":{"type":"Polygon","coordinates":[[[77.24968,28.591154],[77.249816,28.591166],[77.249805,28.591256],[77.249669,28.591243],[77.24968,28.591154]]]}},{"type":"Feature","properties":{"kind":"building"},"geometry":{"type":"Polygon","coordinates":[[[77.249694,28.590914],[77.249857,28.590929],[77.249844,28.59104],[77.249681,28.591025],[77.249694,28.590914]]]}},{"type":"Feature","properties":{"kind":"building"},"geometry":{"type":"Polygon","coordinates":[[[77.250099,28.59119],[77.250203,28.591199],[77.25019,28.591309],[77.250086,28.5913],[77.250099,28.59119]]]}},{"type":"Feature","properties":{"kind":"building"},"geometry":{"type":"Polygon","coordinates":[[[77.250114,28.590904],[77.250254,28.590916],[77.250244,28.591003],[77.250104,28.59099],[77.250114,28.590904]]]}},{"type":"Feature","properties":{"kind":"building"},"geometry":{"type":"Polygon","coordinates":[[[77.246132,28.58614],[77.246122,28.586222],[77.245971,28.586208],[77.24598,28.586127],[77.246132,28.58614]]]}},{"type":"Feature","properties":{"kind":"building"},"geometry":{"type":"Polygon","coordinates":[[[77.245842,28.586432],[77.245826,28.586572],[77.245678,28.586558],[77.245694,28.586419],[77.245842,28.586432]]]}},{"type":"Feature","properties":{"kind":"building"},"geometry":{"type":"Polygon","coordinates":[[[77.246112,28.586807],[77.2461,28.586918],[77.245961,28.586906],[77.245974,28.586795],[77.246112,28.586807]]]}},{"type":"Feature","properties":{"kind":"building"},"geometry":{"type":"Polygon","coordinates":[[[77.245733,28.587432],[77.245716,28.587579],[77.245577,28.587566],[77.245594,28.587419],[77.245733,28.587432]]]}},{"type":"Feature","properties":{"kind":"building"},"geometry":{"type":"Polygon","coordinates":[[[77.246019,28.587473],[77.246005,28.587589],[77.245861,28.587576],[77.245874,28.58746],[77.246019,28.587473]]]}},{"type":"Feature","properties":{"kind":"building"},"geometry":{"type":"Polygon","coordinates":[[[77.245885,28.588127],[77.245871,28.588247],[77.24575,28.588236],[77.245764,28.588116],[77.245885,28.588127]]]}},{"type":"Feature","properties":{"kind":"building"},"geometry":{"type":"Polygon","coordinates":[[[77.247851,28.58678],[77.247828,28.586863],[77.247718,28.58684],[77.247741,28.586756],[77.247851,28.58678]]]}},{"type":"Feature","properties":{"kind":"building"},"geometry":{"type":"Polygon","coordinates":[[[77.247741,28.58711],[77.247717,28.587195],[77.247617,28.587174],[77.247641,28.587088],[77.247741,28.58711]]]}},{"type":"Feature","properties":{"kind":"building"},"geometry":{"type":"Polygon","coordinates":[[[77.247609,28.587741],[77.247573,28.587872],[77.247451,28.587846],[77.247487,28.587715],[77.247609,28.587741]]]}},{"type":"Feature","properties":{"kind":"building"},"geometry":{"type":"Polygon","coordinates":[[[77.247825,28.588089],[77.2478,28.588182],[77.247682,28.588157],[77.247707,28.588064],[77.247825,28.588089]]]}},{"type":"Feature","properties":{"kind":"building"},"geometry":{"type":"Polygon","coordinates":[[[77.247451,28.588326],[77.24742,28.588441],[77.2473,28.588415],[77.247332,28.5883],[77.247451,28.588326]]]}},{"type":"Feature","properties":{"kind":"building"},"geometry":{"type":"Polygon","coordinates":[[[77.248943,28.597793],[77.249049,28.597814],[77.249022,28.597924],[77.248915,28.597903],[77.248943,28.597793]]]}},{"type":"Feature","properties":{"kind":"building"},"geometry":{"type":"Polygon","coordinates":[[[77.249278,28.597883],[77.2494,28.597907],[77.249368,28.598035],[77.249246,28.598011],[77.249278,28.597883]]]}},{"type":"Feature","properties":{"kind":"building"},"geometry":{"type":"Polygon","coordinates":[[[77.249669,28.59797],[77.249836,28.598002],[77.249807,28.598118],[77.24964,28.598086],[77.249669,28.59797]]]}},{"type":"Feature","properties":{"kind":"building"},"geometry":{"type":"Polygon","coordinates":[[[77.249981,28.598288],[77.250132,28.598318],[77.250107,28.598419],[77.249956,28.59839],[77.249981,28.598288]]]}},{"type":"Feature","properties":{"kind":"building"},"geometry":{"type":"Polygon","coordinates":[[[77.250326,28.598373],[77.250479,28.598402],[77.250456,28.598492],[77.250304,28.598462],[77.250326,28.598373]]]}},{"type":"Feature","properties":{"kind":"building"},"geometry":{"type":"Polygon","coordinates":[[[77.25041,28.598066],[77.25055,28.598093],[77.250523,28.598199],[77.250384,28.598172],[77.25041,28.598066]]]}},{"type":"Feature","properties":{"kind":"building"},"geometry":{"type":"Polygon","coordinates":[[[77.251017,28.598449],[77.251115,28.598468],[77.251087,28.598583],[77.250988,28.598564],[77.251017,28.598449]]]}},{"type":"Feature","properties":{"kind":"building"},"geometry":{"type":"Polygon","coordinates":[[[77.251052,28.598183],[77.25121,28.598214],[77.25118,28.598336],[77.251022,28.598305],[77.251052,28.598183]]]}},{"type":"Feature","properties":{"kind":"building"},"geometry":{"type":"Polygon","coordinates":[[[77.245738,28.599415],[77.245692,28.599498],[77.245569,28.599446],[77.245615,28.599363],[77.245738,28.599415]]]}},{"type":"Feature","properties":{"kind":"building"},"geometry":{"type":"Polygon","coordinates":[[[77.246035,28.599521],[77.24597,28.599639],[77.245879,28.5996],[77.245945,28.599482],[77.246035,28.599521]]]}},{"type":"Feature","properties":{"kind":"building"},"geometry":{"type":"Polygon","coordinates":[[[77.245574,28.599753],[77.245518,28.599854],[77.245391,28.599799],[77.245446,28.599698],[77.245574,28.599753]]]}},{"type":"Feature","properties":{"kind":"building"},"geometry":{"type":"Polygon","coordinates":[[[77.245814,28.599841],[77.245745,28.599965],[77.245637,28.599919],[77.245705,28.599795],[77.245814,28.599841]]]}},{"type":"Feature","properties":{"kind":"building"},"geometry":{"type":"Polygon","coordinates":[[[77.247938,28.598654],[77.247975,28.59879],[77.247869,28.598813],[77.247832,28.598676],[77.247938,28.598654]]]}},{"type":"Feature","properties":{"kind":"building"},"geometry":{"type":"Polygon","coordinates":[[[77.2477,28.599106],[77.247731,28.599219],[77.247631,28.59924],[77.2476,28.599127],[77.2477,28.599106]]]}},{"type":"Feature","properties":{"kind":"building"},"geometry":{"type":"Polygon","coordinates":[[[77.247986,28.599059],[77.24801,28.599146],[77.247912,28.599166],[77.247888,28.59908],[77.247986,28.599059]]]}},{"type":"Feature","properties":{"kind":"building"},"geometry":{"type":"Polygon","coordinates":[[[77.248209,28.599677],[77.248231,28.599757],[77.248082,28.599788],[77.248061,28.599709],[77.248209,28.599677]]]}},{"type":"Feature","properties":{"kind":"building"},"geometry":{"type":"Polygon","coordinates":[[[77.249611,28.603436],[77.249723,28.603454],[77.249699,28.603566],[77.249588,28.603548],[77.249611,28.603436]]]}},{"type":"Feature","properties":{"kind":"building"},"geometry":{"type":"Polygon","coordinates":[[[77.249644,28.603221],[77.24978,28.603243],[77.249763,28.603326],[77.249626,28.603304],[77.249644,28.603221]]]}},{"type":"Feature","properties":{"kind":"building"},"geometry":{"type":"Polygon","coordinates":[[[77.250003,28.603492],[77.250154,28.603516],[77.250129,28.603637],[77.249978,28.603612],[77.250003,28.603492]]]}},{"type":"Feature","properties":{"kind":"building"},"geometry":{"type":"Polygon","coordinates":[[[77.242965,28.604506],[77.243087,28.604432],[77.243154,28.604518],[77.243033,28.604592],[77.242965,28.604506]]]}},{"type":"Feature","properties":{"kind":"building"},"geometry":{"type":"Polygon","coordinates":[[[77.243098,28.604122],[77.243216,28.60405],[77.243285,28.604138],[77.243167,28.604209],[77.243098,28.604122]]]}},{"type":"Feature","properties":{"kind":"building"},"geometry":{"type":"Polygon","coordinates":[[[77.244264,28.603678],[77.244354,28.603623],[77.24444,28.603733],[77.24435,28.603787],[77.244264,28.603678]]]}},{"type":"Feature","properties":{"kind":"building"},"geometry":{"type":"Polygon","coordinates":[[[77.244119,28.603512],[77.244229,28.603446],[77.244291,28.603525],[77.244182,28.603591],[77.244119,28.603512]]]}},{"type":"Feature","properties":{"kind":"building"},"geometry":{"type":"Polygon","coordinates":[[[77.246532,28.604254],[77.246603,28.604349],[77.246493,28.604412],[77.246422,28.604317],[77.246532,28.604254]]]}},{"type":"Feature","properties":{"kind":"building"},"geometry":{"type":"Polygon","coordinates":[[[77.246817,28.604097],[77.246881,28.604183],[77.246774,28.604244],[77.246711,28.604158],[77.246817,28.604097]]]}},{"type":"Feature","properties":{"kind":"building"},"geometry":{"type":"Polygon","coordinates":[[[77.246737,28.604234],[77.246863,28.604134],[77.246957,28.604225],[77.24683,28.604325],[77.246737,28.604234]]]}},{"type":"Feature","properties":{"kind":"building"},"geometry":{"type":"Polygon","coordinates":[[[77.247327,28.60419],[77.2474,28.604132],[77.247471,28.604201],[77.247397,28.604259],[77.247327,28.60419]]]}},{"type":"Feature","properties":{"kind":"building"},"geometry":{"type":"Polygon","coordinates":[[[77.247131,28.603998],[77.247204,28.60394],[77.247277,28.604012],[77.247205,28.604069],[77.247131,28.603998]]]}},{"type":"Feature","properties":{"kind":"building"},"geometry":{"type":"Polygon","coordinates":[[[77.249885,28.603494],[77.250017,28.603515],[77.249993,28.603625],[77.249862,28.603603],[77.249885,28.603494]]]}},{"type":"Feature","properties":{"kind":"building"},"geometry":{"type":"Polygon","coordinates":[[[77.249925,28.603232],[77.250086,28.603259],[77.250065,28.603362],[77.249903,28.603336],[77.249925,28.603232]]]}},{"type":"Feature","properties":{"kind":"building"},"geometry":{"type":"Polygon","coordinates":[[[77.245348,28.600162],[77.245353,28.600249],[77.245216,28.600256],[77.24521,28.600169],[77.245348,28.600162]]]}},{"type":"Feature","properties":{"kind":"building"},"geometry":{"type":"Polygon","coordinates":[[[77.245645,28.60013],[77.245653,28.600251],[77.245545,28.600257],[77.245537,28.600135],[77.245645,28.60013]]]}},{"type":"Feature","properties":{"kind":"building"},"geometry":{"type":"Polygon","coordinates":[[[77.245306,28.600512],[77.245314,28.600624],[77.245215,28.600628],[77.245208,28.600517],[77.245306,28.600512]]]}},{"type":"Feature","properties":{"kind":"building"},"geometry":{"type":"Polygon","coordinates":[[[77.245665,28.600502],[77.245671,28.600598],[77.245575,28.600603],[77.245569,28.600507],[77.245665,28.600502]]]}},{"type":"Feature","properties":{"kind":"building"},"geometry":{"type":"Polygon","coordinates":[[[77.245403,28.600874],[77.24541,28.600985],[77.245263,28.600992],[77.245256,28.600881],[77.245403,28.600874]]]}},{"type":"Feature","properties":{"kind":"building"},"geometry":{"type":"Polygon","coordinates":[[[77.245686,28.600849],[77.245694,28.600981],[77.245584,28.600987],[77.245576,28.600855],[77.245686,28.600849]]]}},{"type":"Feature","properties":{"kind":"building"},"geometry":{"type":"Polygon","coordinates":[[[77.245374,28.601485],[77.245382,28.601613],[77.24527,28.601618],[77.245262,28.601491],[77.245374,28.601485]]]}},{"type":"Feature","properties":{"kind":"building"},"geometry":{"type":"Polygon","coordinates":[[[77.245687,28.60149],[77.245693,28.601576],[77.245597,28.601581],[77.245592,28.601495],[77.245687,28.60149]]]}},{"type":"Feature","properties":{"kind":"building"},"geometry":{"type":"Polygon","coordinates":[[[77.245708,28.604169],[77.245702,28.604295],[77.245595,28.604291],[77.2456,28.604165],[77.245708,28.604169]]]}},{"type":"Feature","properties":{"kind":"building"},"geometry":{"type":"Polygon","coordinates":[[[77.245676,28.604572],[77.245671,28.604675],[77.245566,28.604671],[77.245571,28.604568],[77.245676,28.604572]]]}},{"type":"Feature","properties":{"kind":"building"},"geometry":{"type":"Polygon","coordinates":[[[77.245365,28.60495],[77.245361,28.605058],[77.245265,28.605055],[77.24527,28.604947],[77.245365,28.60495]]]}},{"type":"Feature","properties":{"kind":"building"},"geometry":{"type":"Polygon","coordinates":[[[77.245677,28.604969],[77.245673,28.605059],[77.245559,28.605056],[77.245562,28.604965],[77.245677,28.604969]]]}},{"type":"Feature","properties":{"kind":"building"},"geometry":{"type":"Polygon","coordinates":[[[77.245363,28.605326],[77.245358,28.60546],[77.245247,28.605456],[77.245253,28.605323],[77.245363,28.605326]]]}},{"type":"Feature","properties":{"kind":"building"},"geometry":{"type":"Polygon","coordinates":[[[77.245355,28.605676],[77.24535,28.60579],[77.245255,28.605787],[77.24526,28.605673],[77.245355,28.605676]]]}},{"type":"Feature","properties":{"kind":"building"},"geometry":{"type":"Polygon","coordinates":[[[77.245378,28.60597],[77.245372,28.606116],[77.245245,28.606112],[77.245251,28.605966],[77.245378,28.60597]]]}},{"type":"Feature","properties":{"kind":"building"},"geometry":{"type":"Polygon","coordinates":[[[77.24563,28.606005],[77.245626,28.606099],[77.24552,28.606095],[77.245524,28.606001],[77.24563,28.606005]]]}},{"type":"Feature","properties":{"kind":"building"},"geometry":{"type":"Polygon","coordinates":[[[77.24536,28.606659],[77.245353,28.606811],[77.245239,28.606808],[77.245246,28.606656],[77.24536,28.606659]]]}},{"type":"Feature","properties":{"kind":"building"},"geometry":{"type":"Polygon","coordinates":[[[77.245634,28.606671],[77.245628,28.606818],[77.245531,28.606814],[77.245537,28.606668],[77.245634,28.606671]]]}},{"type":"Feature","properties":{"kind":"building"},"geometry":{"type":"Polygon","coordinates":[[[77.248211,28.601117],[77.248218,28.60123],[77.24809,28.601237],[77.248083,28.601123],[77.248211,28.601117]]]}},{"type":"Feature","properties":{"kind":"building"},"geometry":{"type":"Polygon","coordinates":[[[77.248262,28.604815],[77.248255,28.604956],[77.248118,28.604951],[77.248125,28.60481],[77.248262,28.604815]]]}},{"type":"Feature","properties":{"kind":"building"},"geometry":{"type":"Polygon","coordinates":[[[77.248597,28.604857],[77.248593,28.60494],[77.248444,28.604934],[77.248449,28.604852],[77.248597,28.604857]]]}},{"type":"Feature","properties":{"kind":"building"},"geometry":{"type":"Polygon","coordinates":[[[77.248542,28.605175],[77.248538,28.605267],[77.24843,28.605263],[77.248435,28.605171],[77.248542,28.605175]]]}},{"type":"Feature","properties":{"kind":"building"},"geometry":{"type":"Polygon","coordinates":[[[77.248259,28.605837],[77.248253,28.605957],[77.248127,28.605952],[77.248132,28.605832],[77.248259,28.605837]]]}},{"type":"Feature","properties":{"kind":"building"},"geometry":{"type":"Polygon","coordinates":[[[77.248556,28.605862],[77.248551,28.605954],[77.248438,28.60595],[77.248443,28.605858],[77.248556,28.605862]]]}},{"type":"Feature","properties":{"kind":"building"},"geometry":{"type":"Polygon","coordinates":[[[77.248233,28.606086],[77.248226,28.606223],[77.248076,28.606217],[77.248082,28.60608],[77.248233,28.606086]]]}},{"type":"Feature","properties":{"kind":"building"},"geometry":{"type":"Polygon","coordinates":[[[77.248509,28.6061],[77.248502,28.60623],[77.248376,28.606225],[77.248382,28.606095],[77.248509,28.6061]]]}},{"type":"Feature","properties":{"kind":"building"},"geometry":{"type":"Polygon","coordinates":[[[77.242927,28.609101],[77.243078,28.609097],[77.243082,28.609188],[77.242931,28.609192],[77.242927,28.609101]]]}},{"type":"Feature","properties":{"kind":"building"},"geometry":{"type":"Polygon","coordinates":[[[77.243604,28.609369],[77.243697,28.609366],[77.243701,28.609461],[77.243608,28.609464],[77.243604,28.609369]]]}},{"type":"Feature","properties":{"kind":"building"},"geometry":{"type":"Polygon","coordinates":[[[77.243562,28.609046],[77.243713,28.609042],[77.243719,28.609174],[77.243567,28.609179],[77.243562,28.609046]]]}},{"type":"Feature","properties":{"kind":"building"},"geometry":{"type":"Polygon","coordinates":[[[77.244021,28.609334],[77.244156,28.609329],[77.24416,28.609439],[77.244026,28.609443],[77.244021,28.609334]]]}},{"type":"Feature","properties":{"kind":"building"},"geometry":{"type":"Polygon","coordinates":[[[77.244446,28.60936],[77.244548,28.609357],[77.244551,28.609441],[77.24445,28.609444],[77.244446,28.60936]]]}},{"type":"Feature","properties":{"kind":"building"},"geometry":{"type":"Polygon","coordinates":[[[77.2447,28.609329],[77.244873,28.609324],[77.244878,28.609446],[77.244705,28.609452],[77.2447,28.609329]]]}},{"type":"Feature","properties":{"kind":"building"},"geometry":{"type":"Polygon","coordinates":[[[77.24469,28.60904],[77.24486,28.609034],[77.244865,28.609156],[77.244695,28.609161],[77.24469,28.60904]]]}},{"type":"Feature","properties":{"kind":"building"},"geometry":{"type":"Polygon","coordinates":[[[77.245137,28.609331],[77.245264,28.609327],[77.245268,28.60942],[77.24514,28.609424],[77.245137,28.609331]]]}},{"type":"Feature","properties":{"kind":"building"},"geometry":{"type":"Polygon","coordinates":[[[77.245121,28.609013],[77.245254,28.609009],[77.24526,28.609143],[77.245126,28.609147],[77.245121,28.609013]]]}},{"type":"Feature","properties":{"kind":"building"},"geometry":{"type":"Polygon","coordinates":[[[77.246229,28.609274],[77.246341,28.60927],[77.246346,28.609384],[77.246233,28.609387],[77.246229,28.609274]]]}},{"type":"Feature","properties":{"kind":"building"},"geometry":{"type":"Polygon","coordinates":[[[77.246217,28.608991],[77.246329,28.608987],[77.246334,28.609098],[77.246222,28.609101],[77.246217,28.608991]]]}},{"type":"Feature","properties":{"kind":"building"},"geometry":{"type":"Polygon","coordinates":[[[77.246945,28.609228],[77.247104,28.609221],[77.24711,28.609331],[77.246951,28.609338],[77.246945,28.609228]]]}},{"type":"Feature","properties":{"kind":"building"},"geometry":{"type":"Polygon","coordinates":[[[77.246952,28.609002],[77.247071,28.608996],[77.247077,28.609102],[77.246958,28.609108],[77.246952,28.609002]]]}},{"type":"Feature","properties":{"kind":"building"},"geometry":{"type":"Polygon","coordinates":[[[77.247277,28.609204],[77.247435,28.609197],[77.247442,28.609329],[77.247285,28.609336],[77.247277,28.609204]]]}},{"type":"Feature","properties":{"kind":"building"},"geometry":{"type":"Polygon","coordinates":[[[77.247257,28.608982],[77.24743,28.608974],[77.247435,28.609064],[77.247262,28.609071],[77.247257,28.608982]]]}},{"type":"Feature","properties":{"kind":"building"},"geometry":{"type":"Polygon","coordinates":[[[77.247653,28.608951],[77.247803,28.608945],[77.247808,28.609046],[77.247658,28.609053],[77.247653,28.608951]]]}},{"type":"Feature","properties":{"kind":"building"},"geometry":{"type":"Polygon","coordinates":[[[77.24835,28.608931],[77.248483,28.608925],[77.24849,28.60904],[77.248357,28.609046],[77.24835,28.608931]]]}},{"type":"Feature","properties":{"kind":"building"},"geometry":{"type":"Polygon","coordinates":[[[77.243617,28.611641],[77.243785,28.611647],[77.243781,28.611744],[77.243613,28.611739],[77.243617,28.611641]]]}},{"type":"Feature","properties":{"kind":"building"},"geometry":{"type":"Polygon","coordinates":[[[77.244313,28.611654],[77.244453,28.611659],[77.244448,28.611779],[77.244308,28.611775],[77.244313,28.611654]]]}},{"type":"Feature","properties":{"kind":"building"},"geometry":{"type":"Polygon","coordinates":[[[77.244311,28.611356],[77.24448,28.611362],[77.244475,28.611467],[77.244307,28.611461],[77.244311,28.611356]]]}},{"type":"Feature","properties":{"kind":"building"},"geometry":{"type":"Polygon","coordinates":[[[77.245808,28.611456],[77.245954,28.61146],[77.245951,28.611542],[77.245805,28.611537],[77.245808,28.611456]]]}},{"type":"Feature","properties":{"kind":"building"},"geometry":{"type":"Polygon","coordinates":[[[77.247658,28.611668],[77.247779,28.611664],[77.247784,28.611775],[77.247663,28.611779],[77.247658,28.611668]]]}},{"type":"Feature","properties":{"kind":"building"},"geometry":{"type":"Polygon","coordinates":[[[77.247629,28.611388],[77.247785,28.611383],[77.24779,28.611514],[77.247635,28.611519],[77.247629,28.611388]]]}},{"type":"Feature","properties":{"kind":"building"},"geometry":{"type":"Polygon","coordinates":[[[77.248339,28.611396],[77.248496,28.61139],[77.248501,28.611498],[77.248343,28.611503],[77.248339,28.611396]]]}},{"type":"Feature","properties":{"kind":"building"},"geometry":{"type":"Polygon","coordinates":[[[77.248677,28.611372],[77.248835,28.611367],[77.248839,28.611467],[77.248681,28.611472],[77.248677,28.611372]]]}},{"type":"Feature","properties":{"kind":"building"},"geometry":{"type":"Polygon","coordinates":[[[77.249078,28.611657],[77.249194,28.611653],[77.249199,28.611778],[77.249083,28.611781],[77.249078,28.611657]]]}},{"type":"Feature","properties":{"kind":"building"},"geometry":{"type":"Polygon","coordinates":[[[77.249061,28.611416],[77.24919,28.611412],[77.249194,28.611499],[77.249065,28.611503],[77.249061,28.611416]]]}},{"type":"Feature","properties":{"kind":"building"},"geometry":{"type":"Polygon","coordinates":[[[77.245635,28.606989],[77.245635,28.607071],[77.245509,28.607071],[77.245509,28.606989],[77.245635,28.606989]]]}},{"type":"Feature","properties":{"kind":"building"},"geometry":{"type":"Polygon","coordinates":[[[77.245566,28.607968],[77.245567,28.608088],[77.245464,28.608089],[77.245463,28.607969],[77.245566,28.607968]]]}},{"type":"Feature","properties":{"kind":"building"},"geometry":{"type":"Polygon","coordinates":[[[77.245922,28.607974],[77.245922,28.60808],[77.245789,28.60808],[77.245789,28.607975],[77.245922,28.607974]]]}},{"type":"Feature","properties":{"kind":"building"},"geometry":{"type":"Polygon","coordinates":[[[77.245602,28.608624],[77.245603,28.608747],[77.24547,28.608748],[77.24547,28.608625],[77.245602,28.608624]]]}},{"type":"Feature","properties":{"kind":"building"},"geometry":{"type":"Polygon","coordinates":[[[77.245932,28.608625],[77.245933,28.608744],[77.245789,28.608744],[77.245789,28.608626],[77.245932,28.608625]]]}},{"type":"Feature","properties":{"kind":"building"},"geometry":{"type":"Polygon","coordinates":[[[77.24562,28.609616],[77.24562,28.609722],[77.245485,28.609722],[77.245484,28.609617],[77.24562,28.609616]]]}},{"type":"Feature","properties":{"kind":"building"},"geometry":{"type":"Polygon","coordinates":[[[77.24588,28.609622],[77.24588,28.609714],[77.245777,28.609714],[77.245776,28.609623],[77.24588,28.609622]]]}},{"type":"Feature","properties":{"kind":"building"},"geometry":{"type":"Polygon","coordinates":[[[77.245925,28.610173],[77.245925,28.610308],[77.24582,28.610308],[77.24582,28.610173],[77.245925,28.610173]]]}},{"type":"Feature","properties":{"kind":"building"},"geometry":{"type":"Polygon","coordinates":[[[77.245622,28.610481],[77.245621,28.61062],[77.245506,28.61062],[77.245507,28.610481],[77.245622,28.610481]]]}},{"type":"Feature","properties":{"kind":"building"},"geometry":{"type":"Polygon","coordinates":[[[77.245956,28.610503],[77.245955,28.610601],[77.245816,28.610601],[77.245817,28.610502],[77.245956,28.610503]]]}},{"type":"Feature","properties":{"kind":"building"},"geometry":{"type":"Polygon","coordinates":[[[77.245584,28.611137],[77.245583,28.611251],[77.245463,28.611251],[77.245464,28.611136],[77.245584,28.611137]]]}},{"type":"Feature","properties":{"kind":"building"},"geometry":{"type":"Polygon","coordinates":[[[77.245939,28.61112],[77.245938,28.61127],[77.245807,28.611269],[77.245808,28.61112],[77.245939,28.61112]]]}},{"type":"Feature","properties":{"kind":"building"},"geometry":{"type":"Polygon","coordinates":[[[77.245603,28.611488],[77.245603,28.611597],[77.245457,28.611596],[77.245457,28.611488],[77.245603,28.611488]]]}},{"type":"Feature","properties":{"kind":"building"},"geometry":{"type":"Polygon","coordinates":[[[77.245636,28.612391],[77.245636,28.612507],[77.245518,28.612506],[77.245519,28.612391],[77.245636,28.612391]]]}},{"type":"Feature","properties":{"kind":"building"},"geometry":{"type":"Polygon","coordinates":[[[77.245916,28.612408],[77.245916,28.612492],[77.245764,28.612492],[77.245764,28.612407],[77.245916,28.612408]]]}},{"type":"Feature","properties":{"kind":"building"},"geometry":{"type":"Polygon","coordinates":[[[77.248009,28.606971],[77.248009,28.607089],[77.247859,28.607089],[77.247859,28.606971],[77.248009,28.606971]]]}},{"type":"Feature","properties":{"kind":"building"},"geometry":{"type":"Polygon","coordinates":[[[77.247981,28.607321],[77.247981,28.607443],[77.247854,28.607443],[77.247854,28.607322],[77.247981,28.607321]]]}},{"type":"Feature","properties":{"kind":"building"},"geometry":{"type":"Polygon","coordinates":[[[77.247937,28.607718],[77.247937,28.607809],[77.247841,28.60781],[77.247841,28.607719],[77.247937,28.607718]]]}},{"type":"Feature","properties":{"kind":"building"},"geometry":{"type":"Polygon","coordinates":[[[77.248251,28.607691],[77.248251,28.607835],[77.248129,28.607835],[77.248128,28.607692],[77.248251,28.607691]]]}},{"type":"Feature","properties":{"kind":"building"},"geometry":{"type":"Polygon","coordinates":[[[77.247946,28.608665],[77.247946,28.608754],[77.24782,28.608755],[77.24782,28.608665],[77.247946,28.608665]]]}},{"type":"Feature","properties":{"kind":"building"},"geometry":{"type":"Polygon","coordinates":[[[77.247978,28.609205],[77.247978,28.609354],[77.24786,28.609355],[77.24786,28.609205],[77.247978,28.609205]]]}},{"type":"Feature","properties":{"kind":"building"},"geometry":{"type":"Polygon","coordinates":[[[77.24826,28.609229],[77.248261,28.609329],[77.248115,28.609329],[77.248115,28.609229],[77.24826,28.609229]]]}},{"type":"Feature","properties":{"kind":"building"},"geometry":{"type":"Polygon","coordinates":[[[77.247945,28.609801],[77.247945,28.609919],[77.247832,28.60992],[77.247832,28.609801],[77.247945,28.609801]]]}},{"type":"Feature","properties":{"kind":"building"},"geometry":{"type":"Polygon","coordinates":[[[77.248284,28.6098],[77.248284,28.609918],[77.24816,28.609919],[77.24816,28.6098],[77.248284,28.6098]]]}},{"type":"Feature","properties":{"kind":"building"},"geometry":{"type":"Polygon","coordinates":[[[77.248265,28.610132],[77.248266,28.610279],[77.248151,28.610279],[77.248151,28.610132],[77.248265,28.610132]]]}},{"type":"Feature","properties":{"kind":"building"},"geometry":{"type":"Polygon","coordinates":[[[77.247994,28.610804],[77.247994,28.610909],[77.247861,28.610908],[77.247862,28.610804],[77.247994,28.610804]]]}},{"type":"Feature","properties":{"kind":"building"},"geometry":{"type":"Polygon","coordinates":[[[77.248237,28.610794],[77.248237,28.61092],[77.248124,28.610919],[77.248125,28.610794],[77.248237,28.610794]]]}},{"type":"Feature","properties":{"kind":"building"},"geometry":{"type":"Polygon","coordinates":[[[77.248012,28.612045],[77.248012,28.612151],[77.247864,28.612151],[77.247865,28.612045],[77.248012,28.612045]]]}},{"type":"Feature","properties":{"kind":"building"},"geometry":{"type":"Polygon","coordinates":[[[77.248241,28.61203],[77.248241,28.612167],[77.248131,28.612167],[77.248131,28.61203],[77.248241,28.61203]]]}},{"type":"Feature","properties":{"kind":"building"},"geometry":{"type":"Polygon","coordinates":[[[77.247947,28.612673],[77.247947,28.612757],[77.247814,28.612757],[77.247815,28.612672],[77.247947,28.612673]]]}},{"type":"Feature","properties":{"kind":"building"},"geometry":{"type":"Polygon","coordinates":[[[77.248274,28.61267],[77.248273,28.612761],[77.24815,28.612761],[77.24815,28.61267],[77.248274,28.61267]]]}},{"type":"Feature","properties":{"kind":"building"},"geometry":{"type":"Polygon","coordinates":[[[77.248262,28.612955],[77.248262,28.613062],[77.248151,28.613062],[77.248152,28.612954],[77.248262,28.612955]]]}},{"type":"Feature","properties":{"kind":"building"},"geometry":{"type":"Polygon","coordinates":[[[77.247929,28.613538],[77.247929,28.613664],[77.247831,28.613664],[77.247831,28.613538],[77.247929,28.613538]]]}},{"type":"Feature","properties":{"kind":"building"},"geometry":{"type":"Polygon","coordinates":[[[77.248233,28.613553],[77.248233,28.61365],[77.248128,28.61365],[77.248128,28.613553],[77.248233,28.613553]]]}},{"type":"Feature","properties":{"kind":"building"},"geometry":{"type":"Polygon","coordinates":[[[77.243642,28.616143],[77.243774,28.616141],[77.243776,28.616241],[77.243644,28.616243],[77.243642,28.616143]]]}},{"type":"Feature","properties":{"kind":"building"},"geometry":{"type":"Polygon","coordinates":[[[77.244743,28.616086],[77.244905,28.616084],[77.244908,28.616199],[77.244745,28.616201],[77.244743,28.616086]]]}},{"type":"Feature","properties":{"kind":"building"},"geometry":{"type":"Polygon","coordinates":[[[77.246971,28.616064],[77.247068,28.616065],[77.247066,28.616183],[77.246969,28.616182],[77.246971,28.616064]]]}},{"type":"Feature","properties":{"kind":"building"},"geometry":{"type":"Polygon","coordinates":[[[77.246956,28.615791],[77.247093,28.615793],[77.247091,28.615905],[77.246954,28.615903],[77.246956,28.615791]]]}},{"type":"Feature","properties":{"kind":"building"},"geometry":{"type":"Polygon","coordinates":[[[77.247336,28.616075],[77.247509,28.616078],[77.247507,28.616197],[77.247334,28.616195],[77.247336,28.616075]]]}},{"type":"Feature","properties":{"kind":"building"},"geometry":{"type":"Polygon","coordinates":[[[77.247366,28.615795],[77.247491,28.615797],[77.247488,28.61591],[77.247363,28.615908],[77.247366,28.615795]]]}},{"type":"Feature","properties":{"kind":"building"},"geometry":{"type":"Polygon","coordinates":[[[77.24774,28.616106],[77.247867,28.616108],[77.247865,28.616204],[77.247738,28.616202],[77.24774,28.616106]]]}},{"type":"Feature","properties":{"kind":"building"},"geometry":{"type":"Polygon","coordinates":[[[77.249543,28.615873],[77.249702,28.615875],[77.2497,28.615962],[77.249542,28.615959],[77.249543,28.615873]]]}},{"type":"Feature","properties":{"kind":"building"},"geometry":{"type":"Polygon","coordinates":[[[77.250613,28.616132],[77.250745,28.616134],[77.250742,28.616259],[77.250611,28.616257],[77.250613,28.616132]]]}},{"type":"Feature","properties":{"kind":"building"},"geometry":{"type":"Polygon","coordinates":[[[77.250603,28.615846],[77.250766,28.615849],[77.250763,28.615982],[77.250601,28.61598],[77.250603,28.615846]]]}},{"type":"Feature","properties":{"kind":"building"},"geometry":{"type":"Polygon","coordinates":[[[77.242942,28.618511],[77.243086,28.618506],[77.24309,28.618599],[77.242946,28.618604],[77.242942,28.618511]]]}},{"type":"Feature","properties":{"kind":"building"},"geometry":{"type":"Polygon","coordinates":[[[77.242935,28.61824],[77.243069,28.618235],[77.243073,28.618333],[77.24294,28.618338],[77.242935,28.61824]]]}},{"type":"Feature","properties":{"kind":"building"},"geometry":{"type":"Polygon","coordinates":[[[77.24334,28.618229],[77.243514,28.618223],[77.243517,28.618305],[77.243344,28.618311],[77.24334,28.618229]]]}},{"type":"Feature","properties":{"kind":"building"},"geometry":{"type":"Polygon","coordinates":[[[77.2448,28.618166],[77.2449,28.618163],[77.244906,28.618286],[77.244805,28.61829],[77.2448,28.618166]]]}},{"type":"Feature","properties":{"kind":"building"},"geometry":{"type":"Polygon","coordinates":[[[77.24695,28.618353],[77.247088,28.618358],[77.247083,28.618479],[77.246944,28.618475],[77.24695,28.618353]]]}},{"type":"Feature","properties":{"kind":"building"},"geometry":{"type":"Polygon","coordinates":[[[77.246954,28.618112],[77.247104,28.618117],[77.247099,28.618233],[77.246949,28.618229],[77.246954,28.618112]]]}},{"type":"Feature","properties":{"kind":"building"},"geometry":{"type":"Polygon","coordinates":[[[77.250444,28.618261],[77.250573,28.618265],[77.250568,28.618384],[77.250439,28.61838],[77.250444,28.618261]]]}},{"type":"Feature","properties":{"kind":"building"},"geometry":{"type":"Polygon","coordinates":[[[77.245301,28.613781],[77.245296,28.613929],[77.245187,28.613925],[77.245193,28.613778],[77.245301,28.613781]]]}},{"type":"Feature","properties":{"kind":"building"},"geometry":{"type":"Polygon","coordinates":[[[77.245612,28.61382],[77.245609,28.613909],[77.245484,28.613905],[77.245487,28.613816],[77.245612,28.61382]]]}},{"type":"Feature","properties":{"kind":"building"},"geometry":{"type":"Polygon","coordinates":[[[77.245176,28.616828],[77.245171,28.616953],[77.245045,28.616949],[77.245049,28.616824],[77.245176,28.616828]]]}},{"type":"Feature","properties":{"kind":"building"},"geometry":{"type":"Polygon","coordinates":[[[77.245503,28.616848],[77.245499,28.616953],[77.245357,28.616948],[77.245361,28.616843],[77.245503,28.616848]]]}},{"type":"Feature","properties":{"kind":"building"},"geometry":{"type":"Polygon","coordinates":[[[77.245186,28.617313],[77.245192,28.617446],[77.245058,28.617451],[77.245052,28.617317],[77.245186,28.617313]]]}},{"type":"Feature","properties":{"kind":"building"},"geometry":{"type":"Polygon","coordinates":[[[77.245424,28.617331],[77.245428,28.617414],[77.245307,28.617418],[77.245303,28.617335],[77.245424,28.617331]]]}},{"type":"Feature","properties":{"kind":"building"},"geometry":{"type":"Polygon","coordinates":[[[77.245461,28.617663],[77.245467,28.6178],[77.245332,28.617804],[77.245326,28.617667],[77.245461,28.617663]]]}},{"type":"Feature","properties":{"kind":"building"},"geometry":{"type":"Polygon","coordinates":[[[77.245186,28.618876],[77.245192,28.619008],[77.245057,28.619012],[77.245052,28.61888],[77.245186,28.618876]]]}},{"type":"Feature","properties":{"kind":"building"},"geometry":{"type":"Polygon","coordinates":[[[77.245557,28.618864],[77.245562,28.618998],[77.245414,28.619002],[77.245408,28.618868],[77.245557,28.618864]]]}},{"type":"Feature","properties":{"kind":"building"},"geometry":{"type":"Polygon","coordinates":[[[77.245205,28.619569],[77.245208,28.619657],[77.245101,28.61966],[77.245097,28.619572],[77.245205,28.619569]]]}},{"type":"Feature","properties":{"kind":"building"},"geometry":{"type":"Polygon","coordinates":[[[77.245556,28.619553],[77.24556,28.619651],[77.245421,28.619656],[77.245417,28.619557],[77.245556,28.619553]]]}},{"type":"Feature","properties":{"kind":"building"},"geometry":{"type":"Polygon","coordinates":[[[77.248231,28.613812],[77.248231,28.613901],[77.248113,28.613901],[77.248113,28.613812],[77.248231,28.613812]]]}},{"type":"Feature","properties":{"kind":"building"},"geometry":{"type":"Polygon","coordinates":[[[77.248492,28.613812],[77.248491,28.613904],[77.248345,28.613903],[77.248345,28.613811],[77.248492,28.613812]]]}},{"type":"Feature","properties":{"kind":"building"},"geometry":{"type":"Polygon","coordinates":[[[77.248503,28.614102],[77.248503,28.614191],[77.248352,28.614191],[77.248352,28.614102],[77.248503,28.614102]]]}},{"type":"Feature","properties":{"kind":"building"},"geometry":{"type":"Polygon","coordinates":[[[77.248199,28.614727],[77.248199,28.614862],[77.248088,28.614862],[77.248088,28.614726],[77.248199,28.614727]]]}},{"type":"Feature","properties":{"kind":"building"},"geometry":{"type":"Polygon","coordinates":[[[77.248216,28.619144],[77.248216,28.619279],[77.24812,28.619279],[77.24812,28.619144],[77.248216,28.619144]]]}},{"type":"Feature","properties":{"kind":"building"},"geometry":{"type":"Polygon","coordinates":[[[77.248195,28.619453],[77.248195,28.619561],[77.248047,28.619562],[77.248046,28.619454],[77.248195,28.619453]]]}},{"type":"Feature","properties":{"kind":"building"},"geometry":{"type":"Polygon","coordinates":[[[77.248488,28.619453],[77.248488,28.619559],[77.248383,28.61956],[77.248382,28.619454],[77.248488,28.619453]]]}},{"type":"Feature","properties":{"kind":"building"},"geometry":{"type":"Polygon","coordinates":[[[77.248712,28.622791],[77.248812,28.622789],[77.248815,28.622882],[77.248715,28.622885],[77.248712,28.622791]]]}},{"type":"Feature","properties":{"kind":"building"},"geometry":{"type":"Polygon","coordinates":[[[77.250488,28.622725],[77.250587,28.622723],[77.25059,28.62284],[77.250492,28.622842],[77.250488,28.622725]]]}},{"type":"Feature","properties":{"kind":"building"},"geometry":{"type":"Polygon","coordinates":[[[77.250469,28.622469],[77.250589,28.622466],[77.250592,28.622566],[77.250472,28.622569],[77.250469,28.622469]]]}},{"type":"Feature","properties":{"kind":"building"},"geometry":{"type":"Polygon","coordinates":[[[77.252817,28.563611],[77.252914,28.563608],[77.252919,28.563741],[77.252822,28.563744],[77.252817,28.563611]]]}},{"type":"Feature","properties":{"kind":"building"},"geometry":{"type":"Polygon","coordinates":[[[77.253481,28.563837],[77.25361,28.563833],[77.253614,28.563948],[77.253485,28.563951],[77.253481,28.563837]]]}},{"type":"Feature","properties":{"kind":"building"},"geometry":{"type":"Polygon","coordinates":[[[77.253459,28.563589],[77.253616,28.563585],[77.25362,28.56369],[77.253462,28.563694],[77.253459,28.563589]]]}},{"type":"Feature","properties":{"kind":"building"},"geometry":{"type":"Polygon","coordinates":[[[77.25454,28.564529],[77.254543,28.564661],[77.254446,28.564663],[77.254442,28.564531],[77.25454,28.564529]]]}},{"type":"Feature","properties":{"kind":"building"},"geometry":{"type":"Polygon","coordinates":[[[77.254842,28.564542],[77.254845,28.564637],[77.254707,28.564639],[77.254705,28.564544],[77.254842,28.564542]]]}},{"type":"Feature","properties":{"kind":"building"},"geometry":{"type":"Polygon","coordinates":[[[77.254568,28.564785],[77.254572,28.564916],[77.254457,28.564919],[77.254454,28.564787],[77.254568,28.564785]]]}},{"type":"Feature","properties":{"kind":"building"},"geometry":{"type":"Polygon","coordinates":[[[77.250717,28.568283],[77.250861,28.568279],[77.250865,28.568381],[77.250721,28.568385],[77.250717,28.568283]]]}},{"type":"Feature","properties":{"kind":"building"},"geometry":{"type":"Polygon","coordinates":[[[77.251379,28.568266],[77.251523,28.568261],[77.251528,28.568384],[77.251384,28.568389],[77.251379,28.568266]]]}},{"type":"Feature","properties":{"kind":"building"},"geometry":{"type":"Polygon","coordinates":[[[77.251365,28.568038],[77.251518,28.568034],[77.251522,28.568133],[77.251369,28.568138],[77.251365,28.568038]]]}},{"type":"Feature","properties":{"kind":"building"},"geometry":{"type":"Polygon","coordinates":[[[77.252375,28.567958],[77.252498,28.567955],[77.252502,28.568056],[77.252379,28.56806],[77.252375,28.567958]]]}},{"type":"Feature","properties":{"kind":"building"},"geometry":{"type":"Polygon","coordinates":[[[77.253507,28.567903],[77.2536,28.5679],[77.253605,28.568015],[77.253512,28.568018],[77.253507,28.567903]]]}},{"type":"Feature","properties":{"kind":"building"},"geometry":{"type":"Polygon","coordinates":[[[77.254229,28.568211],[77.254345,28.568208],[77.254349,28.568296],[77.254233,28.5683],[77.254229,28.568211]]]}},{"type":"Feature","properties":{"kind":"building"},"geometry":{"type":"Polygon","coordinates":[[[77.25576,28.567953],[77.255932,28.567958],[77.255927,28.568087],[77.255755,28.568082],[77.25576,28.567953]]]}},{"type":"Feature","properties":{"kind":"building"},"geometry":{"type":"Polygon","coordinates":[[[77.256497,28.568215],[77.256628,28.56822],[77.256623,28.568342],[77.256492,28.568337],[77.256497,28.568215]]]}},{"type":"Feature","properties":{"kind":"building"},"geometry":{"type":"Polygon","coordinates":[[[77.256925,28.568275],[77.257059,28.56828],[77.257055,28.568361],[77.256922,28.568357],[77.256925,28.568275]]]}},{"type":"Feature","properties":{"kind":"building"},"geometry":{"type":"Polygon","coordinates":[[[77.251426,28.570619],[77.251539,28.570618],[77.251541,28.570725],[77.251428,28.570727],[77.251426,28.570619]]]}},{"type":"Feature","properties":{"kind":"building"},"geometry":{"type":"Polygon","coordinates":[[[77.251408,28.570325],[77.251549,28.570323],[77.251551,28.570445],[77.25141,28.570447],[77.251408,28.570325]]]}},{"type":"Feature","properties":{"kind":"building"},"geometry":{"type":"Polygon","coordinates":[[[77.252047,28.570643],[77.252199,28.570641],[77.2522,28.570726],[77.252048,28.570727],[77.252047,28.570643]]]}},{"type":"Feature","properties":{"kind":"building"},"geometry":{"type":"Polygon","coordinates":[[[77.252036,28.570372],[77.252201,28.57037],[77.252202,28.570474],[77.252038,28.570476],[77.252036,28.570372]]]}},{"type":"Feature","properties":{"kind":"building"},"geometry":{"type":"Polygon","coordinates":[[[77.252482,28.57033],[77.252609,28.570329],[77.252611,28.570457],[77.252484,28.570459],[77.252482,28.57033]]]}},{"type":"Feature","properties":{"kind":"building"},"geometry":{"type":"Polygon","coordinates":[[[77.25286,28.570326],[77.253031,28.570324],[77.253033,28.570412],[77.252862,28.570414],[77.25286,28.570326]]]}},{"type":"Feature","properties":{"kind":"building"},"geometry":{"type":"Polygon","coordinates":[[[77.254741,28.570318],[77.254858,28.570319],[77.254856,28.570421],[77.254739,28.57042],[77.254741,28.570318]]]}},{"type":"Feature","properties":{"kind":"building"},"geometry":{"type":"Polygon","coordinates":[[[77.25576,28.570619],[77.255913,28.570621],[77.255911,28.57072],[77.255759,28.570719],[77.25576,28.570619]]]}},{"type":"Feature","properties":{"kind":"building"},"geometry":{"type":"Polygon","coordinates":[[[77.255756,28.57035],[77.255926,28.570352],[77.255924,28.570482],[77.255754,28.57048],[77.255756,28.57035]]]}},{"type":"Feature","properties":{"kind":"building"},"geometry":{"type":"Polygon","coordinates":[[[77.256499,28.570636],[77.256618,28.570637],[77.256617,28.57075],[77.256498,28.570748],[77.256499,28.570636]]]}},{"type":"Feature","properties":{"kind":"building"},"geometry":{"type":"Polygon","coordinates":[[[77.256516,28.57038],[77.256609,28.570381],[77.256608,28.570464],[77.256515,28.570463],[77.256516,28.57038]]]}},{"type":"Feature","properties":{"kind":"building"},"geometry":{"type":"Polygon","coordinates":[[[77.2569,28.570372],[77.257014,28.570373],[77.257012,28.570464],[77.256899,28.570463],[77.2569,28.570372]]]}},{"type":"Feature","properties":{"kind":"building"},"geometry":{"type":"Polygon","coordinates":[[[77.257196,28.570619],[77.257339,28.570621],[77.257337,28.570714],[77.257195,28.570712],[77.257196,28.570619]]]}},{"type":"Feature","properties":{"kind":"building"},"geometry":{"type":"Polygon","coordinates":[[[77.257185,28.570351],[77.257358,28.570353],[77.257356,28.57048],[77.257183,28.570478],[77.257185,28.570351]]]}},{"type":"Feature","properties":{"kind":"building"},"geometry":{"type":"Polygon","coordinates":[[[77.257922,28.570627],[77.258046,28.570628],[77.258044,28.570739],[77.257921,28.570738],[77.257922,28.570627]]]}},{"type":"Feature","properties":{"kind":"building"},"geometry":{"type":"Polygon","coordinates":[[[77.253057,28.566606],[77.253051,28.566744],[77.252908,28.566739],[77.252915,28.566601],[77.253057,28.566606]]]}},{"type":"Feature","properties":{"kind":"building"},"geometry":{"type":"Polygon","coordinates":[[[77.253018,28.566982],[77.253011,28.567128],[77.252863,28.567123],[77.252869,28.566977],[77.253018,28.566982]]]}},{"type":"Feature","properties":{"kind":"building"},"geometry":{"type":"Polygon","coordinates":[[[77.253269,28.567],[77.253263,28.567129],[77.253157,28.567125],[77.253163,28.566996],[77.253269,28.567]]]}},{"type":"Feature","properties":{"kind":"building"},"geometry":{"type":"Polygon","coordinates":[[[77.253254,28.567384],[77.253247,28.56753],[77.253147,28.567526],[77.253154,28.56738],[77.253254,28.567384]]]}},{"type":"Feature","properties":{"kind":"building"},"geometry":{"type":"Polygon","coordinates":[[[77.252915,28.569839],[77.25292,28.569954],[77.252789,28.569958],[77.252783,28.569844],[77.252915,28.569839]]]}},{"type":"Feature","properties":{"kind":"building"},"geometry":{"type":"Polygon","coordinates":[[[77.253217,28.569825],[77.253223,28.569946],[77.253087,28.569951],[77.253082,28.56983],[77.253217,28.569825]]]}},{"type":"Feature","properties":{"kind":"building"},"geometry":{"type":"Polygon","coordinates":[[[77.252986,28.571426],[77.252991,28.571537],[77.252881,28.571541],[77.252876,28.57143],[77.252986,28.571426]]]}},{"type":"Feature","properties":{"kind":"building"},"geometry":{"type":"Polygon","coordinates":[[[77.253275,28.571409],[77.25328,28.571533],[77.253132,28.571539],[77.253126,28.571414],[77.253275,28.571409]]]}},{"type":"Feature","properties":{"kind":"building"},"geometry":{"type":"Polygon","coordinates":[[[77.253004,28.572374],[77.253009,28.572479],[77.252906,28.572483],[77.252901,28.572378],[77.253004,28.572374]]]}},{"type":"Feature","properties":{"kind":"building"},"geometry":{"type":"Polygon","coordinates":[[[77.253327,28.572353],[77.253332,28.572477],[77.253207,28.572482],[77.253201,28.572357],[77.253327,28.572353]]]}},{"type":"Feature","properties":{"kind":"building"},"geometry":{"type":"Polygon","coordinates":[[[77.25577,28.566297],[77.255772,28.566449],[77.25563,28.56645],[77.255628,28.566299],[77.25577,28.566297]]]}},{"type":"Feature","properties":{"kind":"building"},"geometry":{"type":"Polygon","coordinates":[[[77.25612,28.566296],[77.256121,28.566444],[77.255986,28.566445],[77.255984,28.566297],[77.25612,28.566296]]]}},{"type":"Feature","properties":{"kind":"building"},"geometry":{"type":"Polygon","coordinates":[[[77.256063,28.566901],[77.256064,28.567028],[77.25597,28.567029],[77.255969,28.566902],[77.256063,28.566901]]]}},{"type":"Feature","properties":{"kind":"building"},"geometry":{"type":"Polygon","coordinates":[[[77.255819,28.568185],[77.255821,28.568338],[77.255714,28.568338],[77.255712,28.568186],[77.255819,28.568185]]]}},{"type":"Feature","properties":{"kind":"building"},"geometry":{"type":"Polygon","coordinates":[[[77.256141,28.568192],[77.256142,28.568325],[77.256013,28.568327],[77.256012,28.568193],[77.256141,28.568192]]]}},{"type":"Feature","properties":{"kind":"building"},"geometry":{"type":"Polygon","coordinates":[[[77.255799,28.568826],[77.2558,28.568952],[77.255656,28.568953],[77.255655,28.568828],[77.255799,28.568826]]]}},{"type":"Feature","properties":{"kind":"building"},"geometry":{"type":"Polygon","coordinates":[[[77.255785,28.569125],[77.255786,28.56925],[77.25569,28.569251],[77.255689,28.569126],[77.255785,28.569125]]]}},{"type":"Feature","properties":{"kind":"building"},"geometry":{"type":"Polygon","coordinates":[[[77.256117,28.569124],[77.256118,28.569245],[77.255986,28.569246],[77.255985,28.569126],[77.256117,28.569124]]]}},{"type":"Feature","properties":{"kind":"building"},"geometry":{"type":"Polygon","coordinates":[[[77.255777,28.570135],[77.255776,28.570261],[77.255652,28.570259],[77.255653,28.570134],[77.255777,28.570135]]]}},{"type":"Feature","properties":{"kind":"building"},"geometry":{"type":"Polygon","coordinates":[[[77.256107,28.570132],[77.256105,28.57027],[77.255957,28.570268],[77.255959,28.570131],[77.256107,28.570132]]]}},{"type":"Feature","properties":{"kind":"building"},"geometry":{"type":"Polygon","coordinates":[[[77.255786,28.571021],[77.255785,28.571129],[77.255677,28.571128],[77.255678,28.57102],[77.255786,28.571021]]]}},{"type":"Feature","properties":{"kind":"building"},"geometry":{"type":"Polygon","coordinates":[[[77.256129,28.571023],[77.256128,28.571134],[77.255975,28.571132],[77.255977,28.571021],[77.256129,28.571023]]]}},{"type":"Feature","properties":{"kind":"building"},"geometry":{"type":"Polygon","coordinates":[[[77.255805,28.571388],[77.255804,28.571503],[77.255708,28.571502],[77.255709,28.571387],[77.255805,28.571388]]]}},{"type":"Feature","properties":{"kind":"building"},"geometry":{"type":"Polygon","coordinates":[[[77.25608,28.571373],[77.256079,28.571523],[77.255971,28.571522],[77.255973,28.571372],[77.25608,28.571373]]]}},{"type":"Feature","properties":{"kind":"building"},"geometry":{"type":"Polygon","coordinates":[[[77.255785,28.571982],[77.255784,28.572133],[77.255633,28.572132],[77.255634,28.57198],[77.255785,28.571982]]]}},{"type":"Feature","properties":{"kind":"building"},"geometry":{"type":"Polygon","coordinates":[[[77.256089,28.572006],[77.256088,28.572114],[77.25595,28.572113],[77.255951,28.572005],[77.256089,28.572006]]]}},{"type":"Feature","properties":{"kind":"building"},"geometry":{"type":"Polygon","coordinates":[[[77.255788,28.572573],[77.255787,28.572677],[77.255678,28.572676],[77.255679,28.572572],[77.255788,28.572573]]]}},{"type":"Feature","properties":{"kind":"building"},"geometry":{"type":"Polygon","coordinates":[[[77.256062,28.572575],[77.256061,28.57268],[77.255942,28.572679],[77.255943,28.572574],[77.256062,28.572575]]]}},{"type":"Feature","properties":{"kind":"building"},"geometry":{"type":"Polygon","coordinates":[[[77.251068,28.575021],[77.251202,28.57502],[77.251204,28.575129],[77.251069,28.575131],[77.251068,28.575021]]]}},{"type":"Feature","properties":{"kind":"building"},"geometry":{"type":"Polygon","coordinates":[[[77.251054,28.574768],[77.251208,28.574766],[77.25121,28.574887],[77.251056,28.574889],[77.251054,28.574768]]]}},{"type":"Feature","properties":{"kind":"building"},"geometry":{"type":"Polygon","coordinates":[[[77.251449,28.574995],[77.251569,28.574993],[77.25157,28.575076],[77.251451,28.575077],[77.251449,28.574995]]]}},{"type":"Feature","properties":{"kind":"building"},"geometry":{"type":"Polygon","coordinates":[[[77.251424,28.574713],[77.251585,28.574711],[77.251587,28.574846],[77.251426,28.574848],[77.251424,28.574713]]]}},{"type":"Feature","properties":{"kind":"building"},"geometry":{"type":"Polygon","coordinates":[[[77.252102,28.574992],[77.252222,28.574991],[77.252223,28.575102],[77.252103,28.575103],[77.252102,28.574992]]]}},{"type":"Feature","properties":{"kind":"building"},"geometry":{"type":"Polygon","coordinates":[[[77.252101,28.574745],[77.252215,28.574743],[77.252217,28.574877],[77.252103,28.574879],[77.252101,28.574745]]]}},{"type":"Feature","properties":{"kind":"building"},"geometry":{"type":"Polygon","coordinates":[[[77.252403,28.574977],[77.252561,28.574975],[77.252562,28.575076],[77.252404,28.575077],[77.252403,28.574977]]]}},{"type":"Feature","properties":{"kind":"building"},"geometry":{"type":"Polygon","coordinates":[[[77.252402,28.574712],[77.252553,28.57471],[77.252555,28.574828],[77.252404,28.57483],[77.252402,28.574712]]]}},{"type":"Feature","properties":{"kind":"building"},"geometry":{"type":"Polygon","coordinates":[[[77.253069,28.575004],[77.253195,28.575003],[77.253197,28.575097],[77.253071,28.575099],[77.253069,28.575004]]]}},{"type":"Feature","properties":{"kind":"building"},"geometry":{"type":"Polygon","coordinates":[[[77.253054,28.574719],[77.253202,28.574717],[77.253204,28.574831],[77.253055,28.574833],[77.253054,28.574719]]]}},{"type":"Feature","properties":{"kind":"building"},"geometry":{"type":"Polygon","coordinates":[[[77.25347,28.575007],[77.253596,28.575005],[77.253597,28.575097],[77.253472,28.575098],[77.25347,28.575007]]]}},{"type":"Feature","properties":{"kind":"building"},"geometry":{"type":"Polygon","coordinates":[[[77.253482,28.574735],[77.253576,28.574733],[77.253578,28.574854],[77.253484,28.574855],[77.253482,28.574735]]]}},{"type":"Feature","properties":{"kind":"building"},"geometry":{"type":"Polygon","coordinates":[[[77.254797,28.5748],[77.254887,28.574827],[77.254851,28.57492],[77.25476,28.574893],[77.254797,28.5748]]]}},{"type":"Feature","properties":{"kind":"building"},"geometry":{"type":"Polygon","coordinates":[[[77.257537,28.575216],[77.257699,28.575192],[77.257719,28.575296],[77.257557,28.57532],[77.257537,28.575216]]]}},{"type":"Feature","properties":{"kind":"building"},"geometry":{"type":"Polygon","coordinates":[[[77.250703,28.577436],[77.250865,28.577441],[77.25086,28.577556],[77.250698,28.57755],[77.250703,28.577436]]]}},{"type":"Feature","properties":{"kind":"building"},"geometry":{"type":"Polygon","coordinates":[[[77.251778,28.577482],[77.25192,28.577487],[77.251914,28.577615],[77.251772,28.57761],[77.251778,28.577482]]]}},{"type":"Feature","properties":{"kind":"building"},"geometry":{"type":"Polygon","coordinates":[[[77.251792,28.577241],[77.251925,28.577245],[77.251921,28.577355],[77.251788,28.577351],[77.251792,28.577241]]]}},{"type":"Feature","properties":{"kind":"building"},"geometry":{"type":"Polygon","coordinates":[[[77.252137,28.577519],[77.252284,28.577524],[77.252279,28.577654],[77.252131,28.57765],[77.252137,28.577519]]]}},{"type":"Feature","properties":{"kind":"building"},"geometry":{"type":"Polygon","coordinates":[[[77.252165,28.57724],[77.25228,28.577244],[77.252276,28.577337],[77.252161,28.577333],[77.252165,28.57724]]]}},{"type":"Feature","properties":{"kind":"building"},"geometry":{"type":"Polygon","coordinates":[[[77.253243,28.577528],[77.25338,28.577533],[77.253376,28.577621],[77.25324,28.577617],[77.253243,28.577528]]]}},{"type":"Feature","properties":{"kind":"building"},"geometry":{"type":"Polygon","coordinates":[[[77.253247,28.577278],[77.253397,28.577283],[77.253393,28.57738],[77.253243,28.577375],[77.253247,28.577278]]]}},{"type":"Feature","properties":{"kind":"building"},"geometry":{"type":"Polygon","coordinates":[[[77.25352,28.577578],[77.253691,28.577584],[77.253686,28.577712],[77.253515,28.577707],[77.25352,28.577578]]]}},{"type":"Feature","properties":{"kind":"building"},"geometry":{"type":"Polygon","coordinates":[[[77.253559,28.577271],[77.253678,28.577275],[77.253673,28.5774],[77.253554,28.577396],[77.253559,28.577271]]]}},{"type":"Feature","properties":{"kind":"building"},"geometry":{"type":"Polygon","coordinates":[[[77.253856,28.577576],[77.253986,28.57758],[77.253982,28.577668],[77.253852,28.577664],[77.253856,28.577576]]]}},{"type":"Feature","properties":{"kind":"building"},"geometry":{"type":"Polygon","coordinates":[[[77.254231,28.577587],[77.254363,28.577591],[77.254359,28.577674],[77.254228,28.57767],[77.254231,28.577587]]]}},{"type":"Feature","properties":{"kind":"building"},"geometry":{"type":"Polygon","coordinates":[[[77.254229,28.577331],[77.254386,28.577336],[77.254381,28.577455],[77.254224,28.57745],[77.254229,28.577331]]]}},{"type":"Feature","properties":{"kind":"building"},"geometry":{"type":"Polygon","coordinates":[[[77.25479,28.577519],[77.254866,28.577469],[77.254936,28.577551],[77.25486,28.5776],[77.25479,28.577519]]]}},{"type":"Feature","properties":{"kind":"building"},"geometry":{"type":"Polygon","coordinates":[[[77.253056,28.57343],[77.253055,28.573579],[77.252919,28.573578],[77.25292,28.573429],[77.253056,28.57343]]]}},{"type":"Feature","properties":{"kind":"building"},"geometry":{"type":"Polygon","coordinates":[[[77.253077,28.574665],[77.253076,28.574805],[77.252975,28.574805],[77.252975,28.574665],[77.253077,28.574665]]]}},{"type":"Feature","properties":{"kind":"building"},"geometry":{"type":"Polygon","coordinates":[[[77.253377,28.574673],[77.253376,28.574801],[77.253277,28.5748],[77.253278,28.574672],[77.253377,28.574673]]]}},{"type":"Feature","properties":{"kind":"building"},"geometry":{"type":"Polygon","coordinates":[[[77.253085,28.576023],[77.253084,28.576111],[77.252963,28.576111],[77.252964,28.576022],[77.253085,28.576023]]]}},{"type":"Feature","properties":{"kind":"building"},"geometry":{"type":"Polygon","coordinates":[[[77.253074,28.576668],[77.253075,28.576774],[77.252936,28.576775],[77.252936,28.576669],[77.253074,28.576668]]]}},{"type":"Feature","properties":{"kind":"building"},"geometry":{"type":"Polygon","coordinates":[[[77.25338,28.576673],[77.25338,28.576767],[77.253244,28.576767],[77.253244,28.576673],[77.25338,28.576673]]]}},{"type":"Feature","properties":{"kind":"building"},"geometry":{"type":"Polygon","coordinates":[[[77.253393,28.577272],[77.253394,28.577398],[77.253256,28.577398],[77.253255,28.577273],[77.253393,28.577272]]]}},{"type":"Feature","properties":{"kind":"building"},"geometry":{"type":"Polygon","coordinates":[[[77.253057,28.577649],[77.253058,28.577777],[77.252925,28.577778],[77.252925,28.57765],[77.253057,28.577649]]]}},{"type":"Feature","properties":{"kind":"building"},"geometry":{"type":"Polygon","coordinates":[[[77.253366,28.57765],[77.253367,28.577773],[77.253235,28.577774],[77.253235,28.577651],[77.253366,28.57765]]]}},{"type":"Feature","properties":{"kind":"building"},"geometry":{"type":"Polygon","coordinates":[[[77.253079,28.578059],[77.253079,28.578156],[77.252981,28.578157],[77.252981,28.57806],[77.253079,28.578059]]]}},{"type":"Feature","properties":{"kind":"building"},"geometry":{"type":"Polygon","coordinates":[[[77.253396,28.578038],[77.253397,28.578175],[77.253246,28.578176],[77.253245,28.578039],[77.253396,28.578038]]]}},{"type":"Feature","properties":{"kind":"building"},"geometry":{"type":"Polygon","coordinates":[[[77.253103,28.579258],[77.253104,28.579348],[77.253003,28.579348],[77.253002,28.579258],[77.253103,28.579258]]]}},{"type":"Feature","properties":{"kind":"building"},"geometry":{"type":"Polygon","coordinates":[[[77.253375,28.57926],[77.253376,28.579343],[77.253246,28.579343],[77.253245,28.579261],[77.253375,28.57926]]]}},{"type":"Feature","properties":{"kind":"building"},"geometry":{"type":"Polygon","coordinates":[[[77.253113,28.57955],[77.253114,28.57967],[77.252994,28.57967],[77.252994,28.579551],[77.253113,28.57955]]]}},{"type":"Feature","properties":{"kind":"building"},"geometry":{"type":"Polygon","coordinates":[[[77.256065,28.57315],[77.256059,28.573238],[77.255954,28.573232],[77.255959,28.573145],[77.256065,28.57315]]]}},{"type":"Feature","properties":{"kind":"building"},"geometry":{"type":"Polygon","coordinates":[[[77.256364,28.573167],[77.256359,28.57325],[77.25625,28.573245],[77.256256,28.573162],[77.256364,28.573167]]]}},{"type":"Feature","properties":{"kind":"building"},"geometry":{"type":"Polygon","coordinates":[[[77.250747,28.582024],[77.250842,28.582007],[77.250862,28.582096],[77.250766,28.582112],[77.250747,28.582024]]]}},{"type":"Feature","properties":{"kind":"building"},"geometry":{"type":"Polygon","coordinates":[[[77.250685,28.581793],[77.250801,28.581774],[77.250829,28.5819],[77.250713,28.58192],[77.250685,28.581793]]]}},{"type":"Feature","properties":{"kind":"building"},"geometry":{"type":"Polygon","coordinates":[[[77.25108,28.581987],[77.251198,28.581967],[77.25122,28.582066],[77.251102,28.582086],[77.25108,28.581987]]]}},{"type":"Feature","properties":{"kind":"building"},"geometry":{"type":"Polygon","coordinates":[[[77.251025,28.581741],[77.251145,28.58172],[77.251173,28.581845],[77.251052,28.581866],[77.251025,28.581741]]]}},{"type":"Feature","properties":{"kind":"building"},"geometry":{"type":"Polygon","coordinates":[[[77.251447,28.581911],[77.251615,28.581882],[77.25164,28.581995],[77.251472,28.582024],[77.251447,28.581911]]]}},{"type":"Feature","properties":{"kind":"building"},"geometry":{"type":"Polygon","coordinates":[[[77.251419,28.581676],[77.25154,28.581656],[77.251566,28.581774],[77.251446,28.581795],[77.251419,28.581676]]]}},{"type":"Feature","properties":{"kind":"building"},"geometry":{"type":"Polygon","coordinates":[[[77.251909,28.581856],[77.251999,28.58184],[77.252025,28.581957],[77.251935,28.581972],[77.251909,28.581856]]]}},{"type":"Feature","properties":{"kind":"building"},"geometry":{"type":"Polygon","coordinates":[[[77.253655,28.581568],[77.253771,28.581548],[77.253791,28.58164],[77.253676,28.58166],[77.253655,28.581568]]]}},{"type":"Feature","properties":{"kind":"building"},"geometry":{"type":"Polygon","coordinates":[[[77.253572,28.58129],[77.253728,28.581263],[77.253754,28.581378],[77.253598,28.581405],[77.253572,28.58129]]]}},{"type":"Feature","properties":{"kind":"building"},"geometry":{"type":"Polygon","coordinates":[[[77.256991,28.583961],[77.257098,28.583964],[77.257093,28.584098],[77.256986,28.584096],[77.256991,28.583961]]]}},{"type":"Feature","properties":{"kind":"building"},"geometry":{"type":"Polygon","coordinates":[[[77.257383,28.584028],[77.257511,28.584032],[77.257507,28.584136],[77.257379,28.584133],[77.257383,28.584028]]]}},{"type":"Feature","properties":{"kind":"building"},"geometry":{"type":"Polygon","coordinates":[[[77.257385,28.583749],[77.257529,28.583753],[77.257526,28.583846],[77.257381,28.583842],[77.257385,28.583749]]]}},{"type":"Feature","properties":{"kind":"building"},"geometry":{"type":"Polygon","coordinates":[[[77.257656,28.583981],[77.257816,28.583986],[77.257812,28.584101],[77.257652,28.584097],[77.257656,28.583981]]]}},{"type":"Feature","properties":{"kind":"building"},"geometry":{"type":"Polygon","coordinates":[[[77.258414,28.584011],[77.258514,28.584013],[77.25851,28.584145],[77.25841,28.584142],[77.258414,28.584011]]]}},{"type":"Feature","properties":{"kind":"building"},"geometry":{"type":"Polygon","coordinates":[[[77.258401,28.583773],[77.258544,28.583777],[77.258541,28.583883],[77.258397,28.583879],[77.258401,28.583773]]]}},{"type":"Feature","properties":{"kind":"building"},"geometry":{"type":"Polygon","coordinates":[[[77.253094,28.579984],[77.253098,28.580075],[77.252967,28.580079],[77.252964,28.579988],[77.253094,28.579984]]]}},{"type":"Feature","properties":{"kind":"building"},"geometry":{"type":"Polygon","coordinates":[[[77.253142,28.580269],[77.253147,28.580395],[77.253035,28.580399],[77.25303,28.580272],[77.253142,28.580269]]]}},{"type":"Feature","properties":{"kind":"building"},"geometry":{"type":"Polygon","coordinates":[[[77.253449,28.580253],[77.253455,28.580392],[77.253312,28.580396],[77.253306,28.580257],[77.253449,28.580253]]]}},{"type":"Feature","properties":{"kind":"building"},"geometry":{"type":"Polygon","coordinates":[[[77.253103,28.580567],[77.253108,28.580681],[77.252974,28.580685],[77.252969,28.580571],[77.253103,28.580567]]]}},{"type":"Feature","properties":{"kind":"building"},"geometry":{"type":"Polygon","coordinates":[[[77.253443,28.58054],[77.253449,28.580686],[77.253334,28.58069],[77.253328,28.580544],[77.253443,28.58054]]]}},{"type":"Feature","properties":{"kind":"building"},"geometry":{"type":"Polygon","coordinates":[[[77.253154,28.581863],[77.253159,28.581988],[77.253061,28.581991],[77.253056,28.581866],[77.253154,28.581863]]]}},{"type":"Feature","properties":{"kind":"building"},"geometry":{"type":"Polygon","coordinates":[[[77.253483,28.581858],[77.253488,28.581973],[77.253355,28.581977],[77.253351,28.581862],[77.253483,28.581858]]]}},{"type":"Feature","properties":{"kind":"building"},"geometry":{"type":"Polygon","coordinates":[[[77.25322,28.582553],[77.253226,28.5827],[77.253074,28.582705],[77.253068,28.582558],[77.25322,28.582553]]]}},{"type":"Feature","properties":{"kind":"building"},"geometry":{"type":"Polygon","coordinates":[[[77.253495,28.582554],[77.2535,28.582683],[77.253398,28.582686],[77.253393,28.582557],[77.253495,28.582554]]]}},{"type":"Feature","properties":{"kind":"building"},"geometry":{"type":"Polygon","coordinates":[[[77.253213,28.582871],[77.253217,28.582981],[77.253082,28.582985],[77.253078,28.582876],[77.253213,28.582871]]]}},{"type":"Feature","properties":{"kind":"building"},"geometry":{"type":"Polygon","coordinates":[[[77.253165,28.58311],[77.25308,28.58321],[77.252986,28.583147],[77.253071,28.583048],[77.253165,28.58311]]]}},{"type":"Feature","properties":{"kind":"building"},"geometry":{"type":"Polygon","coordinates":[[[77.253436,28.583281],[77.253341,28.583392],[77.253238,28.583324],[77.253334,28.583213],[77.253436,28.583281]]]}},{"type":"Feature","properties":{"kind":"building"},"geometry":{"type":"Polygon","coordinates":[[[77.250709,28.588482],[77.250879,28.588488],[77.250875,28.588591],[77.250705,28.588586],[77.250709,28.588482]]]}},{"type":"Feature","properties":{"kind":"building"},"geometry":{"type":"Polygon","coordinates":[[[77.251064,28.58877],[77.25117,28.588774],[77.251165,28.588904],[77.251059,28.5889],[77.251064,28.58877]]]}},{"type":"Feature","properties":{"kind":"building"},"geometry":{"type":"Polygon","coordinates":[[[77.251075,28.588515],[77.251179,28.588518],[77.251175,28.58862],[77.251071,28.588617],[77.251075,28.588515]]]}},{"type":"Feature","properties":{"kind":"building"},"geometry":{"type":"Polygon","coordinates":[[[77.251512,28.588798],[77.251606,28.5888],[77.251603,28.588899],[77.251508,28.588896],[77.251512,28.588798]]]}},{"type":"Feature","properties":{"kind":"building"},"geometry":{"type":"Polygon","coordinates":[[[77.251506,28.588504],[77.251635,28.588508],[77.251631,28.588618],[77.251502,28.588614],[77.251506,28.588504]]]}},{"type":"Feature","properties":{"kind":"building"},"geometry":{"type":"Polygon","coordinates":[[[77.251943,28.588832],[77.252038,28.588835],[77.252034,28.588926],[77.251939,28.588923],[77.251943,28.588832]]]}},{"type":"Feature","properties":{"kind":"building"},"geometry":{"type":"Polygon","coordinates":[[[77.252231,28.58857],[77.252352,28.588574],[77.252348,28.588687],[77.252226,28.588684],[77.252231,28.58857]]]}},{"type":"Feature","properties":{"kind":"building"},"geometry":{"type":"Polygon","coordinates":[[[77.25263,28.588809],[77.252801,28.588814],[77.252796,28.588937],[77.252625,28.588931],[77.25263,28.588809]]]}},{"type":"Feature","properties":{"kind":"building"},"geometry":{"type":"Polygon","coordinates":[[[77.252644,28.588554],[77.252808,28.588559],[77.252803,28.588668],[77.252639,28.588663],[77.252644,28.588554]]]}},{"type":"Feature","properties":{"kind":"building"},"geometry":{"type":"Polygon","coordinates":[[[77.250687,28.591025],[77.250827,28.591055],[77.250804,28.591138],[77.250664,28.591108],[77.250687,28.591025]]]}},{"type":"Feature","properties":{"kind":"building"},"geometry":{"type":"Polygon","coordinates":[[[77.25078,28.59077],[77.250878,28.59079],[77.250844,28.590911],[77.250747,28.59089],[77.25078,28.59077]]]}},{"type":"Feature","properties":{"kind":"building"},"geometry":{"type":"Polygon","coordinates":[[[77.250982,28.591095],[77.251103,28.59112],[77.25108,28.591203],[77.250959,28.591178],[77.250982,28.591095]]]}},{"type":"Feature","properties":{"kind":"building"},"geometry":{"type":"Polygon","coordinates":[[[77.251437,28.590889],[77.251526,28.590908],[77.251502,28.590996],[77.251412,28.590977],[77.251437,28.590889]]]}},{"type":"Feature","properties":{"kind":"building"},"geometry":{"type":"Polygon","coordinates":[[[77.251705,28.591217],[77.2518,28.591237],[77.251774,28.591329],[77.251679,28.591308],[77.251705,28.591217]]]}},{"type":"Feature","properties":{"kind":"building"},"geometry":{"type":"Polygon","coordinates":[[[77.25204,28.591026],[77.25218,28.591056],[77.252157,28.591139],[77.252017,28.591109],[77.25204,28.591026]]]}},{"type":"Feature","properties":{"kind":"building"},"geometry":{"type":"Polygon","coordinates":[[[77.252281,28.591376],[77.252371,28.591395],[77.252345,28.591492],[77.252254,28.591472],[77.252281,28.591376]]]}},{"type":"Feature","properties":{"kind":"building"},"geometry":{"type":"Polygon","coordinates":[[[77.252357,28.591088],[77.252454,28.591109],[77.252431,28.591193],[77.252333,28.591172],[77.252357,28.591088]]]}},{"type":"Feature","properties":{"kind":"building"},"geometry":{"type":"Polygon","coordinates":[[[77.2526,28.591441],[77.252749,28.591473],[77.252718,28.591584],[77.25257,28.591552],[77.2526,28.591441]]]}},{"type":"Feature","properties":{"kind":"building"},"geometry":{"type":"Polygon","coordinates":[[[77.252691,28.591201],[77.252794,28.591223],[77.252765,28.591326],[77.252663,28.591304],[77.252691,28.591201]]]}},{"type":"Feature","properties":{"kind":"building"},"geometry":{"type":"Polygon","coordinates":[[[77.25576,28.589675],[77.255878,28.589749],[77.255814,28.589827],[77.255696,28.589753],[77.25576,28.589675]]]}},{"type":"Feature","properties":{"kind":"building"},"geometry":{"type":"Polygon","coordinates":[[[77.255958,28.589453],[77.256053,28.589512],[77.255966,28.589618],[77.255872,28.589559],[77.255958,28.589453]]]}},{"type":"Feature","properties":{"kind":"building"},"geometry":{"type":"Polygon","coordinates":[[[77.257218,28.591632],[77.257205,28.591745],[77.257102,28.591736],[77.257115,28.591623],[77.257218,28.591632]]]}},{"type":"Feature","properties":{"kind":"building"},"geometry":{"type":"Polygon","coordinates":[[[77.257521,28.591979],[77.257507,28.5921],[77.257387,28.59209],[77.257401,28.591969],[77.257521,28.591979]]]}},{"type":"Feature","properties":{"kind":"building"},"geometry":{"type":"Polygon","coordinates":[[[77.257169,28.592291],[77.257159,28.592374],[77.257025,28.592362],[77.257034,28.59228],[77.257169,28.592291]]]}},{"type":"Feature","properties":{"kind":"building"},"geometry":{"type":"Polygon","coordinates":[[[77.251524,28.595848],[77.251644,28.595866],[77.251626,28.595955],[77.251506,28.595937],[77.251524,28.595848]]]}},{"type":"Feature","properties":{"kind":"building"},"geometry":{"type":"Polygon","coordinates":[[[77.251572,28.595581],[77.251699,28.595601],[77.25168,28.595699],[77.251552,28.59568],[77.251572,28.595581]]]}},{"type":"Feature","properties":{"kind":"building"},"geometry":{"type":"Polygon","coordinates":[[[77.251891,28.595859],[77.252058,28.595884],[77.25204,28.595977],[77.251873,28.595952],[77.251891,28.595859]]]}},{"type":"Feature","properties":{"kind":"building"},"geometry":{"type":"Polygon","coordinates":[[[77.254823,28.595033],[77.254911,28.594991],[77.254962,28.595074],[77.254874,28.595115],[77.254823,28.595033]]]}},{"type":"Feature","properties":{"kind":"building"},"geometry":{"type":"Polygon","coordinates":[[[77.255232,28.595148],[77.255342,28.595096],[77.255405,28.595199],[77.255295,28.595251],[77.255232,28.595148]]]}},{"type":"Feature","properties":{"kind":"building"},"geometry":{"type":"Polygon","coordinates":[[[77.255072,28.594912],[77.255204,28.594849],[77.255267,28.594951],[77.255135,28.595014],[77.255072,28.594912]]]}},{"type":"Feature","properties":{"kind":"building"},"geometry":{"type":"Polygon","coordinates":[[[77.255422,28.59479],[77.255549,28.59473],[77.255602,28.594816],[77.255474,28.594876],[77.255422,28.59479]]]}},{"type":"Feature","properties":{"kind":"building"},"geometry":{"type":"Polygon","coordinates":[[[77.250648,28.597841],[77.250741,28.597889],[77.250681,28.59798],[77.250587,28.597932],[77.250648,28.597841]]]}},{"type":"Feature","properties":{"kind":"building"},"geometry":{"type":"Polygon","coordinates":[[[77.250805,28.597585],[77.250918,28.597644],[77.250847,28.597751],[77.250733,28.597692],[77.250805,28.597585]]]}},{"type":"Feature","properties":{"kind":"building"},"geometry":{"type":"Polygon","coordinates":[[[77.250995,28.597971],[77.251143,28.598047],[77.251076,28.598147],[77.250928,28.598071],[77.250995,28.597971]]]}},{"type":"Feature","properties":{"kind":"building"},"geometry":{"type":"Polygon","coordinates":[[[77.251154,28.597777],[77.251259,28.597831],[77.251192,28.597931],[77.251087,28.597877],[77.251154,28.597777]]]}},{"type":"Feature","properties":{"kind":"building"},"geometry":{"type":"Polygon","coordinates":[[[77.253924,28.598082],[77.254024,28.59803],[77.254089,28.598127],[77.253989,28.598179],[77.253924,28.598082]]]}},{"type":"Feature","properties":{"kind":"building"},"geometry":{"type":"Polygon","coordinates":[[[77.253749,28.597846],[77.253873,28.597782],[77.25392,28.597851],[77.253796,28.597916],[77.253749,28.597846]]]}},{"type":"Feature","properties":{"kind":"building"},"geometry":{"type":"Polygon","coordinates":[[[77.254273,28.597873],[77.254404,28.597805],[77.254469,28.597902],[77.254338,28.59797],[77.254273,28.597873]]]}},{"type":"Feature","properties":{"kind":"building"},"geometry":{"type":"Polygon","coordinates":[[[77.254116,28.597632],[77.254238,28.597568],[77.254312,28.597677],[77.254189,28.597741],[77.254116,28.597632]]]}},{"type":"Feature","properties":{"kind":"building"},"geometry":{"type":"Polygon","coordinates":[[[77.254712,28.597435],[77.254863,28.59743],[77.254867,28.59751],[77.254716,28.597516],[77.254712,28.597435]]]}},{"type":"Feature","properties":{"kind":"building"},"geometry":{"type":"Polygon","coordinates":[[[77.255185,28.597694],[77.255309,28.597689],[77.255313,28.597781],[77.255189,28.597785],[77.255185,28.597694]]]}},{"type":"Feature","properties":{"kind":"building"},"geometry":{"type":"Polygon","coordinates":[[[77.256747,28.595217],[77.25668,28.59534],[77.25658,28.595298],[77.256647,28.595175],[77.256747,28.595217]]]}},{"type":"Feature","properties":{"kind":"building"},"geometry":{"type":"Polygon","coordinates":[[[77.256326,28.595428],[77.256279,28.595514],[77.256145,28.595457],[77.256192,28.595371],[77.256326,28.595428]]]}},{"type":"Feature","properties":{"kind":"building"},"geometry":{"type":"Polygon","coordinates":[[[77.256102,28.595771],[77.256059,28.595849],[77.255924,28.595792],[77.255966,28.595714],[77.256102,28.595771]]]}},{"type":"Feature","properties":{"kind":"building"},"geometry":{"type":"Polygon","coordinates":[[[77.25582,28.596309],[77.255749,28.596441],[77.255642,28.596396],[77.255713,28.596264],[77.25582,28.596309]]]}},{"type":"Feature","properties":{"kind":"building"},"geometry":{"type":"Polygon","coordinates":[[[77.256052,28.596434],[77.256005,28.596521],[77.255891,28.596473],[77.255938,28.596386],[77.256052,28.596434]]]}},{"type":"Feature","properties":{"kind":"building"},"geometry":{"type":"Polygon","coordinates":[[[77.25568,28.596844],[77.255766,28.596962],[77.255668,28.597018],[77.255581,28.5969],[77.25568,28.596844]]]}},{"type":"Feature","properties":{"kind":"building"},"geometry":{"type":"Polygon","coordinates":[[[77.25587,28.597089],[77.255957,28.597208],[77.255841,28.597273],[77.255754,28.597154],[77.25587,28.597089]]]}},{"type":"Feature","properties":{"kind":"building"},"geometry":{"type":"Polygon","coordinates":[[[77.256147,28.596961],[77.256205,28.59704],[77.256096,28.597102],[77.256038,28.597023],[77.256147,28.596961]]]}},{"type":"Feature","properties":{"kind":"building"},"geometry":{"type":"Polygon","coordinates":[[[77.255898,28.600047],[77.255834,28.600106],[77.255741,28.60003],[77.255806,28.59997],[77.255898,28.600047]]]}},{"type":"Feature","properties":{"kind":"building"},"geometry":{"type":"Polygon","coordinates":[[[77.256089,28.600185],[77.256002,28.600266],[77.255898,28.60018],[77.255985,28.600099],[77.256089,28.600185]]]}},{"type":"Feature","properties":{"kind":"building"},"geometry":{"type":"Polygon","coordinates":[[[77.253202,28.60176],[77.253334,28.601829],[77.253261,28.601936],[77.253129,28.601866],[77.253202,28.60176]]]}},{"type":"Feature","properties":{"kind":"building"},"geometry":{"type":"Polygon","coordinates":[[[77.253522,28.601953],[77.253621,28.602005],[77.253564,28.602087],[77.253465,28.602035],[77.253522,28.601953]]]}},{"type":"Feature","properties":{"kind":"building"},"geometry":{"type":"Polygon","coordinates":[[[77.253642,28.601737],[77.253781,28.601811],[77.253709,28.601917],[77.253569,28.601843],[77.253642,28.601737]]]}},{"type":"Feature","properties":{"kind":"building"},"geometry":{"type":"Polygon","coordinates":[[[77.253853,28.602126],[77.253983,28.602195],[77.253928,28.602276],[77.253797,28.602207],[77.253853,28.602126]]]}},{"type":"Feature","properties":{"kind":"building"},"geometry":{"type":"Polygon","coordinates":[[[77.255072,28.602229],[77.25522,28.60223],[77.255219,28.602356],[77.255071,28.602355],[77.255072,28.602229]]]}},{"type":"Feature","properties":{"kind":"building"},"geometry":{"type":"Polygon","coordinates":[[[77.255757,28.602501],[77.255869,28.602501],[77.255868,28.602626],[77.255756,28.602626],[77.255757,28.602501]]]}},{"type":"Feature","properties":{"kind":"building"},"geometry":{"type":"Polygon","coordinates":[[[77.256152,28.602235],[77.256265,28.602236],[77.256264,28.602362],[77.256151,28.602361],[77.256152,28.602235]]]}},{"type":"Feature","properties":{"kind":"building"},"geometry":{"type":"Polygon","coordinates":[[[77.256464,28.602273],[77.25657,28.602274],[77.256569,28.602366],[77.256463,28.602365],[77.256464,28.602273]]]}},{"type":"Feature","properties":{"kind":"building"},"geometry":{"type":"Polygon","coordinates":[[[77.256727,28.602492],[77.256898,28.602493],[77.256897,28.602619],[77.256726,28.602618],[77.256727,28.602492]]]}},{"type":"Feature","properties":{"kind":"building"},"geometry":{"type":"Polygon","coordinates":[[[77.253577,28.604777],[77.253704,28.604776],[77.253705,28.6049],[77.253578,28.604901],[77.253577,28.604777]]]}},{"type":"Feature","properties":{"kind":"building"},"geometry":{"type":"Polygon","coordinates":[[[77.253577,28.604555],[77.2537,28.604554],[77.253701,28.604683],[77.253578,28.604684],[77.253577,28.604555]]]}},{"type":"Feature","properties":{"kind":"building"},"geometry":{"type":"Polygon","coordinates":[[[77.253941,28.604831],[77.254086,28.60483],[77.254087,28.604954],[77.253942,28.604955],[77.253941,28.604831]]]}},{"type":"Feature","properties":{"kind":"building"},"geometry":{"type":"Polygon","coordinates":[[[77.254379,28.604783],[77.254526,28.604782],[77.254527,28.604904],[77.254381,28.604905],[77.254379,28.604783]]]}},{"type":"Feature","properties":{"kind":"building"},"geometry":{"type":"Polygon","coordinates":[[[77.254383,28.604546],[77.254517,28.604546],[77.254519,28.604678],[77.254385,28.604679],[77.254383,28.604546]]]}},{"type":"Feature","properties":{"kind":"building"},"geometry":{"type":"Polygon","coordinates":[[[77.255138,28.604825],[77.255244,28.604826],[77.255243,28.604944],[77.255137,28.604943],[77.255138,28.604825]]]}},{"type":"Feature","properties":{"kind":"building"},"geometry":{"type":"Polygon","coordinates":[[[77.255883,28.604824],[77.256048,28.604825],[77.256047,28.604929],[77.255882,28.604928],[77.255883,28.604824]]]}},{"type":"Feature","properties":{"kind":"building"},"geometry":{"type":"Polygon","coordinates":[[[77.255894,28.604524],[77.256042,28.604525],[77.256041,28.60464],[77.255893,28.604639],[77.255894,28.604524]]]}},{"type":"Feature","properties":{"kind":"building"},"geometry":{"type":"Polygon","coordinates":[[[77.25623,28.604816],[77.256388,28.604818],[77.256386,28.604952],[77.256229,28.604951],[77.25623,28.604816]]]}},{"type":"Feature","properties":{"kind":"building"},"geometry":{"type":"Polygon","coordinates":[[[77.256548,28.604841],[77.256711,28.604842],[77.25671,28.604943],[77.256547,28.604942],[77.256548,28.604841]]]}},{"type":"Feature","properties":{"kind":"building"},"geometry":{"type":"Polygon","coordinates":[[[77.256943,28.604846],[77.257046,28.604847],[77.257045,28.604934],[77.256942,28.604934],[77.256943,28.604846]]]}},{"type":"Feature","properties":{"kind":"building"},"geometry":{"type":"Polygon","coordinates":[[[77.257337,28.604794],[77.257477,28.604795],[77.257476,28.604914],[77.257336,28.604913],[77.257337,28.604794]]]}},{"type":"Feature","properties":{"kind":"building"},"geometry":{"type":"Polygon","coordinates":[[[77.257347,28.604611],[77.25747,28.604612],[77.257469,28.604695],[77.257347,28.604695],[77.257347,28.604611]]]}},{"type":"Feature","properties":{"kind":"building"},"geometry":{"type":"Polygon","coordinates":[[[77.257764,28.604603],[77.257877,28.604604],[77.257876,28.604688],[77.257763,28.604688],[77.257764,28.604603]]]}},{"type":"Feature","properties":{"kind":"building"},"geometry":{"type":"Polygon","coordinates":[[[77.258174,28.604842],[77.25831,28.604843],[77.258309,28.604954],[77.258173,28.604953],[77.258174,28.604842]]]}},{"type":"Feature","properties":{"kind":"building"},"geometry":{"type":"Polygon","coordinates":[[[77.258159,28.604578],[77.258329,28.604579],[77.258328,28.604677],[77.258159,28.604675],[77.258159,28.604578]]]}},{"type":"Feature","properties":{"kind":"building"},"geometry":{"type":"Polygon","coordinates":[[[77.253116,28.602778],[77.253117,28.602911],[77.252994,28.602911],[77.252993,28.602779],[77.253116,28.602778]]]}},{"type":"Feature","properties":{"kind":"building"},"geometry":{"type":"Polygon","coordinates":[[[77.25345,28.602801],[77.25345,28.602884],[77.253345,28.602885],[77.253345,28.602801],[77.25345,28.602801]]]}},{"type":"Feature","properties":{"kind":"building"},"geometry":{"type":"Polygon","coordinates":[[[77.253413,28.603043],[77.253414,28.603146],[77.253299,28.603147],[77.253298,28.603044],[77.253413,28.603043]]]}},{"type":"Feature","properties":{"kind":"building"},"geometry":{"type":"Polygon","coordinates":[[[77.253167,28.603312],[77.253167,28.603412],[77.253018,28.603413],[77.253017,28.603313],[77.253167,28.603312]]]}},{"type":"Feature","properties":{"kind":"building"},"geometry":{"type":"Polygon","coordinates":[[[77.253424,28.603291],[77.253425,28.60343],[77.253314,28.603431],[77.253313,28.603292],[77.253424,28.603291]]]}},{"type":"Feature","properties":{"kind":"building"},"geometry":{"type":"Polygon","coordinates":[[[77.253138,28.604839],[77.253137,28.60498],[77.253008,28.604979],[77.253009,28.604838],[77.253138,28.604839]]]}},{"type":"Feature","properties":{"kind":"building"},"geometry":{"type":"Polygon","coordinates":[[[77.253451,28.604849],[77.25345,28.604973],[77.253299,28.604972],[77.2533,28.604848],[77.253451,28.604849]]]}},{"type":"Feature","properties":{"kind":"building"},"geometry":{"type":"Polygon","coordinates":[[[77.253414,28.605521],[77.253413,28.605618],[77.253306,28.605618],[77.253306,28.60552],[77.253414,28.605521]]]}},{"type":"Feature","properties":{"kind":"building"},"geometry":{"type":"Polygon","coordinates":[[[77.253158,28.605764],[77.253157,28.60588],[77.253011,28.605879],[77.253012,28.605763],[77.253158,28.605764]]]}},{"type":"Feature","properties":{"kind":"building"},"geometry":{"type":"Polygon","coordinates":[[[77.253481,28.605771],[77.25348,28.605876],[77.25333,28.605875],[77.253331,28.60577],[77.253481,28.605771]]]}},{"type":"Feature","properties":{"kind":"building"},"geometry":{"type":"Polygon","coordinates":[[[77.253141,28.606055],[77.25314,28.606187],[77.253026,28.606187],[77.253027,28.606054],[77.253141,28.606055]]]}},{"type":"Feature","properties":{"kind":"building"},"geometry":{"type":"Polygon","coordinates":[[[77.253108,28.606759],[77.253107,28.606872],[77.25299,28.606871],[77.25299,28.606759],[77.253108,28.606759]]]}},{"type":"Feature","properties":{"kind":"building"},"geometry":{"type":"Polygon","coordinates":[[[77.256071,28.600596],[77.256072,28.600691],[77.255967,28.600693],[77.255965,28.600598],[77.256071,28.600596]]]}},{"type":"Feature","properties":{"kind":"building"},"geometry":{"type":"Polygon","coordinates":[[[77.256395,28.600577],[77.256397,28.600703],[77.256292,28.600705],[77.25629,28.600578],[77.256395,28.600577]]]}},{"type":"Feature","properties":{"kind":"building"},"geometry":{"type":"Polygon","coordinates":[[[77.256067,28.60084],[77.256069,28.600966],[77.255958,28.600967],[77.255956,28.600841],[77.256067,28.60084]]]}},{"type":"Feature","properties":{"kind":"building"},"geometry":{"type":"Polygon","coordinates":[[[77.256104,28.601139],[77.256106,28.601282],[77.256,28.601283],[77.255998,28.601141],[77.256104,28.601139]]]}},{"type":"Feature","properties":{"kind":"building"},"geometry":{"type":"Polygon","coordinates":[[[77.256414,28.60116],[77.256415,28.601254],[77.256293,28.601256],[77.256292,28.601161],[77.256414,28.60116]]]}},{"type":"Feature","properties":{"kind":"building"},"geometry":{"type":"Polygon","coordinates":[[[77.25643,28.60141],[77.256432,28.601508],[77.256289,28.601509],[77.256287,28.601412],[77.25643,28.60141]]]}},{"type":"Feature","properties":{"kind":"building"},"geometry":{"type":"Polygon","coordinates":[[[77.256085,28.60209],[77.256087,28.602211],[77.255953,28.602213],[77.255951,28.602092],[77.256085,28.60209]]]}},{"type":"Feature","properties":{"kind":"building"},"geometry":{"type":"Polygon","coordinates":[[[77.256378,28.602098],[77.25638,28.602196],[77.256271,28.602197],[77.25627,28.6021],[77.256378,28.602098]]]}},{"type":"Feature","properties":{"kind":"building"},"geometry":{"type":"Polygon","coordinates":[[[77.256085,28.602417],[77.256087,28.602534],[77.255991,28.602535],[77.255989,28.602419],[77.256085,28.602417]]]}},{"type":"Feature","properties":{"kind":"building"},"geometry":{"type":"Polygon","coordinates":[[[77.256419,28.602397],[77.256422,28.602546],[77.25627,28.602548],[77.256268,28.602399],[77.256419,28.602397]]]}},{"type":"Feature","properties":{"kind":"building"},"geometry":{"type":"Polygon","coordinates":[[[77.256123,28.602756],[77.256125,28.602892],[77.255979,28.602893],[77.255977,28.602758],[77.256123,28.602756]]]}},{"type":"Feature","properties":{"kind":"building"},"geometry":{"type":"Polygon","coordinates":[[[77.256455,28.60366],[77.256453,28.603794],[77.256316,28.603792],[77.256318,28.603658],[77.256455,28.60366]]]}},{"type":"Feature","properties":{"kind":"building"},"geometry":{"type":"Polygon","coordinates":[[[77.256091,28.604329],[77.25609,28.604418],[77.255953,28.604417],[77.255955,28.604327],[77.256091,28.604329]]]}},{"type":"Feature","properties":{"kind":"building"},"geometry":{"type":"Polygon","coordinates":[[[77.256374,28.604332],[77.256373,28.604422],[77.256269,28.604421],[77.256271,28.604331],[77.256374,28.604332]]]}},{"type":"Feature","properties":{"kind":"building"},"geometry":{"type":"Polygon","coordinates":[[[77.256365,28.604687],[77.256363,28.604798],[77.256256,28.604797],[77.256258,28.604685],[77.256365,28.604687]]]}},{"type":"Feature","properties":{"kind":"building"},"geometry":{"type":"Polygon","coordinates":[[[77.256411,28.60533],[77.256409,28.605434],[77.256279,28.605433],[77.256281,28.605329],[77.256411,28.60533]]]}},{"type":"Feature","properties":{"kind":"building"},"geometry":{"type":"Polygon","coordinates":[[[77.25612,28.605593],[77.256118,28.605691],[77.25597,28.60569],[77.255971,28.605592],[77.25612,28.605593]]]}},{"type":"Feature","properties":{"kind":"building"},"geometry":{"type":"Polygon","coordinates":[[[77.256096,28.605966],[77.256094,28.606096],[77.255949,28.606095],[77.255952,28.605965],[77.256096,28.605966]]]}},{"type":"Feature","properties":{"kind":"building"},"geometry":{"type":"Polygon","coordinates":[[[77.256075,28.606819],[77.256073,28.606938],[77.255971,28.606937],[77.255973,28.606818],[77.256075,28.606819]]]}},{"type":"Feature","properties":{"kind":"building"},"geometry":{"type":"Polygon","coordinates":[[[77.256377,28.606812],[77.256375,28.606952],[77.256229,28.606951],[77.256232,28.606811],[77.256377,28.606812]]]}},{"type":"Feature","properties":{"kind":"building"},"geometry":{"type":"Polygon","coordinates":[[[77.251727,28.609036],[77.251852,28.609032],[77.251857,28.609159],[77.251732,28.609163],[77.251727,28.609036]]]}},{"type":"Feature","properties":{"kind":"building"},"geometry":{"type":"Polygon","coordinates":[[[77.251717,28.608787],[77.251843,28.608783],[77.251848,28.608917],[77.251722,28.60892],[77.251717,28.608787]]]}},{"type":"Feature","properties":{"kind":"building"},"geometry":{"type":"Polygon","coordinates":[[[77.252147,28.609016],[77.252255,28.609013],[77.25226,28.609148],[77.252152,28.609151],[77.252147,28.609016]]]}},{"type":"Feature","properties":{"kind":"building"},"geometry":{"type":"Polygon","coordinates":[[[77.252435,28.609032],[77.25255,28.609028],[77.252554,28.60911],[77.252438,28.609113],[77.252435,28.609032]]]}},{"type":"Feature","properties":{"kind":"building"},"geometry":{"type":"Polygon","coordinates":[[[77.252414,28.608762],[77.25255,28.608758],[77.252555,28.608884],[77.252419,28.608888],[77.252414,28.608762]]]}},{"type":"Feature","properties":{"kind":"building"},"geometry":{"type":"Polygon","coordinates":[[[77.252751,28.609015],[77.252915,28.60901],[77.252919,28.609106],[77.252755,28.609111],[77.252751,28.609015]]]}},{"type":"Feature","properties":{"kind":"building"},"geometry":{"type":"Polygon","coordinates":[[[77.252742,28.608765],[77.252906,28.60876],[77.252911,28.608887],[77.252746,28.608892],[77.252742,28.608765]]]}},{"type":"Feature","properties":{"kind":"building"},"geometry":{"type":"Polygon","coordinates":[[[77.253111,28.608732],[77.253218,28.608728],[77.253222,28.608833],[77.253115,28.608837],[77.253111,28.608732]]]}},{"type":"Feature","properties":{"kind":"building"},"geometry":{"type":"Polygon","coordinates":[[[77.254731,28.608979],[77.254857,28.608982],[77.254855,28.609074],[77.254729,28.609072],[77.254731,28.608979]]]}},{"type":"Feature","properties":{"kind":"building"},"geometry":{"type":"Polygon","coordinates":[[[77.255429,28.608692],[77.25558,28.608695],[77.255577,28.60882],[77.255427,28.608817],[77.255429,28.608692]]]}},{"type":"Feature","properties":{"kind":"building"},"geometry":{"type":"Polygon","coordinates":[[[77.255701,28.609028],[77.255871,28.609031],[77.255869,28.609114],[77.2557,28.609111],[77.255701,28.609028]]]}},{"type":"Feature","properties":{"kind":"building"},"geometry":{"type":"Polygon","coordinates":[[[77.256152,28.608729],[77.256304,28.608732],[77.256301,28.608863],[77.256149,28.60886],[77.256152,28.608729]]]}},{"type":"Feature","properties":{"kind":"building"},"geometry":{"type":"Polygon","coordinates":[[[77.256897,28.609002],[77.257031,28.609004],[77.257028,28.609137],[77.256894,28.609134],[77.256897,28.609002]]]}},{"type":"Feature","properties":{"kind":"building"},"geometry":{"type":"Polygon","coordinates":[[[77.256922,28.60873],[77.257018,28.608731],[77.257016,28.60882],[77.25692,28.608818],[77.256922,28.60873]]]}},{"type":"Feature","properties":{"kind":"building"},"geometry":{"type":"Polygon","coordinates":[[[77.257308,28.608739],[77.257429,28.608742],[77.257427,28.608829],[77.257306,28.608827],[77.257308,28.608739]]]}},{"type":"Feature","properties":{"kind":"building"},"geometry":{"type":"Polygon","coordinates":[[[77.25766,28.609049],[77.257799,28.609051],[77.257797,28.60915],[77.257657,28.609148],[77.25766,28.609049]]]}},{"type":"Feature","properties":{"kind":"building"},"geometry":{"type":"Polygon","coordinates":[[[77.257667,28.608746],[77.257806,28.608749],[77.257803,28.608867],[77.257664,28.608864],[77.257667,28.608746]]]}},{"type":"Feature","properties":{"kind":"building"},"geometry":{"type":"Polygon","coordinates":[[[77.258117,28.609049],[77.258241,28.609051],[77.258239,28.609167],[77.258114,28.609165],[77.258117,28.609049]]]}},{"type":"Feature","properties":{"kind":"building"},"geometry":{"type":"Polygon","coordinates":[[[77.251408,28.611629],[77.251551,28.611632],[77.251548,28.611747],[77.251405,28.611744],[77.251408,28.611629]]]}},{"type":"Feature","properties":{"kind":"building"},"geometry":{"type":"Polygon","coordinates":[[[77.251423,28.611402],[77.251547,28.611404],[77.251545,28.611493],[77.251421,28.61149],[77.251423,28.611402]]]}},{"type":"Feature","properties":{"kind":"building"},"geometry":{"type":"Polygon","coordinates":[[[77.252461,28.611629],[77.252579,28.611631],[77.252577,28.61173],[77.252459,28.611728],[77.252461,28.611629]]]}},{"type":"Feature","properties":{"kind":"building"},"geometry":{"type":"Polygon","coordinates":[[[77.252443,28.6114],[77.252609,28.611403],[77.252606,28.611529],[77.25244,28.611526],[77.252443,28.6114]]]}},{"type":"Feature","properties":{"kind":"building"},"geometry":{"type":"Polygon","coordinates":[[[77.253809,28.611432],[77.253943,28.611435],[77.253941,28.611525],[77.253807,28.611523],[77.253809,28.611432]]]}},{"type":"Feature","properties":{"kind":"building"},"geometry":{"type":"Polygon","coordinates":[[[77.254722,28.611726],[77.254876,28.611723],[77.254878,28.61181],[77.254725,28.611813],[77.254722,28.611726]]]}},{"type":"Feature","properties":{"kind":"building"},"geometry":{"type":"Polygon","coordinates":[[[77.255093,28.611404],[77.255191,28.611402],[77.255194,28.611498],[77.255096,28.6115],[77.255093,28.611404]]]}},{"type":"Feature","properties":{"kind":"building"},"geometry":{"type":"Polygon","coordinates":[[[77.255396,28.611684],[77.255502,28.611682],[77.255505,28.611793],[77.255398,28.611795],[77.255396,28.611684]]]}},{"type":"Feature","properties":{"kind":"building"},"geometry":{"type":"Polygon","coordinates":[[[77.255393,28.611398],[77.255491,28.611396],[77.255493,28.611482],[77.255395,28.611484],[77.255393,28.611398]]]}},{"type":"Feature","properties":{"kind":"building"},"geometry":{"type":"Polygon","coordinates":[[[77.255773,28.611412],[77.255867,28.61141],[77.255869,28.611499],[77.255775,28.611501],[77.255773,28.611412]]]}},{"type":"Feature","properties":{"kind":"building"},"geometry":{"type":"Polygon","coordinates":[[[77.256032,28.611648],[77.256201,28.611645],[77.256203,28.611735],[77.256034,28.611738],[77.256032,28.611648]]]}},{"type":"Feature","properties":{"kind":"building"},"geometry":{"type":"Polygon","coordinates":[[[77.256026,28.611405],[77.256195,28.611402],[77.256197,28.611501],[77.256028,28.611504],[77.256026,28.611405]]]}},{"type":"Feature","properties":{"kind":"building"},"geometry":{"type":"Polygon","coordinates":[[[77.256389,28.611675],[77.256531,28.611673],[77.256533,28.61176],[77.256391,28.611762],[77.256389,28.611675]]]}},{"type":"Feature","properties":{"kind":"building"},"geometry":{"type":"Polygon","coordinates":[[[77.256806,28.611661],[77.256928,28.611659],[77.25693,28.611743],[77.256808,28.611746],[77.256806,28.611661]]]}},{"type":"Feature","properties":{"kind":"building"},"geometry":{"type":"Polygon","coordinates":[[[77.256806,28.611382],[77.256914,28.61138],[77.256916,28.611468],[77.256808,28.61147],[77.256806,28.611382]]]}},{"type":"Feature","properties":{"kind":"building"},"geometry":{"type":"Polygon","coordinates":[[[77.257161,28.611631],[77.257315,28.611628],[77.257318,28.611746],[77.257164,28.611749],[77.257161,28.611631]]]}},{"type":"Feature","properties":{"kind":"building"},"geometry":{"type":"Polygon","coordinates":[[[77.257157,28.611415],[77.257309,28.611412],[77.257311,28.611507],[77.257159,28.61151],[77.257157,28.611415]]]}},{"type":"Feature","properties":{"kind":"building"},"geometry":{"type":"Polygon","coordinates":[[[77.257494,28.611342],[77.257647,28.611339],[77.25765,28.611465],[77.257498,28.611468],[77.257494,28.611342]]]}},{"type":"Feature","properties":{"kind":"building"},"geometry":{"type":"Polygon","coordinates":[[[77.253447,28.606965],[77.253446,28.607097],[77.253349,28.607096],[77.253349,28.606964],[77.253447,28.606965]]]}},{"type":"Feature","properties":{"kind":"building"},"geometry":{"type":"Polygon","coordinates":[[[77.253141,28.607668],[77.25314,28.607749],[77.253016,28.607749],[77.253017,28.607667],[77.253141,28.607668]]]}},{"type":"Feature","properties":{"kind":"building"},"geometry":{"type":"Polygon","coordinates":[[[77.253435,28.607961],[77.253435,28.608097],[77.253337,28.608097],[77.253338,28.607961],[77.253435,28.607961]]]}},{"type":"Feature","properties":{"kind":"building"},"geometry":{"type":"Polygon","coordinates":[[[77.253147,28.608286],[77.253146,28.608402],[77.253043,28.608402],[77.253043,28.608286],[77.253147,28.608286]]]}},{"type":"Feature","properties":{"kind":"building"},"geometry":{"type":"Polygon","coordinates":[[[77.253408,28.608286],[77.253408,28.608405],[77.253287,28.608404],[77.253288,28.608285],[77.253408,28.608286]]]}},{"type":"Feature","properties":{"kind":"building"},"geometry":{"type":"Polygon","coordinates":[[[77.253149,28.608659],[77.253148,28.608781],[77.253,28.60878],[77.253,28.608659],[77.253149,28.608659]]]}},{"type":"Feature","properties":{"kind":"building"},"geometry":{"type":"Polygon","coordinates":[[[77.253409,28.608677],[77.253409,28.608765],[77.253275,28.608764],[77.253276,28.608677],[77.253409,28.608677]]]}},{"type":"Feature","properties":{"kind":"building"},"geometry":{"type":"Polygon","coordinates":[[[77.253094,28.608974],[77.253093,28.609057],[77.252999,28.609057],[77.253,28.608974],[77.253094,28.608974]]]}},{"type":"Feature","properties":{"kind":"building"},"geometry":{"type":"Polygon","coordinates":[[[77.253419,28.608968],[77.253418,28.609066],[77.253271,28.609065],[77.253271,28.608968],[77.253419,28.608968]]]}},{"type":"Feature","properties":{"kind":"building"},"geometry":{"type":"Polygon","coordinates":[[[77.253153,28.609634],[77.253152,28.60974],[77.253007,28.609739],[77.253007,28.609633],[77.253153,28.609634]]]}},{"type":"Feature","properties":{"kind":"building"},"geometry":{"type":"Polygon","coordinates":[[[77.253384,28.609636],[77.253383,28.609739],[77.253287,28.609739],[77.253287,28.609635],[77.253384,28.609636]]]}},{"type":"Feature","properties":{"kind":"building"},"geometry":{"type":"Polygon","coordinates":[[[77.25311,28.609913],[77.25311,28.610028],[77.252966,28.610028],[77.252967,28.609913],[77.25311,28.609913]]]}},{"type":"Feature","properties":{"kind":"building"},"geometry":{"type":"Polygon","coordinates":[[[77.25343,28.609928],[77.253429,28.610016],[77.25332,28.610015],[77.25332,28.609928],[77.25343,28.609928]]]}},{"type":"Feature","properties":{"kind":"building"},"geometry":{"type":"Polygon","coordinates":[[[77.253463,28.610498],[77.253463,28.610603],[77.253322,28.610603],[77.253321,28.610498],[77.253463,28.610498]]]}},{"type":"Feature","properties":{"kind":"building"},"geometry":{"type":"Polygon","coordinates":[[[77.25346,28.611113],[77.25346,28.611241],[77.253311,28.611242],[77.25331,28.611114],[77.25346,28.611113]]]}},{"type":"Feature","properties":{"kind":"building"},"geometry":{"type":"Polygon","coordinates":[[[77.253126,28.611798],[77.253127,28.611939],[77.25302,28.61194],[77.25302,28.611798],[77.253126,28.611798]]]}},{"type":"Feature","properties":{"kind":"building"},"geometry":{"type":"Polygon","coordinates":[[[77.253108,28.612474],[77.253109,28.612575],[77.252988,28.612575],[77.252988,28.612474],[77.253108,28.612474]]]}},{"type":"Feature","properties":{"kind":"building"},"geometry":{"type":"Polygon","coordinates":[[[77.253413,28.612461],[77.253414,28.612585],[77.253301,28.612586],[77.2533,28.612461],[77.253413,28.612461]]]}},{"type":"Feature","properties":{"kind":"building"},"geometry":{"type":"Polygon","coordinates":[[[77.253134,28.612821],[77.253135,28.612958],[77.253014,28.612959],[77.253013,28.612821],[77.253134,28.612821]]]}},{"type":"Feature","properties":{"kind":"building"},"geometry":{"type":"Polygon","coordinates":[[[77.253428,28.612835],[77.253429,28.612942],[77.253316,28.612942],[77.253315,28.612835],[77.253428,28.612835]]]}},{"type":"Feature","properties":{"kind":"building"},"geometry":{"type":"Polygon","coordinates":[[[77.253118,28.613132],[77.253119,28.613274],[77.252979,28.613275],[77.252978,28.613133],[77.253118,28.613132]]]}},{"type":"Feature","properties":{"kind":"building"},"geometry":{"type":"Polygon","coordinates":[[[77.253428,28.613136],[77.253428,28.613268],[77.253312,28.613268],[77.253312,28.613136],[77.253428,28.613136]]]}},{"type":"Feature","properties":{"kind":"building"},"geometry":{"type":"Polygon","coordinates":[[[77.255896,28.606962],[77.255897,28.607098],[77.255768,28.607099],[77.255767,28.606963],[77.255896,28.606962]]]}},{"type":"Feature","properties":{"kind":"building"},"geometry":{"type":"Polygon","coordinates":[[[77.25612,28.606958],[77.256121,28.6071],[77.256008,28.6071],[77.256007,28.606958],[77.25612,28.606958]]]}},{"type":"Feature","properties":{"kind":"building"},"geometry":{"type":"Polygon","coordinates":[[[77.255905,28.607279],[77.255907,28.607411],[77.255758,28.607412],[77.255757,28.60728],[77.255905,28.607279]]]}},{"type":"Feature","properties":{"kind":"building"},"geometry":{"type":"Polygon","coordinates":[[[77.255841,28.607568],[77.255842,28.607675],[77.255719,28.607675],[77.255718,28.607569],[77.255841,28.607568]]]}},{"type":"Feature","properties":{"kind":"building"},"geometry":{"type":"Polygon","coordinates":[[[77.256165,28.607573],[77.256165,28.607666],[77.256045,28.607667],[77.256044,28.607574],[77.256165,28.607573]]]}},{"type":"Feature","properties":{"kind":"building"},"geometry":{"type":"Polygon","coordinates":[[[77.255881,28.607876],[77.255882,28.608009],[77.255779,28.60801],[77.255778,28.607877],[77.255881,28.607876]]]}},{"type":"Feature","properties":{"kind":"building"},"geometry":{"type":"Polygon","coordinates":[[[77.255889,28.608277],[77.255889,28.60838],[77.255759,28.608381],[77.255758,28.608278],[77.255889,28.608277]]]}},{"type":"Feature","properties":{"kind":"building"},"geometry":{"type":"Polygon","coordinates":[[[77.255885,28.608585],[77.255886,28.608712],[77.25577,28.608713],[77.255769,28.608586],[77.255885,28.608585]]]}},{"type":"Feature","properties":{"kind":"building"},"geometry":{"type":"Polygon","coordinates":[[[77.256138,28.608578],[77.256139,28.608716],[77.256022,28.608717],[77.256021,28.608579],[77.256138,28.608578]]]}},{"type":"Feature","properties":{"kind":"building"},"geometry":{"type":"Polygon","coordinates":[[[77.255881,28.610129],[77.255882,28.610272],[77.255735,28.610273],[77.255734,28.61013],[77.255881,28.610129]]]}},{"type":"Feature","properties":{"kind":"building"},"geometry":{"type":"Polygon","coordinates":[[[77.255917,28.610806],[77.255916,28.610907],[77.255778,28.610906],[77.255779,28.610805],[77.255917,28.610806]]]}},{"type":"Feature","properties":{"kind":"building"},"geometry":{"type":"Polygon","coordinates":[[[77.2562,28.610802],[77.256199,28.610914],[77.256101,28.610914],[77.256102,28.610801],[77.2562,28.610802]]]}},{"type":"Feature","properties":{"kind":"building"},"geometry":{"type":"Polygon","coordinates":[[[77.256162,28.61241],[77.256161,28.612495],[77.256059,28.612494],[77.25606,28.61241],[77.256162,28.61241]]]}},{"type":"Feature","properties":{"kind":"building"},"geometry":{"type":"Polygon","coordinates":[[[77.255848,28.612778],[77.255847,28.612902],[77.255743,28.612901],[77.255745,28.612778],[77.255848,28.612778]]]}},{"type":"Feature","properties":{"kind":"building"},"geometry":{"type":"Polygon","coordinates":[[[77.256175,28.612786],[77.256174,28.612898],[77.25603,28.612897],[77.256031,28.612785],[77.256175,28.612786]]]}},{"type":"Feature","properties":{"kind":"building"},"geometry":{"type":"Polygon","coordinates":[[[77.251427,28.616166],[77.251533,28.616167],[77.251531,28.616252],[77.251426,28.616251],[77.251427,28.616166]]]}},{"type":"Feature","properties":{"kind":"building"},"geometry":{"type":"Polygon","coordinates":[[[77.251427,28.615878],[77.251541,28.61588],[77.251539,28.615979],[77.251426,28.615978],[77.251427,28.615878]]]}},{"type":"Feature","properties":{"kind":"building"},"geometry":{"type":"Polygon","coordinates":[[[77.253945,28.616185],[77.25407,28.616186],[77.254068,28.616273],[77.253944,28.616272],[77.253945,28.616185]]]}},{"type":"Feature","properties":{"kind":"building"},"geometry":{"type":"Polygon","coordinates":[[[77.253953,28.615862],[77.254071,28.615863],[77.254069,28.615977],[77.253952,28.615976],[77.253953,28.615862]]]}},{"type":"Feature","properties":{"kind":"building"},"geometry":{"type":"Polygon","coordinates":[[[77.254251,28.616144],[77.254402,28.616146],[77.254401,28.616227],[77.25425,28.616226],[77.254251,28.616144]]]}},{"type":"Feature","properties":{"kind":"building"},"geometry":{"type":"Polygon","coordinates":[[[77.254284,28.615874],[77.254377,28.615875],[77.254375,28.616003],[77.254282,28.616002],[77.254284,28.615874]]]}},{"type":"Feature","properties":{"kind":"building"},"geometry":{"type":"Polygon","coordinates":[[[77.255069,28.616179],[77.255222,28.616177],[77.255223,28.616265],[77.255071,28.616267],[77.255069,28.616179]]]}},{"type":"Feature","properties":{"kind":"building"},"geometry":{"type":"Polygon","coordinates":[[[77.255088,28.615896],[77.255195,28.615895],[77.255196,28.615999],[77.25509,28.616],[77.255088,28.615896]]]}},{"type":"Feature","properties":{"kind":"building"},"geometry":{"type":"Polygon","coordinates":[[[77.257624,28.616122],[77.257756,28.616121],[77.257757,28.616223],[77.257625,28.616224],[77.257624,28.616122]]]}},{"type":"Feature","properties":{"kind":"building"},"geometry":{"type":"Polygon","coordinates":[[[77.257609,28.615865],[77.257763,28.615863],[77.257764,28.615957],[77.25761,28.615958],[77.257609,28.615865]]]}},{"type":"Feature","properties":{"kind":"building"},"geometry":{"type":"Polygon","coordinates":[[[77.250701,28.618222],[77.250873,28.618221],[77.250874,28.618326],[77.250702,28.618327],[77.250701,28.618222]]]}},{"type":"Feature","properties":{"kind":"building"},"geometry":{"type":"Polygon","coordinates":[[[77.250738,28.617989],[77.250831,28.617988],[77.250832,28.618071],[77.250739,28.618072],[77.250738,28.617989]]]}},{"type":"Feature","properties":{"kind":"building"},"geometry":{"type":"Polygon","coordinates":[[[77.251063,28.617952],[77.251173,28.617951],[77.251174,28.618057],[77.251064,28.618058],[77.251063,28.617952]]]}},{"type":"Feature","properties":{"kind":"building"},"geometry":{"type":"Polygon","coordinates":[[[77.251435,28.618202],[77.251559,28.618201],[77.25156,28.618326],[77.251437,28.618327],[77.251435,28.618202]]]}},{"type":"Feature","properties":{"kind":"building"},"geometry":{"type":"Polygon","coordinates":[[[77.252124,28.618203],[77.252232,28.618202],[77.252233,28.618297],[77.252125,28.618298],[77.252124,28.618203]]]}},{"type":"Feature","properties":{"kind":"building"},"geometry":{"type":"Polygon","coordinates":[[[77.252092,28.61796],[77.252258,28.617958],[77.252259,28.618042],[77.252093,28.618044],[77.252092,28.61796]]]}},{"type":"Feature","properties":{"kind":"building"},"geometry":{"type":"Polygon","coordinates":[[[77.253232,28.618183],[77.253353,28.618182],[77.253354,28.618276],[77.253233,28.618277],[77.253232,28.618183]]]}},{"type":"Feature","properties":{"kind":"building"},"geometry":{"type":"Polygon","coordinates":[[[77.25322,28.617949],[77.25336,28.617948],[77.253361,28.618057],[77.253221,28.618058],[77.25322,28.617949]]]}},{"type":"Feature","properties":{"kind":"building"},"geometry":{"type":"Polygon","coordinates":[[[77.255064,28.618188],[77.255223,28.61819],[77.255222,28.618277],[77.255063,28.618276],[77.255064,28.618188]]]}},{"type":"Feature","properties":{"kind":"building"},"geometry":{"type":"Polygon","coordinates":[[[77.255086,28.617906],[77.255207,28.617907],[77.255206,28.618019],[77.255085,28.618018],[77.255086,28.617906]]]}},{"type":"Feature","properties":{"kind":"building"},"geometry":{"type":"Polygon","coordinates":[[[77.25687,28.617945],[77.257016,28.617946],[77.257014,28.618072],[77.256868,28.61807],[77.25687,28.617945]]]}},{"type":"Feature","properties":{"kind":"building"},"geometry":{"type":"Polygon","coordinates":[[[77.253667,28.614427],[77.253664,28.614519],[77.25352,28.614515],[77.253523,28.614424],[77.253667,28.614427]]]}},{"type":"Feature","properties":{"kind":"building"},"geometry":{"type":"Polygon","coordinates":[[[77.253289,28.617308],[77.253294,28.617452],[77.253162,28.617455],[77.253157,28.617311],[77.253289,28.617308]]]}},{"type":"Feature","properties":{"kind":"building"},"geometry":{"type":"Polygon","coordinates":[[[77.253541,28.617321],[77.253545,28.617426],[77.25344,28.617429],[77.253437,28.617323],[77.253541,28.617321]]]}},{"type":"Feature","properties":{"kind":"building"},"geometry":{"type":"Polygon","coordinates":[[[77.253283,28.617941],[77.253286,28.618029],[77.253177,28.618031],[77.253175,28.617944],[77.253283,28.617941]]]}},{"type":"Feature","properties":{"kind":"building"},"geometry":{"type":"Polygon","coordinates":[[[77.25328,28.618844],[77.253283,28.618959],[77.253178,28.618962],[77.253174,28.618847],[77.25328,28.618844]]]}},{"type":"Feature","properties":{"kind":"building"},"geometry":{"type":"Polygon","coordinates":[[[77.253382,28.619756],[77.253387,28.619893],[77.253237,28.619897],[77.253232,28.61976],[77.253382,28.619756]]]}},{"type":"Feature","properties":{"kind":"building"},"geometry":{"type":"Polygon","coordinates":[[[77.256125,28.615003],[77.256128,28.615119],[77.256013,28.615121],[77.25601,28.615005],[77.256125,28.615003]]]}},{"type":"Feature","properties":{"kind":"building"},"geometry":{"type":"Polygon","coordinates":[[[77.256424,28.615002],[77.256426,28.615111],[77.256303,28.615113],[77.256301,28.615004],[77.256424,28.615002]]]}},{"type":"Feature","properties":{"kind":"building"},"geometry":{"type":"Polygon","coordinates":[[[77.256135,28.61591],[77.256137,28.615994],[77.256019,28.615996],[77.256017,28.615912],[77.256135,28.61591]]]}},{"type":"Feature","properties":{"kind":"building"},"geometry":{"type":"Polygon","coordinates":[[[77.256449,28.615886],[77.256452,28.616007],[77.256299,28.61601],[77.256297,28.615889],[77.256449,28.615886]]]}},{"type":"Feature","properties":{"kind":"building"},"geometry":{"type":"Polygon","coordinates":[[[77.256162,28.61915],[77.256159,28.619269],[77.256037,28.619267],[77.25604,28.619148],[77.256162,28.61915]]]}},{"type":"Feature","properties":{"kind":"building"},"geometry":{"type":"Polygon","coordinates":[[[77.256406,28.620089],[77.256403,28.620229],[77.25629,28.620227],[77.256293,28.620087],[77.256406,28.620089]]]}},{"type":"Feature","properties":{"kind":"building"},"geometry":{"type":"Polygon","coordinates":[[[77.256135,28.620369],[77.256132,28.620497],[77.256005,28.620495],[77.256008,28.620367],[77.256135,28.620369]]]}},{"type":"Feature","properties":{"kind":"building"},"geometry":{"type":"Polygon","coordinates":[[[77.256376,28.620378],[77.256374,28.620496],[77.256278,28.620494],[77.256281,28.620376],[77.256376,28.620378]]]}},{"type":"Feature","properties":{"kind":"building"},"geometry":{"type":"Polygon","coordinates":[[[77.260243,28.568186],[77.260358,28.568187],[77.260357,28.568304],[77.260242,28.568303],[77.260243,28.568186]]]}},{"type":"Feature","properties":{"kind":"building"},"geometry":{"type":"Polygon","coordinates":[[[77.260238,28.567935],[77.260365,28.567936],[77.260364,28.568066],[77.260238,28.568065],[77.260238,28.567935]]]}},{"type":"Feature","properties":{"kind":"building"},"geometry":{"type":"Polygon","coordinates":[[[77.260568,28.568201],[77.260682,28.568201],[77.260682,28.568303],[77.260567,28.568302],[77.260568,28.568201]]]}},{"type":"Feature","properties":{"kind":"building"},"geometry":{"type":"Polygon","coordinates":[[[77.260554,28.567963],[77.260699,28.567963],[77.260699,28.568049],[77.260553,28.568048],[77.260554,28.567963]]]}},{"type":"Feature","properties":{"kind":"building"},"geometry":{"type":"Polygon","coordinates":[[[77.261365,28.567936],[77.261473,28.567936],[77.261473,28.568021],[77.261364,28.568021],[77.261365,28.567936]]]}},{"type":"Feature","properties":{"kind":"building"},"geometry":{"type":"Polygon","coordinates":[[[77.261753,28.568246],[77.261913,28.568247],[77.261913,28.568334],[77.261753,28.568333],[77.261753,28.568246]]]}},{"type":"Feature","properties":{"kind":"building"},"geometry":{"type":"Polygon","coordinates":[[[77.26176,28.567992],[77.26191,28.567992],[77.261909,28.568085],[77.261759,28.568084],[77.26176,28.567992]]]}},{"type":"Feature","properties":{"kind":"building"},"geometry":{"type":"Polygon","coordinates":[[[77.262152,28.568191],[77.262272,28.568192],[77.262271,28.568303],[77.262151,28.568302],[77.262152,28.568191]]]}},{"type":"Feature","properties":{"kind":"building"},"geometry":{"type":"Polygon","coordinates":[[[77.262163,28.567968],[77.262264,28.567969],[77.262264,28.568095],[77.262162,28.568095],[77.262163,28.567968]]]}},{"type":"Feature","properties":{"kind":"building"},"geometry":{"type":"Polygon","coordinates":[[[77.262844,28.567972],[77.262993,28.567971],[77.262994,28.56806],[77.262845,28.568061],[77.262844,28.567972]]]}},{"type":"Feature","properties":{"kind":"building"},"geometry":{"type":"Polygon","coordinates":[[[77.258502,28.570763],[77.258619,28.570764],[77.258618,28.57089],[77.258501,28.570889],[77.258502,28.570763]]]}},{"type":"Feature","properties":{"kind":"building"},"geometry":{"type":"Polygon","coordinates":[[[77.258495,28.570483],[77.258631,28.570484],[77.25863,28.570606],[77.258494,28.570605],[77.258495,28.570483]]]}},{"type":"Feature","properties":{"kind":"building"},"geometry":{"type":"Polygon","coordinates":[[[77.259823,28.570766],[77.259987,28.570767],[77.259987,28.570873],[77.259822,28.570872],[77.259823,28.570766]]]}},{"type":"Feature","properties":{"kind":"building"},"geometry":{"type":"Polygon","coordinates":[[[77.259848,28.570523],[77.259966,28.570524],[77.259965,28.570625],[77.259847,28.570624],[77.259848,28.570523]]]}},{"type":"Feature","properties":{"kind":"building"},"geometry":{"type":"Polygon","coordinates":[[[77.260528,28.570479],[77.260647,28.57048],[77.260647,28.570567],[77.260527,28.570566],[77.260528,28.570479]]]}},{"type":"Feature","properties":{"kind":"building"},"geometry":{"type":"Polygon","coordinates":[[[77.260871,28.570495],[77.261032,28.570496],[77.261031,28.570622],[77.26087,28.570621],[77.260871,28.570495]]]}},{"type":"Feature","properties":{"kind":"building"},"geometry":{"type":"Polygon","coordinates":[[[77.26125,28.570481],[77.261405,28.570482],[77.261405,28.570578],[77.261249,28.570577],[77.26125,28.570481]]]}},{"type":"Feature","properties":{"kind":"building"},"geometry":{"type":"Polygon","coordinates":[[[77.261722,28.570774],[77.261824,28.570775],[77.261824,28.570862],[77.261722,28.570862],[77.261722,28.570774]]]}},{"type":"Feature","properties":{"kind":"building"},"geometry":{"type":"Polygon","coordinates":[[[77.263209,28.570744],[77.263302,28.570743],[77.263303,28.570859],[77.26321,28.57086],[77.263209,28.570744]]]}},{"type":"Feature","properties":{"kind":"building"},"geometry":{"type":"Polygon","coordinates":[[[77.264922,28.57076],[77.265077,28.570759],[77.265078,28.570851],[77.264923,28.570852],[77.264922,28.57076]]]}},{"type":"Feature","properties":{"kind":"building"},"geometry":{"type":"Polygon","coordinates":[[[77.265665,28.570709],[77.265837,28.570708],[77.265838,28.570833],[77.265666,28.570834],[77.265665,28.570709]]]}},{"type":"Feature","properties":{"kind":"building"},"geometry":{"type":"Polygon","coordinates":[[[77.265698,28.570464],[77.265799,28.570463],[77.2658,28.57056],[77.265699,28.570561],[77.265698,28.570464]]]}},{"type":"Feature","properties":{"kind":"building"},"geometry":{"type":"Polygon","coordinates":[[[77.266084,28.570743],[77.266229,28.570742],[77.26623,28.57085],[77.266085,28.570851],[77.266084,28.570743]]]}},{"type":"Feature","properties":{"kind":"building"},"geometry":{"type":"Polygon","coordinates":[[[77.266071,28.570481],[77.266237,28.57048],[77.266238,28.570586],[77.266072,28.570587],[77.266071,28.570481]]]}},{"type":"Feature","properties":{"kind":"building"},"geometry":{"type":"Polygon","coordinates":[[[77.261247,28.566025],[77.261246,28.566113],[77.26112,28.566112],[77.261121,28.566023],[77.261247,28.566025]]]}},{"type":"Feature","properties":{"kind":"building"},"geometry":{"type":"Polygon","coordinates":[[[77.260932,28.566688],[77.26093,28.566809],[77.260826,28.566808],[77.260827,28.566687],[77.260932,28.566688]]]}},{"type":"Feature","properties":{"kind":"building"},"geometry":{"type":"Polygon","coordinates":[[[77.261196,28.566684],[77.261194,28.566818],[77.261078,28.566816],[77.26108,28.566683],[77.261196,28.566684]]]}},{"type":"Feature","properties":{"kind":"building"},"geometry":{"type":"Polygon","coordinates":[[[77.260907,28.568581],[77.260905,28.56873],[77.260754,28.568729],[77.260756,28.568579],[77.260907,28.568581]]]}},{"type":"Feature","properties":{"kind":"building"},"geometry":{"type":"Polygon","coordinates":[[[77.260876,28.569824],[77.260878,28.569965],[77.260757,28.569967],[77.260755,28.569825],[77.260876,28.569824]]]}},{"type":"Feature","properties":{"kind":"building"},"geometry":{"type":"Polygon","coordinates":[[[77.261174,28.569837],[77.261176,28.569946],[77.261082,28.569947],[77.261081,28.569838],[77.261174,28.569837]]]}},{"type":"Feature","properties":{"kind":"building"},"geometry":{"type":"Polygon","coordinates":[[[77.261193,28.570126],[77.261195,28.570264],[77.261096,28.570265],[77.261094,28.570127],[77.261193,28.570126]]]}},{"type":"Feature","properties":{"kind":"building"},"geometry":{"type":"Polygon","coordinates":[[[77.260899,28.570437],[77.260901,28.570547],[77.260801,28.570548],[77.2608,28.570438],[77.260899,28.570437]]]}},{"type":"Feature","properties":{"kind":"building"},"geometry":{"type":"Polygon","coordinates":[[[77.260872,28.571353],[77.260874,28.571465],[77.260741,28.571466],[77.260739,28.571355],[77.260872,28.571353]]]}},{"type":"Feature","properties":{"kind":"building"},"geometry":{"type":"Polygon","coordinates":[[[77.261202,28.571348],[77.261204,28.571464],[77.261079,28.571465],[77.261078,28.571349],[77.261202,28.571348]]]}},{"type":"Feature","properties":{"kind":"building"},"geometry":{"type":"Polygon","coordinates":[[[77.260901,28.571916],[77.260902,28.57202],[77.260763,28.572021],[77.260762,28.571918],[77.260901,28.571916]]]}},{"type":"Feature","properties":{"kind":"building"},"geometry":{"type":"Polygon","coordinates":[[[77.260891,28.572178],[77.260892,28.572279],[77.260746,28.57228],[77.260745,28.572179],[77.260891,28.572178]]]}},{"type":"Feature","properties":{"kind":"building"},"geometry":{"type":"Polygon","coordinates":[[[77.261221,28.572182],[77.261222,28.572269],[77.261127,28.572269],[77.261126,28.572182],[77.261221,28.572182]]]}},{"type":"Feature","properties":{"kind":"building"},"geometry":{"type":"Polygon","coordinates":[[[77.263704,28.567242],[77.263703,28.567334],[77.263583,28.567333],[77.263584,28.567241],[77.263704,28.567242]]]}},{"type":"Feature","properties":{"kind":"building"},"geometry":{"type":"Polygon","coordinates":[[[77.263958,28.567895],[77.263957,28.568043],[77.263833,28.568042],[77.263834,28.567894],[77.263958,28.567895]]]}},{"type":"Feature","properties":{"kind":"building"},"geometry":{"type":"Polygon","coordinates":[[[77.263971,28.569519],[77.263973,28.569655],[77.26386,28.569656],[77.263858,28.569519],[77.263971,28.569519]]]}},{"type":"Feature","properties":{"kind":"building"},"geometry":{"type":"Polygon","coordinates":[[[77.263702,28.570522],[77.263702,28.570615],[77.263569,28.570616],[77.263568,28.570523],[77.263702,28.570522]]]}},{"type":"Feature","properties":{"kind":"building"},"geometry":{"type":"Polygon","coordinates":[[[77.263961,28.570495],[77.263963,28.570638],[77.263827,28.570639],[77.263825,28.570496],[77.263961,28.570495]]]}},{"type":"Feature","properties":{"kind":"building"},"geometry":{"type":"Polygon","coordinates":[[[77.263721,28.571456],[77.263722,28.571557],[77.263593,28.571558],[77.263592,28.571457],[77.263721,28.571456]]]}},{"type":"Feature","properties":{"kind":"building"},"geometry":{"type":"Polygon","coordinates":[[[77.264011,28.571441],[77.264012,28.571569],[77.263866,28.57157],[77.263864,28.571442],[77.264011,28.571441]]]}},{"type":"Feature","properties":{"kind":"building"},"geometry":{"type":"Polygon","coordinates":[[[77.26367,28.571785],[77.263672,28.57192],[77.26354,28.571921],[77.263538,28.571786],[77.26367,28.571785]]]}},{"type":"Feature","properties":{"kind":"building"},"geometry":{"type":"Polygon","coordinates":[[[77.263965,28.571799],[77.263966,28.571902],[77.263856,28.571903],[77.263855,28.571799],[77.263965,28.571799]]]}},{"type":"Feature","properties":{"kind":"building"},"geometry":{"type":"Polygon","coordinates":[[[77.263675,28.572477],[77.263676,28.572581],[77.263544,28.572582],[77.263544,28.572478],[77.263675,28.572477]]]}},{"type":"Feature","properties":{"kind":"building"},"geometry":{"type":"Polygon","coordinates":[[[77.263958,28.572452],[77.26396,28.572602],[77.263842,28.572603],[77.263841,28.572452],[77.263958,28.572452]]]}},{"type":"Feature","properties":{"kind":"building"},"geometry":{"type":"Polygon","coordinates":[[[77.263697,28.572749],[77.263698,28.572888],[77.263592,28.572889],[77.26359,28.57275],[77.263697,28.572749]]]}},{"type":"Feature","properties":{"kind":"building"},"geometry":{"type":"Polygon","coordinates":[[[77.264012,28.572741],[77.264014,28.572892],[77.263905,28.572893],[77.263904,28.572741],[77.264012,28.572741]]]}},{"type":"Feature","properties":{"kind":"building"},"geometry":{"type":"Polygon","coordinates":[[[77.258482,28.574936],[77.25864,28.574937],[77.258639,28.575067],[77.258481,28.575066],[77.258482,28.574936]]]}},{"type":"Feature","properties":{"kind":"building"},"geometry":{"type":"Polygon","coordinates":[[[77.259166,28.574925],[77.259276,28.574926],[77.259275,28.575036],[77.259165,28.575036],[77.259166,28.574925]]]}},{"type":"Feature","properties":{"kind":"building"},"geometry":{"type":"Polygon","coordinates":[[[77.259136,28.574666],[77.259309,28.574667],[77.259308,28.574797],[77.259135,28.574796],[77.259136,28.574666]]]}},{"type":"Feature","properties":{"kind":"building"},"geometry":{"type":"Polygon","coordinates":[[[77.260145,28.57473],[77.260287,28.574731],[77.260286,28.574815],[77.260144,28.574814],[77.260145,28.57473]]]}},{"type":"Feature","properties":{"kind":"building"},"geometry":{"type":"Polygon","coordinates":[[[77.260461,28.57468],[77.260598,28.574681],[77.260598,28.574774],[77.260461,28.574773],[77.260461,28.57468]]]}},{"type":"Feature","properties":{"kind":"building"},"geometry":{"type":"Polygon","coordinates":[[[77.260833,28.574951],[77.260972,28.574952],[77.260971,28.575086],[77.260832,28.575085],[77.260833,28.574951]]]}},{"type":"Feature","properties":{"kind":"building"},"geometry":{"type":"Polygon","coordinates":[[[77.261251,28.574936],[77.261363,28.574936],[77.261362,28.57507],[77.261251,28.575069],[77.261251,28.574936]]]}},{"type":"Feature","properties":{"kind":"building"},"geometry":{"type":"Polygon","coordinates":[[[77.261258,28.574725],[77.26136,28.574725],[77.261359,28.574807],[77.261257,28.574806],[77.261258,28.574725]]]}},{"type":"Feature","properties":{"kind":"building"},"geometry":{"type":"Polygon","coordinates":[[[77.261592,28.574971],[77.261714,28.574971],[77.261713,28.575089],[77.261591,28.575088],[77.261592,28.574971]]]}},{"type":"Feature","properties":{"kind":"building"},"geometry":{"type":"Polygon","coordinates":[[[77.262487,28.574966],[77.262657,28.574965],[77.262658,28.575046],[77.262488,28.575047],[77.262487,28.574966]]]}},{"type":"Feature","properties":{"kind":"building"},"geometry":{"type":"Polygon","coordinates":[[[77.265232,28.574935],[77.265396,28.574934],[77.265397,28.575058],[77.265233,28.575059],[77.265232,28.574935]]]}},{"type":"Feature","properties":{"kind":"building"},"geometry":{"type":"Polygon","coordinates":[[[77.26525,28.5747],[77.265375,28.574699],[77.265376,28.574796],[77.26525,28.574796],[77.26525,28.5747]]]}},{"type":"Feature","properties":{"kind":"building"},"geometry":{"type":"Polygon","coordinates":[[[77.265576,28.57496],[77.26568,28.574959],[77.265681,28.575049],[77.265576,28.575049],[77.265576,28.57496]]]}},{"type":"Feature","properties":{"kind":"building"},"geometry":{"type":"Polygon","coordinates":[[[77.265561,28.574719],[77.265692,28.574718],[77.265692,28.574809],[77.265561,28.57481],[77.265561,28.574719]]]}},{"type":"Feature","properties":{"kind":"building"},"geometry":{"type":"Polygon","coordinates":[[[77.259139,28.577579],[77.259273,28.577581],[77.259271,28.577698],[77.259138,28.577697],[77.259139,28.577579]]]}},{"type":"Feature","properties":{"kind":"building"},"geometry":{"type":"Polygon","coordinates":[[[77.259558,28.577619],[77.259702,28.57762],[77.259701,28.577723],[77.259557,28.577721],[77.259558,28.577619]]]}},{"type":"Feature","properties":{"kind":"building"},"geometry":{"type":"Polygon","coordinates":[[[77.259574,28.577337],[77.259694,28.577338],[77.259692,28.577467],[77.259573,28.577465],[77.259574,28.577337]]]}},{"type":"Feature","properties":{"kind":"building"},"geometry":{"type":"Polygon","coordinates":[[[77.259999,28.577623],[77.260111,28.577625],[77.260109,28.577729],[77.259998,28.577728],[77.259999,28.577623]]]}},{"type":"Feature","properties":{"kind":"building"},"geometry":{"type":"Polygon","coordinates":[[[77.259976,28.577378],[77.260141,28.57738],[77.260139,28.577495],[77.259974,28.577493],[77.259976,28.577378]]]}},{"type":"Feature","properties":{"kind":"building"},"geometry":{"type":"Polygon","coordinates":[[[77.261723,28.57765],[77.261829,28.577651],[77.261828,28.577734],[77.261722,28.577733],[77.261723,28.57765]]]}},{"type":"Feature","properties":{"kind":"building"},"geometry":{"type":"Polygon","coordinates":[[[77.261714,28.577349],[77.261846,28.57735],[77.261844,28.577482],[77.261713,28.57748],[77.261714,28.577349]]]}},{"type":"Feature","properties":{"kind":"building"},"geometry":{"type":"Polygon","coordinates":[[[77.262839,28.577625],[77.263003,28.577623],[77.263004,28.577714],[77.26284,28.577716],[77.262839,28.577625]]]}},{"type":"Feature","properties":{"kind":"building"},"geometry":{"type":"Polygon","coordinates":[[[77.26285,28.577389],[77.262984,28.577388],[77.262986,28.577503],[77.262852,28.577504],[77.26285,28.577389]]]}},{"type":"Feature","properties":{"kind":"building"},"geometry":{"type":"Polygon","coordinates":[[[77.263486,28.577384],[77.263644,28.577383],[77.263645,28.577492],[77.263487,28.577494],[77.263486,28.577384]]]}},{"type":"Feature","properties":{"kind":"building"},"geometry":{"type":"Polygon","coordinates":[[[77.264232,28.577645],[77.264391,28.577644],[77.264392,28.577731],[77.264233,28.577733],[77.264232,28.577645]]]}},{"type":"Feature","properties":{"kind":"building"},"geometry":{"type":"Polygon","coordinates":[[[77.264235,28.577332],[77.264379,28.577331],[77.26438,28.577463],[77.264237,28.577465],[77.264235,28.577332]]]}},{"type":"Feature","properties":{"kind":"building"},"geometry":{"type":"Polygon","coordinates":[[[77.264587,28.577586],[77.264757,28.577585],[77.264758,28.577701],[77.264589,28.577703],[77.264587,28.577586]]]}},{"type":"Feature","properties":{"kind":"building"},"geometry":{"type":"Polygon","coordinates":[[[77.265719,28.577582],[77.265818,28.577581],[77.26582,28.577695],[77.26572,28.577696],[77.265719,28.577582]]]}},{"type":"Feature","properties":{"kind":"building"},"geometry":{"type":"Polygon","coordinates":[[[77.266082,28.577567],[77.266175,28.577566],[77.266176,28.577697],[77.266084,28.577698],[77.266082,28.577567]]]}},{"type":"Feature","properties":{"kind":"building"},"geometry":{"type":"Polygon","coordinates":[[[77.260871,28.573129],[77.260867,28.573266],[77.260757,28.573264],[77.260761,28.573127],[77.260871,28.573129]]]}},{"type":"Feature","properties":{"kind":"building"},"geometry":{"type":"Polygon","coordinates":[[[77.261162,28.573139],[77.261158,28.57327],[77.261052,28.573267],[77.261055,28.573137],[77.261162,28.573139]]]}},{"type":"Feature","properties":{"kind":"building"},"geometry":{"type":"Polygon","coordinates":[[[77.260827,28.573436],[77.260824,28.573533],[77.260696,28.57353],[77.260699,28.573433],[77.260827,28.573436]]]}},{"type":"Feature","properties":{"kind":"building"},"geometry":{"type":"Polygon","coordinates":[[[77.261139,28.573417],[77.261134,28.573565],[77.261015,28.573563],[77.26102,28.573415],[77.261139,28.573417]]]}},{"type":"Feature","properties":{"kind":"building"},"geometry":{"type":"Polygon","coordinates":[[[77.260846,28.573747],[77.260843,28.573836],[77.260724,28.573834],[77.260727,28.573744],[77.260846,28.573747]]]}},{"type":"Feature","properties":{"kind":"building"},"geometry":{"type":"Polygon","coordinates":[[[77.261103,28.573732],[77.261099,28.573863],[77.260999,28.57386],[77.261003,28.57373],[77.261103,28.573732]]]}},{"type":"Feature","properties":{"kind":"building"},"geometry":{"type":"Polygon","coordinates":[[[77.260837,28.574621],[77.260834,28.574734],[77.260684,28.574731],[77.260687,28.574618],[77.260837,28.574621]]]}},{"type":"Feature","properties":{"kind":"building"},"geometry":{"type":"Polygon","coordinates":[[[77.261113,28.574638],[77.26111,28.574729],[77.260963,28.574726],[77.260966,28.574635],[77.261113,28.574638]]]}},{"type":"Feature","properties":{"kind":"building"},"geometry":{"type":"Polygon","coordinates":[[[77.260775,28.57518],[77.260771,28.575295],[77.260627,28.575292],[77.26063,28.575176],[77.260775,28.57518]]]}},{"type":"Feature","properties":{"kind":"building"},"geometry":{"type":"Polygon","coordinates":[[[77.261041,28.575176],[77.261037,28.575311],[77.260938,28.575309],[77.260942,28.575173],[77.261041,28.575176]]]}},{"type":"Feature","properties":{"kind":"building"},"geometry":{"type":"Polygon","coordinates":[[[77.260743,28.575766],[77.26074,28.575852],[77.260641,28.575849],[77.260644,28.575764],[77.260743,28.575766]]]}},{"type":"Feature","properties":{"kind":"building"},"geometry":{"type":"Polygon","coordinates":[[[77.261035,28.575743],[77.261031,28.575888],[77.260908,28.575886],[77.260912,28.57574],[77.261035,28.575743]]]}},{"type":"Feature","properties":{"kind":"building"},"geometry":{"type":"Polygon","coordinates":[[[77.26076,28.576015],[77.260756,28.576142],[77.260605,28.576138],[77.260609,28.576012],[77.26076,28.576015]]]}},{"type":"Feature","properties":{"kind":"building"},"geometry":{"type":"Polygon","coordinates":[[[77.260752,28.577272],[77.260756,28.577396],[77.260647,28.577398],[77.260644,28.577275],[77.260752,28.577272]]]}},{"type":"Feature","properties":{"kind":"building"},"geometry":{"type":"Polygon","coordinates":[[[77.261091,28.577253],[77.261096,28.577399],[77.26098,28.577402],[77.260976,28.577256],[77.261091,28.577253]]]}},{"type":"Feature","properties":{"kind":"building"},"geometry":{"type":"Polygon","coordinates":[[[77.260782,28.578217],[77.260787,28.578369],[77.260659,28.578372],[77.260655,28.57822],[77.260782,28.578217]]]}},{"type":"Feature","properties":{"kind":"building"},"geometry":{"type":"Polygon","coordinates":[[[77.260842,28.578545],[77.260847,28.578697],[77.260711,28.5787],[77.260707,28.578548],[77.260842,28.578545]]]}},{"type":"Feature","properties":{"kind":"building"},"geometry":{"type":"Polygon","coordinates":[[[77.261113,28.578564],[77.261116,28.578666],[77.260997,28.578669],[77.260994,28.578566],[77.261113,28.578564]]]}},{"type":"Feature","properties":{"kind":"building"},"geometry":{"type":"Polygon","coordinates":[[[77.261134,28.578864],[77.261137,28.578949],[77.261006,28.578952],[77.261004,28.578867],[77.261134,28.578864]]]}},{"type":"Feature","properties":{"kind":"building"},"geometry":{"type":"Polygon","coordinates":[[[77.260844,28.579205],[77.260847,28.579323],[77.260753,28.579325],[77.26075,28.579207],[77.260844,28.579205]]]}},{"type":"Feature","properties":{"kind":"building"},"geometry":{"type":"Polygon","coordinates":[[[77.261116,28.579215],[77.261119,28.5793],[77.261002,28.579303],[77.260999,28.579218],[77.261116,28.579215]]]}},{"type":"Feature","properties":{"kind":"building"},"geometry":{"type":"Polygon","coordinates":[[[77.263725,28.573154],[77.263722,28.573241],[77.263615,28.573238],[77.263617,28.573151],[77.263725,28.573154]]]}},{"type":"Feature","properties":{"kind":"building"},"geometry":{"type":"Polygon","coordinates":[[[77.263671,28.573472],[77.263667,28.573609],[77.263557,28.573606],[77.263562,28.57347],[77.263671,28.573472]]]}},{"type":"Feature","properties":{"kind":"building"},"geometry":{"type":"Polygon","coordinates":[[[77.264024,28.573504],[77.264021,28.573594],[77.263897,28.573591],[77.2639,28.573501],[77.264024,28.573504]]]}},{"type":"Feature","properties":{"kind":"building"},"geometry":{"type":"Polygon","coordinates":[[[77.263711,28.573783],[77.263707,28.573915],[77.26359,28.573912],[77.263594,28.573781],[77.263711,28.573783]]]}},{"type":"Feature","properties":{"kind":"building"},"geometry":{"type":"Polygon","coordinates":[[[77.263698,28.574144],[77.263694,28.574291],[77.263569,28.574288],[77.263574,28.574141],[77.263698,28.574144]]]}},{"type":"Feature","properties":{"kind":"building"},"geometry":{"type":"Polygon","coordinates":[[[77.263978,28.574169],[77.263974,28.574279],[77.263829,28.574276],[77.263833,28.574166],[77.263978,28.574169]]]}},{"type":"Feature","properties":{"kind":"building"},"geometry":{"type":"Polygon","coordinates":[[[77.263677,28.574772],[77.263673,28.574886],[77.263527,28.574882],[77.263531,28.574768],[77.263677,28.574772]]]}},{"type":"Feature","properties":{"kind":"building"},"geometry":{"type":"Polygon","coordinates":[[[77.263942,28.575039],[77.263939,28.575157],[77.263788,28.575153],[77.263791,28.575036],[77.263942,28.575039]]]}},{"type":"Feature","properties":{"kind":"building"},"geometry":{"type":"Polygon","coordinates":[[[77.263623,28.576982],[77.263626,28.577075],[77.263504,28.577078],[77.263501,28.576985],[77.263623,28.576982]]]}},{"type":"Feature","properties":{"kind":"building"},"geometry":{"type":"Polygon","coordinates":[[[77.263968,28.576974],[77.263971,28.577067],[77.263878,28.577069],[77.263875,28.576977],[77.263968,28.576974]]]}},{"type":"Feature","properties":{"kind":"building"},"geometry":{"type":"Polygon","coordinates":[[[77.263651,28.577278],[77.263655,28.577412],[77.263557,28.577414],[77.263553,28.57728],[77.263651,28.577278]]]}},{"type":"Feature","properties":{"kind":"building"},"geometry":{"type":"Polygon","coordinates":[[[77.263681,28.57816],[77.263685,28.578296],[77.263579,28.578299],[77.263575,28.578163],[77.263681,28.57816]]]}},{"type":"Feature","properties":{"kind":"building"},"geometry":{"type":"Polygon","coordinates":[[[77.263683,28.578423],[77.263687,28.578538],[77.263535,28.578542],[77.263532,28.578427],[77.263683,28.578423]]]}},{"type":"Feature","properties":{"kind":"building"},"geometry":{"type":"Polygon","coordinates":[[[77.263997,28.57843],[77.263999,28.578517],[77.263872,28.57852],[77.26387,28.578433],[77.263997,28.57843]]]}},{"type":"Feature","properties":{"kind":"building"},"geometry":{"type":"Polygon","coordinates":[[[77.263722,28.578814],[77.263725,28.578907],[77.263579,28.578911],[77.263576,28.578817],[77.263722,28.578814]]]}},{"type":"Feature","properties":{"kind":"building"},"geometry":{"type":"Polygon","coordinates":[[[77.263969,28.578797],[77.263972,28.578913],[77.263864,28.578915],[77.263861,28.578799],[77.263969,28.578797]]]}},{"type":"Feature","properties":{"kind":"building"},"geometry":{"type":"Polygon","coordinates":[[[77.263703,28.57905],[77.263707,28.579184],[77.26358,28.579187],[77.263576,28.579053],[77.263703,28.57905]]]}},{"type":"Feature","properties":{"kind":"building"},"geometry":{"type":"Polygon","coordinates":[[[77.263986,28.579045],[77.26399,28.579175],[77.263855,28.579179],[77.263851,28.579049],[77.263986,28.579045]]]}},{"type":"Feature","properties":{"kind":"building"},"geometry":{"type":"Polygon","coordinates":[[[77.261253,28.579659],[77.26125,28.579781],[77.261118,28.579778],[77.261121,28.579656],[77.261253,28.579659]]]}},{"type":"Feature","properties":{"kind":"building"},"geometry":{"type":"Polygon","coordinates":[[[77.261505,28.579654],[77.261501,28.579796],[77.261368,28.579793],[77.261371,28.579651],[77.261505,28.579654]]]}},{"type":"Feature","properties":{"kind":"building"},"geometry":{"type":"Polygon","coordinates":[[[77.261185,28.579942],[77.261182,28.580044],[77.261087,28.580042],[77.261089,28.57994],[77.261185,28.579942]]]}},{"type":"Feature","properties":{"kind":"building"},"geometry":{"type":"Polygon","coordinates":[[[77.261202,28.580183],[77.261199,28.580322],[77.261065,28.58032],[77.261069,28.58018],[77.261202,28.580183]]]}},{"type":"Feature","properties":{"kind":"building"},"geometry":{"type":"Polygon","coordinates":[[[77.261148,28.581411],[77.261145,28.581547],[77.261038,28.581545],[77.261042,28.581409],[77.261148,28.581411]]]}},{"type":"Feature","properties":{"kind":"building"},"geometry":{"type":"Polygon","coordinates":[[[77.261456,28.581415],[77.261453,28.581556],[77.261325,28.581554],[77.261329,28.581412],[77.261456,28.581415]]]}},{"type":"Feature","properties":{"kind":"building"},"geometry":{"type":"Polygon","coordinates":[[[77.261137,28.582646],[77.261133,28.582786],[77.261,28.582784],[77.261003,28.582643],[77.261137,28.582646]]]}},{"type":"Feature","properties":{"kind":"building"},"geometry":{"type":"Polygon","coordinates":[[[77.261299,28.583198],[77.261372,28.58326],[77.261267,28.583356],[77.261193,28.583293],[77.261299,28.583198]]]}},{"type":"Feature","properties":{"kind":"building"},"geometry":{"type":"Polygon","coordinates":[[[77.261466,28.583023],[77.261566,28.583108],[77.261464,28.583201],[77.261363,28.583116],[77.261466,28.583023]]]}},{"type":"Feature","properties":{"kind":"building"},"geometry":{"type":"Polygon","coordinates":[[[77.263867,28.57967],[77.263841,28.579821],[77.263709,28.579804],[77.263735,28.579653],[77.263867,28.57967]]]}},{"type":"Feature","properties":{"kind":"building"},"geometry":{"type":"Polygon","coordinates":[[[77.265003,28.602418],[77.265161,28.602414],[77.265164,28.602505],[77.265007,28.602509],[77.265003,28.602418]]]}},{"type":"Feature","properties":{"kind":"building"},"geometry":{"type":"Polygon","coordinates":[[[77.265013,28.602132],[77.265131,28.602128],[77.265135,28.602243],[77.265017,28.602246],[77.265013,28.602132]]]}},{"type":"Feature","properties":{"kind":"building"},"geometry":{"type":"Polygon","coordinates":[[[77.265739,28.602381],[77.265858,28.602378],[77.265861,28.602469],[77.265742,28.602472],[77.265739,28.602381]]]}},{"type":"Feature","properties":{"kind":"building"},"geometry":{"type":"Polygon","coordinates":[[[77.266061,28.602071],[77.266194,28.602068],[77.266198,28.60217],[77.266065,28.602173],[77.266061,28.602071]]]}},{"type":"Feature","properties":{"kind":"building"},"geometry":{"type":"Polygon","coordinates":[[[77.258499,28.60483],[77.258619,28.604833],[77.258614,28.604955],[77.258495,28.604951],[77.258499,28.60483]]]}},{"type":"Feature","properties":{"kind":"building"},"geometry":{"type":"Polygon","coordinates":[[[77.258519,28.60459],[77.258616,28.604593],[77.258613,28.604677],[77.258516,28.604674],[77.258519,28.60459]]]}},{"type":"Feature","properties":{"kind":"building"},"geometry":{"type":"Polygon","coordinates":[[[77.258848,28.604833],[77.258942,28.604835],[77.258938,28.604932],[77.258844,28.60493],[77.258848,28.604833]]]}},{"type":"Feature","properties":{"kind":"building"},"geometry":{"type":"Polygon","coordinates":[[[77.258817,28.604588],[77.25899,28.604593],[77.258985,28.604726],[77.258812,28.604722],[77.258817,28.604588]]]}},{"type":"Feature","properties":{"kind":"building"},"geometry":{"type":"Polygon","coordinates":[[[77.260314,28.604904],[77.260442,28.604908],[77.260437,28.60504],[77.26031,28.605037],[77.260314,28.604904]]]}},{"type":"Feature","properties":{"kind":"building"},"geometry":{"type":"Polygon","coordinates":[[[77.260313,28.604615],[77.260463,28.604619],[77.26046,28.604703],[77.26031,28.604699],[77.260313,28.604615]]]}},{"type":"Feature","properties":{"kind":"building"},"geometry":{"type":"Polygon","coordinates":[[[77.261042,28.604647],[77.261139,28.604649],[77.261135,28.604766],[77.261038,28.604763],[77.261042,28.604647]]]}},{"type":"Feature","properties":{"kind":"building"},"geometry":{"type":"Polygon","coordinates":[[[77.262108,28.604663],[77.262275,28.604667],[77.262271,28.604796],[77.262103,28.604791],[77.262108,28.604663]]]}},{"type":"Feature","properties":{"kind":"building"},"geometry":{"type":"Polygon","coordinates":[[[77.262528,28.604942],[77.262621,28.60494],[77.262625,28.605048],[77.262532,28.60505],[77.262528,28.604942]]]}},{"type":"Feature","properties":{"kind":"building"},"geometry":{"type":"Polygon","coordinates":[[[77.262502,28.604707],[77.262631,28.604704],[77.262634,28.604791],[77.262505,28.604795],[77.262502,28.604707]]]}},{"type":"Feature","properties":{"kind":"building"},"geometry":{"type":"Polygon","coordinates":[[[77.264259,28.604915],[77.264356,28.604912],[77.26436,28.60501],[77.264262,28.605012],[77.264259,28.604915]]]}},{"type":"Feature","properties":{"kind":"building"},"geometry":{"type":"Polygon","coordinates":[[[77.264227,28.604661],[77.26437,28.604657],[77.264373,28.604759],[77.264231,28.604762],[77.264227,28.604661]]]}},{"type":"Feature","properties":{"kind":"building"},"geometry":{"type":"Polygon","coordinates":[[[77.264645,28.604912],[77.264756,28.604909],[77.264759,28.604994],[77.264648,28.604997],[77.264645,28.604912]]]}},{"type":"Feature","properties":{"kind":"building"},"geometry":{"type":"Polygon","coordinates":[[[77.264604,28.604615],[77.264776,28.60461],[77.26478,28.604723],[77.264608,28.604728],[77.264604,28.604615]]]}},{"type":"Feature","properties":{"kind":"building"},"geometry":{"type":"Polygon","coordinates":[[[77.265693,28.604852],[77.265804,28.604849],[77.265808,28.604967],[77.265698,28.60497],[77.265693,28.604852]]]}},{"type":"Feature","properties":{"kind":"building"},"geometry":{"type":"Polygon","coordinates":[[[77.265683,28.604596],[77.265797,28.604593],[77.265801,28.604705],[77.265687,28.604708],[77.265683,28.604596]]]}},{"type":"Feature","properties":{"kind":"building"},"geometry":{"type":"Polygon","coordinates":[[[77.260885,28.604549],[77.260887,28.604661],[77.260755,28.604662],[77.260753,28.604551],[77.260885,28.604549]]]}},{"type":"Feature","properties":{"kind":"building"},"geometry":{"type":"Polygon","coordinates":[[[77.261138,28.604554],[77.261139,28.604651],[77.261015,28.604652],[77.261013,28.604555],[77.261138,28.604554]]]}},{"type":"Feature","properties":{"kind":"building"},"geometry":{"type":"Polygon","coordinates":[[[77.260925,28.605756],[77.260926,28.605887],[77.260796,28.605888],[77.260795,28.605757],[77.260925,28.605756]]]}},{"type":"Feature","properties":{"kind":"building"},"geometry":{"type":"Polygon","coordinates":[[[77.261166,28.605772],[77.261167,28.605866],[77.261069,28.605866],[77.261068,28.605773],[77.261166,28.605772]]]}},{"type":"Feature","properties":{"kind":"building"},"geometry":{"type":"Polygon","coordinates":[[[77.260875,28.606152],[77.260876,28.606237],[77.260753,28.606238],[77.260752,28.606153],[77.260875,28.606152]]]}},{"type":"Feature","properties":{"kind":"building"},"geometry":{"type":"Polygon","coordinates":[[[77.261213,28.606119],[77.261215,28.606263],[77.261103,28.606264],[77.261101,28.60612],[77.261213,28.606119]]]}},{"type":"Feature","properties":{"kind":"building"},"geometry":{"type":"Polygon","coordinates":[[[77.260946,28.6067],[77.260948,28.606838],[77.260799,28.60684],[77.260797,28.606702],[77.260946,28.6067]]]}},{"type":"Feature","properties":{"kind":"building"},"geometry":{"type":"Polygon","coordinates":[[[77.261163,28.606703],[77.261164,28.606831],[77.261066,28.606832],[77.261064,28.606704],[77.261163,28.606703]]]}},{"type":"Feature","properties":{"kind":"building"},"geometry":{"type":"Polygon","coordinates":[[[77.263411,28.604566],[77.263414,28.604648],[77.263267,28.604652],[77.263264,28.60457],[77.263411,28.604566]]]}},{"type":"Feature","properties":{"kind":"building"},"geometry":{"type":"Polygon","coordinates":[[[77.263732,28.604547],[77.263736,28.604648],[77.263608,28.604652],[77.263604,28.604551],[77.263732,28.604547]]]}},{"type":"Feature","properties":{"kind":"building"},"geometry":{"type":"Polygon","coordinates":[[[77.263704,28.604844],[77.263708,28.604967],[77.263605,28.60497],[77.2636,28.604847],[77.263704,28.604844]]]}},{"type":"Feature","properties":{"kind":"building"},"geometry":{"type":"Polygon","coordinates":[[[77.263398,28.605231],[77.263402,28.605359],[77.263302,28.605361],[77.263297,28.605233],[77.263398,28.605231]]]}},{"type":"Feature","properties":{"kind":"building"},"geometry":{"type":"Polygon","coordinates":[[[77.263481,28.606188],[77.263486,28.606319],[77.263363,28.606322],[77.263359,28.606191],[77.263481,28.606188]]]}},{"type":"Feature","properties":{"kind":"building"},"geometry":{"type":"Polygon","coordinates":[[[77.263744,28.606198],[77.263748,28.606293],[77.263641,28.606296],[77.263637,28.606201],[77.263744,28.606198]]]}},{"type":"Feature","properties":{"kind":"building"},"geometry":{"type":"Polygon","coordinates":[[[77.258829,28.608894],[77.258981,28.608892],[77.258983,28.608977],[77.258831,28.608979],[77.258829,28.608894]]]}},{"type":"Feature","properties":{"kind":"building"},"geometry":{"type":"Polygon","coordinates":[[[77.259229,28.609165],[77.259399,28.609162],[77.259401,28.609263],[77.259231,28.609266],[77.259229,28.609165]]]}},{"type":"Feature","properties":{"kind":"building"},"geometry":{"type":"Polygon","coordinates":[[[77.25926,28.608844],[77.259353,28.608843],[77.259355,28.608958],[77.259263,28.60896],[77.25926,28.608844]]]}},{"type":"Feature","properties":{"kind":"building"},"geometry":{"type":"Polygon","coordinates":[[[77.259613,28.609113],[77.259775,28.60911],[77.259777,28.609201],[77.259615,28.609204],[77.259613,28.609113]]]}},{"type":"Feature","properties":{"kind":"building"},"geometry":{"type":"Polygon","coordinates":[[[77.259626,28.608866],[77.259751,28.608864],[77.259754,28.60897],[77.259628,28.608972],[77.259626,28.608866]]]}},{"type":"Feature","properties":{"kind":"building"},"geometry":{"type":"Polygon","coordinates":[[[77.260051,28.609086],[77.260177,28.609084],[77.26018,28.609212],[77.260054,28.609214],[77.260051,28.609086]]]}},{"type":"Feature","properties":{"kind":"building"},"geometry":{"type":"Polygon","coordinates":[[[77.260029,28.608854],[77.260189,28.608851],[77.260191,28.608961],[77.260032,28.608964],[77.260029,28.608854]]]}},{"type":"Feature","properties":{"kind":"building"},"geometry":{"type":"Polygon","coordinates":[[[77.260471,28.608829],[77.260607,28.608826],[77.26061,28.608934],[77.260474,28.608936],[77.260471,28.608829]]]}},{"type":"Feature","properties":{"kind":"building"},"geometry":{"type":"Polygon","coordinates":[[[77.26082,28.609149],[77.260938,28.609147],[77.260941,28.609242],[77.260822,28.609245],[77.26082,28.609149]]]}},{"type":"Feature","properties":{"kind":"building"},"geometry":{"type":"Polygon","coordinates":[[[77.2608,28.608861],[77.260945,28.608858],[77.260947,28.608973],[77.260803,28.608975],[77.2608,28.608861]]]}},{"type":"Feature","properties":{"kind":"building"},"geometry":{"type":"Polygon","coordinates":[[[77.261115,28.609127],[77.261227,28.609125],[77.261229,28.609225],[77.261118,28.609227],[77.261115,28.609127]]]}},{"type":"Feature","properties":{"kind":"building"},"geometry":{"type":"Polygon","coordinates":[[[77.26109,28.608836],[77.261239,28.608834],[77.261242,28.60896],[77.261093,28.608963],[77.26109,28.608836]]]}},{"type":"Feature","properties":{"kind":"building"},"geometry":{"type":"Polygon","coordinates":[[[77.262512,28.60908],[77.262629,28.609082],[77.262626,28.609197],[77.262509,28.609195],[77.262512,28.60908]]]}},{"type":"Feature","properties":{"kind":"building"},"geometry":{"type":"Polygon","coordinates":[[[77.262506,28.608855],[77.262645,28.608857],[77.262643,28.608962],[77.262504,28.60896],[77.262506,28.608855]]]}},{"type":"Feature","properties":{"kind":"building"},"geometry":{"type":"Polygon","coordinates":[[[77.264214,28.609137],[77.264357,28.609139],[77.264355,28.609235],[77.264212,28.609232],[77.264214,28.609137]]]}},{"type":"Feature","properties":{"kind":"building"},"geometry":{"type":"Polygon","coordinates":[[[77.264529,28.609131],[77.264628,28.609133],[77.264626,28.609237],[77.264527,28.609235],[77.264529,28.609131]]]}},{"type":"Feature","properties":{"kind":"building"},"geometry":{"type":"Polygon","coordinates":[[[77.264526,28.60888],[77.264643,28.608882],[77.264641,28.608972],[77.264524,28.60897],[77.264526,28.60888]]]}},{"type":"Feature","properties":{"kind":"building"},"geometry":{"type":"Polygon","coordinates":[[[77.265904,28.609177],[77.26602,28.609179],[77.266018,28.60927],[77.265902,28.609268],[77.265904,28.609177]]]}},{"type":"Feature","properties":{"kind":"building"},"geometry":{"type":"Polygon","coordinates":[[[77.265883,28.608914],[77.266052,28.608917],[77.26605,28.609028],[77.265881,28.609025],[77.265883,28.608914]]]}},{"type":"Feature","properties":{"kind":"building"},"geometry":{"type":"Polygon","coordinates":[[[77.258491,28.61132],[77.258629,28.611324],[77.258625,28.611445],[77.258487,28.611442],[77.258491,28.61132]]]}},{"type":"Feature","properties":{"kind":"building"},"geometry":{"type":"Polygon","coordinates":[[[77.259517,28.611113],[77.259621,28.611116],[77.259619,28.611197],[77.259514,28.611194],[77.259517,28.611113]]]}},{"type":"Feature","properties":{"kind":"building"},"geometry":{"type":"Polygon","coordinates":[[[77.259852,28.611348],[77.259969,28.611351],[77.259965,28.611476],[77.259848,28.611473],[77.259852,28.611348]]]}},{"type":"Feature","properties":{"kind":"building"},"geometry":{"type":"Polygon","coordinates":[[[77.260979,28.611127],[77.26108,28.61113],[77.261076,28.611263],[77.260975,28.611261],[77.260979,28.611127]]]}},{"type":"Feature","properties":{"kind":"building"},"geometry":{"type":"Polygon","coordinates":[[[77.261383,28.611157],[77.261526,28.611161],[77.261521,28.611294],[77.261378,28.611291],[77.261383,28.611157]]]}},{"type":"Feature","properties":{"kind":"building"},"geometry":{"type":"Polygon","coordinates":[[[77.262009,28.611464],[77.26217,28.611468],[77.262166,28.611577],[77.262005,28.611573],[77.262009,28.611464]]]}},{"type":"Feature","properties":{"kind":"building"},"geometry":{"type":"Polygon","coordinates":[[[77.262047,28.611205],[77.262149,28.611208],[77.262145,28.611315],[77.262044,28.611312],[77.262047,28.611205]]]}},{"type":"Feature","properties":{"kind":"building"},"geometry":{"type":"Polygon","coordinates":[[[77.263174,28.611141],[77.263346,28.611137],[77.26335,28.611245],[77.263178,28.611249],[77.263174,28.611141]]]}},{"type":"Feature","properties":{"kind":"building"},"geometry":{"type":"Polygon","coordinates":[[[77.263949,28.611419],[77.264055,28.611416],[77.26406,28.611548],[77.263954,28.611551],[77.263949,28.611419]]]}},{"type":"Feature","properties":{"kind":"building"},"geometry":{"type":"Polygon","coordinates":[[[77.263937,28.611165],[77.26405,28.611162],[77.264055,28.611295],[77.263941,28.611298],[77.263937,28.611165]]]}},{"type":"Feature","properties":{"kind":"building"},"geometry":{"type":"Polygon","coordinates":[[[77.264623,28.611396],[77.264739,28.611393],[77.264741,28.611479],[77.264626,28.611482],[77.264623,28.611396]]]}},{"type":"Feature","properties":{"kind":"building"},"geometry":{"type":"Polygon","coordinates":[[[77.266046,28.611109],[77.266151,28.611106],[77.266156,28.61124],[77.266051,28.611243],[77.266046,28.611109]]]}},{"type":"Feature","properties":{"kind":"building"},"geometry":{"type":"Polygon","coordinates":[[[77.26098,28.606969],[77.260983,28.607094],[77.260856,28.607097],[77.260853,28.606971],[77.26098,28.606969]]]}},{"type":"Feature","properties":{"kind":"building"},"geometry":{"type":"Polygon","coordinates":[[[77.260989,28.607339],[77.260991,28.607442],[77.260885,28.607444],[77.260882,28.607341],[77.260989,28.607339]]]}},{"type":"Feature","properties":{"kind":"building"},"geometry":{"type":"Polygon","coordinates":[[[77.261303,28.607337],[77.261305,28.607432],[77.261204,28.607434],[77.261201,28.607339],[77.261303,28.607337]]]}},{"type":"Feature","properties":{"kind":"building"},"geometry":{"type":"Polygon","coordinates":[[[77.2613,28.608563],[77.261302,28.608668],[77.2612,28.60867],[77.261197,28.608565],[77.2613,28.608563]]]}},{"type":"Feature","properties":{"kind":"building"},"geometry":{"type":"Polygon","coordinates":[[[77.261043,28.609804],[77.261047,28.609938],[77.260934,28.60994],[77.260931,28.609807],[77.261043,28.609804]]]}},{"type":"Feature","properties":{"kind":"building"},"geometry":{"type":"Polygon","coordinates":[[[77.261038,28.611409],[77.261035,28.611522],[77.260887,28.611519],[77.26089,28.611406],[77.261038,28.611409]]]}},{"type":"Feature","properties":{"kind":"building"},"geometry":{"type":"Polygon","coordinates":[[[77.261319,28.611395],[77.261315,28.611547],[77.261181,28.611544],[77.261185,28.611392],[77.261319,28.611395]]]}},{"type":"Feature","properties":{"kind":"building"},"geometry":{"type":"Polygon","coordinates":[[[77.261008,28.611973],[77.261004,28.612114],[77.260893,28.612112],[77.260896,28.61197],[77.261008,28.611973]]]}},{"type":"Feature","properties":{"kind":"building"},"geometry":{"type":"Polygon","coordinates":[[[77.260987,28.612558],[77.260983,28.61269],[77.260852,28.612687],[77.260855,28.612556],[77.260987,28.612558]]]}},{"type":"Feature","properties":{"kind":"building"},"geometry":{"type":"Polygon","coordinates":[[[77.261323,28.612558],[77.261319,28.612704],[77.261199,28.612701],[77.261203,28.612556],[77.261323,28.612558]]]}},{"type":"Feature","properties":{"kind":"building"},"geometry":{"type":"Polygon","coordinates":[[[77.26097,28.613219],[77.260968,28.613318],[77.260849,28.613316],[77.260852,28.613217],[77.26097,28.613219]]]}},{"type":"Feature","properties":{"kind":"building"},"geometry":{"type":"Polygon","coordinates":[[[77.261336,28.613233],[77.261334,28.613319],[77.261183,28.613316],[77.261185,28.61323],[77.261336,28.613233]]]}},{"type":"Feature","properties":{"kind":"building"},"geometry":{"type":"Polygon","coordinates":[[[77.263539,28.606984],[77.26354,28.607077],[77.263402,28.607078],[77.263401,28.606984],[77.263539,28.606984]]]}},{"type":"Feature","properties":{"kind":"building"},"geometry":{"type":"Polygon","coordinates":[[[77.263576,28.607368],[77.263576,28.607456],[77.26344,28.607457],[77.26344,28.607368],[77.263576,28.607368]]]}},{"type":"Feature","properties":{"kind":"building"},"geometry":{"type":"Polygon","coordinates":[[[77.26383,28.607335],[77.263831,28.607486],[77.263714,28.607486],[77.263713,28.607336],[77.26383,28.607335]]]}},{"type":"Feature","properties":{"kind":"building"},"geometry":{"type":"Polygon","coordinates":[[[77.263589,28.607942],[77.26359,28.608093],[77.263464,28.608093],[77.263463,28.607943],[77.263589,28.607942]]]}},{"type":"Feature","properties":{"kind":"building"},"geometry":{"type":"Polygon","coordinates":[[[77.263842,28.607949],[77.263843,28.608083],[77.263724,28.608084],[77.263723,28.60795],[77.263842,28.607949]]]}},{"type":"Feature","properties":{"kind":"building"},"geometry":{"type":"Polygon","coordinates":[[[77.263605,28.60913],[77.263606,28.609243],[77.263485,28.609243],[77.263484,28.609131],[77.263605,28.60913]]]}},{"type":"Feature","properties":{"kind":"building"},"geometry":{"type":"Polygon","coordinates":[[[77.26358,28.609533],[77.263581,28.609616],[77.263479,28.609616],[77.263479,28.609533],[77.26358,28.609533]]]}},{"type":"Feature","properties":{"kind":"building"},"geometry":{"type":"Polygon","coordinates":[[[77.263591,28.610179],[77.263592,28.610272],[77.263463,28.610272],[77.263462,28.61018],[77.263591,28.610179]]]}},{"type":"Feature","properties":{"kind":"building"},"geometry":{"type":"Polygon","coordinates":[[[77.263853,28.610174],[77.263854,28.610274],[77.263734,28.610275],[77.263733,28.610175],[77.263853,28.610174]]]}},{"type":"Feature","properties":{"kind":"building"},"geometry":{"type":"Polygon","coordinates":[[[77.263875,28.611091],[77.263875,28.611235],[77.263774,28.611235],[77.263774,28.61109],[77.263875,28.611091]]]}},{"type":"Feature","properties":{"kind":"building"},"geometry":{"type":"Polygon","coordinates":[[[77.263602,28.612082],[77.263601,28.612198],[77.263481,28.612198],[77.263482,28.612081],[77.263602,28.612082]]]}},{"type":"Feature","properties":{"kind":"building"},"geometry":{"type":"Polygon","coordinates":[[[77.26386,28.612068],[77.263859,28.612215],[77.263712,28.612214],[77.263713,28.612067],[77.26386,28.612068]]]}},{"type":"Feature","properties":{"kind":"building"},"geometry":{"type":"Polygon","coordinates":[[[77.2636,28.612369],[77.2636,28.612485],[77.263487,28.612484],[77.263487,28.612368],[77.2636,28.612369]]]}},{"type":"Feature","properties":{"kind":"building"},"geometry":{"type":"Polygon","coordinates":[[[77.263846,28.612376],[77.263846,28.61248],[77.263747,28.612479],[77.263747,28.612375],[77.263846,28.612376]]]}},{"type":"Feature","properties":{"kind":"building"},"geometry":{"type":"Polygon","coordinates":[[[77.263597,28.612675],[77.263596,28.612828],[77.263487,28.612827],[77.263488,28.612675],[77.263597,28.612675]]]}},{"type":"Feature","properties":{"kind":"building"},"geometry":{"type":"Polygon","coordinates":[[[77.263866,28.612678],[77.263865,28.612827],[77.263727,28.612826],[77.263728,28.612678],[77.263866,28.612678]]]}},{"type":"Feature","properties":{"kind":"building"},"geometry":{"type":"Polygon","coordinates":[[[77.258495,28.616086],[77.258623,28.616089],[77.25862,28.616191],[77.258492,28.616188],[77.258495,28.616086]]]}},{"type":"Feature","properties":{"kind":"building"},"geometry":{"type":"Polygon","coordinates":[[[77.258504,28.615823],[77.25863,28.615826],[77.258626,28.615959],[77.2585,28.615956],[77.258504,28.615823]]]}},{"type":"Feature","properties":{"kind":"building"},"geometry":{"type":"Polygon","coordinates":[[[77.258879,28.616118],[77.258977,28.61612],[77.258973,28.616231],[77.258875,28.616229],[77.258879,28.616118]]]}},{"type":"Feature","properties":{"kind":"building"},"geometry":{"type":"Polygon","coordinates":[[[77.260337,28.616129],[77.260491,28.616133],[77.260487,28.616259],[77.260333,28.616256],[77.260337,28.616129]]]}},{"type":"Feature","properties":{"kind":"building"},"geometry":{"type":"Polygon","coordinates":[[[77.260364,28.615893],[77.260478,28.615896],[77.260474,28.616027],[77.26036,28.616025],[77.260364,28.615893]]]}},{"type":"Feature","properties":{"kind":"building"},"geometry":{"type":"Polygon","coordinates":[[[77.260786,28.616148],[77.260927,28.616152],[77.260925,28.616237],[77.260783,28.616234],[77.260786,28.616148]]]}},{"type":"Feature","properties":{"kind":"building"},"geometry":{"type":"Polygon","coordinates":[[[77.260815,28.615867],[77.260916,28.61587],[77.260912,28.615983],[77.260811,28.61598],[77.260815,28.615867]]]}},{"type":"Feature","properties":{"kind":"building"},"geometry":{"type":"Polygon","coordinates":[[[77.261175,28.616166],[77.261302,28.616169],[77.261299,28.616293],[77.261171,28.61629],[77.261175,28.616166]]]}},{"type":"Feature","properties":{"kind":"building"},"geometry":{"type":"Polygon","coordinates":[[[77.261199,28.615919],[77.261294,28.615922],[77.261291,28.616026],[77.261196,28.616024],[77.261199,28.615919]]]}},{"type":"Feature","properties":{"kind":"building"},"geometry":{"type":"Polygon","coordinates":[[[77.265653,28.616061],[77.265752,28.616059],[77.265756,28.616192],[77.265657,28.616194],[77.265653,28.616061]]]}},{"type":"Feature","properties":{"kind":"building"},"geometry":{"type":"Polygon","coordinates":[[[77.265644,28.615839],[77.265747,28.615836],[77.26575,28.61593],[77.265647,28.615932],[77.265644,28.615839]]]}},{"type":"Feature","properties":{"kind":"building"},"geometry":{"type":"Polygon","coordinates":[[[77.258837,28.618334],[77.25898,28.618336],[77.258978,28.618466],[77.258835,28.618465],[77.258837,28.618334]]]}},{"type":"Feature","properties":{"kind":"building"},"geometry":{"type":"Polygon","coordinates":[[[77.258831,28.618061],[77.258992,28.618063],[77.258991,28.618189],[77.25883,28.618188],[77.258831,28.618061]]]}},{"type":"Feature","properties":{"kind":"building"},"geometry":{"type":"Polygon","coordinates":[[[77.262836,28.618377],[77.263006,28.618375],[77.263007,28.618457],[77.262837,28.618459],[77.262836,28.618377]]]}},{"type":"Feature","properties":{"kind":"building"},"geometry":{"type":"Polygon","coordinates":[[[77.262847,28.618133],[77.262988,28.618132],[77.26299,28.618222],[77.262848,28.618224],[77.262847,28.618133]]]}},{"type":"Feature","properties":{"kind":"building"},"geometry":{"type":"Polygon","coordinates":[[[77.264281,28.618329],[77.264375,28.618328],[77.264377,28.618451],[77.264282,28.618452],[77.264281,28.618329]]]}},{"type":"Feature","properties":{"kind":"building"},"geometry":{"type":"Polygon","coordinates":[[[77.261042,28.614093],[77.261036,28.614228],[77.26091,28.614224],[77.260916,28.614089],[77.261042,28.614093]]]}},{"type":"Feature","properties":{"kind":"building"},"geometry":{"type":"Polygon","coordinates":[[[77.260992,28.614458],[77.260986,28.614599],[77.260887,28.614595],[77.260893,28.614454],[77.260992,28.614458]]]}},{"type":"Feature","properties":{"kind":"building"},"geometry":{"type":"Polygon","coordinates":[[[77.261302,28.614488],[77.261297,28.614589],[77.261162,28.614584],[77.261166,28.614484],[77.261302,28.614488]]]}},{"type":"Feature","properties":{"kind":"building"},"geometry":{"type":"Polygon","coordinates":[[[77.26096,28.615472],[77.260956,28.615569],[77.260811,28.615564],[77.260816,28.615467],[77.26096,28.615472]]]}},{"type":"Feature","properties":{"kind":"building"},"geometry":{"type":"Polygon","coordinates":[[[77.261239,28.615473],[77.261234,28.615587],[77.261083,28.615582],[77.261088,28.615468],[77.261239,28.615473]]]}},{"type":"Feature","properties":{"kind":"building"},"geometry":{"type":"Polygon","coordinates":[[[77.261223,28.615767],[77.261217,28.615907],[77.261074,28.615903],[77.26108,28.615763],[77.261223,28.615767]]]}},{"type":"Feature","properties":{"kind":"building"},"geometry":{"type":"Polygon","coordinates":[[[77.260943,28.618255],[77.260946,28.618337],[77.260798,28.618342],[77.260794,28.61826],[77.260943,28.618255]]]}},{"type":"Feature","properties":{"kind":"building"},"geometry":{"type":"Polygon","coordinates":[[[77.261191,28.618244],[77.261195,28.618332],[77.261071,28.618336],[77.261067,28.618248],[77.261191,28.618244]]]}},{"type":"Feature","properties":{"kind":"building"},"geometry":{"type":"Polygon","coordinates":[[[77.260959,28.618512],[77.260966,28.618655],[77.260845,28.618659],[77.260838,28.618517],[77.260959,28.618512]]]}},{"type":"Feature","properties":{"kind":"building"},"geometry":{"type":"Polygon","coordinates":[[[77.261184,28.618501],[77.261191,28.618652],[77.261095,28.618655],[77.261089,28.618504],[77.261184,28.618501]]]}},{"type":"Feature","properties":{"kind":"building"},"geometry":{"type":"Polygon","coordinates":[[[77.260934,28.618851],[77.26094,28.618995],[77.260797,28.619],[77.260791,28.618856],[77.260934,28.618851]]]}},{"type":"Feature","properties":{"kind":"building"},"geometry":{"type":"Polygon","coordinates":[[[77.263863,28.61379],[77.263864,28.613924],[77.263711,28.613926],[77.26371,28.613791],[77.263863,28.61379]]]}},{"type":"Feature","properties":{"kind":"building"},"geometry":{"type":"Polygon","coordinates":[[[77.264123,28.613781],[77.264124,28.613929],[77.263989,28.61393],[77.263987,28.613782],[77.264123,28.613781]]]}},{"type":"Feature","properties":{"kind":"building"},"geometry":{"type":"Polygon","coordinates":[[[77.264137,28.614708],[77.264137,28.614794],[77.264009,28.614795],[77.264008,28.614709],[77.264137,28.614708]]]}},{"type":"Feature","properties":{"kind":"building"},"geometry":{"type":"Polygon","coordinates":[[[77.263853,28.6165],[77.263854,28.616636],[77.263717,28.616637],[77.263716,28.616501],[77.263853,28.6165]]]}},{"type":"Feature","properties":{"kind":"building"},"geometry":{"type":"Polygon","coordinates":[[[77.263821,28.619142],[77.26382,28.619278],[77.263694,28.619277],[77.263696,28.619141],[77.263821,28.619142]]]}},{"type":"Feature","properties":{"kind":"building"},"geometry":{"type":"Polygon","coordinates":[[[77.266255,28.57058],[77.266418,28.57058],[77.266417,28.570697],[77.266255,28.570697],[77.266255,28.57058]]]}},{"type":"Feature","properties":{"kind":"building"},"geometry":{"type":"Polygon","coordinates":[[[77.26627,28.570285],[77.266405,28.570285],[77.266405,28.570382],[77.26627,28.570381],[77.26627,28.570285]]]}},{"type":"Feature","properties":{"kind":"building"},"geometry":{"type":"Polygon","coordinates":[[[77.266709,28.570533],[77.266822,28.570534],[77.266821,28.570655],[77.266708,28.570655],[77.266709,28.570533]]]}},{"type":"Feature","properties":{"kind":"building"},"geometry":{"type":"Polygon","coordinates":[[[77.266704,28.570268],[77.266828,28.570269],[77.266828,28.570394],[77.266704,28.570394],[77.266704,28.570268]]]}},{"type":"Feature","properties":{"kind":"building"},"geometry":{"type":"Polygon","coordinates":[[[77.268399,28.570557],[77.268521,28.570557],[77.268521,28.570686],[77.268398,28.570685],[77.268399,28.570557]]]}},{"type":"Feature","properties":{"kind":"building"},"geometry":{"type":"Polygon","coordinates":[[[77.268396,28.570291],[77.268525,28.570291],[77.268525,28.570413],[77.268396,28.570413],[77.268396,28.570291]]]}},{"type":"Feature","properties":{"kind":"building"},"geometry":{"type":"Polygon","coordinates":[[[77.26978,28.57031],[77.269874,28.57031],[77.269874,28.570422],[77.26978,28.570422],[77.26978,28.57031]]]}},{"type":"Feature","properties":{"kind":"building"},"geometry":{"type":"Polygon","coordinates":[[[77.270637,28.570304],[77.270752,28.570304],[77.270752,28.570386],[77.270638,28.570386],[77.270637,28.570304]]]}},{"type":"Feature","properties":{"kind":"building"},"geometry":{"type":"Polygon","coordinates":[[[77.270936,28.570575],[77.271044,28.570575],[77.271044,28.57069],[77.270937,28.570691],[77.270936,28.570575]]]}},{"type":"Feature","properties":{"kind":"building"},"geometry":{"type":"Polygon","coordinates":[[[77.270227,28.570137],[77.270229,28.570262],[77.2701,28.570265],[77.270097,28.57014],[77.270227,28.570137]]]}},{"type":"Feature","properties":{"kind":"building"},"geometry":{"type":"Polygon","coordinates":[[[77.270462,28.570154],[77.270464,28.570237],[77.270351,28.570239],[77.27035,28.570156],[77.270462,28.570154]]]}},{"type":"Feature","properties":{"kind":"building"},"geometry":{"type":"Polygon","coordinates":[[[77.270221,28.572284],[77.270223,28.572379],[77.270076,28.572382],[77.270074,28.572287],[77.270221,28.572284]]]}},{"type":"Feature","properties":{"kind":"building"},"geometry":{"type":"Polygon","coordinates":[[[77.270542,28.57228],[77.270544,28.572372],[77.270392,28.572375],[77.27039,28.572283],[77.270542,28.57228]]]}},{"type":"Feature","properties":{"kind":"building"},"geometry":{"type":"Polygon","coordinates":[[[77.269065,28.574959],[77.269189,28.574961],[77.269187,28.575055],[77.269063,28.575052],[77.269065,28.574959]]]}},{"type":"Feature","properties":{"kind":"building"},"geometry":{"type":"Polygon","coordinates":[[[77.269065,28.5747],[77.269203,28.574703],[77.269201,28.574804],[77.269062,28.574801],[77.269065,28.5747]]]}},{"type":"Feature","properties":{"kind":"building"},"geometry":{"type":"Polygon","coordinates":[[[77.269403,28.574731],[77.269554,28.574734],[77.269552,28.574838],[77.2694,28.574835],[77.269403,28.574731]]]}},{"type":"Feature","properties":{"kind":"building"},"geometry":{"type":"Polygon","coordinates":[[[77.272376,28.574951],[77.272496,28.574949],[77.272499,28.575056],[77.272379,28.575058],[77.272376,28.574951]]]}},{"type":"Feature","properties":{"kind":"building"},"geometry":{"type":"Polygon","coordinates":[[[77.272346,28.574684],[77.272513,28.574681],[77.272515,28.574779],[77.272348,28.574782],[77.272346,28.574684]]]}},{"type":"Feature","properties":{"kind":"building"},"geometry":{"type":"Polygon","coordinates":[[[77.272701,28.574903],[77.272795,28.574901],[77.272798,28.575035],[77.272704,28.575037],[77.272701,28.574903]]]}},{"type":"Feature","properties":{"kind":"building"},"geometry":{"type":"Polygon","coordinates":[[[77.273716,28.574906],[77.273862,28.574903],[77.273866,28.575037],[77.273719,28.57504],[77.273716,28.574906]]]}},{"type":"Feature","properties":{"kind":"building"},"geometry":{"type":"Polygon","coordinates":[[[77.273716,28.574637],[77.273848,28.574634],[77.27385,28.574727],[77.273719,28.57473],[77.273716,28.574637]]]}},{"type":"Feature","properties":{"kind":"building"},"geometry":{"type":"Polygon","coordinates":[[[77.266633,28.577512],[77.266737,28.577512],[77.266737,28.577619],[77.266633,28.577619],[77.266633,28.577512]]]}},{"type":"Feature","properties":{"kind":"building"},"geometry":{"type":"Polygon","coordinates":[[[77.266636,28.577276],[77.266733,28.577276],[77.266733,28.577378],[77.266636,28.577378],[77.266636,28.577276]]]}},{"type":"Feature","properties":{"kind":"building"},"geometry":{"type":"Polygon","coordinates":[[[77.266939,28.577282],[77.267056,28.577282],[77.267056,28.577367],[77.266939,28.577367],[77.266939,28.577282]]]}},{"type":"Feature","properties":{"kind":"building"},"geometry":{"type":"Polygon","coordinates":[[[77.267594,28.577509],[77.267767,28.577509],[77.267767,28.577621],[77.267594,28.577621],[77.267594,28.577509]]]}},{"type":"Feature","properties":{"kind":"building"},"geometry":{"type":"Polygon","coordinates":[[[77.267631,28.577253],[77.267729,28.577253],[77.267729,28.577338],[77.267631,28.577338],[77.267631,28.577253]]]}},{"type":"Feature","properties":{"kind":"building"},"geometry":{"type":"Polygon","coordinates":[[[77.268419,28.57751],[77.268512,28.57751],[77.268512,28.577635],[77.268419,28.577636],[77.268419,28.57751]]]}},{"type":"Feature","properties":{"kind":"building"},"geometry":{"type":"Polygon","coordinates":[[[77.269493,28.577506],[77.269643,28.577506],[77.269644,28.577639],[77.269493,28.577639],[77.269493,28.577506]]]}},{"type":"Feature","properties":{"kind":"building"},"geometry":{"type":"Polygon","coordinates":[[[77.269519,28.577247],[77.269618,28.577247],[77.269618,28.577366],[77.269519,28.577366],[77.269519,28.577247]]]}},{"type":"Feature","properties":{"kind":"building"},"geometry":{"type":"Polygon","coordinates":[[[77.27064,28.577228],[77.270751,28.577228],[77.270751,28.577323],[77.27064,28.577322],[77.27064,28.577228]]]}},{"type":"Feature","properties":{"kind":"building"},"geometry":{"type":"Polygon","coordinates":[[[77.27092,28.577538],[77.271074,28.577538],[77.271074,28.577623],[77.27092,28.577623],[77.27092,28.577538]]]}},{"type":"Feature","properties":{"kind":"building"},"geometry":{"type":"Polygon","coordinates":[[[77.270932,28.577257],[77.271064,28.577257],[77.271064,28.577378],[77.270931,28.577378],[77.270932,28.577257]]]}},{"type":"Feature","properties":{"kind":"building"},"geometry":{"type":"Polygon","coordinates":[[[77.273062,28.577271],[77.273208,28.577271],[77.273208,28.577355],[77.273061,28.577355],[77.273062,28.577271]]]}},{"type":"Feature","properties":{"kind":"building"},"geometry":{"type":"Polygon","coordinates":[[[77.273365,28.577531],[77.273506,28.577531],[77.273506,28.577645],[77.273365,28.577645],[77.273365,28.577531]]]}},{"type":"Feature","properties":{"kind":"building"},"geometry":{"type":"Polygon","coordinates":[[[77.273358,28.577211],[77.273515,28.577211],[77.273515,28.57732],[77.273358,28.57732],[77.273358,28.577211]]]}},{"type":"Feature","properties":{"kind":"building"},"geometry":{"type":"Polygon","coordinates":[[[77.273699,28.577517],[77.273809,28.577517],[77.273809,28.577612],[77.273699,28.577612],[77.273699,28.577517]]]}},{"type":"Feature","properties":{"kind":"building"},"geometry":{"type":"Polygon","coordinates":[[[77.273707,28.577259],[77.273801,28.577259],[77.273801,28.577382],[77.273707,28.577382],[77.273707,28.577259]]]}},{"type":"Feature","properties":{"kind":"building"},"geometry":{"type":"Polygon","coordinates":[[[77.268955,28.573124],[77.268954,28.573275],[77.268823,28.573274],[77.268824,28.573123],[77.268955,28.573124]]]}},{"type":"Feature","properties":{"kind":"building"},"geometry":{"type":"Polygon","coordinates":[[[77.269193,28.573132],[77.269192,28.573268],[77.269062,28.573267],[77.269063,28.573132],[77.269193,28.573132]]]}},{"type":"Feature","properties":{"kind":"building"},"geometry":{"type":"Polygon","coordinates":[[[77.268901,28.573483],[77.2689,28.573566],[77.26879,28.573565],[77.268791,28.573483],[77.268901,28.573483]]]}},{"type":"Feature","properties":{"kind":"building"},"geometry":{"type":"Polygon","coordinates":[[[77.268903,28.576656],[77.268904,28.576786],[77.268774,28.576786],[77.268773,28.576657],[77.268903,28.576656]]]}},{"type":"Feature","properties":{"kind":"building"},"geometry":{"type":"Polygon","coordinates":[[[77.2689,28.577924],[77.2689,28.578009],[77.26877,28.578009],[77.26877,28.577924],[77.2689,28.577924]]]}},{"type":"Feature","properties":{"kind":"building"},"geometry":{"type":"Polygon","coordinates":[[[77.269226,28.577893],[77.269226,28.578037],[77.269131,28.578037],[77.26913,28.577893],[77.269226,28.577893]]]}},{"type":"Feature","properties":{"kind":"building"},"geometry":{"type":"Polygon","coordinates":[[[77.271337,28.574955],[77.271333,28.575102],[77.271223,28.5751],[77.271228,28.574952],[77.271337,28.574955]]]}},{"type":"Feature","properties":{"kind":"building"},"geometry":{"type":"Polygon","coordinates":[[[77.271683,28.574993],[77.271681,28.57508],[77.271571,28.575077],[77.271573,28.574991],[77.271683,28.574993]]]}},{"type":"Feature","properties":{"kind":"building"},"geometry":{"type":"Polygon","coordinates":[[[77.271639,28.57634],[77.271643,28.576479],[77.271505,28.576483],[77.271501,28.576344],[77.271639,28.57634]]]}},{"type":"Feature","properties":{"kind":"building"},"geometry":{"type":"Polygon","coordinates":[[[77.271673,28.577576],[77.271677,28.577695],[77.271583,28.577697],[77.271579,28.577578],[77.271673,28.577576]]]}},{"type":"Feature","properties":{"kind":"building"},"geometry":{"type":"Polygon","coordinates":[[[77.271623,28.577945],[77.271627,28.578073],[77.271532,28.578075],[77.271528,28.577947],[77.271623,28.577945]]]}},{"type":"Feature","properties":{"kind":"building"},"geometry":{"type":"Polygon","coordinates":[[[77.268622,28.582358],[77.268765,28.582309],[77.268817,28.582426],[77.268674,28.582475],[77.268622,28.582358]]]}},{"type":"Feature","properties":{"kind":"building"},"geometry":{"type":"Polygon","coordinates":[[[77.269659,28.581945],[77.269748,28.581914],[77.269793,28.582016],[77.269705,28.582046],[77.269659,28.581945]]]}},{"type":"Feature","properties":{"kind":"building"},"geometry":{"type":"Polygon","coordinates":[[[77.269537,28.581754],[77.26969,28.581701],[77.269732,28.581797],[77.26958,28.581849],[77.269537,28.581754]]]}},{"type":"Feature","properties":{"kind":"building"},"geometry":{"type":"Polygon","coordinates":[[[77.270281,28.581541],[77.270412,28.58154],[77.270413,28.581673],[77.270282,28.581673],[77.270281,28.581541]]]}},{"type":"Feature","properties":{"kind":"building"},"geometry":{"type":"Polygon","coordinates":[[[77.270958,28.581771],[77.271085,28.58177],[77.271086,28.581903],[77.270958,28.581903],[77.270958,28.581771]]]}},{"type":"Feature","properties":{"kind":"building"},"geometry":{"type":"Polygon","coordinates":[[[77.27096,28.581528],[77.271083,28.581528],[77.271083,28.581641],[77.27096,28.581641],[77.27096,28.581528]]]}},{"type":"Feature","properties":{"kind":"building"},"geometry":{"type":"Polygon","coordinates":[[[77.272339,28.581793],[77.272477,28.581793],[77.272477,28.581898],[77.27234,28.581898],[77.272339,28.581793]]]}},{"type":"Feature","properties":{"kind":"building"},"geometry":{"type":"Polygon","coordinates":[[[77.272718,28.581832],[77.272854,28.581832],[77.272854,28.581933],[77.272718,28.581933],[77.272718,28.581832]]]}},{"type":"Feature","properties":{"kind":"building"},"geometry":{"type":"Polygon","coordinates":[[[77.272705,28.581526],[77.272865,28.581526],[77.272866,28.581656],[77.272705,28.581656],[77.272705,28.581526]]]}},{"type":"Feature","properties":{"kind":"building"},"geometry":{"type":"Polygon","coordinates":[[[77.272999,28.581801],[77.273163,28.5818],[77.273163,28.581888],[77.272999,28.581888],[77.272999,28.581801]]]}},{"type":"Feature","properties":{"kind":"building"},"geometry":{"type":"Polygon","coordinates":[[[77.273008,28.581538],[77.273152,28.581538],[77.273152,28.581634],[77.273009,28.581634],[77.273008,28.581538]]]}},{"type":"Feature","properties":{"kind":"building"},"geometry":{"type":"Polygon","coordinates":[[[77.273717,28.581809],[77.273879,28.581809],[77.273879,28.581903],[77.273717,28.581903],[77.273717,28.581809]]]}},{"type":"Feature","properties":{"kind":"building"},"geometry":{"type":"Polygon","coordinates":[[[77.273732,28.581536],[77.273863,28.581536],[77.273863,28.581637],[77.273732,28.581637],[77.273732,28.581536]]]}},{"type":"Feature","properties":{"kind":"building"},"geometry":{"type":"Polygon","coordinates":[[[77.269726,28.584255],[77.269842,28.584269],[77.269827,28.584364],[77.269711,28.584349],[77.269726,28.584255]]]}},{"type":"Feature","properties":{"kind":"building"},"geometry":{"type":"Polygon","coordinates":[[[77.271335,28.584295],[77.271452,28.584292],[77.271456,28.584378],[77.271339,28.584381],[77.271335,28.584295]]]}},{"type":"Feature","properties":{"kind":"building"},"geometry":{"type":"Polygon","coordinates":[[[77.273502,28.584243],[77.273615,28.58424],[77.273618,28.58433],[77.273505,28.584334],[77.273502,28.584243]]]}},{"type":"Feature","properties":{"kind":"building"},"geometry":{"type":"Polygon","coordinates":[[[77.27388,28.583959],[77.274021,28.583954],[77.274025,28.584042],[77.273883,28.584046],[77.27388,28.583959]]]}},{"type":"Feature","properties":{"kind":"building"},"geometry":{"type":"Polygon","coordinates":[[[77.268535,28.581168],[77.268469,28.581251],[77.268358,28.581183],[77.268424,28.5811],[77.268535,28.581168]]]}},{"type":"Feature","properties":{"kind":"building"},"geometry":{"type":"Polygon","coordinates":[[[77.268775,28.5813],[77.268694,28.581402],[77.268618,28.581356],[77.268699,28.581254],[77.268775,28.5813]]]}},{"type":"Feature","properties":{"kind":"building"},"geometry":{"type":"Polygon","coordinates":[[[77.267991,28.585354],[77.268066,28.585472],[77.267954,28.585527],[77.267879,28.585409],[77.267991,28.585354]]]}},{"type":"Feature","properties":{"kind":"building"},"geometry":{"type":"Polygon","coordinates":[[[77.268352,28.585924],[77.268404,28.586005],[77.268278,28.586066],[77.268226,28.585985],[77.268352,28.585924]]]}},{"type":"Feature","properties":{"kind":"building"},"geometry":{"type":"Polygon","coordinates":[[[77.268585,28.5858],[77.268647,28.585897],[77.268558,28.58594],[77.268497,28.585843],[77.268585,28.5858]]]}},{"type":"Feature","properties":{"kind":"building"},"geometry":{"type":"Polygon","coordinates":[[[77.2688,28.586009],[77.268869,28.586117],[77.268748,28.586176],[77.26868,28.586068],[77.2688,28.586009]]]}},{"type":"Feature","properties":{"kind":"building"},"geometry":{"type":"Polygon","coordinates":[[[77.271938,28.58054],[77.271934,28.580672],[77.271788,28.580669],[77.271791,28.580537],[77.271938,28.58054]]]}},{"type":"Feature","properties":{"kind":"building"},"geometry":{"type":"Polygon","coordinates":[[[77.27159,28.581739],[77.271588,28.581826],[77.271463,28.581824],[77.271466,28.581736],[77.27159,28.581739]]]}},{"type":"Feature","properties":{"kind":"building"},"geometry":{"type":"Polygon","coordinates":[[[77.27157,28.582323],[77.271567,28.582452],[77.271427,28.582449],[77.27143,28.58232],[77.27157,28.582323]]]}},{"type":"Feature","properties":{"kind":"building"},"geometry":{"type":"Polygon","coordinates":[[[77.271591,28.583488],[77.271594,28.583611],[77.271471,28.583614],[77.271468,28.583491],[77.271591,28.583488]]]}},{"type":"Feature","properties":{"kind":"building"},"geometry":{"type":"Polygon","coordinates":[[[77.271862,28.5835],[77.271864,28.583587],[77.271756,28.58359],[77.271754,28.583502],[77.271862,28.5835]]]}},{"type":"Feature","properties":{"kind":"building"},"geometry":{"type":"Polygon","coordinates":[[[77.271863,28.584058],[77.271866,28.584171],[77.271744,28.584173],[77.271741,28.584061],[77.271863,28.584058]]]}},{"type":"Feature","properties":{"kind":"building"},"geometry":{"type":"Polygon","coordinates":[[[77.271643,28.584939],[77.271646,28.585028],[77.27151,28.585031],[77.271508,28.584942],[77.271643,28.584939]]]}},{"type":"Feature","properties":{"kind":"building"},"geometry":{"type":"Polygon","coordinates":[[[77.271907,28.584936],[77.27191,28.585019],[77.271817,28.585021],[77.271814,28.584938],[77.271907,28.584936]]]}},{"type":"Feature","properties":{"kind":"building"},"geometry":{"type":"Polygon","coordinates":[[[77.271658,28.585589],[77.271662,28.585725],[77.271545,28.585728],[77.271541,28.585591],[77.271658,28.585589]]]}},{"type":"Feature","properties":{"kind":"building"},"geometry":{"type":"Polygon","coordinates":[[[77.271925,28.585603],[77.271927,28.585699],[77.271829,28.585702],[77.271826,28.585605],[77.271925,28.585603]]]}},{"type":"Feature","properties":{"kind":"building"},"geometry":{"type":"Polygon","coordinates":[[[77.271974,28.585849],[77.271977,28.585964],[77.271844,28.585967],[77.271841,28.585852],[77.271974,28.585849]]]}},{"type":"Feature","properties":{"kind":"building"},"geometry":{"type":"Polygon","coordinates":[[[77.26813,28.588828],[77.268245,28.588826],[77.268247,28.588934],[77.268132,28.588936],[77.26813,28.588828]]]}},{"type":"Feature","properties":{"kind":"building"},"geometry":{"type":"Polygon","coordinates":[[[77.26947,28.588776],[77.269577,28.588775],[77.269579,28.588885],[77.269472,28.588887],[77.26947,28.588776]]]}},{"type":"Feature","properties":{"kind":"building"},"geometry":{"type":"Polygon","coordinates":[[[77.26946,28.588542],[77.269578,28.58854],[77.269579,28.588634],[77.269462,28.588636],[77.26946,28.588542]]]}},{"type":"Feature","properties":{"kind":"building"},"geometry":{"type":"Polygon","coordinates":[[[77.269822,28.588817],[77.269924,28.588815],[77.269926,28.588898],[77.269824,28.5889],[77.269822,28.588817]]]}},{"type":"Feature","properties":{"kind":"building"},"geometry":{"type":"Polygon","coordinates":[[[77.269798,28.588511],[77.269937,28.588509],[77.269939,28.588639],[77.269801,28.588641],[77.269798,28.588511]]]}},{"type":"Feature","properties":{"kind":"building"},"geometry":{"type":"Polygon","coordinates":[[[77.270267,28.588809],[77.27043,28.588807],[77.270432,28.588935],[77.27027,28.588937],[77.270267,28.588809]]]}},{"type":"Feature","properties":{"kind":"building"},"geometry":{"type":"Polygon","coordinates":[[[77.270276,28.588553],[77.270413,28.588551],[77.270415,28.588682],[77.270279,28.588684],[77.270276,28.588553]]]}},{"type":"Feature","properties":{"kind":"building"},"geometry":{"type":"Polygon","coordinates":[[[77.273034,28.588771],[77.273208,28.588769],[77.273209,28.58886],[77.273035,28.588862],[77.273034,28.588771]]]}},{"type":"Feature","properties":{"kind":"building"},"geometry":{"type":"Polygon","coordinates":[[[77.273069,28.588514],[77.273164,28.588513],[77.273165,28.588612],[77.273071,28.588613],[77.273069,28.588514]]]}},{"type":"Feature","properties":{"kind":"building"},"geometry":{"type":"Polygon","coordinates":[[[77.273836,28.588728],[77.273931,28.588726],[77.273933,28.58885],[77.273838,28.588851],[77.273836,28.588728]]]}},{"type":"Feature","properties":{"kind":"building"},"geometry":{"type":"Polygon","coordinates":[[[77.268603,28.591185],[77.268761,28.591142],[77.268789,28.591221],[77.268631,28.591264],[77.268603,28.591185]]]}},{"type":"Feature","properties":{"kind":"building"},"geometry":{"type":"Polygon","coordinates":[[[77.26913,28.591303],[77.269221,28.591278],[77.269254,28.591372],[77.269163,28.591397],[77.26913,28.591303]]]}},{"type":"Feature","properties":{"kind":"building"},"geometry":{"type":"Polygon","coordinates":[[[77.26901,28.591052],[77.269156,28.591012],[77.269193,28.591116],[77.269047,28.591156],[77.26901,28.591052]]]}},{"type":"Feature","properties":{"kind":"building"},"geometry":{"type":"Polygon","coordinates":[[[77.269369,28.591004],[77.269458,28.590979],[77.269495,28.591082],[77.269406,28.591107],[77.269369,28.591004]]]}},{"type":"Feature","properties":{"kind":"building"},"geometry":{"type":"Polygon","coordinates":[[[77.270265,28.591035],[77.27043,28.591035],[77.27043,28.591165],[77.270265,28.591165],[77.270265,28.591035]]]}},{"type":"Feature","properties":{"kind":"building"},"geometry":{"type":"Polygon","coordinates":[[[77.270301,28.590774],[77.270394,28.590774],[77.270394,28.590897],[77.270301,28.590897],[77.270301,28.590774]]]}},{"type":"Feature","properties":{"kind":"building"},"geometry":{"type":"Polygon","coordinates":[[[77.272035,28.591011],[77.27216,28.591011],[77.27216,28.59113],[77.272035,28.59113],[77.272035,28.591011]]]}},{"type":"Feature","properties":{"kind":"building"},"geometry":{"type":"Polygon","coordinates":[[[77.272772,28.5908],[77.272916,28.5908],[77.272916,28.590918],[77.272772,28.590918],[77.272772,28.5908]]]}},{"type":"Feature","properties":{"kind":"building"},"geometry":{"type":"Polygon","coordinates":[[[77.273434,28.590806],[77.273592,28.590806],[77.273592,28.59091],[77.273434,28.59091],[77.273434,28.590806]]]}},{"type":"Feature","properties":{"kind":"building"},"geometry":{"type":"Polygon","coordinates":[[[77.268854,28.586808],[77.268854,28.586899],[77.268701,28.586898],[77.268701,28.586808],[77.268854,28.586808]]]}},{"type":"Feature","properties":{"kind":"building"},"geometry":{"type":"Polygon","coordinates":[[[77.269156,28.587474],[77.269156,28.587573],[77.269021,28.587573],[77.269021,28.587473],[77.269156,28.587474]]]}},{"type":"Feature","properties":{"kind":"building"},"geometry":{"type":"Polygon","coordinates":[[[77.269143,28.587785],[77.269143,28.587872],[77.269005,28.587871],[77.269006,28.587785],[77.269143,28.587785]]]}},{"type":"Feature","properties":{"kind":"building"},"geometry":{"type":"Polygon","coordinates":[[[77.268837,28.588405],[77.268837,28.588512],[77.268738,28.588512],[77.268738,28.588404],[77.268837,28.588405]]]}},{"type":"Feature","properties":{"kind":"building"},"geometry":{"type":"Polygon","coordinates":[[[77.269101,28.588414],[77.269101,28.588505],[77.268978,28.588504],[77.268979,28.588414],[77.269101,28.588414]]]}},{"type":"Feature","properties":{"kind":"building"},"geometry":{"type":"Polygon","coordinates":[[[77.268772,28.589319],[77.268772,28.589447],[77.268666,28.589447],[77.268666,28.589319],[77.268772,28.589319]]]}},{"type":"Feature","properties":{"kind":"building"},"geometry":{"type":"Polygon","coordinates":[[[77.269133,28.589344],[77.269133,28.589425],[77.269015,28.589425],[77.269015,28.589343],[77.269133,28.589344]]]}},{"type":"Feature","properties":{"kind":"building"},"geometry":{"type":"Polygon","coordinates":[[[77.268802,28.589668],[77.268801,28.58982],[77.268662,28.589819],[77.268663,28.589667],[77.268802,28.589668]]]}},{"type":"Feature","properties":{"kind":"building"},"geometry":{"type":"Polygon","coordinates":[[[77.269119,28.589696],[77.269118,28.589794],[77.269016,28.589793],[77.269017,28.589695],[77.269119,28.589696]]]}},{"type":"Feature","properties":{"kind":"building"},"geometry":{"type":"Polygon","coordinates":[[[77.269093,28.590624],[77.269093,28.590736],[77.268958,28.590737],[77.268957,28.590624],[77.269093,28.590624]]]}},{"type":"Feature","properties":{"kind":"building"},"geometry":{"type":"Polygon","coordinates":[[[77.268785,28.590925],[77.268786,28.591064],[77.268691,28.591065],[77.26869,28.590925],[77.268785,28.590925]]]}},{"type":"Feature","properties":{"kind":"building"},"geometry":{"type":"Polygon","coordinates":[[[77.268823,28.591918],[77.268823,28.592069],[77.268697,28.592069],[77.268696,28.591918],[77.268823,28.591918]]]}},{"type":"Feature","properties":{"kind":"building"},"geometry":{"type":"Polygon","coordinates":[[[77.269111,28.59194],[77.269112,28.592044],[77.268981,28.592045],[77.268981,28.591941],[77.269111,28.59194]]]}},{"type":"Feature","properties":{"kind":"building"},"geometry":{"type":"Polygon","coordinates":[[[77.268837,28.592206],[77.268838,28.592338],[77.268694,28.592339],[77.268694,28.592207],[77.268837,28.592206]]]}},{"type":"Feature","properties":{"kind":"building"},"geometry":{"type":"Polygon","coordinates":[[[77.26883,28.593111],[77.268831,28.593263],[77.268706,28.593263],[77.268706,28.593112],[77.26883,28.593111]]]}},{"type":"Feature","properties":{"kind":"building"},"geometry":{"type":"Polygon","coordinates":[[[77.271554,28.586503],[77.271549,28.586609],[77.271429,28.586605],[77.271433,28.586499],[77.271554,28.586503]]]}},{"type":"Feature","properties":{"kind":"building"},"geometry":{"type":"Polygon","coordinates":[[[77.271238,28.587154],[77.271233,28.587248],[77.271123,28.587244],[77.271127,28.58715],[77.271238,28.587154]]]}},{"type":"Feature","properties":{"kind":"building"},"geometry":{"type":"Polygon","coordinates":[[[77.271188,28.588128],[77.271183,28.588228],[77.271078,28.588225],[77.271083,28.588124],[77.271188,28.588128]]]}},{"type":"Feature","properties":{"kind":"building"},"geometry":{"type":"Polygon","coordinates":[[[77.27146,28.588118],[77.271454,28.588256],[77.271359,28.588253],[77.271365,28.588115],[77.27146,28.588118]]]}},{"type":"Feature","properties":{"kind":"building"},"geometry":{"type":"Polygon","coordinates":[[[77.27115,28.588689],[77.271143,28.588839],[77.27099,28.588834],[77.270997,28.588684],[77.27115,28.588689]]]}},{"type":"Feature","properties":{"kind":"building"},"geometry":{"type":"Polygon","coordinates":[[[77.271471,28.588722],[77.271466,28.588828],[77.271343,28.588824],[77.271348,28.588718],[77.271471,28.588722]]]}},{"type":"Feature","properties":{"kind":"building"},"geometry":{"type":"Polygon","coordinates":[[[77.271439,28.589328],[77.271434,28.589444],[77.271301,28.589439],[77.271307,28.589324],[77.271439,28.589328]]]}},{"type":"Feature","properties":{"kind":"building"},"geometry":{"type":"Polygon","coordinates":[[[77.271411,28.58961],[77.271406,28.589711],[77.271273,28.589707],[77.271277,28.589605],[77.271411,28.58961]]]}},{"type":"Feature","properties":{"kind":"building"},"geometry":{"type":"Polygon","coordinates":[[[77.271378,28.589999],[77.271384,28.590127],[77.271255,28.590132],[77.27125,28.590003],[77.271378,28.589999]]]}},{"type":"Feature","properties":{"kind":"building"},"geometry":{"type":"Polygon","coordinates":[[[77.271106,28.590359],[77.27111,28.590467],[77.271006,28.59047],[77.271001,28.590363],[77.271106,28.590359]]]}},{"type":"Feature","properties":{"kind":"building"},"geometry":{"type":"Polygon","coordinates":[[[77.271438,28.590338],[77.271444,28.590466],[77.271311,28.59047],[77.271305,28.590342],[77.271438,28.590338]]]}},{"type":"Feature","properties":{"kind":"building"},"geometry":{"type":"Polygon","coordinates":[[[77.271394,28.590706],[77.271398,28.590798],[77.271299,28.590802],[77.271295,28.590709],[77.271394,28.590706]]]}},{"type":"Feature","properties":{"kind":"building"},"geometry":{"type":"Polygon","coordinates":[[[77.271168,28.590959],[77.271173,28.591069],[77.271052,28.591073],[77.271047,28.590963],[77.271168,28.590959]]]}},{"type":"Feature","properties":{"kind":"building"},"geometry":{"type":"Polygon","coordinates":[[[77.271155,28.591244],[77.271161,28.591369],[77.271049,28.591373],[77.271044,28.591247],[77.271155,28.591244]]]}},{"type":"Feature","properties":{"kind":"building"},"geometry":{"type":"Polygon","coordinates":[[[77.27121,28.59218],[77.271214,28.59227],[77.271088,28.592274],[77.271084,28.592184],[77.27121,28.59218]]]}},{"type":"Feature","properties":{"kind":"building"},"geometry":{"type":"Polygon","coordinates":[[[77.271463,28.592159],[77.271468,28.592274],[77.271334,28.592278],[77.271329,28.592164],[77.271463,28.592159]]]}},{"type":"Feature","properties":{"kind":"building"},"geometry":{"type":"Polygon","coordinates":[[[77.27122,28.59315],[77.271227,28.593294],[77.271087,28.593299],[77.271081,28.593154],[77.27122,28.59315]]]}},{"type":"Feature","properties":{"kind":"building"},"geometry":{"type":"Polygon","coordinates":[[[77.27153,28.593156],[77.271535,28.593266],[77.271425,28.59327],[77.27142,28.59316],[77.27153,28.593156]]]}},{"type":"Feature","properties":{"kind":"building"},"geometry":{"type":"Polygon","coordinates":[[[77.269228,28.595357],[77.269354,28.595377],[77.269336,28.595467],[77.26921,28.595446],[77.269228,28.595357]]]}},{"type":"Feature","properties":{"kind":"building"},"geometry":{"type":"Polygon","coordinates":[[[77.270294,28.595438],[77.270403,28.595438],[77.270402,28.595566],[77.270293,28.595566],[77.270294,28.595438]]]}},{"type":"Feature","properties":{"kind":"building"},"geometry":{"type":"Polygon","coordinates":[[[77.272115,28.595451],[77.272214,28.595451],[77.272214,28.595585],[77.272114,28.595584],[77.272115,28.595451]]]}},{"type":"Feature","properties":{"kind":"building"},"geometry":{"type":"Polygon","coordinates":[[[77.273477,28.595471],[77.273582,28.595471],[77.273582,28.595565],[77.273477,28.595564],[77.273477,28.595471]]]}},{"type":"Feature","properties":{"kind":"building"},"geometry":{"type":"Polygon","coordinates":[[[77.267705,28.59772],[77.267848,28.597713],[77.267855,28.59782],[77.267712,28.597828],[77.267705,28.59772]]]}},{"type":"Feature","properties":{"kind":"building"},"geometry":{"type":"Polygon","coordinates":[[[77.268732,28.597919],[77.268856,28.597913],[77.268864,28.598043],[77.268741,28.598049],[77.268732,28.597919]]]}},{"type":"Feature","properties":{"kind":"building"},"geometry":{"type":"Polygon","coordinates":[[[77.268701,28.597646],[77.268851,28.597639],[77.268857,28.597728],[77.268706,28.597735],[77.268701,28.597646]]]}},{"type":"Feature","properties":{"kind":"building"},"geometry":{"type":"Polygon","coordinates":[[[77.26903,28.597881],[77.269199,28.597873],[77.269204,28.597962],[77.269036,28.59797],[77.26903,28.597881]]]}},{"type":"Feature","properties":{"kind":"building"},"geometry":{"type":"Polygon","coordinates":[[[77.269373,28.597834],[77.269542,28.597825],[77.26955,28.597942],[77.26938,28.59795],[77.269373,28.597834]]]}},{"type":"Feature","properties":{"kind":"building"},"geometry":{"type":"Polygon","coordinates":[[[77.269394,28.597597],[77.26949,28.597593],[77.269498,28.597705],[77.269401,28.59771],[77.269394,28.597597]]]}},{"type":"Feature","properties":{"kind":"building"},"geometry":{"type":"Polygon","coordinates":[[[77.270293,28.5978],[77.270405,28.597797],[77.270408,28.597922],[77.270297,28.597925],[77.270293,28.5978]]]}},{"type":"Feature","properties":{"kind":"building"},"geometry":{"type":"Polygon","coordinates":[[[77.270688,28.597566],[77.270836,28.597562],[77.27084,28.597692],[77.270692,28.597695],[77.270688,28.597566]]]}},{"type":"Feature","properties":{"kind":"building"},"geometry":{"type":"Polygon","coordinates":[[[77.271129,28.597806],[77.271227,28.597804],[77.271229,28.59789],[77.271131,28.597892],[77.271129,28.597806]]]}},{"type":"Feature","properties":{"kind":"building"},"geometry":{"type":"Polygon","coordinates":[[[77.271092,28.597569],[77.271249,28.597566],[77.271251,28.597657],[77.271095,28.597661],[77.271092,28.597569]]]}},{"type":"Feature","properties":{"kind":"building"},"geometry":{"type":"Polygon","coordinates":[[[77.271391,28.597806],[77.271554,28.597802],[77.271558,28.597936],[77.271395,28.59794],[77.271391,28.597806]]]}},{"type":"Feature","properties":{"kind":"building"},"geometry":{"type":"Polygon","coordinates":[[[77.271392,28.597539],[77.271536,28.597536],[77.271539,28.597626],[77.271395,28.59763],[77.271392,28.597539]]]}},{"type":"Feature","properties":{"kind":"building"},"geometry":{"type":"Polygon","coordinates":[[[77.271712,28.597803],[77.271834,28.5978],[77.271837,28.597884],[77.271715,28.597887],[77.271712,28.597803]]]}},{"type":"Feature","properties":{"kind":"building"},"geometry":{"type":"Polygon","coordinates":[[[77.271682,28.597528],[77.271848,28.597524],[77.271851,28.597629],[77.271685,28.597633],[77.271682,28.597528]]]}},{"type":"Feature","properties":{"kind":"building"},"geometry":{"type":"Polygon","coordinates":[[[77.273111,28.597738],[77.273212,28.597735],[77.273216,28.597862],[77.273114,28.597865],[77.273111,28.597738]]]}},{"type":"Feature","properties":{"kind":"building"},"geometry":{"type":"Polygon","coordinates":[[[77.273089,28.597538],[77.273222,28.597535],[77.273225,28.597626],[77.273091,28.597629],[77.273089,28.597538]]]}},{"type":"Feature","properties":{"kind":"building"},"geometry":{"type":"Polygon","coordinates":[[[77.273389,28.597746],[77.273561,28.597742],[77.273564,28.597848],[77.273392,28.597852],[77.273389,28.597746]]]}},{"type":"Feature","properties":{"kind":"building"},"geometry":{"type":"Polygon","coordinates":[[[77.273389,28.597513],[77.273548,28.59751],[77.273551,28.597635],[77.273392,28.597639],[77.273389,28.597513]]]}},{"type":"Feature","properties":{"kind":"building"},"geometry":{"type":"Polygon","coordinates":[[[77.273772,28.597769],[77.273906,28.597766],[77.273909,28.597864],[77.273775,28.597867],[77.273772,28.597769]]]}},{"type":"Feature","properties":{"kind":"building"},"geometry":{"type":"Polygon","coordinates":[[[77.273747,28.5975],[77.273915,28.597496],[77.273918,28.597615],[77.27375,28.597619],[77.273747,28.5975]]]}},{"type":"Feature","properties":{"kind":"building"},"geometry":{"type":"Polygon","coordinates":[[[77.268637,28.593608],[77.268632,28.59375],[77.268506,28.593746],[77.268511,28.593605],[77.268637,28.593608]]]}},{"type":"Feature","properties":{"kind":"building"},"geometry":{"type":"Polygon","coordinates":[[[77.268865,28.593643],[77.268862,28.593727],[77.268763,28.593724],[77.268766,28.59364],[77.268865,28.593643]]]}},{"type":"Feature","properties":{"kind":"building"},"geometry":{"type":"Polygon","coordinates":[[[77.268588,28.594488],[77.268583,28.594628],[77.268442,28.594625],[77.268447,28.594484],[77.268588,28.594488]]]}},{"type":"Feature","properties":{"kind":"building"},"geometry":{"type":"Polygon","coordinates":[[[77.268909,28.594498],[77.268905,28.594636],[77.268787,28.594633],[77.268792,28.594494],[77.268909,28.594498]]]}},{"type":"Feature","properties":{"kind":"building"},"geometry":{"type":"Polygon","coordinates":[[[77.268576,28.594768],[77.268572,28.594857],[77.268458,28.594853],[77.268461,28.594765],[77.268576,28.594768]]]}},{"type":"Feature","properties":{"kind":"building"},"geometry":{"type":"Polygon","coordinates":[[[77.268886,28.594759],[77.268882,28.594883],[77.268775,28.59488],[77.268779,28.594756],[77.268886,28.594759]]]}},{"type":"Feature","properties":{"kind":"building"},"geometry":{"type":"Polygon","coordinates":[[[77.268547,28.595463],[77.268544,28.595553],[77.268439,28.59555],[77.268442,28.59546],[77.268547,28.595463]]]}},{"type":"Feature","properties":{"kind":"building"},"geometry":{"type":"Polygon","coordinates":[[[77.268867,28.595454],[77.268863,28.595579],[77.268737,28.595576],[77.268741,28.595451],[77.268867,28.595454]]]}},{"type":"Feature","properties":{"kind":"building"},"geometry":{"type":"Polygon","coordinates":[[[77.26854,28.595838],[77.268537,28.595936],[77.268414,28.595933],[77.268417,28.595835],[77.26854,28.595838]]]}},{"type":"Feature","properties":{"kind":"building"},"geometry":{"type":"Polygon","coordinates":[[[77.268501,28.597135],[77.268506,28.597275],[77.268358,28.597279],[77.268353,28.597139],[77.268501,28.597135]]]}},{"type":"Feature","properties":{"kind":"building"},"geometry":{"type":"Polygon","coordinates":[[[77.268779,28.597148],[77.268782,28.597246],[77.268679,28.597249],[77.268675,28.597151],[77.268779,28.597148]]]}},{"type":"Feature","properties":{"kind":"building"},"geometry":{"type":"Polygon","coordinates":[[[77.26862,28.598923],[77.268625,28.599061],[77.268473,28.599066],[77.268468,28.598928],[77.26862,28.598923]]]}},{"type":"Feature","properties":{"kind":"building"},"geometry":{"type":"Polygon","coordinates":[[[77.26889,28.598938],[77.268893,28.599032],[77.268781,28.599035],[77.268778,28.598942],[77.26889,28.598938]]]}},{"type":"Feature","properties":{"kind":"building"},"geometry":{"type":"Polygon","coordinates":[[[77.268651,28.599829],[77.268656,28.59995],[77.268508,28.599954],[77.268504,28.599833],[77.268651,28.599829]]]}},{"type":"Feature","properties":{"kind":"building"},"geometry":{"type":"Polygon","coordinates":[[[77.271407,28.593321],[77.271409,28.593432],[77.271305,28.593433],[77.271303,28.593322],[77.271407,28.593321]]]}},{"type":"Feature","properties":{"kind":"building"},"geometry":{"type":"Polygon","coordinates":[[[77.271725,28.593324],[77.271726,28.59342],[77.271574,28.593422],[77.271572,28.593326],[77.271725,28.593324]]]}},{"type":"Feature","properties":{"kind":"building"},"geometry":{"type":"Polygon","coordinates":[[[77.271654,28.593725],[77.271656,28.593808],[77.271554,28.59381],[77.271553,28.593726],[77.271654,28.593725]]]}},{"type":"Feature","properties":{"kind":"building"},"geometry":{"type":"Polygon","coordinates":[[[77.271405,28.594058],[77.271407,28.594183],[77.27129,28.594185],[77.271288,28.594059],[77.271405,28.594058]]]}},{"type":"Feature","properties":{"kind":"building"},"geometry":{"type":"Polygon","coordinates":[[[77.271689,28.594066],[77.271691,28.594168],[77.271585,28.594169],[77.271584,28.594067],[77.271689,28.594066]]]}},{"type":"Feature","properties":{"kind":"building"},"geometry":{"type":"Polygon","coordinates":[[[77.271402,28.594651],[77.271404,28.594769],[77.271269,28.594771],[77.271267,28.594653],[77.271402,28.594651]]]}},{"type":"Feature","properties":{"kind":"building"},"geometry":{"type":"Polygon","coordinates":[[[77.271699,28.594654],[77.271701,28.594758],[77.271594,28.594759],[77.271592,28.594656],[77.271699,28.594654]]]}},{"type":"Feature","properties":{"kind":"building"},"geometry":{"type":"Polygon","coordinates":[[[77.271424,28.595202],[77.271426,28.595335],[77.271287,28.595337],[77.271285,28.595204],[77.271424,28.595202]]]}},{"type":"Feature","properties":{"kind":"building"},"geometry":{"type":"Polygon","coordinates":[[[77.27148,28.595598],[77.271482,28.595695],[77.271334,28.595697],[77.271333,28.5956],[77.27148,28.595598]]]}},{"type":"Feature","properties":{"kind":"building"},"geometry":{"type":"Polygon","coordinates":[[[77.271744,28.595591],[77.271746,28.595695],[77.271595,28.595697],[77.271593,28.595593],[77.271744,28.595591]]]}},{"type":"Feature","properties":{"kind":"building"},"geometry":{"type":"Polygon","coordinates":[[[77.271385,28.598054],[77.271383,28.59818],[77.271282,28.598178],[77.271285,28.598052],[77.271385,28.598054]]]}},{"type":"Feature","properties":{"kind":"building"},"geometry":{"type":"Polygon","coordinates":[[[77.271435,28.598346],[77.271433,28.598432],[77.271282,28.59843],[77.271284,28.598344],[77.271435,28.598346]]]}},{"type":"Feature","properties":{"kind":"building"},"geometry":{"type":"Polygon","coordinates":[[[77.271701,28.598351],[77.271699,28.598434],[77.271553,28.598432],[77.271554,28.598349],[77.271701,28.598351]]]}},{"type":"Feature","properties":{"kind":"building"},"geometry":{"type":"Polygon","coordinates":[[[77.27142,28.599215],[77.271418,28.599321],[77.271291,28.599319],[77.271293,28.599213],[77.27142,28.599215]]]}},{"type":"Feature","properties":{"kind":"building"},"geometry":{"type":"Polygon","coordinates":[[[77.271684,28.599198],[77.271681,28.599346],[77.27155,28.599344],[77.271553,28.599196],[77.271684,28.599198]]]}},{"type":"Feature","properties":{"kind":"building"},"geometry":{"type":"Polygon","coordinates":[[[77.267077,28.602293],[77.267179,28.602294],[77.267179,28.6024],[77.267077,28.602399],[77.267077,28.602293]]]}},{"type":"Feature","properties":{"kind":"building"},"geometry":{"type":"Polygon","coordinates":[[[77.267341,28.602318],[77.267497,28.602318],[77.267496,28.60243],[77.26734,28.602429],[77.267341,28.602318]]]}},{"type":"Feature","properties":{"kind":"building"},"geometry":{"type":"Polygon","coordinates":[[[77.267341,28.602042],[77.2675,28.602043],[77.267499,28.602149],[77.267341,28.602149],[77.267341,28.602042]]]}},{"type":"Feature","properties":{"kind":"building"},"geometry":{"type":"Polygon","coordinates":[[[77.267712,28.602339],[77.267814,28.602339],[77.267813,28.60246],[77.267711,28.60246],[77.267712,28.602339]]]}},{"type":"Feature","properties":{"kind":"building"},"geometry":{"type":"Polygon","coordinates":[[[77.267708,28.602038],[77.267822,28.602038],[77.267821,28.602165],[77.267707,28.602164],[77.267708,28.602038]]]}},{"type":"Feature","properties":{"kind":"building"},"geometry":{"type":"Polygon","coordinates":[[[77.268078,28.602315],[77.268206,28.602315],[77.268205,28.602441],[77.268077,28.602441],[77.268078,28.602315]]]}},{"type":"Feature","properties":{"kind":"building"},"geometry":{"type":"Polygon","coordinates":[[[77.26807,28.602053],[77.268217,28.602054],[77.268216,28.602175],[77.268069,28.602174],[77.26807,28.602053]]]}},{"type":"Feature","properties":{"kind":"building"},"geometry":{"type":"Polygon","coordinates":[[[77.270636,28.602362],[77.270756,28.602361],[77.270756,28.602453],[77.270637,28.602453],[77.270636,28.602362]]]}},{"type":"Feature","properties":{"kind":"building"},"geometry":{"type":"Polygon","coordinates":[[[77.270617,28.602059],[77.270771,28.602058],[77.270771,28.602178],[77.270618,28.602179],[77.270617,28.602059]]]}},{"type":"Feature","properties":{"kind":"building"},"geometry":{"type":"Polygon","coordinates":[[[77.271395,28.602051],[77.271557,28.60205],[77.271558,28.602137],[77.271395,28.602138],[77.271395,28.602051]]]}},{"type":"Feature","properties":{"kind":"building"},"geometry":{"type":"Polygon","coordinates":[[[77.272779,28.602036],[77.272934,28.602035],[77.272935,28.602129],[77.27278,28.60213],[77.272779,28.602036]]]}},{"type":"Feature","properties":{"kind":"building"},"geometry":{"type":"Polygon","coordinates":[[[77.266264,28.604806],[77.2664,28.604811],[77.266396,28.604906],[77.266259,28.604901],[77.266264,28.604806]]]}},{"type":"Feature","properties":{"kind":"building"},"geometry":{"type":"Polygon","coordinates":[[[77.266297,28.604503],[77.266395,28.604506],[77.266388,28.604639],[77.266291,28.604636],[77.266297,28.604503]]]}},{"type":"Feature","properties":{"kind":"building"},"geometry":{"type":"Polygon","coordinates":[[[77.267077,28.604828],[77.267174,28.604831],[77.267169,28.604952],[77.267071,28.604949],[77.267077,28.604828]]]}},{"type":"Feature","properties":{"kind":"building"},"geometry":{"type":"Polygon","coordinates":[[[77.267053,28.604567],[77.267222,28.604573],[77.267217,28.604668],[77.267049,28.604662],[77.267053,28.604567]]]}},{"type":"Feature","properties":{"kind":"building"},"geometry":{"type":"Polygon","coordinates":[[[77.269447,28.604864],[77.269607,28.60487],[77.269601,28.605004],[77.269441,28.604999],[77.269447,28.604864]]]}},{"type":"Feature","properties":{"kind":"building"},"geometry":{"type":"Polygon","coordinates":[[[77.269784,28.604645],[77.269934,28.60465],[77.26993,28.604745],[77.26978,28.60474],[77.269784,28.604645]]]}},{"type":"Feature","properties":{"kind":"building"},"geometry":{"type":"Polygon","coordinates":[[[77.271334,28.604855],[77.271451,28.604851],[77.271457,28.604969],[77.271339,28.604973],[77.271334,28.604855]]]}},{"type":"Feature","properties":{"kind":"building"},"geometry":{"type":"Polygon","coordinates":[[[77.271301,28.604632],[77.271464,28.604626],[77.271469,28.604743],[77.271306,28.604749],[77.271301,28.604632]]]}},{"type":"Feature","properties":{"kind":"building"},"geometry":{"type":"Polygon","coordinates":[[[77.271985,28.604843],[77.272093,28.604839],[77.272097,28.604921],[77.271989,28.604925],[77.271985,28.604843]]]}},{"type":"Feature","properties":{"kind":"building"},"geometry":{"type":"Polygon","coordinates":[[[77.271948,28.60458],[77.272106,28.604574],[77.27211,28.604657],[77.271952,28.604662],[77.271948,28.60458]]]}},{"type":"Feature","properties":{"kind":"building"},"geometry":{"type":"Polygon","coordinates":[[[77.272727,28.604812],[77.272822,28.604808],[77.272826,28.6049],[77.272731,28.604903],[77.272727,28.604812]]]}},{"type":"Feature","properties":{"kind":"building"},"geometry":{"type":"Polygon","coordinates":[[[77.272696,28.604565],[77.27283,28.60456],[77.272836,28.604692],[77.272702,28.604696],[77.272696,28.604565]]]}},{"type":"Feature","properties":{"kind":"building"},"geometry":{"type":"Polygon","coordinates":[[[77.268739,28.600751],[77.268738,28.600875],[77.268637,28.600874],[77.268638,28.600751],[77.268739,28.600751]]]}},{"type":"Feature","properties":{"kind":"building"},"geometry":{"type":"Polygon","coordinates":[[[77.268738,28.601135],[77.268737,28.60127],[77.268638,28.60127],[77.268639,28.601135],[77.268738,28.601135]]]}},{"type":"Feature","properties":{"kind":"building"},"geometry":{"type":"Polygon","coordinates":[[[77.268712,28.602119],[77.268712,28.602235],[77.268619,28.602235],[77.26862,28.602119],[77.268712,28.602119]]]}},{"type":"Feature","properties":{"kind":"building"},"geometry":{"type":"Polygon","coordinates":[[[77.269061,28.602113],[77.26906,28.602245],[77.268951,28.602244],[77.268952,28.602112],[77.269061,28.602113]]]}},{"type":"Feature","properties":{"kind":"building"},"geometry":{"type":"Polygon","coordinates":[[[77.269073,28.602696],[77.269072,28.602789],[77.268931,28.602788],[77.268931,28.602695],[77.269073,28.602696]]]}},{"type":"Feature","properties":{"kind":"building"},"geometry":{"type":"Polygon","coordinates":[[[77.268778,28.602974],[77.268777,28.603065],[77.268671,28.603065],[77.268671,28.602974],[77.268778,28.602974]]]}},{"type":"Feature","properties":{"kind":"building"},"geometry":{"type":"Polygon","coordinates":[[[77.26877,28.603352],[77.26877,28.603467],[77.268624,28.603467],[77.268624,28.603352],[77.26877,28.603352]]]}},{"type":"Feature","properties":{"kind":"building"},"geometry":{"type":"Polygon","coordinates":[[[77.268738,28.60427],[77.268739,28.6044],[77.268605,28.604401],[77.268605,28.604271],[77.268738,28.60427]]]}},{"type":"Feature","properties":{"kind":"building"},"geometry":{"type":"Polygon","coordinates":[[[77.268781,28.605175],[77.268782,28.605303],[77.268673,28.605303],[77.268673,28.605176],[77.268781,28.605175]]]}},{"type":"Feature","properties":{"kind":"building"},"geometry":{"type":"Polygon","coordinates":[[[77.269037,28.605192],[77.269037,28.605284],[77.268905,28.605285],[77.268904,28.605193],[77.269037,28.605192]]]}},{"type":"Feature","properties":{"kind":"building"},"geometry":{"type":"Polygon","coordinates":[[[77.269036,28.606104],[77.269037,28.606213],[77.268935,28.606214],[77.268934,28.606104],[77.269036,28.606104]]]}},{"type":"Feature","properties":{"kind":"building"},"geometry":{"type":"Polygon","coordinates":[[[77.271424,28.600159],[77.271428,28.600254],[77.271326,28.600257],[77.271322,28.600162],[77.271424,28.600159]]]}},{"type":"Feature","properties":{"kind":"building"},"geometry":{"type":"Polygon","coordinates":[[[77.271745,28.600134],[77.27175,28.600257],[77.271614,28.600261],[77.271609,28.600139],[77.271745,28.600134]]]}},{"type":"Feature","properties":{"kind":"building"},"geometry":{"type":"Polygon","coordinates":[[[77.271456,28.600521],[77.27146,28.60061],[77.271362,28.600613],[77.271358,28.600524],[77.271456,28.600521]]]}},{"type":"Feature","properties":{"kind":"building"},"geometry":{"type":"Polygon","coordinates":[[[77.271776,28.600495],[77.271782,28.600614],[77.27165,28.600618],[77.271644,28.6005],[77.271776,28.600495]]]}},{"type":"Feature","properties":{"kind":"building"},"geometry":{"type":"Polygon","coordinates":[[[77.271464,28.600812],[77.271469,28.600922],[77.271319,28.600927],[77.271314,28.600816],[77.271464,28.600812]]]}},{"type":"Feature","properties":{"kind":"building"},"geometry":{"type":"Polygon","coordinates":[[[77.271776,28.600795],[77.271781,28.600918],[77.271668,28.600921],[77.271662,28.600799],[77.271776,28.600795]]]}},{"type":"Feature","properties":{"kind":"building"},"geometry":{"type":"Polygon","coordinates":[[[77.27178,28.601436],[77.271785,28.601558],[77.27164,28.601563],[77.271634,28.60144],[77.27178,28.601436]]]}},{"type":"Feature","properties":{"kind":"building"},"geometry":{"type":"Polygon","coordinates":[[[77.271502,28.601819],[77.271506,28.60192],[77.271405,28.601923],[77.271401,28.601822],[77.271502,28.601819]]]}},{"type":"Feature","properties":{"kind":"building"},"geometry":{"type":"Polygon","coordinates":[[[77.271813,28.601804],[77.271818,28.601914],[77.271724,28.601917],[77.271719,28.601807],[77.271813,28.601804]]]}},{"type":"Feature","properties":{"kind":"building"},"geometry":{"type":"Polygon","coordinates":[[[77.27181,28.602107],[77.271816,28.602244],[77.271682,28.602249],[77.271677,28.602111],[77.27181,28.602107]]]}},{"type":"Feature","properties":{"kind":"building"},"geometry":{"type":"Polygon","coordinates":[[[77.27158,28.602809],[77.271586,28.602953],[77.271455,28.602957],[77.271449,28.602813],[77.27158,28.602809]]]}},{"type":"Feature","properties":{"kind":"building"},"geometry":{"type":"Polygon","coordinates":[[[77.271843,28.6028],[77.271849,28.602944],[77.271743,28.602948],[77.271737,28.602804],[77.271843,28.6028]]]}},{"type":"Feature","properties":{"kind":"building"},"geometry":{"type":"Polygon","coordinates":[[[77.271603,28.603161],[77.271608,28.603268],[77.271478,28.603272],[77.271474,28.603165],[77.271603,28.603161]]]}},{"type":"Feature","properties":{"kind":"building"},"geometry":{"type":"Polygon","coordinates":[[[77.271897,28.60313],[77.271903,28.603279],[77.271764,28.603283],[77.271758,28.603135],[77.271897,28.60313]]]}},{"type":"Feature","properties":{"kind":"building"},"geometry":{"type":"Polygon","coordinates":[[[77.271588,28.604275],[77.271583,28.60439],[77.271478,28.604387],[77.271483,28.604271],[77.271588,28.604275]]]}},{"type":"Feature","properties":{"kind":"building"},"geometry":{"type":"Polygon","coordinates":[[[77.271831,28.604284],[77.271827,28.604397],[77.271688,28.604393],[77.271693,28.604279],[77.271831,28.604284]]]}},{"type":"Feature","properties":{"kind":"building"},"geometry":{"type":"Polygon","coordinates":[[[77.271543,28.604897],[77.271537,28.605031],[77.271399,28.605027],[77.271405,28.604892],[77.271543,28.604897]]]}},{"type":"Feature","properties":{"kind":"building"},"geometry":{"type":"Polygon","coordinates":[[[77.271824,28.604917],[77.271819,28.605029],[77.271686,28.605025],[77.271691,28.604913],[77.271824,28.604917]]]}},{"type":"Feature","properties":{"kind":"building"},"geometry":{"type":"Polygon","coordinates":[[[77.271821,28.605825],[77.271815,28.605974],[77.27169,28.60597],[77.271696,28.60582],[77.271821,28.605825]]]}},{"type":"Feature","properties":{"kind":"building"},"geometry":{"type":"Polygon","coordinates":[[[77.266263,28.609213],[77.266404,28.609216],[77.2664,28.60931],[77.26626,28.609307],[77.266263,28.609213]]]}},{"type":"Feature","properties":{"kind":"building"},"geometry":{"type":"Polygon","coordinates":[[[77.266297,28.608944],[77.266389,28.608946],[77.266386,28.609033],[77.266294,28.60903],[77.266297,28.608944]]]}},{"type":"Feature","properties":{"kind":"building"},"geometry":{"type":"Polygon","coordinates":[[[77.266913,28.608976],[77.267066,28.608981],[77.267062,28.609086],[77.266909,28.609082],[77.266913,28.608976]]]}},{"type":"Feature","properties":{"kind":"building"},"geometry":{"type":"Polygon","coordinates":[[[77.267207,28.608942],[77.267356,28.608946],[77.267353,28.609045],[77.267204,28.609041],[77.267207,28.608942]]]}},{"type":"Feature","properties":{"kind":"building"},"geometry":{"type":"Polygon","coordinates":[[[77.268262,28.609279],[77.268423,28.609283],[77.26842,28.609375],[77.268259,28.609371],[77.268262,28.609279]]]}},{"type":"Feature","properties":{"kind":"building"},"geometry":{"type":"Polygon","coordinates":[[[77.268947,28.60931],[77.269082,28.609314],[77.26908,28.609395],[77.268944,28.609391],[77.268947,28.60931]]]}},{"type":"Feature","properties":{"kind":"building"},"geometry":{"type":"Polygon","coordinates":[[[77.268948,28.609009],[77.269102,28.609013],[77.269099,28.609108],[77.268945,28.609104],[77.268948,28.609009]]]}},{"type":"Feature","properties":{"kind":"building"},"geometry":{"type":"Polygon","coordinates":[[[77.270305,28.609335],[77.270398,28.609333],[77.270401,28.609414],[77.270308,28.609416],[77.270305,28.609335]]]}},{"type":"Feature","properties":{"kind":"building"},"geometry":{"type":"Polygon","coordinates":[[[77.27027,28.608995],[77.270409,28.608992],[77.270413,28.609124],[77.270275,28.609128],[77.27027,28.608995]]]}},{"type":"Feature","properties":{"kind":"building"},"geometry":{"type":"Polygon","coordinates":[[[77.270635,28.609317],[77.270794,28.609313],[77.270798,28.609418],[77.270639,28.609422],[77.270635,28.609317]]]}},{"type":"Feature","properties":{"kind":"building"},"geometry":{"type":"Polygon","coordinates":[[[77.270641,28.609015],[77.270767,28.609012],[77.270772,28.609132],[77.270645,28.609136],[77.270641,28.609015]]]}},{"type":"Feature","properties":{"kind":"building"},"geometry":{"type":"Polygon","coordinates":[[[77.271666,28.609223],[77.271785,28.60922],[77.27179,28.609351],[77.27167,28.609354],[77.271666,28.609223]]]}},{"type":"Feature","properties":{"kind":"building"},"geometry":{"type":"Polygon","coordinates":[[[77.271669,28.608973],[77.271764,28.60897],[77.271768,28.609074],[77.271673,28.609077],[77.271669,28.608973]]]}},{"type":"Feature","properties":{"kind":"building"},"geometry":{"type":"Polygon","coordinates":[[[77.272295,28.609247],[77.272434,28.609243],[77.272439,28.609375],[77.272299,28.609378],[77.272295,28.609247]]]}},{"type":"Feature","properties":{"kind":"building"},"geometry":{"type":"Polygon","coordinates":[[[77.272309,28.609024],[77.272404,28.609022],[77.272407,28.609104],[77.272312,28.609107],[77.272309,28.609024]]]}},{"type":"Feature","properties":{"kind":"building"},"geometry":{"type":"Polygon","coordinates":[[[77.273412,28.609193],[77.273507,28.60919],[77.273511,28.609305],[77.273416,28.609308],[77.273412,28.609193]]]}},{"type":"Feature","properties":{"kind":"building"},"geometry":{"type":"Polygon","coordinates":[[[77.273403,28.60895],[77.273499,28.608947],[77.273503,28.609081],[77.273408,28.609084],[77.273403,28.60895]]]}},{"type":"Feature","properties":{"kind":"building"},"geometry":{"type":"Polygon","coordinates":[[[77.26663,28.611175],[77.266745,28.611176],[77.266743,28.611282],[77.266628,28.61128],[77.26663,28.611175]]]}},{"type":"Feature","properties":{"kind":"building"},"geometry":{"type":"Polygon","coordinates":[[[77.267005,28.611397],[77.267128,28.611399],[77.267126,28.611489],[77.267003,28.611487],[77.267005,28.611397]]]}},{"type":"Feature","properties":{"kind":"building"},"geometry":{"type":"Polygon","coordinates":[[[77.267021,28.611178],[77.26712,28.61118],[77.267118,28.6113],[77.267018,28.611299],[77.267021,28.611178]]]}},{"type":"Feature","properties":{"kind":"building"},"geometry":{"type":"Polygon","coordinates":[[[77.267795,28.611155],[77.267888,28.611157],[77.267886,28.611249],[77.267793,28.611248],[77.267795,28.611155]]]}},{"type":"Feature","properties":{"kind":"building"},"geometry":{"type":"Polygon","coordinates":[[[77.269609,28.611457],[77.269739,28.611458],[77.269738,28.611544],[77.269607,28.611542],[77.269609,28.611457]]]}},{"type":"Feature","properties":{"kind":"building"},"geometry":{"type":"Polygon","coordinates":[[[77.26962,28.611201],[77.269738,28.611203],[77.269736,28.611295],[77.269618,28.611293],[77.26962,28.611201]]]}},{"type":"Feature","properties":{"kind":"building"},"geometry":{"type":"Polygon","coordinates":[[[77.270628,28.611209],[77.270756,28.611207],[77.270758,28.611309],[77.27063,28.611311],[77.270628,28.611209]]]}},{"type":"Feature","properties":{"kind":"building"},"geometry":{"type":"Polygon","coordinates":[[[77.271673,28.611457],[77.271844,28.611454],[77.271846,28.61157],[77.271675,28.611573],[77.271673,28.611457]]]}},{"type":"Feature","properties":{"kind":"building"},"geometry":{"type":"Polygon","coordinates":[[[77.272819,28.611427],[77.272986,28.611425],[77.272988,28.611529],[77.272821,28.611532],[77.272819,28.611427]]]}},{"type":"Feature","properties":{"kind":"building"},"geometry":{"type":"Polygon","coordinates":[[[77.272844,28.611157],[77.27295,28.611156],[77.272952,28.611272],[77.272847,28.611274],[77.272844,28.611157]]]}},{"type":"Feature","properties":{"kind":"building"},"geometry":{"type":"Polygon","coordinates":[[[77.268986,28.607894],[77.26899,28.608003],[77.268886,28.608005],[77.268882,28.607896],[77.268986,28.607894]]]}},{"type":"Feature","properties":{"kind":"building"},"geometry":{"type":"Polygon","coordinates":[[[77.269332,28.607892],[77.269335,28.607989],[77.269226,28.607992],[77.269223,28.607894],[77.269332,28.607892]]]}},{"type":"Feature","properties":{"kind":"building"},"geometry":{"type":"Polygon","coordinates":[[[77.269017,28.608534],[77.26902,28.60862],[77.268869,28.608623],[77.268866,28.608537],[77.269017,28.608534]]]}},{"type":"Feature","properties":{"kind":"building"},"geometry":{"type":"Polygon","coordinates":[[[77.269062,28.60948],[77.269066,28.609625],[77.268949,28.609627],[77.268945,28.609483],[77.269062,28.60948]]]}},{"type":"Feature","properties":{"kind":"building"},"geometry":{"type":"Polygon","coordinates":[[[77.26905,28.612322],[77.269046,28.612441],[77.268903,28.612437],[77.268906,28.612319],[77.26905,28.612322]]]}},{"type":"Feature","properties":{"kind":"building"},"geometry":{"type":"Polygon","coordinates":[[[77.269326,28.612323],[77.269322,28.612453],[77.269194,28.61245],[77.269197,28.61232],[77.269326,28.612323]]]}},{"type":"Feature","properties":{"kind":"building"},"geometry":{"type":"Polygon","coordinates":[[[77.271695,28.607286],[77.271697,28.607385],[77.271554,28.607388],[77.271552,28.607289],[77.271695,28.607286]]]}},{"type":"Feature","properties":{"kind":"building"},"geometry":{"type":"Polygon","coordinates":[[[77.271925,28.607277],[77.271927,28.607387],[77.271832,28.607389],[77.27183,28.607278],[77.271925,28.607277]]]}},{"type":"Feature","properties":{"kind":"building"},"geometry":{"type":"Polygon","coordinates":[[[77.271675,28.607958],[77.271678,28.608089],[77.271556,28.608091],[77.271553,28.60796],[77.271675,28.607958]]]}},{"type":"Feature","properties":{"kind":"building"},"geometry":{"type":"Polygon","coordinates":[[[77.27168,28.608664],[77.271682,28.608753],[77.271563,28.608755],[77.271561,28.608666],[77.27168,28.608664]]]}},{"type":"Feature","properties":{"kind":"building"},"geometry":{"type":"Polygon","coordinates":[[[77.271683,28.609046],[77.271685,28.609127],[77.271575,28.609129],[77.271573,28.609047],[77.271683,28.609046]]]}},{"type":"Feature","properties":{"kind":"building"},"geometry":{"type":"Polygon","coordinates":[[[77.271967,28.609022],[77.271969,28.609142],[77.271852,28.609144],[77.27185,28.609024],[77.271967,28.609022]]]}},{"type":"Feature","properties":{"kind":"building"},"geometry":{"type":"Polygon","coordinates":[[[77.271722,28.611085],[77.271719,28.611237],[77.27159,28.611235],[77.271594,28.611082],[77.271722,28.611085]]]}},{"type":"Feature","properties":{"kind":"building"},"geometry":{"type":"Polygon","coordinates":[[[77.272042,28.611107],[77.272039,28.611226],[77.271889,28.611223],[77.271892,28.611104],[77.272042,28.611107]]]}},{"type":"Feature","properties":{"kind":"building"},"geometry":{"type":"Polygon","coordinates":[[[77.271699,28.611707],[77.271696,28.611806],[77.2716,28.611804],[77.271602,28.611705],[77.271699,28.611707]]]}},{"type":"Feature","properties":{"kind":"building"},"geometry":{"type":"Polygon","coordinates":[[[77.271948,28.611718],[77.271946,28.611803],[77.271852,28.611801],[77.271854,28.611716],[77.271948,28.611718]]]}},{"type":"Feature","properties":{"kind":"building"},"geometry":{"type":"Polygon","coordinates":[[[77.271963,28.612628],[77.27196,28.612779],[77.27183,28.612777],[77.271833,28.612626],[77.271963,28.612628]]]}},{"type":"Feature","properties":{"kind":"building"},"geometry":{"type":"Polygon","coordinates":[[[77.271669,28.612887],[77.271666,28.613022],[77.271571,28.61302],[77.271574,28.612886],[77.271669,28.612887]]]}},{"type":"Feature","properties":{"kind":"building"},"geometry":{"type":"Polygon","coordinates":[[[77.268015,28.615712],[77.268131,28.615711],[77.268133,28.61582],[77.268017,28.615822],[77.268015,28.615712]]]}},{"type":"Feature","properties":{"kind":"building"},"geometry":{"type":"Polygon","coordinates":[[[77.268389,28.615663],[77.268531,28.615661],[77.268534,28.615795],[77.268392,28.615797],[77.268389,28.615663]]]}},{"type":"Feature","properties":{"kind":"building"},"geometry":{"type":"Polygon","coordinates":[[[77.270269,28.615917],[77.270423,28.615919],[77.270421,28.616006],[77.270268,28.616003],[77.270269,28.615917]]]}},{"type":"Feature","properties":{"kind":"building"},"geometry":{"type":"Polygon","coordinates":[[[77.270272,28.615647],[77.27043,28.615649],[77.270428,28.615763],[77.27027,28.615761],[77.270272,28.615647]]]}},{"type":"Feature","properties":{"kind":"building"},"geometry":{"type":"Polygon","coordinates":[[[77.271041,28.615924],[77.271175,28.615926],[77.271173,28.616007],[77.271039,28.616005],[77.271041,28.615924]]]}},{"type":"Feature","properties":{"kind":"building"},"geometry":{"type":"Polygon","coordinates":[[[77.27213,28.615941],[77.27225,28.615943],[77.272248,28.616063],[77.272128,28.616061],[77.27213,28.615941]]]}},{"type":"Feature","properties":{"kind":"building"},"geometry":{"type":"Polygon","coordinates":[[[77.272137,28.615662],[77.272253,28.615664],[77.272251,28.615791],[77.272134,28.615789],[77.272137,28.615662]]]}},{"type":"Feature","properties":{"kind":"building"},"geometry":{"type":"Polygon","coordinates":[[[77.267321,28.618276],[77.26744,28.618276],[77.26744,28.618366],[77.267321,28.618366],[77.267321,28.618276]]]}},{"type":"Feature","properties":{"kind":"building"},"geometry":{"type":"Polygon","coordinates":[[[77.268672,28.618332],[77.268766,28.618332],[77.268767,28.618416],[77.268672,28.618416],[77.268672,28.618332]]]}},{"type":"Feature","properties":{"kind":"building"},"geometry":{"type":"Polygon","coordinates":[[[77.268654,28.61806],[77.268784,28.61806],[77.268784,28.618156],[77.268654,28.618156],[77.268654,28.61806]]]}},{"type":"Feature","properties":{"kind":"building"},"geometry":{"type":"Polygon","coordinates":[[[77.276108,28.575161],[77.276254,28.575163],[77.276252,28.575293],[77.276106,28.575291],[77.276108,28.575161]]]}},{"type":"Feature","properties":{"kind":"building"},"geometry":{"type":"Polygon","coordinates":[[[77.276108,28.574922],[77.276262,28.574924],[77.27626,28.575047],[77.276106,28.575045],[77.276108,28.574922]]]}},{"type":"Feature","properties":{"kind":"building"},"geometry":{"type":"Polygon","coordinates":[[[77.275438,28.577261],[77.27558,28.577265],[77.275576,28.577363],[77.275435,28.577359],[77.275438,28.577261]]]}},{"type":"Feature","properties":{"kind":"building"},"geometry":{"type":"Polygon","coordinates":[[[77.275747,28.577517],[77.275879,28.577521],[77.275876,28.577603],[77.275743,28.577599],[77.275747,28.577517]]]}},{"type":"Feature","properties":{"kind":"building"},"geometry":{"type":"Polygon","coordinates":[[[77.275755,28.577253],[77.275892,28.577257],[77.275888,28.577348],[77.275751,28.577344],[77.275755,28.577253]]]}},{"type":"Feature","properties":{"kind":"building"},"geometry":{"type":"Polygon","coordinates":[[[77.278744,28.577532],[77.278897,28.577528],[77.278902,28.577648],[77.278748,28.577653],[77.278744,28.577532]]]}},{"type":"Feature","properties":{"kind":"building"},"geometry":{"type":"Polygon","coordinates":[[[77.278731,28.577293],[77.278891,28.577288],[77.278896,28.57739],[77.278735,28.577395],[77.278731,28.577293]]]}},{"type":"Feature","properties":{"kind":"building"},"geometry":{"type":"Polygon","coordinates":[[[77.278047,28.577893],[77.278043,28.577986],[77.277905,28.577982],[77.277909,28.577889],[77.278047,28.577893]]]}},{"type":"Feature","properties":{"kind":"building"},"geometry":{"type":"Polygon","coordinates":[[[77.278289,28.577895],[77.278285,28.578],[77.278137,28.577995],[77.278141,28.57789],[77.278289,28.577895]]]}},{"type":"Feature","properties":{"kind":"building"},"geometry":{"type":"Polygon","coordinates":[[[77.27793,28.578853],[77.277927,28.578943],[77.277834,28.57894],[77.277838,28.578851],[77.27793,28.578853]]]}},{"type":"Feature","properties":{"kind":"building"},"geometry":{"type":"Polygon","coordinates":[[[77.278267,28.578856],[77.278263,28.57896],[77.278127,28.578956],[77.278131,28.578852],[77.278267,28.578856]]]}},{"type":"Feature","properties":{"kind":"building"},"geometry":{"type":"Polygon","coordinates":[[[77.274378,28.581871],[77.274545,28.581869],[77.274546,28.581977],[77.27438,28.581979],[77.274378,28.581871]]]}},{"type":"Feature","properties":{"kind":"building"},"geometry":{"type":"Polygon","coordinates":[[[77.275085,28.58185],[77.275189,28.581849],[77.27519,28.58194],[77.275087,28.581942],[77.275085,28.58185]]]}},{"type":"Feature","properties":{"kind":"building"},"geometry":{"type":"Polygon","coordinates":[[[77.275057,28.581575],[77.275209,28.581574],[77.275211,28.581693],[77.275058,28.581695],[77.275057,28.581575]]]}},{"type":"Feature","properties":{"kind":"building"},"geometry":{"type":"Polygon","coordinates":[[[77.27605,28.581566],[77.276197,28.581564],[77.276199,28.581697],[77.276052,28.581699],[77.27605,28.581566]]]}},{"type":"Feature","properties":{"kind":"building"},"geometry":{"type":"Polygon","coordinates":[[[77.276699,28.581595],[77.276864,28.581593],[77.276865,28.581675],[77.2767,28.581677],[77.276699,28.581595]]]}},{"type":"Feature","properties":{"kind":"building"},"geometry":{"type":"Polygon","coordinates":[[[77.281532,28.581594],[77.281676,28.581596],[77.281674,28.581722],[77.28153,28.58172],[77.281532,28.581594]]]}},{"type":"Feature","properties":{"kind":"building"},"geometry":{"type":"Polygon","coordinates":[[[77.274381,28.583807],[77.27454,28.583807],[77.27454,28.583937],[77.274381,28.583937],[77.274381,28.583807]]]}},{"type":"Feature","properties":{"kind":"building"},"geometry":{"type":"Polygon","coordinates":[[[77.275424,28.58385],[77.275587,28.58385],[77.275587,28.583947],[77.275424,28.583947],[77.275424,28.58385]]]}},{"type":"Feature","properties":{"kind":"building"},"geometry":{"type":"Polygon","coordinates":[[[77.275873,28.58387],[77.276018,28.58387],[77.276018,28.583982],[77.275873,28.583982],[77.275873,28.58387]]]}},{"type":"Feature","properties":{"kind":"building"},"geometry":{"type":"Polygon","coordinates":[[[77.276978,28.584131],[77.277127,28.584131],[77.277127,28.584262],[77.276978,28.584262],[77.276978,28.584131]]]}},{"type":"Feature","properties":{"kind":"building"},"geometry":{"type":"Polygon","coordinates":[[[77.277616,28.583846],[77.277777,28.583846],[77.277777,28.583978],[77.277616,28.583978],[77.277616,28.583846]]]}},{"type":"Feature","properties":{"kind":"building"},"geometry":{"type":"Polygon","coordinates":[[[77.278407,28.583838],[77.278534,28.583838],[77.278534,28.583934],[77.278407,28.583934],[77.278407,28.583838]]]}},{"type":"Feature","properties":{"kind":"building"},"geometry":{"type":"Polygon","coordinates":[[[77.279168,28.583865],[77.27926,28.583865],[77.27926,28.583978],[77.279168,28.583978],[77.279168,28.583865]]]}},{"type":"Feature","properties":{"kind":"building"},"geometry":{"type":"Polygon","coordinates":[[[77.279549,28.58385],[77.279711,28.58385],[77.279711,28.583954],[77.279549,28.583954],[77.279549,28.58385]]]}},{"type":"Feature","properties":{"kind":"building"},"geometry":{"type":"Polygon","coordinates":[[[77.280283,28.584102],[77.280392,28.584102],[77.280392,28.584186],[77.280283,28.584186],[77.280283,28.584102]]]}},{"type":"Feature","properties":{"kind":"building"},"geometry":{"type":"Polygon","coordinates":[[[77.28029,28.583845],[77.280384,28.583845],[77.280384,28.583936],[77.28029,28.583936],[77.28029,28.583845]]]}},{"type":"Feature","properties":{"kind":"building"},"geometry":{"type":"Polygon","coordinates":[[[77.276703,28.581938],[77.276702,28.582047],[77.276581,28.582046],[77.276583,28.581937],[77.276703,28.581938]]]}},{"type":"Feature","properties":{"kind":"building"},"geometry":{"type":"Polygon","coordinates":[[[77.277047,28.581938],[77.277045,28.582054],[77.276941,28.582053],[77.276942,28.581937],[77.277047,28.581938]]]}},{"type":"Feature","properties":{"kind":"building"},"geometry":{"type":"Polygon","coordinates":[[[77.276725,28.582509],[77.276723,28.582657],[77.276596,28.582655],[77.276598,28.582508],[77.276725,28.582509]]]}},{"type":"Feature","properties":{"kind":"building"},"geometry":{"type":"Polygon","coordinates":[[[77.276742,28.582807],[77.27674,28.582935],[77.276612,28.582934],[77.276614,28.582806],[77.276742,28.582807]]]}},{"type":"Feature","properties":{"kind":"building"},"geometry":{"type":"Polygon","coordinates":[[[77.277002,28.58282],[77.277,28.582928],[77.276902,28.582927],[77.276904,28.582819],[77.277002,28.58282]]]}},{"type":"Feature","properties":{"kind":"building"},"geometry":{"type":"Polygon","coordinates":[[[77.27672,28.585006],[77.276721,28.585146],[77.276596,28.585147],[77.276594,28.585007],[77.27672,28.585006]]]}},{"type":"Feature","properties":{"kind":"building"},"geometry":{"type":"Polygon","coordinates":[[[77.277035,28.585682],[77.277037,28.585812],[77.276937,28.585813],[77.276935,28.585683],[77.277035,28.585682]]]}},{"type":"Feature","properties":{"kind":"building"},"geometry":{"type":"Polygon","coordinates":[[[77.279311,28.581953],[77.279315,28.582038],[77.279187,28.582042],[77.279183,28.581957],[77.279311,28.581953]]]}},{"type":"Feature","properties":{"kind":"building"},"geometry":{"type":"Polygon","coordinates":[[[77.279612,28.581911],[77.279618,28.58206],[77.279496,28.582064],[77.27949,28.581915],[77.279612,28.581911]]]}},{"type":"Feature","properties":{"kind":"building"},"geometry":{"type":"Polygon","coordinates":[[[77.279301,28.584103],[77.279296,28.584206],[77.279195,28.584203],[77.279199,28.5841],[77.279301,28.584103]]]}},{"type":"Feature","properties":{"kind":"building"},"geometry":{"type":"Polygon","coordinates":[[[77.279593,28.584109],[77.279588,28.584219],[77.279455,28.584215],[77.279459,28.584105],[77.279593,28.584109]]]}},{"type":"Feature","properties":{"kind":"building"},"geometry":{"type":"Polygon","coordinates":[[[77.27931,28.585026],[77.279304,28.585173],[77.279186,28.585169],[77.279193,28.585022],[77.27931,28.585026]]]}},{"type":"Feature","properties":{"kind":"building"},"geometry":{"type":"Polygon","coordinates":[[[77.279574,28.585036],[77.279568,28.585179],[77.279438,28.585175],[77.279444,28.585032],[77.279574,28.585036]]]}},{"type":"Feature","properties":{"kind":"building"},"geometry":{"type":"Polygon","coordinates":[[[77.279266,28.585429],[77.27926,28.585556],[77.279153,28.585552],[77.279158,28.585426],[77.279266,28.585429]]]}},{"type":"Feature","properties":{"kind":"building"},"geometry":{"type":"Polygon","coordinates":[[[77.279518,28.585458],[77.279514,28.585543],[77.279421,28.58554],[77.279424,28.585455],[77.279518,28.585458]]]}},{"type":"Feature","properties":{"kind":"building"},"geometry":{"type":"Polygon","coordinates":[[[77.275081,28.588828],[77.275253,28.588828],[77.275253,28.588911],[77.275081,28.588911],[77.275081,28.588828]]]}},{"type":"Feature","properties":{"kind":"building"},"geometry":{"type":"Polygon","coordinates":[[[77.276822,28.58886],[77.276958,28.58886],[77.276958,28.588964],[77.276822,28.588963],[77.276822,28.58886]]]}},{"type":"Feature","properties":{"kind":"building"},"geometry":{"type":"Polygon","coordinates":[[[77.276824,28.588586],[77.276957,28.588586],[77.276957,28.588691],[77.276823,28.588691],[77.276824,28.588586]]]}},{"type":"Feature","properties":{"kind":"building"},"geometry":{"type":"Polygon","coordinates":[[[77.277148,28.58855],[77.277259,28.58855],[77.277259,28.588663],[77.277148,28.588663],[77.277148,28.58855]]]}},{"type":"Feature","properties":{"kind":"building"},"geometry":{"type":"Polygon","coordinates":[[[77.279129,28.588832],[77.279284,28.588832],[77.279284,28.588952],[77.279129,28.588952],[77.279129,28.588832]]]}},{"type":"Feature","properties":{"kind":"building"},"geometry":{"type":"Polygon","coordinates":[[[77.279139,28.588571],[77.279273,28.588571],[77.279273,28.588662],[77.27914,28.588662],[77.279139,28.588571]]]}},{"type":"Feature","properties":{"kind":"building"},"geometry":{"type":"Polygon","coordinates":[[[77.274407,28.591215],[77.274514,28.591215],[77.274515,28.591329],[77.274407,28.591329],[77.274407,28.591215]]]}},{"type":"Feature","properties":{"kind":"building"},"geometry":{"type":"Polygon","coordinates":[[[77.274394,28.59099],[77.274526,28.59099],[77.274526,28.591104],[77.274394,28.591104],[77.274394,28.59099]]]}},{"type":"Feature","properties":{"kind":"building"},"geometry":{"type":"Polygon","coordinates":[[[77.274805,28.59123],[77.274917,28.591229],[77.274917,28.591324],[77.274805,28.591324],[77.274805,28.59123]]]}},{"type":"Feature","properties":{"kind":"building"},"geometry":{"type":"Polygon","coordinates":[[[77.274781,28.590996],[77.274939,28.590995],[77.27494,28.591094],[77.274781,28.591095],[77.274781,28.590996]]]}},{"type":"Feature","properties":{"kind":"building"},"geometry":{"type":"Polygon","coordinates":[[[77.275597,28.591214],[77.2757,28.591214],[77.2757,28.591348],[77.275598,28.591348],[77.275597,28.591214]]]}},{"type":"Feature","properties":{"kind":"building"},"geometry":{"type":"Polygon","coordinates":[[[77.275984,28.591219],[77.276107,28.591219],[77.276107,28.591317],[77.275984,28.591317],[77.275984,28.591219]]]}},{"type":"Feature","properties":{"kind":"building"},"geometry":{"type":"Polygon","coordinates":[[[77.276355,28.59126],[77.276519,28.59126],[77.27652,28.591344],[77.276355,28.591344],[77.276355,28.59126]]]}},{"type":"Feature","properties":{"kind":"building"},"geometry":{"type":"Polygon","coordinates":[[[77.276377,28.590999],[77.276495,28.590999],[77.276496,28.591085],[77.276377,28.591085],[77.276377,28.590999]]]}},{"type":"Feature","properties":{"kind":"building"},"geometry":{"type":"Polygon","coordinates":[[[77.276777,28.59123],[77.276892,28.59123],[77.276892,28.591352],[77.276777,28.591352],[77.276777,28.59123]]]}},{"type":"Feature","properties":{"kind":"building"},"geometry":{"type":"Polygon","coordinates":[[[77.276778,28.59093],[77.276889,28.59093],[77.276889,28.591059],[77.276778,28.591059],[77.276778,28.59093]]]}},{"type":"Feature","properties":{"kind":"building"},"geometry":{"type":"Polygon","coordinates":[[[77.27841,28.591215],[77.278531,28.591216],[77.278531,28.591314],[77.27841,28.591314],[77.27841,28.591215]]]}},{"type":"Feature","properties":{"kind":"building"},"geometry":{"type":"Polygon","coordinates":[[[77.278425,28.590977],[77.278518,28.590977],[77.278518,28.59111],[77.278424,28.59111],[77.278425,28.590977]]]}},{"type":"Feature","properties":{"kind":"building"},"geometry":{"type":"Polygon","coordinates":[[[77.278794,28.590945],[77.278934,28.590945],[77.278933,28.591038],[77.278794,28.591038],[77.278794,28.590945]]]}},{"type":"Feature","properties":{"kind":"building"},"geometry":{"type":"Polygon","coordinates":[[[77.276645,28.587413],[77.27664,28.587531],[77.276502,28.587526],[77.276507,28.587408],[77.276645,28.587413]]]}},{"type":"Feature","properties":{"kind":"building"},"geometry":{"type":"Polygon","coordinates":[[[77.276322,28.587745],[77.276317,28.587848],[77.27619,28.587844],[77.276195,28.587741],[77.276322,28.587745]]]}},{"type":"Feature","properties":{"kind":"building"},"geometry":{"type":"Polygon","coordinates":[[[77.276272,28.588099],[77.276267,28.588204],[77.27617,28.588201],[77.276175,28.588096],[77.276272,28.588099]]]}},{"type":"Feature","properties":{"kind":"building"},"geometry":{"type":"Polygon","coordinates":[[[77.27625,28.589079],[77.276245,28.589172],[77.276138,28.589169],[77.276143,28.589075],[77.27625,28.589079]]]}},{"type":"Feature","properties":{"kind":"building"},"geometry":{"type":"Polygon","coordinates":[[[77.276558,28.589391],[77.276555,28.589475],[77.276438,28.589471],[77.276441,28.589387],[77.276558,28.589391]]]}},{"type":"Feature","properties":{"kind":"building"},"geometry":{"type":"Polygon","coordinates":[[[77.27623,28.590323],[77.276235,28.590433],[77.276112,28.590437],[77.276107,28.590327],[77.27623,28.590323]]]}},{"type":"Feature","properties":{"kind":"building"},"geometry":{"type":"Polygon","coordinates":[[[77.276542,28.5903],[77.276548,28.590434],[77.276425,28.590438],[77.276419,28.590304],[77.276542,28.5903]]]}},{"type":"Feature","properties":{"kind":"building"},"geometry":{"type":"Polygon","coordinates":[[[77.27626,28.591534],[77.276264,28.591621],[77.276154,28.591625],[77.27615,28.591537],[77.27626,28.591534]]]}},{"type":"Feature","properties":{"kind":"building"},"geometry":{"type":"Polygon","coordinates":[[[77.276566,28.591515],[77.276571,28.591618],[77.276476,28.591622],[77.276471,28.591519],[77.276566,28.591515]]]}},{"type":"Feature","properties":{"kind":"building"},"geometry":{"type":"Polygon","coordinates":[[[77.276269,28.591905],[77.276274,28.592012],[77.276167,28.592016],[77.276162,28.591909],[77.276269,28.591905]]]}},{"type":"Feature","properties":{"kind":"building"},"geometry":{"type":"Polygon","coordinates":[[[77.276629,28.591903],[77.276632,28.591989],[77.276502,28.591994],[77.276498,28.591907],[77.276629,28.591903]]]}},{"type":"Feature","properties":{"kind":"building"},"geometry":{"type":"Polygon","coordinates":[[[77.276333,28.59254],[77.276338,28.592656],[77.276213,28.59266],[77.276207,28.592544],[77.276333,28.59254]]]}},{"type":"Feature","properties":{"kind":"building"},"geometry":{"type":"Polygon","coordinates":[[[77.276651,28.592843],[77.276655,28.592936],[77.276514,28.59294],[77.27651,28.592848],[77.276651,28.592843]]]}},{"type":"Feature","properties":{"kind":"building"},"geometry":{"type":"Polygon","coordinates":[[[77.27934,28.587384],[77.279343,28.587495],[77.279206,28.587498],[77.279203,28.587387],[77.27934,28.587384]]]}},{"type":"Feature","properties":{"kind":"building"},"geometry":{"type":"Polygon","coordinates":[[[77.279336,28.58794],[77.279339,28.588063],[77.279197,28.588067],[77.279194,28.587943],[77.279336,28.58794]]]}},{"type":"Feature","properties":{"kind":"building"},"geometry":{"type":"Polygon","coordinates":[[[77.274374,28.595529],[77.274542,28.595533],[77.274538,28.595641],[77.274371,28.595637],[77.274374,28.595529]]]}},{"type":"Feature","properties":{"kind":"building"},"geometry":{"type":"Polygon","coordinates":[[[77.274401,28.595299],[77.274529,28.595302],[77.274526,28.59542],[77.274398,28.595416],[77.274401,28.595299]]]}},{"type":"Feature","properties":{"kind":"building"},"geometry":{"type":"Polygon","coordinates":[[[77.277273,28.595383],[77.277366,28.595386],[77.277363,28.59549],[77.277269,28.595487],[77.277273,28.595383]]]}},{"type":"Feature","properties":{"kind":"building"},"geometry":{"type":"Polygon","coordinates":[[[77.277656,28.595361],[77.277827,28.595365],[77.277824,28.595483],[77.277653,28.595479],[77.277656,28.595361]]]}},{"type":"Feature","properties":{"kind":"building"},"geometry":{"type":"Polygon","coordinates":[[[77.278766,28.595645],[77.278878,28.595642],[77.278881,28.595735],[77.278769,28.595738],[77.278766,28.595645]]]}},{"type":"Feature","properties":{"kind":"building"},"geometry":{"type":"Polygon","coordinates":[[[77.278741,28.595316],[77.278881,28.595313],[77.278885,28.595432],[77.278745,28.595435],[77.278741,28.595316]]]}},{"type":"Feature","properties":{"kind":"building"},"geometry":{"type":"Polygon","coordinates":[[[77.279115,28.595333],[77.27923,28.59533],[77.279233,28.595442],[77.279118,28.595445],[77.279115,28.595333]]]}},{"type":"Feature","properties":{"kind":"building"},"geometry":{"type":"Polygon","coordinates":[[[77.279544,28.595574],[77.27964,28.595571],[77.279644,28.595679],[77.279547,28.595681],[77.279544,28.595574]]]}},{"type":"Feature","properties":{"kind":"building"},"geometry":{"type":"Polygon","coordinates":[[[77.2812,28.595549],[77.281352,28.595545],[77.281355,28.595632],[77.281202,28.595636],[77.2812,28.595549]]]}},{"type":"Feature","properties":{"kind":"building"},"geometry":{"type":"Polygon","coordinates":[[[77.281221,28.595265],[77.281313,28.595263],[77.281317,28.595369],[77.281224,28.595371],[77.281221,28.595265]]]}},{"type":"Feature","properties":{"kind":"building"},"geometry":{"type":"Polygon","coordinates":[[[77.27438,28.597869],[77.274546,28.597864],[77.27455,28.597964],[77.274384,28.597969],[77.27438,28.597869]]]}},{"type":"Feature","properties":{"kind":"building"},"geometry":{"type":"Polygon","coordinates":[[[77.274762,28.597599],[77.274875,28.597596],[77.274879,28.597702],[77.274766,28.597705],[77.274762,28.597599]]]}},{"type":"Feature","properties":{"kind":"building"},"geometry":{"type":"Polygon","coordinates":[[[77.275055,28.597608],[77.275157,28.597605],[77.275161,28.597707],[77.275059,28.59771],[77.275055,28.597608]]]}},{"type":"Feature","properties":{"kind":"building"},"geometry":{"type":"Polygon","coordinates":[[[77.275791,28.597812],[77.2759,28.597809],[77.275904,28.597914],[77.275795,28.597917],[77.275791,28.597812]]]}},{"type":"Feature","properties":{"kind":"building"},"geometry":{"type":"Polygon","coordinates":[[[77.275755,28.597576],[77.275919,28.597572],[77.275923,28.59769],[77.275759,28.597695],[77.275755,28.597576]]]}},{"type":"Feature","properties":{"kind":"building"},"geometry":{"type":"Polygon","coordinates":[[[77.276058,28.597797],[77.276214,28.597793],[77.276218,28.5979],[77.276062,28.597904],[77.276058,28.597797]]]}},{"type":"Feature","properties":{"kind":"building"},"geometry":{"type":"Polygon","coordinates":[[[77.27605,28.597551],[77.276203,28.597546],[77.276207,28.597661],[77.276055,28.597666],[77.27605,28.597551]]]}},{"type":"Feature","properties":{"kind":"building"},"geometry":{"type":"Polygon","coordinates":[[[77.278073,28.597482],[77.278188,28.597485],[77.278184,28.597583],[77.278069,28.59758],[77.278073,28.597482]]]}},{"type":"Feature","properties":{"kind":"building"},"geometry":{"type":"Polygon","coordinates":[[[77.278376,28.597745],[77.278506,28.597749],[77.278503,28.597848],[77.278372,28.597845],[77.278376,28.597745]]]}},{"type":"Feature","properties":{"kind":"building"},"geometry":{"type":"Polygon","coordinates":[[[77.278399,28.597492],[77.278504,28.597495],[77.278499,28.597624],[77.278394,28.597621],[77.278399,28.597492]]]}},{"type":"Feature","properties":{"kind":"building"},"geometry":{"type":"Polygon","coordinates":[[[77.279443,28.597822],[77.279541,28.597824],[77.279537,28.597937],[77.279439,28.597934],[77.279443,28.597822]]]}},{"type":"Feature","properties":{"kind":"building"},"geometry":{"type":"Polygon","coordinates":[[[77.277033,28.596052],[77.277038,28.596182],[77.276932,28.596185],[77.276927,28.596055],[77.277033,28.596052]]]}},{"type":"Feature","properties":{"kind":"building"},"geometry":{"type":"Polygon","coordinates":[[[77.27671,28.597455],[77.276707,28.597555],[77.27661,28.597553],[77.276613,28.597453],[77.27671,28.597455]]]}},{"type":"Feature","properties":{"kind":"building"},"geometry":{"type":"Polygon","coordinates":[[[77.276673,28.59931],[77.276669,28.599409],[77.276553,28.599406],[77.276556,28.599307],[77.276673,28.59931]]]}},{"type":"Feature","properties":{"kind":"building"},"geometry":{"type":"Polygon","coordinates":[[[77.276624,28.599622],[77.276619,28.599766],[77.276488,28.599763],[77.276493,28.599619],[77.276624,28.599622]]]}},{"type":"Feature","properties":{"kind":"building"},"geometry":{"type":"Polygon","coordinates":[[[77.276924,28.599634],[77.27692,28.59977],[77.276768,28.599766],[77.276772,28.59963],[77.276924,28.599634]]]}},{"type":"Feature","properties":{"kind":"building"},"geometry":{"type":"Polygon","coordinates":[[[77.279372,28.593639],[77.279374,28.593727],[77.279253,28.59373],[77.27925,28.593642],[77.279372,28.593639]]]}},{"type":"Feature","properties":{"kind":"building"},"geometry":{"type":"Polygon","coordinates":[[[77.279717,28.593606],[77.279721,28.593742],[77.279575,28.593746],[77.27957,28.59361],[77.279717,28.593606]]]}},{"type":"Feature","properties":{"kind":"building"},"geometry":{"type":"Polygon","coordinates":[[[77.279743,28.595479],[77.279746,28.595571],[77.279627,28.595575],[77.279624,28.595483],[77.279743,28.595479]]]}},{"type":"Feature","properties":{"kind":"building"},"geometry":{"type":"Polygon","coordinates":[[[77.279455,28.596414],[77.279458,28.596523],[77.279351,28.596526],[77.279347,28.596416],[77.279455,28.596414]]]}},{"type":"Feature","properties":{"kind":"building"},"geometry":{"type":"Polygon","coordinates":[[[77.279757,28.596404],[77.279761,28.596517],[77.279644,28.59652],[77.279641,28.596407],[77.279757,28.596404]]]}},{"type":"Feature","properties":{"kind":"building"},"geometry":{"type":"Polygon","coordinates":[[[77.279422,28.597144],[77.279418,28.597254],[77.279313,28.597251],[77.279316,28.597141],[77.279422,28.597144]]]}},{"type":"Feature","properties":{"kind":"building"},"geometry":{"type":"Polygon","coordinates":[[[77.275439,28.60206],[77.27556,28.602061],[77.275559,28.602172],[77.275438,28.602171],[77.275439,28.60206]]]}},{"type":"Feature","properties":{"kind":"building"},"geometry":{"type":"Polygon","coordinates":[[[77.27621,28.602363],[77.276376,28.602364],[77.276375,28.602457],[77.27621,28.602457],[77.27621,28.602363]]]}},{"type":"Feature","properties":{"kind":"building"},"geometry":{"type":"Polygon","coordinates":[[[77.276212,28.602043],[77.276378,28.602044],[77.276377,28.602167],[77.276211,28.602166],[77.276212,28.602043]]]}},{"type":"Feature","properties":{"kind":"building"},"geometry":{"type":"Polygon","coordinates":[[[77.277289,28.602335],[77.277413,28.602336],[77.277413,28.602435],[77.277288,28.602434],[77.277289,28.602335]]]}},{"type":"Feature","properties":{"kind":"building"},"geometry":{"type":"Polygon","coordinates":[[[77.277722,28.602346],[77.277849,28.602347],[77.277848,28.602449],[77.277721,28.602448],[77.277722,28.602346]]]}},{"type":"Feature","properties":{"kind":"building"},"geometry":{"type":"Polygon","coordinates":[[[77.277702,28.602052],[77.277872,28.602053],[77.277871,28.602178],[77.277702,28.602177],[77.277702,28.602052]]]}},{"type":"Feature","properties":{"kind":"building"},"geometry":{"type":"Polygon","coordinates":[[[77.278404,28.602325],[77.278538,28.602324],[77.278539,28.60245],[77.278405,28.602451],[77.278404,28.602325]]]}},{"type":"Feature","properties":{"kind":"building"},"geometry":{"type":"Polygon","coordinates":[[[77.278389,28.602092],[77.27855,28.602091],[77.278551,28.602219],[77.27839,28.60222],[77.278389,28.602092]]]}},{"type":"Feature","properties":{"kind":"building"},"geometry":{"type":"Polygon","coordinates":[[[77.280579,28.602327],[77.280732,28.602326],[77.280733,28.60246],[77.28058,28.602461],[77.280579,28.602327]]]}},{"type":"Feature","properties":{"kind":"building"},"geometry":{"type":"Polygon","coordinates":[[[77.280588,28.602063],[77.28072,28.602063],[77.280721,28.60215],[77.280588,28.60215],[77.280588,28.602063]]]}},{"type":"Feature","properties":{"kind":"building"},"geometry":{"type":"Polygon","coordinates":[[[77.280063,28.604328],[77.280207,28.604333],[77.280203,28.604454],[77.280058,28.60445],[77.280063,28.604328]]]}},{"type":"Feature","properties":{"kind":"building"},"geometry":{"type":"Polygon","coordinates":[[[77.280828,28.604578],[77.280952,28.604582],[77.280948,28.604708],[77.280823,28.604705],[77.280828,28.604578]]]}},{"type":"Feature","properties":{"kind":"building"},"geometry":{"type":"Polygon","coordinates":[[[77.280851,28.604364],[77.280946,28.604367],[77.280942,28.604456],[77.280848,28.604453],[77.280851,28.604364]]]}},{"type":"Feature","properties":{"kind":"building"},"geometry":{"type":"Polygon","coordinates":[[[77.281176,28.604631],[77.281333,28.604636],[77.281329,28.604737],[77.281172,28.604733],[77.281176,28.604631]]]}},{"type":"Feature","properties":{"kind":"building"},"geometry":{"type":"Polygon","coordinates":[[[77.281214,28.60433],[77.281318,28.604333],[77.281313,28.604454],[77.28121,28.604451],[77.281214,28.60433]]]}},{"type":"Feature","properties":{"kind":"building"},"geometry":{"type":"Polygon","coordinates":[[[77.276404,28.600143],[77.276406,28.600265],[77.276276,28.600267],[77.276274,28.600145],[77.276404,28.600143]]]}},{"type":"Feature","properties":{"kind":"building"},"geometry":{"type":"Polygon","coordinates":[[[77.276692,28.600156],[77.276694,28.600244],[77.276544,28.600246],[77.276542,28.600158],[77.276692,28.600156]]]}},{"type":"Feature","properties":{"kind":"building"},"geometry":{"type":"Polygon","coordinates":[[[77.276394,28.600826],[77.276397,28.600959],[77.276289,28.60096],[77.276286,28.600827],[77.276394,28.600826]]]}},{"type":"Feature","properties":{"kind":"building"},"geometry":{"type":"Polygon","coordinates":[[[77.276412,28.601484],[77.276414,28.601585],[77.276301,28.601587],[77.276299,28.601486],[77.276412,28.601484]]]}},{"type":"Feature","properties":{"kind":"building"},"geometry":{"type":"Polygon","coordinates":[[[77.276416,28.602072],[77.276419,28.602218],[77.276301,28.602219],[77.276298,28.602074],[77.276416,28.602072]]]}},{"type":"Feature","properties":{"kind":"building"},"geometry":{"type":"Polygon","coordinates":[[[77.276765,28.602064],[77.276767,28.602216],[77.27665,28.602217],[77.276647,28.602066],[77.276765,28.602064]]]}},{"type":"Feature","properties":{"kind":"building"},"geometry":{"type":"Polygon","coordinates":[[[77.2744,28.609223],[77.274519,28.609224],[77.274518,28.609321],[77.274399,28.609321],[77.2744,28.609223]]]}},{"type":"Feature","properties":{"kind":"building"},"geometry":{"type":"Polygon","coordinates":[[[77.274376,28.611435],[77.274543,28.611436],[77.274542,28.611553],[77.274375,28.611552],[77.274376,28.611435]]]}},{"type":"Feature","properties":{"kind":"building"},"geometry":{"type":"Polygon","coordinates":[[[77.274415,28.611166],[77.274508,28.611167],[77.274507,28.611283],[77.274414,28.611282],[77.274415,28.611166]]]}},{"type":"Feature","properties":{"kind":"building"},"geometry":{"type":"Polygon","coordinates":[[[77.283548,28.589882],[77.283701,28.589885],[77.283698,28.590004],[77.283544,28.590001],[77.283548,28.589882]]]}},{"type":"Feature","properties":{"kind":"building"},"geometry":{"type":"Polygon","coordinates":[[[77.283565,28.589617],[77.283699,28.58962],[77.283696,28.589718],[77.283563,28.589715],[77.283565,28.589617]]]}},{"type":"Feature","properties":{"kind":"building"},"geometry":{"type":"Polygon","coordinates":[[[77.282525,28.595648],[77.282644,28.595645],[77.282649,28.595763],[77.28253,28.595767],[77.282525,28.595648]]]}},{"type":"Feature","properties":{"kind":"building"},"geometry":{"type":"Polygon","coordinates":[[[77.282511,28.595435],[77.282641,28.595431],[77.282645,28.595527],[77.282515,28.595531],[77.282511,28.595435]]]}},{"type":"Feature","properties":{"kind":"building"},"geometry":{"type":"Polygon","coordinates":[[[77.283251,28.595666],[77.283409,28.595661],[77.283412,28.595742],[77.283254,28.595747],[77.283251,28.595666]]]}},{"type":"Feature","properties":{"kind":"building"},"geometry":{"type":"Polygon","coordinates":[[[77.283258,28.595379],[77.283379,28.595375],[77.283383,28.595481],[77.283262,28.595485],[77.283258,28.595379]]]}},{"type":"Feature","properties":{"kind":"building"},"geometry":{"type":"Polygon","coordinates":[[[77.281819,28.603659],[77.281958,28.603658],[77.281959,28.603777],[77.28182,28.603778],[77.281819,28.603659]]]}},{"type":"Feature","properties":{"kind":"place","name":"Anjuman Bagh","rank":1},"geometry":{"type":"Point","coordinates":[77.215915,28.621148]}},{"type":"Feature","properties":{"kind":"place","name":"Chandan Sarai","rank":1},"geometry":{"type":"Point","coordinates":[77.284462,28.617554]}},{"type":"Feature","properties":{"kind":"place","name":"Roshan Vihar","rank":1},"geometry":{"type":"Point","coordinates":[77.287531,28.564554]}},{"type":"Feature","properties":{"kind":"place","name":"Firoz Kunj","rank":1},"geometry":{"type":"Point","coordinates":[77.244561,28.555571]}},{"type":"Feature","properties":{"kind":"place","name":"Neelam Nagar","rank":1},"geometry":{"type":"Point","coordinates":[77.206707,28.569944]}},{"type":"Feature","properties":{"kind":"place","name":"Zafar Enclave","rank":1},"geometry":{"type":"Point","coordinates":[77.183176,28.610368]}},{"type":"Feature","properties":{"kind":"place","name":"Salim Pur","rank":1},"geometry":{"type":"Point","coordinates":[77.265023,28.649894]}},{"type":"Feature","properties":{"kind":"place","name":"Barkat Colony","rank":1},"geometry":{"type":"Point","coordinates":[77.318224,28.601385]}},{"type":"Feature","properties":{"kind":"place","name":"Purani Mandi","rank":1},"geometry":{"type":"Point","coordinates":[77.229215,28.535808]}},{"type":"Feature","properties":{"kind":"place","name":"Meher Bagh","rank":1},"geometry":{"type":"Point","coordinates":[77.313108,28.635521]}},{"type":"Feature","properties":{"kind":"place","name":"Sitara Kunj","rank":1},"geometry":{"type":"Point","coordinates":[77.176015,28.551978]}},{"type":"Feature","properties":{"kind":"place","name":"Alam Nagar","rank":1},"geometry":{"type":"Point","coordinates":[77.2773,28.525028]}},{"type":"Feature","properties":{"kind":"place","name":"Teen Pul","rank":2},"geometry":{"type":"Point","coordinates":[77.225634,28.603631]}},{"type":"Feature","properties":{"kind":"place","name":"Sabzi Chowk","rank":2},"geometry":{"type":"Point","coordinates":[77.274743,28.596444]}},{"type":"Feature","properties":{"kind":"place","name":"Naya Sarai","rank":2},"geometry":{"type":"Point","coordinates":[77.23075,28.57219]}},{"type":"Feature","properties":{"kind":"place","name":"Hari Bagh","rank":2},"geometry":{"type":"Point","coordinates":[77.268604,28.615758]}},{"type":"Feature","properties":{"kind":"place","name":"Kot Kunj","rank":2},"geometry":{"type":"Point","coordinates":[77.2108,28.596444]}},{"type":"Feature","properties":{"kind":"place","name":"Baghicha","rank":2},"geometry":{"type":"Point","coordinates":[77.28037,28.576232]}},{"type":"Feature","properties":{"kind":"place","name":"Chirag Vihar","rank":2},"geometry":{"type":"Point","coordinates":[77.237911,28.624292]}},{"type":"Feature","properties":{"kind":"place","name":"Moti Enclave","rank":2},"geometry":{"type":"Point","coordinates":[77.198523,28.61441]}},{"type":"Feature","properties":{"kind":"place","name":"Rangoli Colony","rank":2},"geometry":{"type":"Point","coordinates":[77.303901,28.620249]}},{"type":"Feature","properties":{"kind":"place","name":"Dhobi Ghat","rank":2},"geometry":{"type":"Point","coordinates":[77.219496,28.554673]}},{"type":"Feature","properties":{"kind":"place","name":"Sarai Khas","rank":2},"geometry":{"type":"Point","coordinates":[77.297762,28.54569]}},{"type":"Feature","properties":{"kind":"place","name":"Pipal Chowk","rank":2},"geometry":{"type":"Point","coordinates":[77.190338,28.585215]}},{"type":"Feature","properties":{"kind":"place","name":"Amrit Kunj","rank":2},"geometry":{"type":"Point","coordinates":[77.257862,28.565452]}},{"type":"Feature","properties":{"kind":"place","name":"Nau Bagh","rank":2},"geometry":{"type":"Point","coordinates":[77.234842,28.639114]}},{"type":"Feature","properties":{"kind":"place","name":"Gulmohar Vihar","rank":2},"geometry":{"type":"Point","coordinates":[77.326409,28.569944]}},{"type":"Feature","properties":{"kind":"place","name":"Jamun Colony","rank":2},"geometry":{"type":"Point","coordinates":[77.16783,28.619351]}}]}