{"type":"FeatureCollection","note":"Real OpenStreetMap data (c) OpenStreetMap contributors, ODbL, imported by tools/fetch_real_roads.py — NOT a hand-drawn or invented map.","attribution":"(c) OpenStreetMap contributors","license":"ODbL 1.0 (https://opendatacommons.org/licenses/odbl/)","source":{"api":"https://overpass-api.de/api/interpreter","profile":"zone","center":[77.2507,28.5933],"radius_m":[0,1600],"fetched":null},"features":[{"type":"Feature","properties":{"kind":"building"},"geometry":{"type":"Polygon","coordinates":[[[77.23469,28.59068],[77.23468,28.59034],[77.23602,28.59032],[77.23603,28.59067],[77.23566,28.59067],[77.23567,28.5909],[77.23504,28.59091],[77.23503,28.59067],[77.23469,28.59068]]]}},{"type":"Feature","properties":{"kind":"building"},"geometry":{"type":"Polygon","coordinates":[[[77.23476,28.58998],[77.23475,28.58913],[77.23523,28.58913],[77.23519,28.58998],[77.23476,28.58998]]]}},{"type":"Feature","properties":{"kind":"building"},"geometry":{"type":"Polygon","coordinates":[[[77.23527,28.59002],[77.23548,28.59002],[77.23549,28.58975],[77.23551,28.58975],[77.2355,28.5898],[77.23561,28.5898],[77.2356,28.59011],[77.23587,28.59012],[77.23588,28.58982],[77.23573,28.58982],[77.23573,28.58968],[77.23586,28.58968],[77.23587,28.58952],[77.23568,28.58951],[77.23568,28.58968],[77.23557,28.58968],[77.23557,28.58962],[77.23544,28.58962],[77.23545,28.5894],[77.23528,28.5894],[77.23527,28.58964],[77.23541,28.58964],[77.2354,28.58983],[77.23528,28.58983],[77.23527,28.59002]]]}},{"type":"Feature","properties":{"kind":"building"},"geometry":{"type":"Polygon","coordinates":[[[77.23588,28.58967],[77.23609,28.58967],[77.2361,28.5894],[77.23612,28.5894],[77.23611,28.58945],[77.23622,28.58945],[77.23621,28.58977],[77.23648,28.58977],[77.23649,28.58947],[77.23634,28.58947],[77.23634,28.58933],[77.23647,28.58934],[77.23648,28.58917],[77.23629,28.58917],[77.23629,28.58933],[77.23618,28.58933],[77.23618,28.58928],[77.23606,28.58928],[77.23606,28.58905],[77.23589,28.58905],[77.23588,28.58929],[77.23602,28.58929],[77.23601,28.58948],[77.23589,28.58948],[77.23588,28.58967]]]}},{"type":"Feature","properties":{"kind":"building"},"geometry":{"type":"Polygon","coordinates":[[[77.23605,28.59518],[77.23606,28.59513],[77.23601,28.59513],[77.23601,28.59506],[77.23606,28.59506],[77.23606,28.59501],[77.23614,28.59501],[77.23613,28.59518],[77.23605,28.59518]]]}},{"type":"Feature","properties":{"kind":"building"},"geometry":{"type":"Polygon","coordinates":[[[77.23676,28.58787],[77.23779,28.58794],[77.23783,28.58749],[77.2368,28.58742],[77.23676,28.58787]]]}},{"type":"Feature","properties":{"kind":"building"},"geometry":{"type":"Polygon","coordinates":[[[77.23705,28.60044],[77.23737,28.60047],[77.23738,28.60037],[77.23707,28.60034],[77.23705,28.60044]]]}},{"type":"Feature","properties":{"kind":"building"},"geometry":{"type":"Polygon","coordinates":[[[77.23713,28.58679],[77.23843,28.58684],[77.23858,28.58584],[77.23713,28.58577],[77.23713,28.58679]]]}},{"type":"Feature","properties":{"kind":"building"},"geometry":{"type":"Polygon","coordinates":[[[77.23719,28.60012],[77.2375,28.60015],[77.23751,28.60005],[77.2372,28.60002],[77.23719,28.60012]]]}},{"type":"Feature","properties":{"kind":"building"},"geometry":{"type":"Polygon","coordinates":[[[77.23728,28.58882],[77.23729,28.58867],[77.23871,28.58865],[77.23872,28.5888],[77.23728,28.58882]]]}},{"type":"Feature","properties":{"kind":"building"},"geometry":{"type":"Polygon","coordinates":[[[77.2376,28.60055],[77.23762,28.60032],[77.23812,28.60035],[77.2381,28.6005],[77.23776,28.60048],[77.23775,28.60056],[77.2376,28.60055]]]}},{"type":"Feature","properties":{"kind":"building"},"geometry":{"type":"Polygon","coordinates":[[[77.23801,28.60229],[77.23835,28.60245],[77.2384,28.60237],[77.23831,28.60233],[77.23833,28.60229],[77.23822,28.60224],[77.2382,28.60228],[77.23806,28.60221],[77.23801,28.60229]]]}},{"type":"Feature","properties":{"kind":"building"},"geometry":{"type":"Polygon","coordinates":[[[77.23803,28.60199],[77.23815,28.60204],[77.2382,28.60197],[77.23819,28.60196],[77.23819,28.60195],[77.23813,28.60192],[77.23819,28.60184],[77.23825,28.60187],[77.23828,28.60181],[77.2383,28.60182],[77.23832,28.60179],[77.2382,28.60173],[77.23819,28.60175],[77.23816,28.60174],[77.23801,28.60195],[77.23805,28.60197],[77.23803,28.60199]]]}},{"type":"Feature","properties":{"kind":"building"},"geometry":{"type":"Polygon","coordinates":[[[77.23813,28.60039],[77.23815,28.60025],[77.23831,28.60026],[77.2383,28.6004],[77.23813,28.60039]]]}},{"type":"Feature","properties":{"kind":"building"},"geometry":{"type":"Polygon","coordinates":[[[77.23826,28.58432],[77.23833,28.58435],[77.23841,28.58422],[77.23833,28.58419],[77.23826,28.58432]]]}},{"type":"Feature","properties":{"kind":"building"},"geometry":{"type":"Polygon","coordinates":[[[77.2384,28.59169],[77.23917,28.59167],[77.23917,28.59178],[77.2384,28.59179],[77.2384,28.59169]]]}},{"type":"Feature","properties":{"kind":"building"},"geometry":{"type":"Polygon","coordinates":[[[77.23842,28.6014],[77.2384,28.60143],[77.23837,28.60141],[77.23823,28.60162],[77.23826,28.60164],[77.23825,28.60166],[77.23835,28.60171],[77.23841,28.60163],[77.23834,28.6016],[77.23841,28.6015],[77.23846,28.60153],[77.23851,28.60145],[77.23842,28.6014]]]}},{"type":"Feature","properties":{"kind":"building"},"geometry":{"type":"Polygon","coordinates":[[[77.23844,28.6025],[77.23873,28.60266],[77.23878,28.60258],[77.2387,28.60254],[77.23872,28.6025],[77.23862,28.60245],[77.2386,28.60249],[77.23849,28.60243],[77.23844,28.6025]]]}},{"type":"Feature","properties":{"kind":"building"},"geometry":{"type":"Polygon","coordinates":[[[77.23849,28.59128],[77.23782,28.5913],[77.23782,28.59187],[77.23795,28.59187],[77.23795,28.59141],[77.23849,28.5914],[77.23849,28.59128]]]}},{"type":"Feature","properties":{"kind":"building"},"geometry":{"type":"Polygon","coordinates":[[[77.2386,28.60134],[77.23867,28.60138],[77.23866,28.6014],[77.23872,28.60143],[77.23875,28.60137],[77.2387,28.60135],[77.23873,28.6013],[77.2388,28.6012],[77.23884,28.60122],[77.23887,28.60116],[77.23883,28.60114],[77.23882,28.60116],[77.23874,28.60112],[77.23869,28.60119],[77.2387,28.60119],[77.23866,28.60127],[77.23863,28.60126],[77.2386,28.60134]]]}},{"type":"Feature","properties":{"kind":"building"},"geometry":{"type":"Polygon","coordinates":[[[77.23882,28.58794],[77.23969,28.588],[77.23973,28.58761],[77.23886,28.58755],[77.23882,28.58794]]]}},{"type":"Feature","properties":{"kind":"building"},"geometry":{"type":"Polygon","coordinates":[[[77.23882,28.60097],[77.2389,28.60101],[77.23895,28.60093],[77.239,28.60096],[77.23903,28.60091],[77.23899,28.60089],[77.23907,28.60077],[77.23899,28.60072],[77.23882,28.60097]]]}},{"type":"Feature","properties":{"kind":"building"},"geometry":{"type":"Polygon","coordinates":[[[77.23896,28.60298],[77.23904,28.60294],[77.23898,28.60285],[77.23904,28.60282],[77.23898,28.60274],[77.23892,28.60276],[77.23887,28.60267],[77.23879,28.60271],[77.23896,28.60298]]]}},{"type":"Feature","properties":{"kind":"building"},"geometry":{"type":"Polygon","coordinates":[[[77.23899,28.60335],[77.23909,28.60334],[77.23908,28.60323],[77.23914,28.60322],[77.23914,28.60315],[77.23909,28.60315],[77.23908,28.60306],[77.23898,28.60306],[77.23899,28.60335]]]}},{"type":"Feature","properties":{"kind":"building"},"geometry":{"type":"Polygon","coordinates":[[[77.23904,28.60061],[77.23911,28.60065],[77.23915,28.60058],[77.2392,28.60061],[77.23925,28.60053],[77.2392,28.6005],[77.23926,28.60041],[77.23919,28.60037],[77.23904,28.60061]]]}},{"type":"Feature","properties":{"kind":"building"},"geometry":{"type":"Polygon","coordinates":[[[77.23906,28.59573],[77.23916,28.59591],[77.23951,28.59577],[77.23941,28.59559],[77.23906,28.59573]]]}},{"type":"Feature","properties":{"kind":"building"},"geometry":{"type":"Polygon","coordinates":[[[77.23916,28.60018],[77.23925,28.60022],[77.23931,28.60014],[77.23937,28.60017],[77.23942,28.60008],[77.23936,28.60005],[77.23942,28.59996],[77.23933,28.59991],[77.23916,28.60018]]]}},{"type":"Feature","properties":{"kind":"building"},"geometry":{"type":"Polygon","coordinates":[[[77.23919,28.59212],[77.23919,28.59214],[77.23895,28.59214],[77.23895,28.59216],[77.23874,28.59216],[77.23874,28.59196],[77.23917,28.59197],[77.23917,28.592],[77.23925,28.592],[77.23925,28.59212],[77.23919,28.59212]]]}},{"type":"Feature","properties":{"kind":"building"},"geometry":{"type":"Polygon","coordinates":[[[77.23925,28.5959],[77.23935,28.59608],[77.23915,28.59616],[77.23932,28.59649],[77.23955,28.59639],[77.23967,28.59661],[77.23941,28.59672],[77.23947,28.59684],[77.23971,28.59674],[77.23978,28.59686],[77.24003,28.59675],[77.23995,28.5966],[77.24027,28.59647],[77.24009,28.59612],[77.2401,28.59611],[77.23998,28.59588],[77.23994,28.5959],[77.23988,28.59579],[77.23965,28.59588],[77.23959,28.59576],[77.23925,28.5959]]]}},{"type":"Feature","properties":{"kind":"building"},"geometry":{"type":"Polygon","coordinates":[[[77.23932,28.60233],[77.23925,28.60225],[77.23913,28.60234],[77.2392,28.60242],[77.23932,28.60233]]]}},{"type":"Feature","properties":{"kind":"building"},"geometry":{"type":"Polygon","coordinates":[[[77.23933,28.60221],[77.23936,28.60193],[77.23925,28.60192],[77.23922,28.6022],[77.23933,28.60221]]]}},{"type":"Feature","properties":{"kind":"building"},"geometry":{"type":"Polygon","coordinates":[[[77.23937,28.60181],[77.23938,28.6015],[77.23925,28.6015],[77.23924,28.60181],[77.23937,28.60181]]]}},{"type":"Feature","properties":{"kind":"building"},"geometry":{"type":"Polygon","coordinates":[[[77.23937,28.60226],[77.23936,28.60239],[77.23968,28.60241],[77.23969,28.60228],[77.23937,28.60226]]]}},{"type":"Feature","properties":{"kind":"building"},"geometry":{"type":"Polygon","coordinates":[[[77.23939,28.59983],[77.23948,28.59987],[77.23952,28.5998],[77.23957,28.59982],[77.23963,28.59973],[77.23958,28.59971],[77.23963,28.59962],[77.23953,28.59958],[77.23939,28.59983]]]}},{"type":"Feature","properties":{"kind":"building"},"geometry":{"type":"Polygon","coordinates":[[[77.2394,28.59177],[77.23938,28.59085],[77.23925,28.59085],[77.23928,28.59177],[77.2394,28.59177]]]}},{"type":"Feature","properties":{"kind":"building"},"geometry":{"type":"Polygon","coordinates":[[[77.23947,28.60145],[77.2398,28.60147],[77.23981,28.60133],[77.23947,28.60131],[77.23947,28.60145]]]}},{"type":"Feature","properties":{"kind":"building"},"geometry":{"type":"Polygon","coordinates":[[[77.2397,28.60291],[77.23983,28.60291],[77.23983,28.6028],[77.2397,28.6028],[77.2397,28.60291]]]}},{"type":"Feature","properties":{"kind":"building"},"geometry":{"type":"Polygon","coordinates":[[[77.23985,28.59924],[77.23983,28.59931],[77.23993,28.59933],[77.23992,28.59937],[77.24003,28.5994],[77.24004,28.59936],[77.24017,28.59939],[77.24019,28.59931],[77.23985,28.59924]]]}},{"type":"Feature","properties":{"kind":"building"},"geometry":{"type":"Polygon","coordinates":[[[77.2399,28.6002],[77.24004,28.6002],[77.24005,28.60006],[77.2399,28.60006],[77.2399,28.6002]]]}},{"type":"Feature","properties":{"kind":"building"},"geometry":{"type":"Polygon","coordinates":[[[77.2399,28.60404],[77.23991,28.60372],[77.23969,28.60372],[77.23967,28.60403],[77.2399,28.60404]]]}},{"type":"Feature","properties":{"kind":"building"},"geometry":{"type":"Polygon","coordinates":[[[77.23992,28.60323],[77.23996,28.60297],[77.23981,28.60296],[77.23978,28.60321],[77.23992,28.60323]]]}},{"type":"Feature","properties":{"kind":"building"},"geometry":{"type":"Polygon","coordinates":[[[77.23992,28.60362],[77.23994,28.60334],[77.23981,28.60333],[77.23979,28.60362],[77.23992,28.60362]]]}},{"type":"Feature","properties":{"kind":"building"},"geometry":{"type":"Polygon","coordinates":[[[77.23997,28.60282],[77.23999,28.60252],[77.23987,28.60251],[77.23985,28.60282],[77.23997,28.60282]]]}},{"type":"Feature","properties":{"kind":"building"},"geometry":{"type":"Polygon","coordinates":[[[77.24008,28.60126],[77.2401,28.60098],[77.23999,28.60098],[77.23997,28.60125],[77.24008,28.60126]]]}},{"type":"Feature","properties":{"kind":"building"},"geometry":{"type":"Polygon","coordinates":[[[77.24012,28.60084],[77.24012,28.60055],[77.23998,28.60055],[77.23997,28.60084],[77.24012,28.60084]]]}},{"type":"Feature","properties":{"kind":"building"},"geometry":{"type":"Polygon","coordinates":[[[77.24016,28.60039],[77.24017,28.60011],[77.24007,28.60011],[77.24006,28.60039],[77.24016,28.60039]]]}},{"type":"Feature","properties":{"kind":"building"},"geometry":{"type":"Polygon","coordinates":[[[77.24019,28.59999],[77.24022,28.59981],[77.2402,28.59981],[77.24021,28.59968],[77.24012,28.59968],[77.24012,28.59978],[77.24009,28.59978],[77.24009,28.59981],[77.24007,28.59981],[77.24007,28.59988],[77.2401,28.59988],[77.2401,28.59999],[77.24019,28.59999]]]}},{"type":"Feature","properties":{"kind":"building"},"geometry":{"type":"Polygon","coordinates":[[[77.24025,28.58637],[77.24021,28.58632],[77.24021,28.58625],[77.24013,28.58625],[77.24013,28.58621],[77.23972,28.58619],[77.23972,28.58622],[77.23969,28.58621],[77.23968,28.58628],[77.23966,28.58628],[77.23966,28.58632],[77.23942,28.58631],[77.23943,28.58619],[77.23935,28.58619],[77.23935,28.58615],[77.23897,28.58613],[77.23897,28.58616],[77.23889,28.58616],[77.23888,28.58623],[77.23883,28.58623],[77.23879,28.58673],[77.23884,28.58673],[77.23884,28.5868],[77.23891,28.5868],[77.23891,28.58684],[77.23929,28.58686],[77.23929,28.58682],[77.23938,28.58682],[77.23938,28.58676],[77.2394,28.58676],[77.23941,28.58671],[77.23956,28.58671],[77.23962,28.58672],[77.23962,28.58677],[77.23964,28.58677],[77.23964,28.58684],[77.23971,28.58684],[77.23971,28.58689],[77.24009,28.58691],[77.24009,28.58688],[77.24016,28.58688],[77.24017,28.58682],[77.24023,28.58677],[77.24025,28.58637]]]}},{"type":"Feature","properties":{"kind":"building"},"geometry":{"type":"Polygon","coordinates":[[[77.24025,28.59108],[77.24035,28.59108],[77.24035,28.59094],[77.24024,28.59094],[77.24025,28.59108]]]}},{"type":"Feature","properties":{"kind":"building"},"geometry":{"type":"Polygon","coordinates":[[[77.24027,28.59207],[77.24036,28.59206],[77.24031,28.59168],[77.24023,28.59169],[77.24027,28.59207]]]}},{"type":"Feature","properties":{"kind":"building"},"geometry":{"type":"Polygon","coordinates":[[[77.2404,28.58285],[77.24049,28.58281],[77.24037,28.58263],[77.24028,28.58267],[77.2404,28.58285]]]}},{"type":"Feature","properties":{"kind":"building"},"geometry":{"type":"Polygon","coordinates":[[[77.24046,28.5825],[77.24058,28.58257],[77.24068,28.58245],[77.24056,28.58238],[77.24046,28.5825]]]}},{"type":"Feature","properties":{"kind":"building"},"geometry":{"type":"Polygon","coordinates":[[[77.24048,28.5816],[77.24057,28.58166],[77.24065,28.58159],[77.24056,28.58152],[77.24048,28.5816]]]}},{"type":"Feature","properties":{"kind":"building"},"geometry":{"type":"Polygon","coordinates":[[[77.24049,28.58571],[77.24051,28.58583],[77.24022,28.58586],[77.24019,28.58574],[77.24049,28.58571]]]}},{"type":"Feature","properties":{"kind":"building"},"geometry":{"type":"Polygon","coordinates":[[[77.24049,28.59909],[77.24042,28.59909],[77.24027,28.60084],[77.24034,28.60085],[77.24049,28.59909]]]}},{"type":"Feature","properties":{"kind":"building"},"geometry":{"type":"Polygon","coordinates":[[[77.24051,28.58304],[77.24069,28.58296],[77.24063,28.58285],[77.24044,28.58293],[77.24051,28.58304]]]}},{"type":"Feature","properties":{"kind":"building"},"geometry":{"type":"Polygon","coordinates":[[[77.24059,28.58322],[77.24095,28.58306],[77.24089,28.58296],[77.24053,28.58312],[77.24059,28.58322]]]}},{"type":"Feature","properties":{"kind":"building"},"geometry":{"type":"Polygon","coordinates":[[[77.24061,28.58235],[77.24074,28.58245],[77.24084,28.58235],[77.24071,28.58225],[77.24061,28.58235]]]}},{"type":"Feature","properties":{"kind":"building"},"geometry":{"type":"Polygon","coordinates":[[[77.24061,28.591],[77.24071,28.591],[77.24069,28.59081],[77.24059,28.59082],[77.24061,28.591]]]}},{"type":"Feature","properties":{"kind":"building"},"geometry":{"type":"Polygon","coordinates":[[[77.24065,28.59214],[77.24098,28.59207],[77.24094,28.59192],[77.24061,28.59199],[77.24065,28.59214]]]}},{"type":"Feature","properties":{"kind":"building"},"geometry":{"type":"Polygon","coordinates":[[[77.24067,28.58339],[77.241,28.58322],[77.24095,28.58313],[77.24061,28.58328],[77.24067,28.58339]]]}},{"type":"Feature","properties":{"kind":"building"},"geometry":{"type":"Polygon","coordinates":[[[77.24067,28.59486],[77.24083,28.5949],[77.24088,28.59475],[77.24072,28.59471],[77.24067,28.59486]]]}},{"type":"Feature","properties":{"kind":"building"},"geometry":{"type":"Polygon","coordinates":[[[77.24069,28.60409],[77.24101,28.6041],[77.24102,28.60383],[77.24071,28.60382],[77.24069,28.60409]]]}},{"type":"Feature","properties":{"kind":"building"},"geometry":{"type":"Polygon","coordinates":[[[77.24072,28.59471],[77.24078,28.59454],[77.24088,28.59457],[77.24082,28.59474],[77.24072,28.59471]]]}},{"type":"Feature","properties":{"kind":"building"},"geometry":{"type":"Polygon","coordinates":[[[77.24073,28.60374],[77.24102,28.60375],[77.24103,28.60346],[77.24074,28.60345],[77.24073,28.60374]]]}},{"type":"Feature","properties":{"kind":"building"},"geometry":{"type":"Polygon","coordinates":[[[77.24074,28.58187],[77.24074,28.58184],[77.24077,28.58183],[77.24079,28.58185],[77.24079,28.58188],[77.24076,28.58188],[77.24074,28.58187]]]}},{"type":"Feature","properties":{"kind":"building"},"geometry":{"type":"Polygon","coordinates":[[[77.24075,28.59906],[77.24083,28.59906],[77.24071,28.60086],[77.24062,28.60086],[77.24075,28.59906]]]}},{"type":"Feature","properties":{"kind":"building"},"geometry":{"type":"Polygon","coordinates":[[[77.24076,28.58272],[77.24086,28.58263],[77.2407,28.5825],[77.24061,28.5826],[77.24076,28.58272]]]}},{"type":"Feature","properties":{"kind":"building"},"geometry":{"type":"Polygon","coordinates":[[[77.24078,28.60302],[77.24105,28.60303],[77.24106,28.60278],[77.24079,28.60277],[77.24078,28.60302]]]}},{"type":"Feature","properties":{"kind":"building"},"geometry":{"type":"Polygon","coordinates":[[[77.24078,28.60338],[77.24096,28.60339],[77.24096,28.60335],[77.24091,28.60335],[77.24091,28.6033],[77.24095,28.6033],[77.24095,28.60319],[77.24092,28.60319],[77.24092,28.60315],[77.24102,28.60315],[77.24102,28.6031],[77.24079,28.6031],[77.24079,28.60315],[77.2408,28.60315],[77.24079,28.60334],[77.24078,28.60334],[77.24078,28.60338]]]}},{"type":"Feature","properties":{"kind":"building"},"geometry":{"type":"Polygon","coordinates":[[[77.24079,28.60268],[77.24089,28.60269],[77.2409,28.60252],[77.2408,28.60251],[77.24079,28.60268]]]}},{"type":"Feature","properties":{"kind":"building"},"geometry":{"type":"Polygon","coordinates":[[[77.24082,28.58348],[77.24109,28.58336],[77.24104,28.58328],[77.24077,28.5834],[77.24082,28.58348]]]}},{"type":"Feature","properties":{"kind":"building"},"geometry":{"type":"Polygon","coordinates":[[[77.24083,28.59183],[77.24099,28.59181],[77.24093,28.59152],[77.24078,28.59155],[77.24083,28.59183]]]}},{"type":"Feature","properties":{"kind":"building"},"geometry":{"type":"Polygon","coordinates":[[[77.24086,28.6014],[77.24139,28.60142],[77.24148,28.60136],[77.24148,28.60129],[77.24141,28.60129],[77.2414,28.60126],[77.24087,28.60124],[77.24086,28.6014]]]}},{"type":"Feature","properties":{"kind":"building"},"geometry":{"type":"Polygon","coordinates":[[[77.24088,28.58205],[77.2411,28.58222],[77.2412,28.58212],[77.24097,28.58195],[77.24088,28.58205]]]}},{"type":"Feature","properties":{"kind":"building"},"geometry":{"type":"Polygon","coordinates":[[[77.24088,28.58256],[77.24097,28.58246],[77.24085,28.58237],[77.24075,28.58247],[77.24088,28.58256]]]}},{"type":"Feature","properties":{"kind":"building"},"geometry":{"type":"Polygon","coordinates":[[[77.24091,28.60269],[77.24104,28.6027],[77.24106,28.60252],[77.24093,28.60251],[77.24091,28.60269]]]}},{"type":"Feature","properties":{"kind":"building"},"geometry":{"type":"Polygon","coordinates":[[[77.24093,28.58369],[77.24111,28.58361],[77.24103,28.58346],[77.24084,28.58354],[77.24093,28.58369]]]}},{"type":"Feature","properties":{"kind":"building"},"geometry":{"type":"Polygon","coordinates":[[[77.24094,28.60107],[77.2412,28.60108],[77.24121,28.60086],[77.24107,28.60086],[77.24107,28.60094],[77.24094,28.60093],[77.24094,28.60107]]]}},{"type":"Feature","properties":{"kind":"building"},"geometry":{"type":"Polygon","coordinates":[[[77.24095,28.59121],[77.24106,28.59122],[77.24106,28.59097],[77.24095,28.59097],[77.24095,28.59121]]]}},{"type":"Feature","properties":{"kind":"building"},"geometry":{"type":"Polygon","coordinates":[[[77.24097,28.58282],[77.24104,28.58282],[77.24105,28.58269],[77.24097,28.58269],[77.24097,28.58282]]]}},{"type":"Feature","properties":{"kind":"building"},"geometry":{"type":"Polygon","coordinates":[[[77.24097,28.60073],[77.241,28.60073],[77.241,28.60076],[77.24117,28.60076],[77.24118,28.60064],[77.24114,28.60064],[77.24114,28.60055],[77.24116,28.60055],[77.24117,28.60048],[77.24098,28.60047],[77.24097,28.60073]]]}},{"type":"Feature","properties":{"kind":"building"},"geometry":{"type":"Polygon","coordinates":[[[77.241,28.60039],[77.24125,28.6004],[77.24126,28.60026],[77.24121,28.60025],[77.24122,28.60015],[77.24128,28.60015],[77.24129,28.60009],[77.24119,28.60008],[77.24119,28.60012],[77.24103,28.60011],[77.24103,28.60022],[77.24109,28.60022],[77.24109,28.60026],[77.24101,28.60026],[77.241,28.60039]]]}},{"type":"Feature","properties":{"kind":"building"},"geometry":{"type":"Polygon","coordinates":[[[77.24101,28.60004],[77.24121,28.60004],[77.24122,28.59982],[77.24102,28.59982],[77.24101,28.60004]]]}},{"type":"Feature","properties":{"kind":"building"},"geometry":{"type":"Polygon","coordinates":[[[77.24102,28.59041],[77.24124,28.59036],[77.24121,28.59024],[77.24099,28.59029],[77.24102,28.59041]]]}},{"type":"Feature","properties":{"kind":"building"},"geometry":{"type":"Polygon","coordinates":[[[77.24103,28.59469],[77.24103,28.5946],[77.2413,28.59451],[77.24136,28.59463],[77.24114,28.5947],[77.24114,28.59472],[77.24109,28.59472],[77.24109,28.59469],[77.24103,28.59469]]]}},{"type":"Feature","properties":{"kind":"building"},"geometry":{"type":"Polygon","coordinates":[[[77.24108,28.58261],[77.24119,28.58261],[77.24119,28.58248],[77.24109,28.58247],[77.24108,28.58261]]]}},{"type":"Feature","properties":{"kind":"building"},"geometry":{"type":"Polygon","coordinates":[[[77.24108,28.58283],[77.24117,28.58283],[77.24118,28.58268],[77.24109,28.58268],[77.24108,28.58283]]]}},{"type":"Feature","properties":{"kind":"building"},"geometry":{"type":"Polygon","coordinates":[[[77.24108,28.59862],[77.2413,28.59863],[77.24131,28.59834],[77.24109,28.59834],[77.24108,28.59862]]]}},{"type":"Feature","properties":{"kind":"building"},"geometry":{"type":"Polygon","coordinates":[[[77.24108,28.60252],[77.24106,28.6027],[77.24125,28.60271],[77.24127,28.60253],[77.24108,28.60252]]]}},{"type":"Feature","properties":{"kind":"building"},"geometry":{"type":"Polygon","coordinates":[[[77.24109,28.59897],[77.24133,28.59897],[77.24134,28.59884],[77.2411,28.59883],[77.24109,28.59897]]]}},{"type":"Feature","properties":{"kind":"building"},"geometry":{"type":"Polygon","coordinates":[[[77.2411,28.59882],[77.24135,28.59883],[77.24135,28.5987],[77.24111,28.59869],[77.2411,28.59882]]]}},{"type":"Feature","properties":{"kind":"building"},"geometry":{"type":"Polygon","coordinates":[[[77.2411,28.6041],[77.24141,28.60411],[77.24142,28.60388],[77.24111,28.60387],[77.2411,28.6041]]]}},{"type":"Feature","properties":{"kind":"building"},"geometry":{"type":"Polygon","coordinates":[[[77.24112,28.59805],[77.24125,28.59806],[77.24125,28.59805],[77.24139,28.59806],[77.2414,28.59795],[77.24151,28.59796],[77.24154,28.5977],[77.24117,28.59766],[77.24112,28.59805]]]}},{"type":"Feature","properties":{"kind":"building"},"geometry":{"type":"Polygon","coordinates":[[[77.24114,28.60326],[77.24114,28.60335],[77.24116,28.60335],[77.24116,28.60333],[77.24121,28.60333],[77.24121,28.60326],[77.24114,28.60326]]]}},{"type":"Feature","properties":{"kind":"building"},"geometry":{"type":"Polygon","coordinates":[[[77.24115,28.6031],[77.24115,28.60325],[77.2412,28.60325],[77.24122,28.60321],[77.24122,28.6031],[77.24115,28.6031]]]}},{"type":"Feature","properties":{"kind":"building"},"geometry":{"type":"Polygon","coordinates":[[[77.24119,28.58173],[77.24134,28.58184],[77.24143,28.58174],[77.24128,28.58163],[77.24119,28.58173]]]}},{"type":"Feature","properties":{"kind":"building"},"geometry":{"type":"Polygon","coordinates":[[[77.24122,28.58281],[77.2413,28.58281],[77.2413,28.58266],[77.24122,28.58266],[77.24122,28.58281]]]}},{"type":"Feature","properties":{"kind":"building"},"geometry":{"type":"Polygon","coordinates":[[[77.24125,28.58388],[77.24143,28.58388],[77.24142,28.58396],[77.24125,28.58396],[77.24125,28.58388]]]}},{"type":"Feature","properties":{"kind":"building"},"geometry":{"type":"Polygon","coordinates":[[[77.24125,28.6034],[77.24142,28.60341],[77.24144,28.60314],[77.24126,28.60313],[77.24125,28.6034]]]}},{"type":"Feature","properties":{"kind":"building"},"geometry":{"type":"Polygon","coordinates":[[[77.24126,28.58381],[77.24143,28.58381],[77.24143,28.58373],[77.24126,28.58373],[77.24126,28.58381]]]}},{"type":"Feature","properties":{"kind":"building"},"geometry":{"type":"Polygon","coordinates":[[[77.24126,28.58405],[77.2414,28.58406],[77.24141,28.58397],[77.24127,28.58397],[77.24126,28.58405]]]}},{"type":"Feature","properties":{"kind":"building"},"geometry":{"type":"Polygon","coordinates":[[[77.24126,28.58706],[77.24125,28.58696],[77.24144,28.58695],[77.24145,28.58704],[77.24126,28.58706]]]}},{"type":"Feature","properties":{"kind":"building"},"geometry":{"type":"Polygon","coordinates":[[[77.24127,28.58262],[77.24135,28.58262],[77.24136,28.58249],[77.24128,28.58249],[77.24127,28.58262]]]}},{"type":"Feature","properties":{"kind":"building"},"geometry":{"type":"Polygon","coordinates":[[[77.24127,28.60304],[77.24146,28.60305],[77.24147,28.60291],[77.24143,28.60291],[77.24144,28.6028],[77.24126,28.6028],[77.24125,28.60302],[77.24127,28.60302],[77.24127,28.60304]]]}},{"type":"Feature","properties":{"kind":"building"},"geometry":{"type":"Polygon","coordinates":[[[77.24128,28.5831],[77.24139,28.58319],[77.2415,28.58308],[77.24139,28.58299],[77.24128,28.5831]]]}},{"type":"Feature","properties":{"kind":"building"},"geometry":{"type":"Polygon","coordinates":[[[77.24128,28.58388],[77.24143,28.58388],[77.24143,28.58381],[77.24128,28.58381],[77.24128,28.58388]]]}},{"type":"Feature","properties":{"kind":"building"},"geometry":{"type":"Polygon","coordinates":[[[77.24128,28.5843],[77.24142,28.58431],[77.24142,28.58423],[77.24129,28.58423],[77.24128,28.5843]]]}},{"type":"Feature","properties":{"kind":"building"},"geometry":{"type":"Polygon","coordinates":[[[77.24128,28.58461],[77.24139,28.58461],[77.2414,28.58454],[77.24129,28.58454],[77.24128,28.58461]]]}},{"type":"Feature","properties":{"kind":"building"},"geometry":{"type":"Polygon","coordinates":[[[77.24128,28.60083],[77.24137,28.60084],[77.24137,28.60079],[77.24163,28.6008],[77.24163,28.60076],[77.24161,28.60075],[77.24163,28.60062],[77.24161,28.60062],[77.24163,28.60053],[77.24143,28.60052],[77.24143,28.6006],[77.24132,28.6006],[77.24132,28.60066],[77.24144,28.60067],[77.24144,28.60073],[77.24138,28.60074],[77.24138,28.60075],[77.24128,28.60075],[77.24128,28.60083]]]}},{"type":"Feature","properties":{"kind":"building"},"geometry":{"type":"Polygon","coordinates":[[[77.24129,28.58334],[77.24139,28.58327],[77.24127,28.58314],[77.24116,28.58322],[77.24127,28.58334],[77.24128,28.58333],[77.24129,28.58334]]]}},{"type":"Feature","properties":{"kind":"building"},"geometry":{"type":"Polygon","coordinates":[[[77.24129,28.58418],[77.24143,28.58418],[77.24143,28.5841],[77.24129,28.58409],[77.24129,28.58418]]]}},{"type":"Feature","properties":{"kind":"building"},"geometry":{"type":"Polygon","coordinates":[[[77.24129,28.60253],[77.24128,28.60271],[77.24135,28.60271],[77.24135,28.60253],[77.24129,28.60253]]]}},{"type":"Feature","properties":{"kind":"building"},"geometry":{"type":"Polygon","coordinates":[[[77.24131,28.58162],[77.24146,28.58172],[77.24151,28.58166],[77.24137,28.58156],[77.24131,28.58162]]]}},{"type":"Feature","properties":{"kind":"building"},"geometry":{"type":"Polygon","coordinates":[[[77.24131,28.58451],[77.24143,28.58451],[77.24144,28.58438],[77.24131,28.58438],[77.24131,28.58451]]]}},{"type":"Feature","properties":{"kind":"building"},"geometry":{"type":"Polygon","coordinates":[[[77.24133,28.58224],[77.24143,28.58224],[77.24142,28.5821],[77.24133,28.5821],[77.24133,28.58224]]]}},{"type":"Feature","properties":{"kind":"building"},"geometry":{"type":"Polygon","coordinates":[[[77.24133,28.58359],[77.24144,28.58371],[77.24141,28.58373],[77.24126,28.58373],[77.24126,28.58364],[77.24133,28.58359]]]}},{"type":"Feature","properties":{"kind":"building"},"geometry":{"type":"Polygon","coordinates":[[[77.24135,28.60245],[77.24153,28.60246],[77.24154,28.60241],[77.24136,28.6024],[77.24135,28.60245]]]}},{"type":"Feature","properties":{"kind":"building"},"geometry":{"type":"Polygon","coordinates":[[[77.24136,28.6024],[77.24153,28.6024],[77.24154,28.60234],[77.24136,28.60233],[77.24136,28.6024]]]}},{"type":"Feature","properties":{"kind":"building"},"geometry":{"type":"Polygon","coordinates":[[[77.24136,28.60267],[77.24151,28.60268],[77.24152,28.60252],[77.24137,28.60252],[77.24136,28.60267]]]}},{"type":"Feature","properties":{"kind":"building"},"geometry":{"type":"Polygon","coordinates":[[[77.24137,28.58478],[77.24129,28.58472],[77.24129,28.58467],[77.2414,28.58468],[77.24145,28.58472],[77.24137,28.58478]]]}},{"type":"Feature","properties":{"kind":"building"},"geometry":{"type":"Polygon","coordinates":[[[77.24137,28.60246],[77.24136,28.60251],[77.24155,28.60252],[77.24156,28.60246],[77.24137,28.60246]]]}},{"type":"Feature","properties":{"kind":"building"},"geometry":{"type":"Polygon","coordinates":[[[77.24138,28.58281],[77.24153,28.58282],[77.24153,28.58267],[77.24138,28.58267],[77.24138,28.58281]]]}},{"type":"Feature","properties":{"kind":"building"},"geometry":{"type":"Polygon","coordinates":[[[77.24138,28.60004],[77.2417,28.60005],[77.2417,28.59985],[77.24158,28.59985],[77.24157,28.59999],[77.2415,28.59999],[77.24151,28.59984],[77.24139,28.59984],[77.24138,28.60004]]]}},{"type":"Feature","properties":{"kind":"building"},"geometry":{"type":"Polygon","coordinates":[[[77.24138,28.60191],[77.24156,28.60191],[77.24157,28.60178],[77.24138,28.60177],[77.24138,28.60191]]]}},{"type":"Feature","properties":{"kind":"building"},"geometry":{"type":"Polygon","coordinates":[[[77.24138,28.60214],[77.24155,28.60215],[77.24156,28.60203],[77.24138,28.60203],[77.24138,28.60214]]]}},{"type":"Feature","properties":{"kind":"building"},"geometry":{"type":"Polygon","coordinates":[[[77.24138,28.6022],[77.24155,28.60221],[77.24155,28.60215],[77.24138,28.60214],[77.24138,28.6022]]]}},{"type":"Feature","properties":{"kind":"building"},"geometry":{"type":"Polygon","coordinates":[[[77.24138,28.60233],[77.24155,28.60234],[77.24155,28.60229],[77.24138,28.60228],[77.24138,28.60233]]]}},{"type":"Feature","properties":{"kind":"building"},"geometry":{"type":"Polygon","coordinates":[[[77.2414,28.60176],[77.24157,28.60176],[77.2416,28.60145],[77.24141,28.60145],[77.2414,28.60176]]]}},{"type":"Feature","properties":{"kind":"building"},"geometry":{"type":"Polygon","coordinates":[[[77.2414,28.60227],[77.24155,28.60227],[77.24155,28.60221],[77.24141,28.60221],[77.2414,28.60227]]]}},{"type":"Feature","properties":{"kind":"building"},"geometry":{"type":"Polygon","coordinates":[[[77.24141,28.58261],[77.24147,28.58261],[77.24147,28.58249],[77.24141,28.58248],[77.24141,28.58261]]]}},{"type":"Feature","properties":{"kind":"building"},"geometry":{"type":"Polygon","coordinates":[[[77.24141,28.58486],[77.24149,28.58493],[77.2416,28.58483],[77.24152,28.58477],[77.24141,28.58486]]]}},{"type":"Feature","properties":{"kind":"building"},"geometry":{"type":"Polygon","coordinates":[[[77.24142,28.58485],[77.24136,28.5848],[77.24145,28.58472],[77.24151,28.58477],[77.24142,28.58485]]]}},{"type":"Feature","properties":{"kind":"building"},"geometry":{"type":"Polygon","coordinates":[[[77.24142,28.59865],[77.24147,28.59866],[77.24147,28.59862],[77.24155,28.59863],[77.24155,28.5986],[77.24165,28.5986],[77.24166,28.5984],[77.24143,28.59839],[77.24142,28.59865]]]}},{"type":"Feature","properties":{"kind":"building"},"geometry":{"type":"Polygon","coordinates":[[[77.24144,28.58193],[77.24144,28.582],[77.24161,28.582],[77.24161,28.58193],[77.24144,28.58193]]]}},{"type":"Feature","properties":{"kind":"building"},"geometry":{"type":"Polygon","coordinates":[[[77.24144,28.58366],[77.24151,28.58362],[77.24143,28.58353],[77.24137,28.58358],[77.24144,28.58366]]]}},{"type":"Feature","properties":{"kind":"building"},"geometry":{"type":"Polygon","coordinates":[[[77.24145,28.58223],[77.24166,28.58222],[77.24165,28.58212],[77.24145,28.58212],[77.24145,28.58223]]]}},{"type":"Feature","properties":{"kind":"building"},"geometry":{"type":"Polygon","coordinates":[[[77.24146,28.58149],[77.2416,28.58159],[77.24172,28.58147],[77.24157,28.58136],[77.24146,28.58149]]]}},{"type":"Feature","properties":{"kind":"building"},"geometry":{"type":"Polygon","coordinates":[[[77.24146,28.59802],[77.24142,28.59805],[77.24148,28.59811],[77.24152,28.59808],[77.24146,28.59802]]]}},{"type":"Feature","properties":{"kind":"building"},"geometry":{"type":"Polygon","coordinates":[[[77.24147,28.60412],[77.24184,28.60413],[77.24185,28.6039],[77.24148,28.60389],[77.24147,28.60412]]]}},{"type":"Feature","properties":{"kind":"building"},"geometry":{"type":"Polygon","coordinates":[[[77.24148,28.58262],[77.2416,28.58262],[77.2416,28.58249],[77.24149,28.58249],[77.24148,28.58262]]]}},{"type":"Feature","properties":{"kind":"building"},"geometry":{"type":"Polygon","coordinates":[[[77.24148,28.599],[77.24174,28.59901],[77.24174,28.59898],[77.24181,28.59899],[77.24181,28.59892],[77.24174,28.59891],[77.24174,28.59888],[77.24173,28.59888],[77.24173,28.59881],[77.24175,28.59881],[77.24175,28.59878],[77.24167,28.59878],[77.24167,28.59879],[77.24162,28.59879],[77.24162,28.59877],[77.24149,28.59876],[77.24148,28.599]]]}},{"type":"Feature","properties":{"kind":"building"},"geometry":{"type":"Polygon","coordinates":[[[77.24148,28.60381],[77.24185,28.60382],[77.24186,28.60357],[77.24149,28.60356],[77.24148,28.60381]]]}},{"type":"Feature","properties":{"kind":"building"},"geometry":{"type":"Polygon","coordinates":[[[77.24149,28.58462],[77.24165,28.58474],[77.24173,28.58466],[77.24158,28.58454],[77.24149,28.58462]]]}},{"type":"Feature","properties":{"kind":"building"},"geometry":{"type":"Polygon","coordinates":[[[77.2415,28.58417],[77.24164,28.58417],[77.24165,28.58404],[77.24151,28.58404],[77.2415,28.58417]]]}},{"type":"Feature","properties":{"kind":"building"},"geometry":{"type":"Polygon","coordinates":[[[77.2415,28.58451],[77.24167,28.58451],[77.24167,28.58437],[77.2415,28.58437],[77.2415,28.58451]]]}},{"type":"Feature","properties":{"kind":"building"},"geometry":{"type":"Polygon","coordinates":[[[77.2415,28.58492],[77.24157,28.58498],[77.24167,28.58488],[77.2416,28.58483],[77.2415,28.58492]]]}},{"type":"Feature","properties":{"kind":"building"},"geometry":{"type":"Polygon","coordinates":[[[77.24151,28.58401],[77.24164,28.584],[77.24163,28.58379],[77.2415,28.58379],[77.24151,28.58401]]]}},{"type":"Feature","properties":{"kind":"building"},"geometry":{"type":"Polygon","coordinates":[[[77.24151,28.58428],[77.24168,28.58428],[77.24168,28.58419],[77.24151,28.58419],[77.24151,28.58428]]]}},{"type":"Feature","properties":{"kind":"building"},"geometry":{"type":"Polygon","coordinates":[[[77.24154,28.60526],[77.24173,28.60527],[77.24174,28.60501],[77.24155,28.60501],[77.24154,28.60526]]]}},{"type":"Feature","properties":{"kind":"building"},"geometry":{"type":"Polygon","coordinates":[[[77.24155,28.58376],[77.24165,28.58376],[77.24165,28.5837],[77.24155,28.5837],[77.24155,28.58376]]]}},{"type":"Feature","properties":{"kind":"building"},"geometry":{"type":"Polygon","coordinates":[[[77.24161,28.58134],[77.24176,28.58145],[77.24182,28.5814],[77.24167,28.58128],[77.24161,28.58134]]]}},{"type":"Feature","properties":{"kind":"building"},"geometry":{"type":"Polygon","coordinates":[[[77.24161,28.58191],[77.24166,28.58188],[77.24154,28.58177],[77.24144,28.58184],[77.24147,28.58186],[77.24161,28.58191]]]}},{"type":"Feature","properties":{"kind":"building"},"geometry":{"type":"Polygon","coordinates":[[[77.24161,28.58193],[77.24161,28.58191],[77.24144,28.58185],[77.24144,28.58193],[77.24161,28.58193]]]}},{"type":"Feature","properties":{"kind":"building"},"geometry":{"type":"Polygon","coordinates":[[[77.24161,28.60237],[77.24172,28.60237],[77.24172,28.60225],[77.24194,28.60226],[77.24193,28.60236],[77.24199,28.60236],[77.242,28.60212],[77.24168,28.60211],[77.24167,28.6023],[77.24161,28.6023],[77.24161,28.60237]]]}},{"type":"Feature","properties":{"kind":"building"},"geometry":{"type":"Polygon","coordinates":[[[77.24162,28.58171],[77.24154,28.58177],[77.24166,28.58187],[77.24173,28.58181],[77.24162,28.58171]]]}},{"type":"Feature","properties":{"kind":"building"},"geometry":{"type":"Polygon","coordinates":[[[77.24163,28.58504],[77.24169,28.5851],[77.2418,28.58499],[77.24174,28.58494],[77.24163,28.58504]]]}},{"type":"Feature","properties":{"kind":"building"},"geometry":{"type":"Polygon","coordinates":[[[77.24163,28.6027],[77.24172,28.60269],[77.24172,28.60271],[77.24176,28.60271],[77.24176,28.60249],[77.24164,28.60249],[77.24163,28.6027]]]}},{"type":"Feature","properties":{"kind":"building"},"geometry":{"type":"Polygon","coordinates":[[[77.24167,28.5986],[77.24184,28.59861],[77.24185,28.59841],[77.24169,28.5984],[77.24167,28.5986]]]}},{"type":"Feature","properties":{"kind":"building"},"geometry":{"type":"Polygon","coordinates":[[[77.24167,28.60152],[77.24186,28.60153],[77.24187,28.60128],[77.24168,28.60127],[77.24167,28.60152]]]}},{"type":"Feature","properties":{"kind":"building"},"geometry":{"type":"Polygon","coordinates":[[[77.24168,28.58474],[77.24174,28.58478],[77.24182,28.58469],[77.24177,28.58465],[77.24168,28.58474]]]}},{"type":"Feature","properties":{"kind":"building"},"geometry":{"type":"Polygon","coordinates":[[[77.2417,28.59153],[77.24171,28.59122],[77.24189,28.59122],[77.24187,28.59154],[77.2417,28.59153]]]}},{"type":"Feature","properties":{"kind":"building"},"geometry":{"type":"Polygon","coordinates":[[[77.2417,28.60186],[77.24201,28.60187],[77.24202,28.60161],[77.24171,28.6016],[77.2417,28.60186]]]}},{"type":"Feature","properties":{"kind":"building"},"geometry":{"type":"Polygon","coordinates":[[[77.24173,28.58181],[77.24186,28.58172],[77.24173,28.5816],[77.24162,28.58171],[77.24173,28.58181]]]}},{"type":"Feature","properties":{"kind":"building"},"geometry":{"type":"Polygon","coordinates":[[[77.24174,28.58494],[77.24167,28.58488],[77.24156,28.58499],[77.24163,28.58504],[77.24174,28.58494]]]}},{"type":"Feature","properties":{"kind":"building"},"geometry":{"type":"Polygon","coordinates":[[[77.24178,28.60526],[77.24208,28.60527],[77.24209,28.60503],[77.24179,28.60502],[77.24178,28.60526]]]}},{"type":"Feature","properties":{"kind":"building"},"geometry":{"type":"Polygon","coordinates":[[[77.24179,28.60037],[77.24184,28.60037],[77.24183,28.6004],[77.24208,28.6004],[77.24209,28.60033],[77.24213,28.60033],[77.24214,28.60024],[77.24217,28.60024],[77.24217,28.60021],[77.24224,28.60022],[77.24224,28.60017],[77.24218,28.60017],[77.24218,28.60015],[77.2421,28.60015],[77.2421,28.60022],[77.24204,28.60022],[77.24204,28.60024],[77.24197,28.60024],[77.24197,28.60027],[77.24191,28.60027],[77.24191,28.60024],[77.24184,28.60024],[77.24184,28.60014],[77.2418,28.60014],[77.24179,28.60037]]]}},{"type":"Feature","properties":{"kind":"building"},"geometry":{"type":"Polygon","coordinates":[[[77.2418,28.58499],[77.24186,28.58504],[77.24178,28.58512],[77.24172,28.58507],[77.2418,28.58499]]]}},{"type":"Feature","properties":{"kind":"building"},"geometry":{"type":"Polygon","coordinates":[[[77.2418,28.60555],[77.24213,28.60556],[77.24214,28.60534],[77.24181,28.60533],[77.2418,28.60555]]]}},{"type":"Feature","properties":{"kind":"building"},"geometry":{"type":"Polygon","coordinates":[[[77.24181,28.60009],[77.24191,28.60009],[77.24192,28.60002],[77.24202,28.60002],[77.24203,28.59997],[77.24207,28.59997],[77.24207,28.60002],[77.24209,28.60002],[77.24208,28.6001],[77.24218,28.60011],[77.24218,28.60005],[77.24212,28.60005],[77.24212,28.59994],[77.24216,28.59994],[77.24216,28.59985],[77.242,28.59985],[77.242,28.59986],[77.24194,28.59986],[77.24194,28.59984],[77.24185,28.59983],[77.24184,28.60002],[77.24181,28.60002],[77.24181,28.60009]]]}},{"type":"Feature","properties":{"kind":"building"},"geometry":{"type":"Polygon","coordinates":[[[77.24182,28.58128],[77.24203,28.58147],[77.24233,28.58121],[77.24211,28.58102],[77.24182,28.58128]]]}},{"type":"Feature","properties":{"kind":"building"},"geometry":{"type":"Polygon","coordinates":[[[77.24186,28.59866],[77.24195,28.59867],[77.24196,28.59859],[77.24198,28.59859],[77.24198,28.59854],[77.24205,28.59854],[77.24206,28.59842],[77.24192,28.59841],[77.24191,28.59863],[77.24186,28.59863],[77.24186,28.59866]]]}},{"type":"Feature","properties":{"kind":"building"},"geometry":{"type":"Polygon","coordinates":[[[77.24187,28.59901],[77.24209,28.59902],[77.2421,28.59886],[77.24202,28.59885],[77.24202,28.59881],[77.24195,28.59881],[77.24195,28.59878],[77.24184,28.59878],[77.24184,28.59882],[77.24188,28.59882],[77.24187,28.59901]]]}},{"type":"Feature","properties":{"kind":"building"},"geometry":{"type":"Polygon","coordinates":[[[77.24188,28.58516],[77.24204,28.58518],[77.24207,28.58514],[77.24199,28.58507],[77.24188,28.58507],[77.24188,28.58516]]]}},{"type":"Feature","properties":{"kind":"building"},"geometry":{"type":"Polygon","coordinates":[[[77.24188,28.60273],[77.24195,28.60273],[77.24196,28.60259],[77.24192,28.60259],[77.24192,28.60255],[77.24188,28.60255],[77.24188,28.60252],[77.24184,28.60252],[77.24183,28.6026],[77.24185,28.6026],[77.24185,28.60263],[77.24183,28.60263],[77.24183,28.60265],[77.24185,28.60265],[77.24185,28.60268],[77.24189,28.60268],[77.24188,28.60273]]]}},{"type":"Feature","properties":{"kind":"building"},"geometry":{"type":"Polygon","coordinates":[[[77.24191,28.60413],[77.24222,28.60414],[77.24223,28.60392],[77.24192,28.60391],[77.24191,28.60413]]]}},{"type":"Feature","properties":{"kind":"building"},"geometry":{"type":"Polygon","coordinates":[[[77.24192,28.59142],[77.24193,28.59134],[77.24203,28.59134],[77.24203,28.59142],[77.24192,28.59142]]]}},{"type":"Feature","properties":{"kind":"building"},"geometry":{"type":"Polygon","coordinates":[[[77.24192,28.60382],[77.24226,28.60383],[77.24227,28.60357],[77.24193,28.60356],[77.24192,28.60382]]]}},{"type":"Feature","properties":{"kind":"building"},"geometry":{"type":"Polygon","coordinates":[[[77.24193,28.58492],[77.24201,28.58492],[77.24202,28.58478],[77.24194,28.58478],[77.24193,28.58492]]]}},{"type":"Feature","properties":{"kind":"building"},"geometry":{"type":"Polygon","coordinates":[[[77.24199,28.58505],[77.24208,28.58513],[77.24217,28.58506],[77.24207,28.58498],[77.24199,28.58505]]]}},{"type":"Feature","properties":{"kind":"building"},"geometry":{"type":"Polygon","coordinates":[[[77.242,28.6024],[77.24217,28.6024],[77.24218,28.60214],[77.24201,28.60214],[77.242,28.6024]]]}},{"type":"Feature","properties":{"kind":"building"},"geometry":{"type":"Polygon","coordinates":[[[77.24201,28.60154],[77.24222,28.60155],[77.24223,28.60144],[77.24224,28.60144],[77.24225,28.60136],[77.24228,28.60136],[77.24229,28.60131],[77.24215,28.6013],[77.24214,28.60148],[77.24202,28.60148],[77.24204,28.60128],[77.2419,28.60128],[77.24191,28.60139],[77.24194,28.60139],[77.24194,28.60149],[77.24201,28.60151],[77.24201,28.60154]]]}},{"type":"Feature","properties":{"kind":"building"},"geometry":{"type":"Polygon","coordinates":[[[77.24202,28.58478],[77.24213,28.58488],[77.24206,28.58492],[77.24201,28.58492],[77.24202,28.58478]]]}},{"type":"Feature","properties":{"kind":"building"},"geometry":{"type":"Polygon","coordinates":[[[77.24203,28.58472],[77.24215,28.58482],[77.24225,28.58473],[77.24214,28.58463],[77.24203,28.58472]]]}},{"type":"Feature","properties":{"kind":"building"},"geometry":{"type":"Polygon","coordinates":[[[77.24203,28.59052],[77.24216,28.59051],[77.24215,28.59027],[77.24202,28.59028],[77.24203,28.59052]]]}},{"type":"Feature","properties":{"kind":"building"},"geometry":{"type":"Polygon","coordinates":[[[77.24203,28.60274],[77.24213,28.60275],[77.24213,28.60273],[77.24216,28.60274],[77.24216,28.60269],[77.24214,28.60269],[77.24214,28.60265],[77.24216,28.60265],[77.24217,28.60259],[77.2421,28.60259],[77.2421,28.60257],[77.24201,28.60256],[77.24201,28.60261],[77.24206,28.60261],[77.24206,28.60264],[77.24203,28.60264],[77.24203,28.60267],[77.24208,28.60267],[77.24208,28.60271],[77.24203,28.6027],[77.24203,28.60274]]]}},{"type":"Feature","properties":{"kind":"building"},"geometry":{"type":"Polygon","coordinates":[[[77.24204,28.58168],[77.24201,28.58156],[77.2418,28.58154],[77.24173,28.5816],[77.24186,28.58172],[77.24204,28.58168]]]}},{"type":"Feature","properties":{"kind":"building"},"geometry":{"type":"Polygon","coordinates":[[[77.24207,28.58167],[77.24216,28.58167],[77.24215,28.58151],[77.24206,28.58151],[77.24207,28.58167]]]}},{"type":"Feature","properties":{"kind":"building"},"geometry":{"type":"Polygon","coordinates":[[[77.24207,28.59862],[77.24223,28.59863],[77.24224,28.59843],[77.24208,28.59842],[77.24207,28.59862]]]}},{"type":"Feature","properties":{"kind":"building"},"geometry":{"type":"Polygon","coordinates":[[[77.24207,28.60189],[77.24222,28.60189],[77.24223,28.60166],[77.24208,28.60165],[77.24207,28.60189]]]}},{"type":"Feature","properties":{"kind":"building"},"geometry":{"type":"Polygon","coordinates":[[[77.24209,28.58386],[77.24209,28.5837],[77.24183,28.5837],[77.24183,28.58386],[77.24209,28.58386]]]}},{"type":"Feature","properties":{"kind":"building"},"geometry":{"type":"Polygon","coordinates":[[[77.24213,28.59162],[77.24214,28.59145],[77.24234,28.59146],[77.24233,28.59163],[77.24213,28.59162]]]}},{"type":"Feature","properties":{"kind":"building"},"geometry":{"type":"Polygon","coordinates":[[[77.24213,28.59903],[77.2422,28.59903],[77.24222,28.5988],[77.24214,28.59879],[77.24213,28.59903]]]}},{"type":"Feature","properties":{"kind":"building"},"geometry":{"type":"Polygon","coordinates":[[[77.24214,28.58498],[77.24225,28.58508],[77.24238,28.58497],[77.24227,28.58487],[77.24214,28.58498]]]}},{"type":"Feature","properties":{"kind":"building"},"geometry":{"type":"Polygon","coordinates":[[[77.24217,28.60274],[77.24222,28.60274],[77.24222,28.60271],[77.24233,28.60272],[77.24234,28.60256],[77.24237,28.60256],[77.24238,28.6025],[77.24228,28.6025],[77.24228,28.60256],[77.24218,28.60257],[77.24217,28.60274]]]}},{"type":"Feature","properties":{"kind":"building"},"geometry":{"type":"Polygon","coordinates":[[[77.24218,28.58166],[77.24231,28.58166],[77.24232,28.58152],[77.24218,28.58152],[77.24218,28.58166]]]}},{"type":"Feature","properties":{"kind":"building"},"geometry":{"type":"Polygon","coordinates":[[[77.24219,28.58461],[77.2423,28.58471],[77.2424,28.58462],[77.24229,28.58452],[77.24219,28.58461]]]}},{"type":"Feature","properties":{"kind":"building"},"geometry":{"type":"Polygon","coordinates":[[[77.24219,28.60557],[77.24253,28.60559],[77.24254,28.60537],[77.2422,28.60536],[77.24219,28.60557]]]}},{"type":"Feature","properties":{"kind":"building"},"geometry":{"type":"Polygon","coordinates":[[[77.2422,28.60042],[77.24253,28.60043],[77.24252,28.60028],[77.24249,28.60028],[77.24247,28.60024],[77.24221,28.60023],[77.2422,28.60042]]]}},{"type":"Feature","properties":{"kind":"building"},"geometry":{"type":"Polygon","coordinates":[[[77.24221,28.58198],[77.24223,28.58201],[77.24225,28.58201],[77.24228,28.58199],[77.24226,28.58196],[77.24223,28.58196],[77.24221,28.58198]]]}},{"type":"Feature","properties":{"kind":"building"},"geometry":{"type":"Polygon","coordinates":[[[77.24222,28.59868],[77.24236,28.59869],[77.24237,28.59866],[77.24232,28.59866],[77.24232,28.59863],[77.24222,28.59863],[77.24222,28.59868]]]}},{"type":"Feature","properties":{"kind":"building"},"geometry":{"type":"Polygon","coordinates":[[[77.24222,28.6024],[77.24239,28.60241],[77.2424,28.60217],[77.24223,28.60216],[77.24222,28.6024]]]}},{"type":"Feature","properties":{"kind":"building"},"geometry":{"type":"Polygon","coordinates":[[[77.24225,28.58529],[77.2424,28.58542],[77.24249,28.58535],[77.24234,28.58522],[77.24225,28.58529]]]}},{"type":"Feature","properties":{"kind":"building"},"geometry":{"type":"Polygon","coordinates":[[[77.24226,28.6019],[77.24244,28.6019],[77.24245,28.60166],[77.24227,28.60165],[77.24226,28.6019]]]}},{"type":"Feature","properties":{"kind":"building"},"geometry":{"type":"Polygon","coordinates":[[[77.24227,28.60008],[77.24228,28.60008],[77.24228,28.60011],[77.24236,28.60011],[77.24236,28.60008],[77.2424,28.60006],[77.2424,28.60004],[77.24245,28.60004],[77.24245,28.60008],[77.2425,28.60008],[77.2425,28.6],[77.24254,28.59999],[77.24255,28.59989],[77.24225,28.59988],[77.24224,28.59997],[77.24227,28.59997],[77.24227,28.60008]]]}},{"type":"Feature","properties":{"kind":"building"},"geometry":{"type":"Polygon","coordinates":[[[77.24229,28.58484],[77.2424,28.58495],[77.24246,28.5849],[77.24234,28.5848],[77.24229,28.58484]]]}},{"type":"Feature","properties":{"kind":"building"},"geometry":{"type":"Polygon","coordinates":[[[77.24229,28.59899],[77.24262,28.599],[77.24262,28.59891],[77.24257,28.59891],[77.24258,28.5988],[77.24248,28.5988],[77.24247,28.59891],[77.24237,28.5989],[77.24238,28.59887],[77.24242,28.59887],[77.24242,28.59878],[77.2424,28.59878],[77.2424,28.59876],[77.24233,28.59876],[77.24233,28.59886],[77.24229,28.59886],[77.24229,28.59899]]]}},{"type":"Feature","properties":{"kind":"building"},"geometry":{"type":"Polygon","coordinates":[[[77.24229,28.60156],[77.24244,28.60157],[77.24245,28.60129],[77.2423,28.60128],[77.24229,28.60156]]]}},{"type":"Feature","properties":{"kind":"building"},"geometry":{"type":"Polygon","coordinates":[[[77.24229,28.6049],[77.24258,28.60491],[77.24259,28.60465],[77.2423,28.60464],[77.24229,28.6049]]]}},{"type":"Feature","properties":{"kind":"building"},"geometry":{"type":"Polygon","coordinates":[[[77.24231,28.59862],[77.24247,28.59862],[77.24248,28.59843],[77.24232,28.59842],[77.24231,28.59862]]]}},{"type":"Feature","properties":{"kind":"building"},"geometry":{"type":"Polygon","coordinates":[[[77.24231,28.60384],[77.24265,28.60385],[77.24266,28.6036],[77.24232,28.60359],[77.24231,28.60384]]]}},{"type":"Feature","properties":{"kind":"building"},"geometry":{"type":"Polygon","coordinates":[[[77.24231,28.60456],[77.24263,28.60457],[77.24264,28.60427],[77.24233,28.60426],[77.24231,28.60456]]]}},{"type":"Feature","properties":{"kind":"building"},"geometry":{"type":"Polygon","coordinates":[[[77.24232,28.58451],[77.24242,28.5846],[77.24251,28.58452],[77.24241,28.58444],[77.24232,28.58451]]]}},{"type":"Feature","properties":{"kind":"building"},"geometry":{"type":"Polygon","coordinates":[[[77.24236,28.58477],[77.24247,28.58488],[77.24254,28.58483],[77.24242,28.58472],[77.24236,28.58477]]]}},{"type":"Feature","properties":{"kind":"building"},"geometry":{"type":"Polygon","coordinates":[[[77.24237,28.58519],[77.24252,28.58531],[77.24262,28.58521],[77.24247,28.58509],[77.24237,28.58519]]]}},{"type":"Feature","properties":{"kind":"building"},"geometry":{"type":"Polygon","coordinates":[[[77.24238,28.58365],[77.24239,28.58341],[77.24229,28.58341],[77.24229,28.58357],[77.24178,28.58357],[77.24178,28.5834],[77.2417,28.5834],[77.24169,28.58364],[77.24238,28.58365]]]}},{"type":"Feature","properties":{"kind":"building"},"geometry":{"type":"Polygon","coordinates":[[[77.24239,28.58389],[77.24251,28.58399],[77.24263,28.58388],[77.2425,28.58378],[77.24239,28.58389]]]}},{"type":"Feature","properties":{"kind":"building"},"geometry":{"type":"Polygon","coordinates":[[[77.24241,28.58183],[77.24255,28.58171],[77.24242,28.58159],[77.24228,28.5817],[77.24241,28.58183]]]}},{"type":"Feature","properties":{"kind":"building"},"geometry":{"type":"Polygon","coordinates":[[[77.24241,28.60241],[77.24249,28.60242],[77.2425,28.60236],[77.24241,28.60235],[77.24241,28.60241]]]}},{"type":"Feature","properties":{"kind":"building"},"geometry":{"type":"Polygon","coordinates":[[[77.24243,28.5844],[77.24255,28.58451],[77.24266,28.58441],[77.24254,28.58431],[77.24243,28.5844]]]}},{"type":"Feature","properties":{"kind":"building"},"geometry":{"type":"Polygon","coordinates":[[[77.24244,28.58224],[77.24256,28.58224],[77.24257,28.58213],[77.24244,28.58213],[77.24244,28.58224]]]}},{"type":"Feature","properties":{"kind":"building"},"geometry":{"type":"Polygon","coordinates":[[[77.24245,28.59259],[77.24263,28.59255],[77.24259,28.59241],[77.24242,28.59244],[77.24245,28.59259]]]}},{"type":"Feature","properties":{"kind":"building"},"geometry":{"type":"Polygon","coordinates":[[[77.24245,28.60275],[77.24259,28.60275],[77.2426,28.60266],[77.24255,28.60266],[77.24256,28.60255],[77.24246,28.60254],[77.24246,28.60252],[77.24242,28.60252],[77.24243,28.6025],[77.24239,28.6025],[77.24239,28.60256],[77.24246,28.60256],[77.24245,28.60275]]]}},{"type":"Feature","properties":{"kind":"building"},"geometry":{"type":"Polygon","coordinates":[[[77.24246,28.58195],[77.24259,28.58195],[77.24259,28.58181],[77.24245,28.58182],[77.24246,28.58195]]]}},{"type":"Feature","properties":{"kind":"building"},"geometry":{"type":"Polygon","coordinates":[[[77.24246,28.58205],[77.24262,28.58205],[77.24262,28.58198],[77.24246,28.58197],[77.24246,28.58205]]]}},{"type":"Feature","properties":{"kind":"building"},"geometry":{"type":"Polygon","coordinates":[[[77.24247,28.58268],[77.24266,28.58268],[77.24266,28.58247],[77.24247,28.58247],[77.24247,28.58268]]]}},{"type":"Feature","properties":{"kind":"building"},"geometry":{"type":"Polygon","coordinates":[[[77.24247,28.58469],[77.24258,28.5848],[77.24266,28.58474],[77.24254,28.58463],[77.24247,28.58469]]]}},{"type":"Feature","properties":{"kind":"building"},"geometry":{"type":"Polygon","coordinates":[[[77.24249,28.58322],[77.24257,28.58322],[77.24256,28.58304],[77.24248,28.58304],[77.24249,28.58322]]]}},{"type":"Feature","properties":{"kind":"building"},"geometry":{"type":"Polygon","coordinates":[[[77.24249,28.59863],[77.24265,28.59863],[77.24265,28.59845],[77.24249,28.59845],[77.24249,28.59863]]]}},{"type":"Feature","properties":{"kind":"building"},"geometry":{"type":"Polygon","coordinates":[[[77.24249,28.60157],[77.24283,28.60158],[77.24285,28.60129],[77.2425,28.60128],[77.24249,28.60157]]]}},{"type":"Feature","properties":{"kind":"building"},"geometry":{"type":"Polygon","coordinates":[[[77.2425,28.59134],[77.24265,28.59135],[77.24265,28.59128],[77.2425,28.59128],[77.2425,28.59134]]]}},{"type":"Feature","properties":{"kind":"building"},"geometry":{"type":"Polygon","coordinates":[[[77.2425,28.60233],[77.24264,28.60233],[77.24264,28.60237],[77.24279,28.60237],[77.24281,28.60217],[77.24251,28.60216],[77.2425,28.60233]]]}},{"type":"Feature","properties":{"kind":"building"},"geometry":{"type":"Polygon","coordinates":[[[77.24251,28.58284],[77.24265,28.58284],[77.24265,28.58277],[77.24252,28.58277],[77.24251,28.58284]]]}},{"type":"Feature","properties":{"kind":"building"},"geometry":{"type":"Polygon","coordinates":[[[77.24253,28.5851],[77.24267,28.58521],[77.24278,28.5851],[77.24264,28.58499],[77.24253,28.5851]]]}},{"type":"Feature","properties":{"kind":"building"},"geometry":{"type":"Polygon","coordinates":[[[77.24255,28.58536],[77.24268,28.58548],[77.24256,28.58558],[77.24244,28.58547],[77.24255,28.58536]]]}},{"type":"Feature","properties":{"kind":"building"},"geometry":{"type":"Polygon","coordinates":[[[77.24255,28.58559],[77.24243,28.58548],[77.24237,28.58552],[77.24249,28.58565],[77.24255,28.5856],[77.24255,28.58559]]]}},{"type":"Feature","properties":{"kind":"building"},"geometry":{"type":"Polygon","coordinates":[[[77.24256,28.58333],[77.24269,28.58344],[77.24289,28.58328],[77.24277,28.58317],[77.24256,28.58333]]]}},{"type":"Feature","properties":{"kind":"building"},"geometry":{"type":"Polygon","coordinates":[[[77.24257,28.58404],[77.24264,28.58411],[77.24276,28.58403],[77.24269,28.58395],[77.24257,28.58404]]]}},{"type":"Feature","properties":{"kind":"building"},"geometry":{"type":"Polygon","coordinates":[[[77.24257,28.58566],[77.24252,28.58569],[77.2425,28.58567],[77.24248,28.58568],[77.24257,28.58577],[77.2426,28.58575],[77.24262,28.58571],[77.24257,28.58566]]]}},{"type":"Feature","properties":{"kind":"building"},"geometry":{"type":"Polygon","coordinates":[[[77.24258,28.58302],[77.24272,28.58302],[77.24272,28.58292],[77.24258,28.58292],[77.24258,28.58302]]]}},{"type":"Feature","properties":{"kind":"building"},"geometry":{"type":"Polygon","coordinates":[[[77.24258,28.58375],[77.24265,28.58381],[77.24276,28.58371],[77.24269,28.58365],[77.24258,28.58375]]]}},{"type":"Feature","properties":{"kind":"building"},"geometry":{"type":"Polygon","coordinates":[[[77.24259,28.58581],[77.2427,28.58591],[77.24275,28.58588],[77.24264,28.58577],[77.24259,28.58581]]]}},{"type":"Feature","properties":{"kind":"building"},"geometry":{"type":"Polygon","coordinates":[[[77.24259,28.60193],[77.24281,28.60194],[77.24282,28.60167],[77.2426,28.60167],[77.24259,28.60193]]]}},{"type":"Feature","properties":{"kind":"building"},"geometry":{"type":"Polygon","coordinates":[[[77.2426,28.60044],[77.24294,28.60045],[77.24295,28.6003],[77.24278,28.60029],[77.24278,28.60027],[77.24261,28.60027],[77.2426,28.60044]]]}},{"type":"Feature","properties":{"kind":"building"},"geometry":{"type":"Polygon","coordinates":[[[77.24261,28.58226],[77.24271,28.58226],[77.24271,28.58213],[77.24262,28.58213],[77.24261,28.58226]]]}},{"type":"Feature","properties":{"kind":"building"},"geometry":{"type":"Polygon","coordinates":[[[77.24262,28.58532],[77.24271,28.58525],[77.24283,28.58538],[77.24274,28.58544],[77.24262,28.58532]]]}},{"type":"Feature","properties":{"kind":"building"},"geometry":{"type":"Polygon","coordinates":[[[77.24262,28.60274],[77.24266,28.60274],[77.24266,28.60277],[77.24273,28.60277],[77.24273,28.60274],[77.24269,28.60274],[77.24269,28.60272],[77.24272,28.60272],[77.24272,28.60269],[77.24274,28.60269],[77.24274,28.60263],[77.24271,28.60263],[77.24272,28.60259],[77.24278,28.60259],[77.24278,28.60253],[77.24271,28.60253],[77.24271,28.60258],[77.24258,28.60258],[77.24258,28.60263],[77.24262,28.60263],[77.24262,28.60274]]]}},{"type":"Feature","properties":{"kind":"building"},"geometry":{"type":"Polygon","coordinates":[[[77.24263,28.58557],[77.24262,28.58559],[77.24259,28.58556],[77.24256,28.58559],[77.24268,28.5857],[77.24273,28.58566],[77.24263,28.58557]]]}},{"type":"Feature","properties":{"kind":"building"},"geometry":{"type":"Polygon","coordinates":[[[77.24266,28.6053],[77.24294,28.60531],[77.24296,28.60504],[77.24267,28.60503],[77.24266,28.6053]]]}},{"type":"Feature","properties":{"kind":"building"},"geometry":{"type":"Polygon","coordinates":[[[77.24267,28.5855],[77.24278,28.58561],[77.24274,28.58564],[77.24262,28.58554],[77.24267,28.5855]]]}},{"type":"Feature","properties":{"kind":"building"},"geometry":{"type":"Polygon","coordinates":[[[77.24267,28.60565],[77.24295,28.60566],[77.24296,28.6054],[77.24268,28.6054],[77.24267,28.60565]]]}},{"type":"Feature","properties":{"kind":"building"},"geometry":{"type":"Polygon","coordinates":[[[77.24268,28.58421],[77.24283,28.58421],[77.24283,28.58412],[77.24268,28.58412],[77.24268,28.58421]]]}},{"type":"Feature","properties":{"kind":"building"},"geometry":{"type":"Polygon","coordinates":[[[77.24268,28.58452],[77.24279,28.58462],[77.24285,28.58457],[77.24274,28.58447],[77.24268,28.58452]]]}},{"type":"Feature","properties":{"kind":"building"},"geometry":{"type":"Polygon","coordinates":[[[77.24268,28.58493],[77.24285,28.58509],[77.24297,28.58499],[77.2428,28.58483],[77.24268,28.58493]]]}},{"type":"Feature","properties":{"kind":"building"},"geometry":{"type":"Polygon","coordinates":[[[77.24268,28.60496],[77.24297,28.60497],[77.24298,28.60467],[77.2427,28.60466],[77.24268,28.60496]]]}},{"type":"Feature","properties":{"kind":"building"},"geometry":{"type":"Polygon","coordinates":[[[77.2427,28.58207],[77.2429,28.58207],[77.2429,28.58183],[77.2427,28.58183],[77.2427,28.58207]]]}},{"type":"Feature","properties":{"kind":"building"},"geometry":{"type":"Polygon","coordinates":[[[77.24271,28.58161],[77.24241,28.58132],[77.24262,28.58119],[77.24286,28.5815],[77.24271,28.58161]]]}},{"type":"Feature","properties":{"kind":"building"},"geometry":{"type":"Polygon","coordinates":[[[77.24271,28.58572],[77.24265,28.58577],[77.24276,28.58587],[77.24282,28.58582],[77.24271,28.58572]]]}},{"type":"Feature","properties":{"kind":"building"},"geometry":{"type":"Polygon","coordinates":[[[77.24271,28.59943],[77.24292,28.59944],[77.24292,28.5993],[77.24287,28.5993],[77.24288,28.59925],[77.24296,28.59925],[77.24296,28.59918],[77.243,28.59918],[77.243,28.59913],[77.24291,28.59912],[77.24291,28.59915],[77.24273,28.59915],[77.24272,28.5992],[77.24269,28.5992],[77.24268,28.5994],[77.24271,28.5994],[77.24271,28.59943]]]}},{"type":"Feature","properties":{"kind":"building"},"geometry":{"type":"Polygon","coordinates":[[[77.24271,28.59977],[77.24281,28.59978],[77.24281,28.59973],[77.24287,28.59973],[77.24287,28.59976],[77.24295,28.59976],[77.24295,28.59973],[77.243,28.59973],[77.243,28.59967],[77.24272,28.59966],[77.24271,28.59977]]]}},{"type":"Feature","properties":{"kind":"building"},"geometry":{"type":"Polygon","coordinates":[[[77.24271,28.60459],[77.24299,28.6046],[77.243,28.60429],[77.24273,28.60428],[77.24271,28.60459]]]}},{"type":"Feature","properties":{"kind":"building"},"geometry":{"type":"Polygon","coordinates":[[[77.24272,28.58266],[77.24286,28.58266],[77.24286,28.58253],[77.24272,28.58253],[77.24272,28.58266]]]}},{"type":"Feature","properties":{"kind":"building"},"geometry":{"type":"Polygon","coordinates":[[[77.24272,28.59866],[77.24281,28.59866],[77.24281,28.59857],[77.24288,28.59858],[77.24289,28.59846],[77.24273,28.59845],[77.24272,28.59866]]]}},{"type":"Feature","properties":{"kind":"building"},"geometry":{"type":"Polygon","coordinates":[[[77.24273,28.58172],[77.24291,28.58173],[77.24291,28.58164],[77.24274,28.58163],[77.24273,28.58172]]]}},{"type":"Feature","properties":{"kind":"building"},"geometry":{"type":"Polygon","coordinates":[[[77.24273,28.5818],[77.2429,28.58181],[77.24291,28.58174],[77.24273,28.58173],[77.24273,28.5818]]]}},{"type":"Feature","properties":{"kind":"building"},"geometry":{"type":"Polygon","coordinates":[[[77.24274,28.59963],[77.24284,28.59963],[77.24284,28.5996],[77.24296,28.59961],[77.24297,28.59956],[77.243,28.59956],[77.243,28.5995],[77.24275,28.59949],[77.24274,28.59963]]]}},{"type":"Feature","properties":{"kind":"building"},"geometry":{"type":"Polygon","coordinates":[[[77.24274,28.60387],[77.24307,28.60388],[77.24308,28.6036],[77.24275,28.60359],[77.24274,28.60387]]]}},{"type":"Feature","properties":{"kind":"building"},"geometry":{"type":"Polygon","coordinates":[[[77.24274,28.60421],[77.24302,28.60422],[77.24303,28.60394],[77.24275,28.60393],[77.24274,28.60421]]]}},{"type":"Feature","properties":{"kind":"building"},"geometry":{"type":"Polygon","coordinates":[[[77.24276,28.58448],[77.24287,28.58458],[77.24306,28.58441],[77.24295,28.58432],[77.24276,28.58448]]]}},{"type":"Feature","properties":{"kind":"building"},"geometry":{"type":"Polygon","coordinates":[[[77.24278,28.58225],[77.24291,28.58226],[77.24291,28.58214],[77.24278,28.58214],[77.24278,28.58225]]]}},{"type":"Feature","properties":{"kind":"building"},"geometry":{"type":"Polygon","coordinates":[[[77.24278,28.58353],[77.24287,28.5836],[77.24297,28.58349],[77.24289,28.58343],[77.24278,28.58353]]]}},{"type":"Feature","properties":{"kind":"building"},"geometry":{"type":"Polygon","coordinates":[[[77.24278,28.58393],[77.24284,28.58399],[77.24296,28.58388],[77.2429,28.58382],[77.24278,28.58393]]]}},{"type":"Feature","properties":{"kind":"building"},"geometry":{"type":"Polygon","coordinates":[[[77.24279,28.59632],[77.24309,28.5963],[77.24305,28.59601],[77.24285,28.59603],[77.24285,28.59606],[77.24277,28.59606],[77.24278,28.59617],[77.2426,28.59619],[77.24261,28.59628],[77.24279,28.59626],[77.24279,28.59632]]]}},{"type":"Feature","properties":{"kind":"building"},"geometry":{"type":"Polygon","coordinates":[[[77.2428,28.58293],[77.24296,28.58295],[77.2428,28.58308],[77.2428,28.58293]]]}},{"type":"Feature","properties":{"kind":"building"},"geometry":{"type":"Polygon","coordinates":[[[77.24281,28.58562],[77.24292,28.58573],[77.24285,28.58579],[77.24273,28.58568],[77.24281,28.58562]]]}},{"type":"Feature","properties":{"kind":"building"},"geometry":{"type":"Polygon","coordinates":[[[77.24283,28.58537],[77.24271,28.58525],[77.24276,28.58521],[77.24288,28.58533],[77.24283,28.58537]]]}},{"type":"Feature","properties":{"kind":"building"},"geometry":{"type":"Polygon","coordinates":[[[77.24284,28.58114],[77.24293,28.58109],[77.24286,28.58099],[77.24277,28.58104],[77.24284,28.58114]]]}},{"type":"Feature","properties":{"kind":"building"},"geometry":{"type":"Polygon","coordinates":[[[77.24284,28.58399],[77.24291,28.58404],[77.24303,28.58394],[77.24296,28.58388],[77.24284,28.58399]]]}},{"type":"Feature","properties":{"kind":"building"},"geometry":{"type":"Polygon","coordinates":[[[77.24284,28.58515],[77.24296,28.58526],[77.24289,28.58532],[77.24277,28.5852],[77.24284,28.58515]]]}},{"type":"Feature","properties":{"kind":"building"},"geometry":{"type":"Polygon","coordinates":[[[77.24285,28.59715],[77.2429,28.59739],[77.24306,28.59737],[77.24305,28.59731],[77.24307,28.59731],[77.24306,28.59726],[77.24303,28.59726],[77.24302,28.59719],[77.24299,28.59719],[77.24298,28.59713],[77.24285,28.59715]]]}},{"type":"Feature","properties":{"kind":"building"},"geometry":{"type":"Polygon","coordinates":[[[77.24286,28.58537],[77.24297,28.58547],[77.2429,28.58553],[77.24278,28.58543],[77.24286,28.58537]]]}},{"type":"Feature","properties":{"kind":"building"},"geometry":{"type":"Polygon","coordinates":[[[77.24287,28.58309],[77.24298,28.5832],[77.24305,28.58314],[77.24293,28.58304],[77.24287,28.58309]]]}},{"type":"Feature","properties":{"kind":"building"},"geometry":{"type":"Polygon","coordinates":[[[77.24287,28.58483],[77.24299,28.58494],[77.24309,28.58485],[77.24297,28.58474],[77.24287,28.58483]]]}},{"type":"Feature","properties":{"kind":"building"},"geometry":{"type":"Polygon","coordinates":[[[77.24289,28.58607],[77.24299,28.58616],[77.24295,28.58619],[77.24285,28.58611],[77.24289,28.58607]]]}},{"type":"Feature","properties":{"kind":"building"},"geometry":{"type":"Polygon","coordinates":[[[77.24289,28.59848],[77.24289,28.59858],[77.24291,28.59858],[77.24291,28.59863],[77.24299,28.59863],[77.24299,28.59871],[77.24305,28.59871],[77.24306,28.59848],[77.24289,28.59848]]]}},{"type":"Feature","properties":{"kind":"building"},"geometry":{"type":"Polygon","coordinates":[[[77.2429,28.5836],[77.24299,28.58368],[77.24309,28.58359],[77.243,28.58351],[77.2429,28.5836]]]}},{"type":"Feature","properties":{"kind":"building"},"geometry":{"type":"Polygon","coordinates":[[[77.2429,28.58382],[77.24285,28.58377],[77.24272,28.58388],[77.24278,28.58393],[77.2429,28.58382]]]}},{"type":"Feature","properties":{"kind":"building"},"geometry":{"type":"Polygon","coordinates":[[[77.24291,28.58404],[77.24297,28.5841],[77.24309,28.584],[77.24303,28.58394],[77.24291,28.58404]]]}},{"type":"Feature","properties":{"kind":"building"},"geometry":{"type":"Polygon","coordinates":[[[77.24291,28.58593],[77.24281,28.58584],[77.24271,28.58592],[77.24281,28.58602],[77.24291,28.58593]]]}},{"type":"Feature","properties":{"kind":"building"},"geometry":{"type":"Polygon","coordinates":[[[77.24291,28.59632],[77.24292,28.59636],[77.24295,28.59636],[77.24296,28.59641],[77.24314,28.59638],[77.24312,28.5963],[77.24291,28.59632]]]}},{"type":"Feature","properties":{"kind":"building"},"geometry":{"type":"Polygon","coordinates":[[[77.24292,28.58565],[77.24297,28.58561],[77.24301,28.58565],[77.24296,28.58569],[77.24292,28.58565]]]}},{"type":"Feature","properties":{"kind":"building"},"geometry":{"type":"Polygon","coordinates":[[[77.24292,28.58575],[77.24285,28.58581],[77.24295,28.58591],[77.24302,28.58585],[77.24292,28.58575]]]}},{"type":"Feature","properties":{"kind":"building"},"geometry":{"type":"Polygon","coordinates":[[[77.24292,28.60277],[77.24317,28.60278],[77.24318,28.60252],[77.24295,28.60252],[77.24295,28.60259],[77.24302,28.60259],[77.24302,28.60262],[77.24295,28.60261],[77.24295,28.60264],[77.243,28.60264],[77.243,28.60267],[77.24303,28.60267],[77.24303,28.6027],[77.24293,28.6027],[77.24292,28.60277]]]}},{"type":"Feature","properties":{"kind":"building"},"geometry":{"type":"Polygon","coordinates":[[[77.24293,28.58123],[77.24305,28.58124],[77.24307,28.58115],[77.24294,28.58113],[77.24293,28.58123]]]}},{"type":"Feature","properties":{"kind":"building"},"geometry":{"type":"Polygon","coordinates":[[[77.24293,28.58599],[77.24306,28.58611],[77.24302,28.58614],[77.24289,28.58602],[77.24293,28.58599]]]}},{"type":"Feature","properties":{"kind":"building"},"geometry":{"type":"Polygon","coordinates":[[[77.24293,28.60144],[77.24321,28.60145],[77.24322,28.60129],[77.24294,28.60128],[77.24293,28.60144]]]}},{"type":"Feature","properties":{"kind":"building"},"geometry":{"type":"Polygon","coordinates":[[[77.24293,28.60193],[77.2432,28.60194],[77.24321,28.60166],[77.24294,28.60165],[77.24293,28.60193]]]}},{"type":"Feature","properties":{"kind":"building"},"geometry":{"type":"Polygon","coordinates":[[[77.24294,28.58429],[77.24313,28.58429],[77.24313,28.58422],[77.24294,28.58422],[77.24294,28.58429]]]}},{"type":"Feature","properties":{"kind":"building"},"geometry":{"type":"Polygon","coordinates":[[[77.24294,28.59565],[77.24293,28.59584],[77.24306,28.59585],[77.24307,28.59566],[77.24294,28.59565]]]}},{"type":"Feature","properties":{"kind":"building"},"geometry":{"type":"Polygon","coordinates":[[[77.24295,28.58529],[77.24306,28.58539],[77.24299,28.58546],[77.24287,28.58535],[77.24295,28.58529]]]}},{"type":"Feature","properties":{"kind":"building"},"geometry":{"type":"Polygon","coordinates":[[[77.24295,28.58598],[77.24307,28.5861],[77.2431,28.58607],[77.24298,28.58595],[77.24295,28.58598]]]}},{"type":"Feature","properties":{"kind":"building"},"geometry":{"type":"Polygon","coordinates":[[[77.24295,28.6016],[77.24323,28.6016],[77.24324,28.60148],[77.24296,28.60148],[77.24295,28.6016]]]}},{"type":"Feature","properties":{"kind":"building"},"geometry":{"type":"Polygon","coordinates":[[[77.24296,28.58262],[77.24303,28.58262],[77.24304,28.58252],[77.24296,28.58252],[77.24296,28.58262]]]}},{"type":"Feature","properties":{"kind":"building"},"geometry":{"type":"Polygon","coordinates":[[[77.24297,28.5855],[77.24308,28.58559],[77.24304,28.58563],[77.24293,28.58554],[77.24297,28.5855]]]}},{"type":"Feature","properties":{"kind":"building"},"geometry":{"type":"Polygon","coordinates":[[[77.24297,28.58622],[77.243,28.58618],[77.24312,28.58628],[77.24309,28.58631],[77.24297,28.58622]]]}},{"type":"Feature","properties":{"kind":"building"},"geometry":{"type":"Polygon","coordinates":[[[77.24297,28.58869],[77.24307,28.58877],[77.24322,28.58863],[77.24312,28.58855],[77.24297,28.58869]]]}},{"type":"Feature","properties":{"kind":"building"},"geometry":{"type":"Polygon","coordinates":[[[77.24297,28.59677],[77.2431,28.59676],[77.24309,28.59661],[77.24296,28.59662],[77.24297,28.59677]]]}},{"type":"Feature","properties":{"kind":"building"},"geometry":{"type":"Polygon","coordinates":[[[77.243,28.58415],[77.24315,28.58415],[77.24315,28.5841],[77.243,28.5841],[77.243,28.58415]]]}},{"type":"Feature","properties":{"kind":"building"},"geometry":{"type":"Polygon","coordinates":[[[77.243,28.59701],[77.24301,28.59703],[77.24302,28.59703],[77.24305,28.59722],[77.24318,28.5972],[77.24318,28.59716],[77.2432,28.59716],[77.24319,28.59711],[77.24316,28.59711],[77.24316,28.59707],[77.24318,28.59707],[77.24315,28.59705],[77.24313,28.59695],[77.24305,28.59696],[77.24306,28.59701],[77.243,28.59701]]]}},{"type":"Feature","properties":{"kind":"building"},"geometry":{"type":"Polygon","coordinates":[[[77.24302,28.58369],[77.24311,28.58377],[77.2432,28.5837],[77.24311,28.58362],[77.24302,28.58369]]]}},{"type":"Feature","properties":{"kind":"building"},"geometry":{"type":"Polygon","coordinates":[[[77.24302,28.5847],[77.24316,28.58482],[77.24324,28.58475],[77.2431,28.58462],[77.24302,28.5847]]]}},{"type":"Feature","properties":{"kind":"building"},"geometry":{"type":"Polygon","coordinates":[[[77.24302,28.58899],[77.24318,28.58904],[77.24323,28.5889],[77.24307,28.58886],[77.24302,28.58899]]]}},{"type":"Feature","properties":{"kind":"building"},"geometry":{"type":"Polygon","coordinates":[[[77.24303,28.60019],[77.2431,28.60019],[77.2431,28.60014],[77.24316,28.60014],[77.24316,28.60016],[77.24332,28.60016],[77.24331,28.60007],[77.24323,28.60007],[77.24323,28.60005],[77.24313,28.60004],[77.24312,28.60012],[77.24308,28.60012],[77.24309,28.60009],[77.24304,28.60009],[77.24303,28.60019]]]}},{"type":"Feature","properties":{"kind":"building"},"geometry":{"type":"Polygon","coordinates":[[[77.24304,28.58614],[77.24317,28.58624],[77.24313,28.58627],[77.24301,28.58617],[77.24304,28.58614]]]}},{"type":"Feature","properties":{"kind":"building"},"geometry":{"type":"Polygon","coordinates":[[[77.24305,28.5813],[77.24306,28.58118],[77.24322,28.58119],[77.2432,28.58124],[77.24312,28.5813],[77.24305,28.5813]]]}},{"type":"Feature","properties":{"kind":"building"},"geometry":{"type":"Polygon","coordinates":[[[77.24305,28.58188],[77.24322,28.58188],[77.24321,28.58164],[77.24304,28.58164],[77.24305,28.58188]]]}},{"type":"Feature","properties":{"kind":"building"},"geometry":{"type":"Polygon","coordinates":[[[77.24306,28.58205],[77.24321,28.58205],[77.24321,28.58195],[77.24306,28.58194],[77.24306,28.58205]]]}},{"type":"Feature","properties":{"kind":"building"},"geometry":{"type":"Polygon","coordinates":[[[77.24306,28.59919],[77.24313,28.5992],[77.24314,28.59904],[77.24307,28.59904],[77.24306,28.59919]]]}},{"type":"Feature","properties":{"kind":"building"},"geometry":{"type":"Polygon","coordinates":[[[77.24306,28.60001],[77.24333,28.60002],[77.24333,28.59988],[77.24312,28.59987],[77.24312,28.59983],[77.24305,28.59983],[77.24306,28.60001]]]}},{"type":"Feature","properties":{"kind":"building"},"geometry":{"type":"Polygon","coordinates":[[[77.24308,28.58272],[77.2432,28.58272],[77.2432,28.58253],[77.24308,28.58253],[77.24308,28.58272]]]}},{"type":"Feature","properties":{"kind":"building"},"geometry":{"type":"Polygon","coordinates":[[[77.24308,28.5835],[77.24316,28.58344],[77.24304,28.5833],[77.24296,28.58336],[77.24308,28.5835]]]}},{"type":"Feature","properties":{"kind":"building"},"geometry":{"type":"Polygon","coordinates":[[[77.24309,28.58228],[77.24309,28.58215],[77.24319,28.58216],[77.2432,28.5823],[77.24309,28.58228]]]}},{"type":"Feature","properties":{"kind":"building"},"geometry":{"type":"Polygon","coordinates":[[[77.24309,28.58543],[77.24318,28.58552],[77.2431,28.58558],[77.243,28.58549],[77.24309,28.58543]]]}},{"type":"Feature","properties":{"kind":"building"},"geometry":{"type":"Polygon","coordinates":[[[77.24309,28.59866],[77.24317,28.59867],[77.24317,28.59875],[77.24337,28.59876],[77.24339,28.59848],[77.2431,28.59847],[77.24309,28.59866]]]}},{"type":"Feature","properties":{"kind":"building"},"geometry":{"type":"Polygon","coordinates":[[[77.2431,28.58294],[77.24324,28.58295],[77.24324,28.58309],[77.2431,28.58308],[77.2431,28.58294]]]}},{"type":"Feature","properties":{"kind":"building"},"geometry":{"type":"Polygon","coordinates":[[[77.2431,28.58439],[77.24312,28.58433],[77.24312,28.58429],[77.24298,28.58429],[77.24298,28.58433],[77.2431,28.58439]]]}},{"type":"Feature","properties":{"kind":"building"},"geometry":{"type":"Polygon","coordinates":[[[77.2431,28.59942],[77.24338,28.59945],[77.24339,28.59916],[77.24317,28.59915],[77.24317,28.59923],[77.24325,28.59923],[77.24325,28.59927],[77.2432,28.59927],[77.2432,28.59936],[77.24311,28.59936],[77.2431,28.59942]]]}},{"type":"Feature","properties":{"kind":"building"},"geometry":{"type":"Polygon","coordinates":[[[77.24311,28.5856],[77.24321,28.58569],[77.24314,28.58576],[77.24303,28.58566],[77.24311,28.5856]]]}},{"type":"Feature","properties":{"kind":"building"},"geometry":{"type":"Polygon","coordinates":[[[77.24311,28.59675],[77.24314,28.59687],[77.24315,28.59687],[77.24317,28.59698],[77.24331,28.59696],[77.24331,28.59687],[77.2433,28.59687],[77.24329,28.59678],[77.24328,28.59678],[77.24327,28.59673],[77.24311,28.59675]]]}},{"type":"Feature","properties":{"kind":"building"},"geometry":{"type":"Polygon","coordinates":[[[77.24312,28.58385],[77.24319,28.5839],[77.2433,28.5838],[77.24323,28.58375],[77.24312,28.58385]]]}},{"type":"Feature","properties":{"kind":"building"},"geometry":{"type":"Polygon","coordinates":[[[77.24312,28.58633],[77.24322,28.58643],[77.24326,28.5864],[77.24315,28.5863],[77.24312,28.58633]]]}},{"type":"Feature","properties":{"kind":"building"},"geometry":{"type":"Polygon","coordinates":[[[77.24312,28.59213],[77.24323,28.59207],[77.24312,28.59196],[77.24318,28.5919],[77.2431,28.59184],[77.24298,28.59196],[77.24312,28.59213]]]}},{"type":"Feature","properties":{"kind":"building"},"geometry":{"type":"Polygon","coordinates":[[[77.24312,28.59978],[77.24318,28.59978],[77.24318,28.59981],[77.24328,28.59981],[77.24328,28.59975],[77.24331,28.59975],[77.24332,28.59961],[77.24327,28.5996],[77.24328,28.59958],[77.24319,28.59958],[77.24319,28.59961],[77.24315,28.5996],[77.24315,28.59965],[77.24318,28.59965],[77.24318,28.59969],[77.24312,28.59969],[77.24312,28.59978]]]}},{"type":"Feature","properties":{"kind":"building"},"geometry":{"type":"Polygon","coordinates":[[[77.24313,28.59897],[77.2434,28.59898],[77.2434,28.59886],[77.24313,28.59885],[77.24313,28.59897]]]}},{"type":"Feature","properties":{"kind":"building"},"geometry":{"type":"Polygon","coordinates":[[[77.24315,28.60037],[77.24327,28.60037],[77.24327,28.60025],[77.2432,28.60024],[77.2432,28.60022],[77.24317,28.60022],[77.24317,28.60032],[77.24315,28.60032],[77.24315,28.60037]]]}},{"type":"Feature","properties":{"kind":"building"},"geometry":{"type":"Polygon","coordinates":[[[77.24316,28.5863],[77.24327,28.58639],[77.24334,28.58632],[77.24323,28.58624],[77.24316,28.5863]]]}},{"type":"Feature","properties":{"kind":"building"},"geometry":{"type":"Polygon","coordinates":[[[77.24317,28.58555],[77.24321,28.58558],[77.24322,28.58557],[77.24329,28.58563],[77.24324,28.58568],[77.24313,28.58558],[77.24317,28.58555]]]}},{"type":"Feature","properties":{"kind":"building"},"geometry":{"type":"Polygon","coordinates":[[[77.24317,28.59166],[77.24342,28.59166],[77.24353,28.5918],[77.24343,28.5919],[77.24318,28.59189],[77.24308,28.59182],[77.24317,28.59166]]]}},{"type":"Feature","properties":{"kind":"building"},"geometry":{"type":"Polygon","coordinates":[[[77.24321,28.58598],[77.24309,28.58588],[77.24305,28.58592],[77.24307,28.58593],[77.24302,28.58597],[77.24312,28.58606],[77.24321,28.58598]]]}},{"type":"Feature","properties":{"kind":"building"},"geometry":{"type":"Polygon","coordinates":[[[77.24321,28.58902],[77.24328,28.58904],[77.24332,28.58892],[77.24325,28.5889],[77.24321,28.58902]]]}},{"type":"Feature","properties":{"kind":"building"},"geometry":{"type":"Polygon","coordinates":[[[77.24321,28.59914],[77.24338,28.59914],[77.24339,28.599],[77.24319,28.599],[77.24319,28.59903],[77.24322,28.59903],[77.24321,28.59914]]]}},{"type":"Feature","properties":{"kind":"building"},"geometry":{"type":"Polygon","coordinates":[[[77.24323,28.58229],[77.24323,28.58218],[77.24346,28.58217],[77.24346,28.5823],[77.24323,28.58229]]]}},{"type":"Feature","properties":{"kind":"building"},"geometry":{"type":"Polygon","coordinates":[[[77.24323,28.58861],[77.2433,28.58857],[77.24319,28.58845],[77.24313,28.58849],[77.24323,28.58861]]]}},{"type":"Feature","properties":{"kind":"building"},"geometry":{"type":"Polygon","coordinates":[[[77.24325,28.58472],[77.24335,28.58464],[77.24321,28.5845],[77.2431,28.58459],[77.24325,28.58472]]]}},{"type":"Feature","properties":{"kind":"building"},"geometry":{"type":"Polygon","coordinates":[[[77.24326,28.58447],[77.24327,28.58448],[77.24329,28.58447],[77.24331,28.58449],[77.24333,28.58447],[77.24349,28.58461],[77.24342,28.58467],[77.24323,28.58449],[77.24326,28.58447]]]}},{"type":"Feature","properties":{"kind":"building"},"geometry":{"type":"Polygon","coordinates":[[[77.24327,28.58163],[77.24339,28.58153],[77.24327,28.58142],[77.24315,28.58152],[77.24327,28.58163]]]}},{"type":"Feature","properties":{"kind":"building"},"geometry":{"type":"Polygon","coordinates":[[[77.24327,28.58352],[77.24326,28.58362],[77.2433,28.58362],[77.2433,28.58366],[77.24334,28.58366],[77.24334,28.5837],[77.24352,28.58371],[77.24352,28.58363],[77.24358,28.58363],[77.24358,28.58356],[77.24335,28.58356],[77.24335,28.58352],[77.24327,28.58352]]]}},{"type":"Feature","properties":{"kind":"building"},"geometry":{"type":"Polygon","coordinates":[[[77.24328,28.58126],[77.24343,28.58115],[77.24331,28.58103],[77.24315,28.58112],[77.24328,28.58126]]]}},{"type":"Feature","properties":{"kind":"building"},"geometry":{"type":"Polygon","coordinates":[[[77.24328,28.58612],[77.24317,28.58603],[77.24306,28.58613],[77.24318,28.58623],[77.24328,28.58612]]]}},{"type":"Feature","properties":{"kind":"building"},"geometry":{"type":"Polygon","coordinates":[[[77.24328,28.5864],[77.24339,28.5865],[77.24335,28.58654],[77.24323,28.58644],[77.24328,28.5864]]]}},{"type":"Feature","properties":{"kind":"building"},"geometry":{"type":"Polygon","coordinates":[[[77.24329,28.59426],[77.24355,28.59426],[77.24355,28.59385],[77.2433,28.59385],[77.24329,28.59426]]]}},{"type":"Feature","properties":{"kind":"building"},"geometry":{"type":"Polygon","coordinates":[[[77.2433,28.58334],[77.24355,28.58334],[77.24355,28.58318],[77.2433,28.58318],[77.2433,28.58334]]]}},{"type":"Feature","properties":{"kind":"building"},"geometry":{"type":"Polygon","coordinates":[[[77.2433,28.58639],[77.24341,28.58648],[77.24345,28.58644],[77.24335,28.58635],[77.2433,28.58639]]]}},{"type":"Feature","properties":{"kind":"building"},"geometry":{"type":"Polygon","coordinates":[[[77.24331,28.58103],[77.24343,28.58115],[77.2435,28.58105],[77.24336,28.58095],[77.24331,28.58103]]]}},{"type":"Feature","properties":{"kind":"building"},"geometry":{"type":"Polygon","coordinates":[[[77.24332,28.58904],[77.24344,28.58908],[77.24348,28.58899],[77.24336,28.58895],[77.24332,28.58904]]]}},{"type":"Feature","properties":{"kind":"building"},"geometry":{"type":"Polygon","coordinates":[[[77.24333,28.58171],[77.24346,28.5818],[77.24355,28.5817],[77.24343,28.58163],[77.24333,28.58171]]]}},{"type":"Feature","properties":{"kind":"building"},"geometry":{"type":"Polygon","coordinates":[[[77.24335,28.58612],[77.24346,28.58622],[77.24338,28.58629],[77.24326,28.5862],[77.24335,28.58612]]]}},{"type":"Feature","properties":{"kind":"building"},"geometry":{"type":"Polygon","coordinates":[[[77.24336,28.58095],[77.24352,28.58094],[77.24352,28.58085],[77.24336,28.58083],[77.24336,28.58095]]]}},{"type":"Feature","properties":{"kind":"building"},"geometry":{"type":"Polygon","coordinates":[[[77.24336,28.58833],[77.24347,28.58841],[77.2436,28.58828],[77.24349,28.58819],[77.24336,28.58833]]]}},{"type":"Feature","properties":{"kind":"building"},"geometry":{"type":"Polygon","coordinates":[[[77.24336,28.59664],[77.24365,28.59665],[77.24366,28.59657],[77.24337,28.59657],[77.24336,28.59664]]]}},{"type":"Feature","properties":{"kind":"building"},"geometry":{"type":"Polygon","coordinates":[[[77.24336,28.59686],[77.24338,28.59696],[77.24351,28.59694],[77.24349,28.59684],[77.24336,28.59686]]]}},{"type":"Feature","properties":{"kind":"building"},"geometry":{"type":"Polygon","coordinates":[[[77.24337,28.58889],[77.24351,28.58894],[77.24356,28.58882],[77.24342,28.58878],[77.24337,28.58889]]]}},{"type":"Feature","properties":{"kind":"building"},"geometry":{"type":"Polygon","coordinates":[[[77.24338,28.58631],[77.2435,28.5864],[77.24347,28.58643],[77.24335,28.58634],[77.24338,28.58631]]]}},{"type":"Feature","properties":{"kind":"building"},"geometry":{"type":"Polygon","coordinates":[[[77.24338,28.59197],[77.24342,28.59202],[77.24368,28.59182],[77.24364,28.59177],[77.24338,28.59197]]]}},{"type":"Feature","properties":{"kind":"building"},"geometry":{"type":"Polygon","coordinates":[[[77.2434,28.58077],[77.24352,28.58085],[77.24362,28.58079],[77.2435,28.5807],[77.2434,28.58077]]]}},{"type":"Feature","properties":{"kind":"building"},"geometry":{"type":"Polygon","coordinates":[[[77.24341,28.58532],[77.24354,28.58544],[77.24349,28.58548],[77.24336,28.58536],[77.24341,28.58532]]]}},{"type":"Feature","properties":{"kind":"building"},"geometry":{"type":"Polygon","coordinates":[[[77.24341,28.58652],[77.24337,28.58655],[77.24339,28.58657],[77.24337,28.58658],[77.24343,28.58663],[77.24348,28.58658],[77.24341,28.58652]]]}},{"type":"Feature","properties":{"kind":"building"},"geometry":{"type":"Polygon","coordinates":[[[77.24341,28.59765],[77.24343,28.59792],[77.24352,28.59791],[77.2435,28.59765],[77.24341,28.59765]]]}},{"type":"Feature","properties":{"kind":"building"},"geometry":{"type":"Polygon","coordinates":[[[77.24342,28.58553],[77.24328,28.58542],[77.24324,28.58546],[77.24337,28.58558],[77.24342,28.58553]]]}},{"type":"Feature","properties":{"kind":"building"},"geometry":{"type":"Polygon","coordinates":[[[77.24343,28.58626],[77.24355,28.58636],[77.2435,28.5864],[77.24339,28.5863],[77.24343,28.58626]]]}},{"type":"Feature","properties":{"kind":"building"},"geometry":{"type":"Polygon","coordinates":[[[77.24343,28.58954],[77.24356,28.58958],[77.24361,28.58944],[77.24348,28.5894],[77.24343,28.58954]]]}},{"type":"Feature","properties":{"kind":"building"},"geometry":{"type":"Polygon","coordinates":[[[77.24344,28.58131],[77.24357,28.58142],[77.24363,28.58136],[77.2435,28.58126],[77.24344,28.58131]]]}},{"type":"Feature","properties":{"kind":"building"},"geometry":{"type":"Polygon","coordinates":[[[77.24344,28.58874],[77.24355,28.58879],[77.24359,28.58871],[77.24348,28.58867],[77.24344,28.58874]]]}},{"type":"Feature","properties":{"kind":"building"},"geometry":{"type":"Polygon","coordinates":[[[77.24347,28.58547],[77.24343,28.5855],[77.24332,28.5854],[77.24335,28.58537],[77.24347,28.58547]]]}},{"type":"Feature","properties":{"kind":"building"},"geometry":{"type":"Polygon","coordinates":[[[77.24347,28.58669],[77.24353,28.58674],[77.24355,28.58672],[77.24362,28.58678],[77.24367,28.58674],[77.24354,28.58663],[77.24347,28.58669]]]}},{"type":"Feature","properties":{"kind":"building"},"geometry":{"type":"Polygon","coordinates":[[[77.24347,28.59804],[77.24347,28.5981],[77.24365,28.59809],[77.24365,28.59803],[77.24347,28.59804]]]}},{"type":"Feature","properties":{"kind":"building"},"geometry":{"type":"Polygon","coordinates":[[[77.24348,28.59802],[77.24365,28.59801],[77.24365,28.59791],[77.24348,28.59792],[77.24348,28.59802]]]}},{"type":"Feature","properties":{"kind":"building"},"geometry":{"type":"Polygon","coordinates":[[[77.24349,28.58472],[77.24362,28.58484],[77.24383,28.58466],[77.2437,28.58454],[77.24349,28.58472]]]}},{"type":"Feature","properties":{"kind":"building"},"geometry":{"type":"Polygon","coordinates":[[[77.24349,28.58864],[77.24359,28.58868],[77.24366,28.58857],[77.24355,28.58853],[77.24349,28.58864]]]}},{"type":"Feature","properties":{"kind":"building"},"geometry":{"type":"Polygon","coordinates":[[[77.2435,28.58057],[77.24368,28.58059],[77.24369,28.5805],[77.24352,28.5805],[77.2435,28.58057]]]}},{"type":"Feature","properties":{"kind":"building"},"geometry":{"type":"Polygon","coordinates":[[[77.2435,28.58123],[77.24364,28.58135],[77.24371,28.58129],[77.24368,28.58112],[77.2435,28.58123]]]}},{"type":"Feature","properties":{"kind":"building"},"geometry":{"type":"Polygon","coordinates":[[[77.2435,28.58932],[77.24365,28.58936],[77.24367,28.58928],[77.24352,28.58925],[77.2435,28.58932]]]}},{"type":"Feature","properties":{"kind":"building"},"geometry":{"type":"Polygon","coordinates":[[[77.24351,28.58184],[77.24366,28.58193],[77.24374,28.58182],[77.24359,28.58173],[77.24351,28.58184]]]}},{"type":"Feature","properties":{"kind":"building"},"geometry":{"type":"Polygon","coordinates":[[[77.24351,28.58642],[77.24342,28.58651],[77.24354,28.58661],[77.24364,28.58653],[77.24351,28.58642]]]}},{"type":"Feature","properties":{"kind":"building"},"geometry":{"type":"Polygon","coordinates":[[[77.24352,28.58663],[77.24346,28.58668],[77.24342,28.58665],[77.24348,28.58659],[77.24352,28.58663]]]}},{"type":"Feature","properties":{"kind":"building"},"geometry":{"type":"Polygon","coordinates":[[[77.24353,28.5815],[77.24368,28.58161],[77.24378,28.5815],[77.24363,28.58139],[77.24353,28.5815]]]}},{"type":"Feature","properties":{"kind":"building"},"geometry":{"type":"Polygon","coordinates":[[[77.24353,28.5823],[77.24352,28.58216],[77.24374,28.58218],[77.24374,28.5823],[77.24353,28.5823]]]}},{"type":"Feature","properties":{"kind":"building"},"geometry":{"type":"Polygon","coordinates":[[[77.24354,28.58979],[77.2435,28.59014],[77.24309,28.5901],[77.24313,28.58975],[77.24354,28.58979]]]}},{"type":"Feature","properties":{"kind":"building"},"geometry":{"type":"Polygon","coordinates":[[[77.24356,28.58522],[77.24369,28.58532],[77.24384,28.58517],[77.24372,28.58507],[77.24356,28.58522]]]}},{"type":"Feature","properties":{"kind":"building"},"geometry":{"type":"Polygon","coordinates":[[[77.24356,28.58848],[77.24368,28.58854],[77.24377,28.5884],[77.24366,28.58834],[77.24356,28.58848]]]}},{"type":"Feature","properties":{"kind":"building"},"geometry":{"type":"Polygon","coordinates":[[[77.24357,28.58334],[77.24367,28.58335],[77.24368,28.58324],[77.24358,28.58323],[77.24357,28.58334]]]}},{"type":"Feature","properties":{"kind":"building"},"geometry":{"type":"Polygon","coordinates":[[[77.24357,28.58812],[77.24368,28.5882],[77.24378,28.5881],[77.24367,28.58801],[77.24357,28.58812]]]}},{"type":"Feature","properties":{"kind":"building"},"geometry":{"type":"Polygon","coordinates":[[[77.24357,28.58913],[77.24371,28.58916],[77.24374,28.58905],[77.2436,28.58902],[77.24357,28.58913]]]}},{"type":"Feature","properties":{"kind":"building"},"geometry":{"type":"Polygon","coordinates":[[[77.24358,28.58014],[77.24369,28.58015],[77.24369,28.57998],[77.24359,28.57998],[77.24358,28.58014]]]}},{"type":"Feature","properties":{"kind":"building"},"geometry":{"type":"Polygon","coordinates":[[[77.24358,28.58621],[77.24387,28.58573],[77.2437,28.58544],[77.24309,28.58583],[77.24358,28.58621]]]}},{"type":"Feature","properties":{"kind":"building"},"geometry":{"type":"Polygon","coordinates":[[[77.24359,28.58374],[77.24375,28.58388],[77.24393,28.58371],[77.24377,28.58358],[77.24359,28.58374]]]}},{"type":"Feature","properties":{"kind":"building"},"geometry":{"type":"Polygon","coordinates":[[[77.2436,28.58635],[77.24352,28.58641],[77.24363,28.58651],[77.24371,28.58645],[77.2436,28.58635]]]}},{"type":"Feature","properties":{"kind":"building"},"geometry":{"type":"Polygon","coordinates":[[[77.2436,28.5931],[77.24368,28.5931],[77.24371,28.59314],[77.24371,28.5932],[77.24367,28.59323],[77.24359,28.59323],[77.24356,28.5932],[77.24356,28.59313],[77.2436,28.5931]]]}},{"type":"Feature","properties":{"kind":"building"},"geometry":{"type":"Polygon","coordinates":[[[77.24362,28.58895],[77.24377,28.58898],[77.24379,28.58891],[77.24364,28.58888],[77.24362,28.58895]]]}},{"type":"Feature","properties":{"kind":"building"},"geometry":{"type":"Polygon","coordinates":[[[77.24363,28.58311],[77.24374,28.58311],[77.24374,28.58296],[77.24363,28.58296],[77.24363,28.58311]]]}},{"type":"Feature","properties":{"kind":"building"},"geometry":{"type":"Polygon","coordinates":[[[77.24365,28.58944],[77.24372,28.58946],[77.24376,28.58934],[77.24369,28.58933],[77.24365,28.58944]]]}},{"type":"Feature","properties":{"kind":"building"},"geometry":{"type":"Polygon","coordinates":[[[77.24366,28.5808],[77.24368,28.58064],[77.24351,28.58062],[77.2435,28.5807],[77.24366,28.5808]]]}},{"type":"Feature","properties":{"kind":"building"},"geometry":{"type":"Polygon","coordinates":[[[77.24368,28.58286],[77.24386,28.58286],[77.24386,28.58252],[77.24368,28.58252],[77.24368,28.58286]]]}},{"type":"Feature","properties":{"kind":"building"},"geometry":{"type":"Polygon","coordinates":[[[77.24368,28.58412],[77.24383,28.58423],[77.24398,28.58408],[77.24382,28.58397],[77.24368,28.58412]]]}},{"type":"Feature","properties":{"kind":"building"},"geometry":{"type":"Polygon","coordinates":[[[77.24369,28.5865],[77.24378,28.58658],[77.24375,28.58661],[77.24365,28.58654],[77.24369,28.5865]]]}},{"type":"Feature","properties":{"kind":"building"},"geometry":{"type":"Polygon","coordinates":[[[77.24369,28.58827],[77.24382,28.58837],[77.24386,28.58833],[77.24373,28.58823],[77.24369,28.58827]]]}},{"type":"Feature","properties":{"kind":"building"},"geometry":{"type":"Polygon","coordinates":[[[77.2437,28.58624],[77.24384,28.58629],[77.24386,28.58626],[77.24371,28.58621],[77.2437,28.58624]]]}},{"type":"Feature","properties":{"kind":"building"},"geometry":{"type":"Polygon","coordinates":[[[77.24371,28.58161],[77.24385,28.58171],[77.24395,28.58161],[77.24381,28.58151],[77.24371,28.58161]]]}},{"type":"Feature","properties":{"kind":"building"},"geometry":{"type":"Polygon","coordinates":[[[77.24371,28.58496],[77.2439,28.58513],[77.24411,28.58495],[77.24391,28.58478],[77.24371,28.58496]]]}},{"type":"Feature","properties":{"kind":"building"},"geometry":{"type":"Polygon","coordinates":[[[77.24372,28.58664],[77.24362,28.58655],[77.24355,28.58662],[77.24365,28.5867],[77.24372,28.58664]]]}},{"type":"Feature","properties":{"kind":"building"},"geometry":{"type":"Polygon","coordinates":[[[77.24372,28.58879],[77.24386,28.58884],[77.24392,28.58868],[77.24378,28.58864],[77.24372,28.58879]]]}},{"type":"Feature","properties":{"kind":"building"},"geometry":{"type":"Polygon","coordinates":[[[77.24374,28.58435],[77.24382,28.58427],[77.24372,28.58419],[77.24364,28.58427],[77.24374,28.58435]]]}},{"type":"Feature","properties":{"kind":"building"},"geometry":{"type":"Polygon","coordinates":[[[77.24374,28.5845],[77.24388,28.58465],[77.24411,28.58445],[77.24396,28.58431],[77.24374,28.5845]]]}},{"type":"Feature","properties":{"kind":"building"},"geometry":{"type":"Polygon","coordinates":[[[77.24375,28.58611],[77.2439,28.58617],[77.24388,28.58625],[77.24372,28.5862],[77.24375,28.58611]]]}},{"type":"Feature","properties":{"kind":"building"},"geometry":{"type":"Polygon","coordinates":[[[77.24375,28.58947],[77.2439,28.58951],[77.24395,28.58941],[77.2438,28.58936],[77.24375,28.58947]]]}},{"type":"Feature","properties":{"kind":"building"},"geometry":{"type":"Polygon","coordinates":[[[77.24377,28.58199],[77.24389,28.58205],[77.24395,28.58196],[77.24383,28.5819],[77.24377,28.58199]]]}},{"type":"Feature","properties":{"kind":"building"},"geometry":{"type":"Polygon","coordinates":[[[77.24377,28.58919],[77.24397,28.58925],[77.24402,28.58914],[77.24381,28.58908],[77.24377,28.58919]]]}},{"type":"Feature","properties":{"kind":"building"},"geometry":{"type":"Polygon","coordinates":[[[77.24378,28.58666],[77.24375,28.58669],[77.24382,28.58675],[77.24385,28.58672],[77.24378,28.58666]]]}},{"type":"Feature","properties":{"kind":"building"},"geometry":{"type":"Polygon","coordinates":[[[77.24378,28.58681],[77.24373,28.58677],[77.2437,28.5868],[77.24375,28.58684],[77.24378,28.58681]]]}},{"type":"Feature","properties":{"kind":"building"},"geometry":{"type":"Polygon","coordinates":[[[77.24379,28.58127],[77.24388,28.58132],[77.24395,28.58122],[77.24386,28.58117],[77.24379,28.58127]]]}},{"type":"Feature","properties":{"kind":"building"},"geometry":{"type":"Polygon","coordinates":[[[77.24379,28.58231],[77.24379,28.58219],[77.24392,28.58215],[77.24402,28.58222],[77.24393,28.58233],[77.24379,28.58231]]]}},{"type":"Feature","properties":{"kind":"building"},"geometry":{"type":"Polygon","coordinates":[[[77.24381,28.58307],[77.24391,28.58314],[77.24399,28.58305],[77.24388,28.58298],[77.24381,28.58307]]]}},{"type":"Feature","properties":{"kind":"building"},"geometry":{"type":"Polygon","coordinates":[[[77.24381,28.58859],[77.2439,28.58865],[77.244,28.58854],[77.24391,28.58848],[77.24381,28.58859]]]}},{"type":"Feature","properties":{"kind":"building"},"geometry":{"type":"Polygon","coordinates":[[[77.24382,28.58342],[77.24388,28.58337],[77.24375,28.58326],[77.24369,28.58332],[77.24382,28.58342]]]}},{"type":"Feature","properties":{"kind":"building"},"geometry":{"type":"Polygon","coordinates":[[[77.24382,28.58602],[77.24395,28.58606],[77.24398,28.586],[77.24385,28.58595],[77.24382,28.58602]]]}},{"type":"Feature","properties":{"kind":"building"},"geometry":{"type":"Polygon","coordinates":[[[77.24384,28.58592],[77.24399,28.58597],[77.24402,28.58592],[77.24387,28.58585],[77.24384,28.58592]]]}},{"type":"Feature","properties":{"kind":"building"},"geometry":{"type":"Polygon","coordinates":[[[77.24384,28.58632],[77.24368,28.58627],[77.24365,28.58633],[77.24381,28.58638],[77.24384,28.58632]]]}},{"type":"Feature","properties":{"kind":"building"},"geometry":{"type":"Polygon","coordinates":[[[77.24385,28.58667],[77.24388,28.58664],[77.24395,28.5867],[77.24391,28.58673],[77.24385,28.58667]]]}},{"type":"Feature","properties":{"kind":"building"},"geometry":{"type":"Polygon","coordinates":[[[77.24386,28.58065],[77.24405,28.58065],[77.24403,28.5805],[77.24386,28.5805],[77.24386,28.58065]]]}},{"type":"Feature","properties":{"kind":"building"},"geometry":{"type":"Polygon","coordinates":[[[77.24386,28.58352],[77.24402,28.58365],[77.24409,28.58358],[77.24393,28.58345],[77.24386,28.58352]]]}},{"type":"Feature","properties":{"kind":"building"},"geometry":{"type":"Polygon","coordinates":[[[77.24386,28.58534],[77.24396,28.58544],[77.24428,28.58518],[77.24417,28.58508],[77.24386,28.58534]]]}},{"type":"Feature","properties":{"kind":"building"},"geometry":{"type":"Polygon","coordinates":[[[77.24386,28.58631],[77.24384,28.58634],[77.24397,28.58638],[77.24398,28.58635],[77.24386,28.58631]]]}},{"type":"Feature","properties":{"kind":"building"},"geometry":{"type":"Polygon","coordinates":[[[77.24387,28.58173],[77.24401,28.58182],[77.2441,28.58171],[77.24396,28.58162],[77.24387,28.58173]]]}},{"type":"Feature","properties":{"kind":"building"},"geometry":{"type":"Polygon","coordinates":[[[77.24387,28.58397],[77.24401,28.58408],[77.24412,28.58397],[77.24398,28.58386],[77.24387,28.58397]]]}},{"type":"Feature","properties":{"kind":"building"},"geometry":{"type":"Polygon","coordinates":[[[77.24387,28.5863],[77.24399,28.58635],[77.24401,28.5863],[77.24389,28.58626],[77.24387,28.5863]]]}},{"type":"Feature","properties":{"kind":"building"},"geometry":{"type":"Polygon","coordinates":[[[77.24387,28.59801],[77.24398,28.598],[77.24398,28.5979],[77.24386,28.5979],[77.24387,28.59801]]]}},{"type":"Feature","properties":{"kind":"building"},"geometry":{"type":"Polygon","coordinates":[[[77.24388,28.58079],[77.24394,28.58081],[77.24405,28.58071],[77.24405,28.58065],[77.24386,28.58065],[77.24388,28.58079]]]}},{"type":"Feature","properties":{"kind":"building"},"geometry":{"type":"Polygon","coordinates":[[[77.24388,28.59009],[77.24406,28.59009],[77.24406,28.58999],[77.24389,28.58998],[77.24388,28.59009]]]}},{"type":"Feature","properties":{"kind":"building"},"geometry":{"type":"Polygon","coordinates":[[[77.24391,28.58131],[77.244,28.58136],[77.24407,28.58127],[77.24398,28.58122],[77.24391,28.58131]]]}},{"type":"Feature","properties":{"kind":"building"},"geometry":{"type":"Polygon","coordinates":[[[77.24391,28.58994],[77.24404,28.58995],[77.24405,28.58982],[77.24392,28.58982],[77.24391,28.58994]]]}},{"type":"Feature","properties":{"kind":"building"},"geometry":{"type":"Polygon","coordinates":[[[77.24392,28.58262],[77.24414,28.58275],[77.24422,28.58263],[77.244,28.58251],[77.24392,28.58262]]]}},{"type":"Feature","properties":{"kind":"building"},"geometry":{"type":"Polygon","coordinates":[[[77.24392,28.58315],[77.24405,28.58325],[77.24413,28.58316],[77.244,28.58307],[77.24392,28.58315]]]}},{"type":"Feature","properties":{"kind":"building"},"geometry":{"type":"Polygon","coordinates":[[[77.24392,28.58343],[77.24406,28.58354],[77.24413,28.58347],[77.24399,28.58336],[77.24392,28.58343]]]}},{"type":"Feature","properties":{"kind":"building"},"geometry":{"type":"Polygon","coordinates":[[[77.24392,28.58615],[77.24394,28.58608],[77.24379,28.58602],[77.24376,28.5861],[77.24392,28.58615]]]}},{"type":"Feature","properties":{"kind":"building"},"geometry":{"type":"Polygon","coordinates":[[[77.24393,28.58207],[77.24407,28.58215],[77.24414,28.58206],[77.24401,28.58198],[77.24393,28.58207]]]}},{"type":"Feature","properties":{"kind":"building"},"geometry":{"type":"Polygon","coordinates":[[[77.24396,28.58841],[77.24409,28.5885],[77.24421,28.58836],[77.24409,28.58827],[77.24396,28.58841]]]}},{"type":"Feature","properties":{"kind":"building"},"geometry":{"type":"Polygon","coordinates":[[[77.24397,28.58083],[77.24399,28.58085],[77.24413,28.5808],[77.24405,28.58071],[77.24394,28.58081],[77.24397,28.58083]]]}},{"type":"Feature","properties":{"kind":"building"},"geometry":{"type":"Polygon","coordinates":[[[77.24397,28.5847],[77.24419,28.5849],[77.2444,28.58473],[77.24418,28.58453],[77.24397,28.5847]]]}},{"type":"Feature","properties":{"kind":"building"},"geometry":{"type":"Polygon","coordinates":[[[77.24397,28.58639],[77.24396,28.58646],[77.24381,28.58642],[77.24384,28.58635],[77.24397,28.58639]]]}},{"type":"Feature","properties":{"kind":"building"},"geometry":{"type":"Polygon","coordinates":[[[77.24397,28.58979],[77.24407,28.58979],[77.24408,28.58969],[77.24398,28.58968],[77.24397,28.58979]]]}},{"type":"Feature","properties":{"kind":"building"},"geometry":{"type":"Polygon","coordinates":[[[77.24397,28.59181],[77.24415,28.5919],[77.24421,28.59181],[77.24404,28.59172],[77.24397,28.59181]]]}},{"type":"Feature","properties":{"kind":"building"},"geometry":{"type":"Polygon","coordinates":[[[77.24398,28.58952],[77.24422,28.58957],[77.24425,28.58945],[77.24402,28.5894],[77.24398,28.58952]]]}},{"type":"Feature","properties":{"kind":"building"},"geometry":{"type":"Polygon","coordinates":[[[77.24399,28.58096],[77.24415,28.58096],[77.24415,28.58084],[77.244,28.58087],[77.24399,28.58096]]]}},{"type":"Feature","properties":{"kind":"building"},"geometry":{"type":"Polygon","coordinates":[[[77.24399,28.58425],[77.24413,28.58439],[77.24434,28.58423],[77.2442,28.58409],[77.24399,28.58425]]]}},{"type":"Feature","properties":{"kind":"building"},"geometry":{"type":"Polygon","coordinates":[[[77.24399,28.59465],[77.24401,28.59416],[77.24442,28.59417],[77.24442,28.5943],[77.24411,28.5943],[77.24411,28.59455],[77.2444,28.59455],[77.24439,28.59466],[77.24399,28.59465]]]}},{"type":"Feature","properties":{"kind":"building"},"geometry":{"type":"Polygon","coordinates":[[[77.244,28.58138],[77.24415,28.58147],[77.24423,28.58136],[77.24409,28.58127],[77.244,28.58138]]]}},{"type":"Feature","properties":{"kind":"building"},"geometry":{"type":"Polygon","coordinates":[[[77.24401,28.58014],[77.2441,28.58014],[77.2441,28.58],[77.24402,28.58],[77.24401,28.58014]]]}},{"type":"Feature","properties":{"kind":"building"},"geometry":{"type":"Polygon","coordinates":[[[77.24401,28.58385],[77.24414,28.58396],[77.24424,28.58387],[77.24411,28.58376],[77.24401,28.58385]]]}},{"type":"Feature","properties":{"kind":"building"},"geometry":{"type":"Polygon","coordinates":[[[77.24402,28.58928],[77.24435,28.58936],[77.24439,28.58923],[77.24407,28.58914],[77.24402,28.58928]]]}},{"type":"Feature","properties":{"kind":"building"},"geometry":{"type":"Polygon","coordinates":[[[77.24403,28.58107],[77.24414,28.58101],[77.24429,28.58104],[77.24441,28.58111],[77.24447,28.58115],[77.24436,28.58127],[77.24403,28.58107]]]}},{"type":"Feature","properties":{"kind":"building"},"geometry":{"type":"Polygon","coordinates":[[[77.24405,28.59167],[77.24426,28.59176],[77.24431,28.59167],[77.2441,28.59158],[77.24405,28.59167]]]}},{"type":"Feature","properties":{"kind":"building"},"geometry":{"type":"Polygon","coordinates":[[[77.24406,28.5819],[77.24421,28.58199],[77.24429,28.58189],[77.24415,28.58179],[77.24406,28.5819]]]}},{"type":"Feature","properties":{"kind":"building"},"geometry":{"type":"Polygon","coordinates":[[[77.24406,28.58584],[77.24393,28.58574],[77.24391,28.58574],[77.24387,28.58584],[77.24402,28.58591],[77.24406,28.58584]]]}},{"type":"Feature","properties":{"kind":"building"},"geometry":{"type":"Polygon","coordinates":[[[77.24406,28.58585],[77.24421,28.58597],[77.24419,28.58603],[77.244,28.58597],[77.24406,28.58585]]]}},{"type":"Feature","properties":{"kind":"building"},"geometry":{"type":"Polygon","coordinates":[[[77.24409,28.59401],[77.24409,28.59395],[77.24422,28.59395],[77.24422,28.59385],[77.24407,28.59384],[77.24407,28.59379],[77.24429,28.5938],[77.24428,28.59395],[77.24445,28.59396],[77.24444,28.59403],[77.24409,28.59401]]]}},{"type":"Feature","properties":{"kind":"building"},"geometry":{"type":"Polygon","coordinates":[[[77.2441,28.58328],[77.24423,28.58337],[77.2443,28.58329],[77.24417,28.5832],[77.2441,28.58328]]]}},{"type":"Feature","properties":{"kind":"building"},"geometry":{"type":"Polygon","coordinates":[[[77.24411,28.58042],[77.24429,28.58042],[77.24429,28.58026],[77.24411,28.58026],[77.24411,28.58042]]]}},{"type":"Feature","properties":{"kind":"building"},"geometry":{"type":"Polygon","coordinates":[[[77.24412,28.58012],[77.24419,28.58012],[77.24419,28.57999],[77.24412,28.57999],[77.24412,28.58012]]]}},{"type":"Feature","properties":{"kind":"building"},"geometry":{"type":"Polygon","coordinates":[[[77.24412,28.58055],[77.24426,28.58055],[77.24426,28.58049],[77.24412,28.58049],[77.24412,28.58055]]]}},{"type":"Feature","properties":{"kind":"building"},"geometry":{"type":"Polygon","coordinates":[[[77.24412,28.58072],[77.24412,28.58057],[77.24428,28.58056],[77.24427,28.58064],[77.24412,28.58072]]]}},{"type":"Feature","properties":{"kind":"building"},"geometry":{"type":"Polygon","coordinates":[[[77.24412,28.58374],[77.24425,28.58386],[77.24441,28.58373],[77.24427,28.58361],[77.24412,28.58374]]]}},{"type":"Feature","properties":{"kind":"building"},"geometry":{"type":"Polygon","coordinates":[[[77.24413,28.59153],[77.24436,28.59164],[77.24442,28.59153],[77.24419,28.59142],[77.24413,28.59153]]]}},{"type":"Feature","properties":{"kind":"building"},"geometry":{"type":"Polygon","coordinates":[[[77.24414,28.58624],[77.24394,28.58618],[77.24389,28.58625],[77.24411,28.58632],[77.24414,28.58624]]]}},{"type":"Feature","properties":{"kind":"building"},"geometry":{"type":"Polygon","coordinates":[[[77.24414,28.58784],[77.2443,28.58776],[77.24422,28.58764],[77.24406,28.58771],[77.24414,28.58784]]]}},{"type":"Feature","properties":{"kind":"building"},"geometry":{"type":"Polygon","coordinates":[[[77.24415,28.57994],[77.24427,28.57998],[77.24432,28.57989],[77.2442,28.57985],[77.24415,28.57994]]]}},{"type":"Feature","properties":{"kind":"building"},"geometry":{"type":"Polygon","coordinates":[[[77.24415,28.58824],[77.24431,28.58838],[77.24442,28.58828],[77.24427,28.58814],[77.24415,28.58824]]]}},{"type":"Feature","properties":{"kind":"building"},"geometry":{"type":"Polygon","coordinates":[[[77.24416,28.58149],[77.24429,28.58157],[77.24438,28.58146],[77.24425,28.58138],[77.24416,28.58149]]]}},{"type":"Feature","properties":{"kind":"building"},"geometry":{"type":"Polygon","coordinates":[[[77.24416,28.58277],[77.2443,28.58285],[77.2444,28.58273],[77.24425,28.58264],[77.24416,28.58277]]]}},{"type":"Feature","properties":{"kind":"building"},"geometry":{"type":"Polygon","coordinates":[[[77.24416,28.58612],[77.24415,28.58617],[77.24394,28.58613],[77.24396,28.58608],[77.24416,28.58612]]]}},{"type":"Feature","properties":{"kind":"building"},"geometry":{"type":"Polygon","coordinates":[[[77.24419,28.58604],[77.24417,28.58611],[77.24396,28.58606],[77.244,28.58599],[77.24419,28.58604]]]}},{"type":"Feature","properties":{"kind":"building"},"geometry":{"type":"Polygon","coordinates":[[[77.2442,28.59055],[77.24434,28.59056],[77.24435,28.59043],[77.24421,28.59042],[77.2442,28.59055]]]}},{"type":"Feature","properties":{"kind":"building"},"geometry":{"type":"Polygon","coordinates":[[[77.24422,28.58179],[77.24434,28.58187],[77.24448,28.58168],[77.24435,28.58161],[77.24422,28.58179]]]}},{"type":"Feature","properties":{"kind":"building"},"geometry":{"type":"Polygon","coordinates":[[[77.24422,28.5904],[77.24434,28.5904],[77.24435,28.5903],[77.24423,28.5903],[77.24422,28.5904]]]}},{"type":"Feature","properties":{"kind":"building"},"geometry":{"type":"Polygon","coordinates":[[[77.24425,28.58313],[77.24433,28.58318],[77.24438,28.58313],[77.2443,28.58307],[77.24425,28.58313]]]}},{"type":"Feature","properties":{"kind":"building"},"geometry":{"type":"Polygon","coordinates":[[[77.24426,28.58449],[77.24445,28.58467],[77.24465,28.58451],[77.24446,28.58433],[77.24426,28.58449]]]}},{"type":"Feature","properties":{"kind":"building"},"geometry":{"type":"Polygon","coordinates":[[[77.24426,28.588],[77.2444,28.58793],[77.24432,28.58781],[77.24419,28.58788],[77.24426,28.588]]]}},{"type":"Feature","properties":{"kind":"building"},"geometry":{"type":"Polygon","coordinates":[[[77.24426,28.58958],[77.24431,28.58961],[77.24439,28.58952],[77.24434,28.58948],[77.24426,28.58958]]]}},{"type":"Feature","properties":{"kind":"building"},"geometry":{"type":"Polygon","coordinates":[[[77.24427,28.58998],[77.24444,28.58998],[77.24445,28.58983],[77.24428,28.58983],[77.24427,28.58998]]]}},{"type":"Feature","properties":{"kind":"building"},"geometry":{"type":"Polygon","coordinates":[[[77.24427,28.59006],[77.24445,28.59007],[77.24446,28.59],[77.24428,28.58999],[77.24427,28.59006]]]}},{"type":"Feature","properties":{"kind":"building"},"geometry":{"type":"Polygon","coordinates":[[[77.24427,28.59014],[77.24442,28.59015],[77.24442,28.59009],[77.24428,28.59008],[77.24427,28.59014]]]}},{"type":"Feature","properties":{"kind":"building"},"geometry":{"type":"Polygon","coordinates":[[[77.24427,28.59023],[77.24443,28.59024],[77.24444,28.59017],[77.24427,28.59016],[77.24427,28.59023]]]}},{"type":"Feature","properties":{"kind":"building"},"geometry":{"type":"Polygon","coordinates":[[[77.24428,28.59138],[77.24453,28.59152],[77.2446,28.59142],[77.24435,28.59128],[77.24428,28.59138]]]}},{"type":"Feature","properties":{"kind":"building"},"geometry":{"type":"Polygon","coordinates":[[[77.2443,28.58092],[77.24413,28.58073],[77.24425,28.58067],[77.24442,28.58083],[77.2443,28.58092]]]}},{"type":"Feature","properties":{"kind":"building"},"geometry":{"type":"Polygon","coordinates":[[[77.2443,28.58356],[77.24445,28.58367],[77.24457,28.58354],[77.24442,28.58343],[77.2443,28.58356]]]}},{"type":"Feature","properties":{"kind":"building"},"geometry":{"type":"Polygon","coordinates":[[[77.2443,28.58981],[77.24445,28.58982],[77.24446,28.58974],[77.24431,28.58973],[77.2443,28.58981]]]}},{"type":"Feature","properties":{"kind":"building"},"geometry":{"type":"Polygon","coordinates":[[[77.24431,28.58773],[77.24442,28.58768],[77.24437,28.58759],[77.24426,28.58765],[77.24431,28.58773]]]}},{"type":"Feature","properties":{"kind":"building"},"geometry":{"type":"Polygon","coordinates":[[[77.24432,28.58286],[77.24443,28.58293],[77.2445,28.58286],[77.24439,28.58278],[77.24432,28.58286]]]}},{"type":"Feature","properties":{"kind":"building"},"geometry":{"type":"Polygon","coordinates":[[[77.24432,28.58644],[77.24438,28.58645],[77.24437,28.5865],[77.2443,28.58649],[77.24432,28.58644]]]}},{"type":"Feature","properties":{"kind":"building"},"geometry":{"type":"Polygon","coordinates":[[[77.24432,28.58972],[77.24445,28.58972],[77.24446,28.58963],[77.24432,28.58963],[77.24432,28.58972]]]}},{"type":"Feature","properties":{"kind":"building"},"geometry":{"type":"Polygon","coordinates":[[[77.24434,28.58633],[77.24451,28.58636],[77.2445,28.58641],[77.24432,28.58638],[77.24434,28.58633]]]}},{"type":"Feature","properties":{"kind":"building"},"geometry":{"type":"Polygon","coordinates":[[[77.24434,28.58839],[77.24447,28.58853],[77.24455,28.58847],[77.24442,28.58834],[77.24434,28.58839]]]}},{"type":"Feature","properties":{"kind":"building"},"geometry":{"type":"Polygon","coordinates":[[[77.24434,28.59124],[77.24454,28.59135],[77.2446,28.59126],[77.2444,28.59115],[77.24434,28.59124]]]}},{"type":"Feature","properties":{"kind":"building"},"geometry":{"type":"Polygon","coordinates":[[[77.24435,28.58156],[77.24446,28.58162],[77.2445,28.58157],[77.2444,28.58151],[77.24435,28.58156]]]}},{"type":"Feature","properties":{"kind":"building"},"geometry":{"type":"Polygon","coordinates":[[[77.24437,28.58934],[77.24448,28.58938],[77.24453,28.58925],[77.24443,28.58922],[77.24437,28.58934]]]}},{"type":"Feature","properties":{"kind":"building"},"geometry":{"type":"Polygon","coordinates":[[[77.24439,28.5821],[77.24451,28.58218],[77.24458,28.58209],[77.24445,28.58202],[77.24439,28.5821]]]}},{"type":"Feature","properties":{"kind":"building"},"geometry":{"type":"Polygon","coordinates":[[[77.2444,28.5881],[77.24455,28.58822],[77.24465,28.58814],[77.2445,28.58801],[77.2444,28.5881]]]}},{"type":"Feature","properties":{"kind":"building"},"geometry":{"type":"Polygon","coordinates":[[[77.24441,28.58129],[77.2445,28.58136],[77.2446,28.58125],[77.24452,28.58119],[77.24441,28.58129]]]}},{"type":"Feature","properties":{"kind":"building"},"geometry":{"type":"Polygon","coordinates":[[[77.24443,28.58302],[77.24449,28.58306],[77.24457,28.58296],[77.24451,28.58292],[77.24443,28.58302]]]}},{"type":"Feature","properties":{"kind":"building"},"geometry":{"type":"Polygon","coordinates":[[[77.24443,28.58792],[77.24456,28.58786],[77.24447,28.58772],[77.24434,28.58778],[77.24443,28.58792]]]}},{"type":"Feature","properties":{"kind":"building"},"geometry":{"type":"Polygon","coordinates":[[[77.24443,28.59308],[77.24442,28.59308],[77.24442,28.59303],[77.24448,28.59303],[77.24447,28.59308],[77.24443,28.59308]]]}},{"type":"Feature","properties":{"kind":"building"},"geometry":{"type":"Polygon","coordinates":[[[77.24443,28.59313],[77.24443,28.59308],[77.24447,28.59308],[77.24447,28.59313],[77.24443,28.59313]]]}},{"type":"Feature","properties":{"kind":"building"},"geometry":{"type":"Polygon","coordinates":[[[77.24445,28.58097],[77.24455,28.58099],[77.24455,28.58083],[77.24445,28.58083],[77.24445,28.58097]]]}},{"type":"Feature","properties":{"kind":"building"},"geometry":{"type":"Polygon","coordinates":[[[77.24445,28.58341],[77.24459,28.58351],[77.24468,28.58341],[77.24454,28.58331],[77.24445,28.58341]]]}},{"type":"Feature","properties":{"kind":"building"},"geometry":{"type":"Polygon","coordinates":[[[77.24445,28.58768],[77.24455,28.58763],[77.24449,28.58754],[77.24439,28.58759],[77.24445,28.58768]]]}},{"type":"Feature","properties":{"kind":"building"},"geometry":{"type":"Polygon","coordinates":[[[77.24445,28.5911],[77.24467,28.59123],[77.24473,28.59114],[77.24451,28.59102],[77.24445,28.5911]]]}},{"type":"Feature","properties":{"kind":"building"},"geometry":{"type":"Polygon","coordinates":[[[77.24449,28.58859],[77.2446,28.58868],[77.24468,28.5886],[77.24457,28.58851],[77.24449,28.58859]]]}},{"type":"Feature","properties":{"kind":"building"},"geometry":{"type":"Polygon","coordinates":[[[77.2445,28.57983],[77.24461,28.57983],[77.24461,28.5797],[77.2445,28.5797],[77.2445,28.57983]]]}},{"type":"Feature","properties":{"kind":"building"},"geometry":{"type":"Polygon","coordinates":[[[77.2445,28.59021],[77.24468,28.59022],[77.24469,28.59014],[77.24451,28.59014],[77.2445,28.59021]]]}},{"type":"Feature","properties":{"kind":"building"},"geometry":{"type":"Polygon","coordinates":[[[77.2445,28.59029],[77.24465,28.5903],[77.24466,28.59023],[77.2445,28.59023],[77.2445,28.59029]]]}},{"type":"Feature","properties":{"kind":"building"},"geometry":{"type":"Polygon","coordinates":[[[77.2445,28.59047],[77.24466,28.59048],[77.24467,28.59042],[77.24451,28.59042],[77.2445,28.59047]]]}},{"type":"Feature","properties":{"kind":"building"},"geometry":{"type":"Polygon","coordinates":[[[77.2445,28.59054],[77.24467,28.59055],[77.24467,28.5905],[77.2445,28.59049],[77.2445,28.59054]]]}},{"type":"Feature","properties":{"kind":"building"},"geometry":{"type":"Polygon","coordinates":[[[77.2445,28.59064],[77.24465,28.59065],[77.24466,28.59058],[77.2445,28.59057],[77.2445,28.59064]]]}},{"type":"Feature","properties":{"kind":"building"},"geometry":{"type":"Polygon","coordinates":[[[77.24451,28.58197],[77.24462,28.58206],[77.24472,28.58192],[77.24458,28.58186],[77.24451,28.58197]]]}},{"type":"Feature","properties":{"kind":"building"},"geometry":{"type":"Polygon","coordinates":[[[77.24452,28.5814],[77.24463,28.58127],[77.24477,28.58135],[77.24466,28.58149],[77.24452,28.5814]]]}},{"type":"Feature","properties":{"kind":"building"},"geometry":{"type":"Polygon","coordinates":[[[77.24452,28.58221],[77.24474,28.58234],[77.24483,28.58223],[77.24461,28.5821],[77.24452,28.58221]]]}},{"type":"Feature","properties":{"kind":"building"},"geometry":{"type":"Polygon","coordinates":[[[77.24452,28.58591],[77.2445,28.58599],[77.24455,28.58601],[77.24453,28.5861],[77.24442,28.58608],[77.24442,28.58604],[77.24433,28.58602],[77.24436,28.58589],[77.24452,28.58591]]]}},{"type":"Feature","properties":{"kind":"building"},"geometry":{"type":"Polygon","coordinates":[[[77.24452,28.59039],[77.24465,28.59039],[77.24466,28.59032],[77.24452,28.59032],[77.24452,28.59039]]]}},{"type":"Feature","properties":{"kind":"building"},"geometry":{"type":"Polygon","coordinates":[[[77.24453,28.59012],[77.24468,28.59012],[77.24469,28.58989],[77.24454,28.58988],[77.24453,28.59012]]]}},{"type":"Feature","properties":{"kind":"building"},"geometry":{"type":"Polygon","coordinates":[[[77.24454,28.58977],[77.2447,28.58978],[77.24471,28.58959],[77.24455,28.58958],[77.24454,28.58977]]]}},{"type":"Feature","properties":{"kind":"building"},"geometry":{"type":"Polygon","coordinates":[[[77.24455,28.58326],[77.24472,28.58337],[77.24482,28.58326],[77.24466,28.58314],[77.24455,28.58326]]]}},{"type":"Feature","properties":{"kind":"building"},"geometry":{"type":"Polygon","coordinates":[[[77.24455,28.59095],[77.24476,28.59107],[77.24489,28.59089],[77.24468,28.59077],[77.24455,28.59095]]]}},{"type":"Feature","properties":{"kind":"building"},"geometry":{"type":"Polygon","coordinates":[[[77.24456,28.58825],[77.24468,28.58835],[77.24477,28.58826],[77.24466,28.58816],[77.24456,28.58825]]]}},{"type":"Feature","properties":{"kind":"building"},"geometry":{"type":"Polygon","coordinates":[[[77.24457,28.58783],[77.24466,28.58779],[77.24461,28.5877],[77.24451,28.58775],[77.24457,28.58783]]]}},{"type":"Feature","properties":{"kind":"building"},"geometry":{"type":"Polygon","coordinates":[[[77.24458,28.58098],[77.24468,28.58099],[77.24469,28.58081],[77.24458,28.58081],[77.24458,28.58098]]]}},{"type":"Feature","properties":{"kind":"building"},"geometry":{"type":"Polygon","coordinates":[[[77.24458,28.59857],[77.2447,28.59857],[77.2447,28.59846],[77.24458,28.59847],[77.24458,28.59857]]]}},{"type":"Feature","properties":{"kind":"building"},"geometry":{"type":"Polygon","coordinates":[[[77.24462,28.58174],[77.24477,28.58183],[77.24484,28.58174],[77.24469,28.58165],[77.24462,28.58174]]]}},{"type":"Feature","properties":{"kind":"building"},"geometry":{"type":"Polygon","coordinates":[[[77.24465,28.5812],[77.24478,28.58127],[77.24491,28.5811],[77.24477,28.58103],[77.24465,28.5812]]]}},{"type":"Feature","properties":{"kind":"building"},"geometry":{"type":"Polygon","coordinates":[[[77.24466,28.58764],[77.24474,28.58761],[77.24465,28.58746],[77.24457,28.5875],[77.24466,28.58764]]]}},{"type":"Feature","properties":{"kind":"building"},"geometry":{"type":"Polygon","coordinates":[[[77.24466,28.58869],[77.24476,28.58878],[77.24484,28.58871],[77.24474,28.58863],[77.24466,28.58869]]]}},{"type":"Feature","properties":{"kind":"building"},"geometry":{"type":"Polygon","coordinates":[[[77.2447,28.58779],[77.24483,28.58773],[77.24475,28.58761],[77.24463,28.58767],[77.2447,28.58779]]]}},{"type":"Feature","properties":{"kind":"building"},"geometry":{"type":"Polygon","coordinates":[[[77.2447,28.58837],[77.2449,28.58854],[77.24501,28.58844],[77.24481,28.58827],[77.2447,28.58837]]]}},{"type":"Feature","properties":{"kind":"building"},"geometry":{"type":"Polygon","coordinates":[[[77.24471,28.58806],[77.24478,28.58803],[77.24472,28.58793],[77.24465,28.58796],[77.24471,28.58806]]]}},{"type":"Feature","properties":{"kind":"building"},"geometry":{"type":"Polygon","coordinates":[[[77.24471,28.60662],[77.24504,28.60681],[77.2451,28.60672],[77.24478,28.60653],[77.24471,28.60662]]]}},{"type":"Feature","properties":{"kind":"building"},"geometry":{"type":"Polygon","coordinates":[[[77.24474,28.58069],[77.24485,28.58069],[77.24485,28.58064],[77.24474,28.58063],[77.24474,28.58069]]]}},{"type":"Feature","properties":{"kind":"building"},"geometry":{"type":"Polygon","coordinates":[[[77.24475,28.58235],[77.24485,28.58239],[77.24493,28.58228],[77.24485,28.58224],[77.24475,28.58235]]]}},{"type":"Feature","properties":{"kind":"building"},"geometry":{"type":"Polygon","coordinates":[[[77.24476,28.58299],[77.24495,28.58311],[77.24504,28.58301],[77.24485,28.58288],[77.24476,28.58299]]]}},{"type":"Feature","properties":{"kind":"building"},"geometry":{"type":"Polygon","coordinates":[[[77.24476,28.58305],[77.24469,28.58315],[77.24484,28.58323],[77.24491,28.58313],[77.24476,28.58305]]]}},{"type":"Feature","properties":{"kind":"building"},"geometry":{"type":"Polygon","coordinates":[[[77.24476,28.58347],[77.24487,28.58358],[77.24481,28.58365],[77.24471,28.58355],[77.24473,28.58353],[77.24471,28.58352],[77.24476,28.58347]]]}},{"type":"Feature","properties":{"kind":"building"},"geometry":{"type":"Polygon","coordinates":[[[77.24476,28.59213],[77.24475,28.59227],[77.24486,28.59227],[77.24487,28.59213],[77.24476,28.59213]]]}},{"type":"Feature","properties":{"kind":"building"},"geometry":{"type":"Polygon","coordinates":[[[77.24478,28.5819],[77.24485,28.58178],[77.24496,28.58183],[77.24487,28.58195],[77.24478,28.5819]]]}},{"type":"Feature","properties":{"kind":"building"},"geometry":{"type":"Polygon","coordinates":[[[77.24478,28.59012],[77.2451,28.59014],[77.24511,28.58997],[77.24479,28.58996],[77.24478,28.59012]]]}},{"type":"Feature","properties":{"kind":"building"},"geometry":{"type":"Polygon","coordinates":[[[77.24478,28.59024],[77.24504,28.59025],[77.24504,28.59016],[77.24479,28.59015],[77.24478,28.59024]]]}},{"type":"Feature","properties":{"kind":"building"},"geometry":{"type":"Polygon","coordinates":[[[77.24478,28.59058],[77.24499,28.59059],[77.245,28.59049],[77.24478,28.59048],[77.24478,28.59058]]]}},{"type":"Feature","properties":{"kind":"building"},"geometry":{"type":"Polygon","coordinates":[[[77.24479,28.58089],[77.24496,28.58077],[77.24487,28.58068],[77.24471,28.5808],[77.24479,28.58089]]]}},{"type":"Feature","properties":{"kind":"building"},"geometry":{"type":"Polygon","coordinates":[[[77.24479,28.59042],[77.24503,28.59043],[77.24503,28.59031],[77.24479,28.5903],[77.24479,28.59042]]]}},{"type":"Feature","properties":{"kind":"building"},"geometry":{"type":"Polygon","coordinates":[[[77.2448,28.58544],[77.245,28.58554],[77.24511,28.58546],[77.24487,28.58534],[77.2448,28.58544]]]}},{"type":"Feature","properties":{"kind":"building"},"geometry":{"type":"Polygon","coordinates":[[[77.24482,28.58062],[77.24501,28.58062],[77.24501,28.58053],[77.24483,28.58053],[77.24482,28.58062]]]}},{"type":"Feature","properties":{"kind":"building"},"geometry":{"type":"Polygon","coordinates":[[[77.24483,28.58102],[77.24496,28.5811],[77.24505,28.58097],[77.24492,28.5809],[77.24483,28.58102]]]}},{"type":"Feature","properties":{"kind":"building"},"geometry":{"type":"Polygon","coordinates":[[[77.24483,28.58981],[77.24495,28.58982],[77.24496,28.58966],[77.24483,28.58966],[77.24483,28.58981]]]}},{"type":"Feature","properties":{"kind":"building"},"geometry":{"type":"Polygon","coordinates":[[[77.24484,28.58047],[77.24502,28.58047],[77.24502,28.58029],[77.24485,28.58029],[77.24484,28.58047]]]}},{"type":"Feature","properties":{"kind":"building"},"geometry":{"type":"Polygon","coordinates":[[[77.24484,28.58912],[77.24501,28.58924],[77.24511,28.58913],[77.24493,28.58901],[77.24484,28.58912]]]}},{"type":"Feature","properties":{"kind":"building"},"geometry":{"type":"Polygon","coordinates":[[[77.24485,28.58803],[77.24502,28.58795],[77.24495,28.58783],[77.24477,28.58792],[77.24485,28.58803]]]}},{"type":"Feature","properties":{"kind":"building"},"geometry":{"type":"Polygon","coordinates":[[[77.24487,28.57992],[77.24498,28.57992],[77.24498,28.57985],[77.24487,28.57985],[77.24487,28.57992]]]}},{"type":"Feature","properties":{"kind":"building"},"geometry":{"type":"Polygon","coordinates":[[[77.24488,28.58239],[77.24503,28.58249],[77.24513,28.58237],[77.24498,28.58226],[77.24488,28.58239]]]}},{"type":"Feature","properties":{"kind":"building"},"geometry":{"type":"Polygon","coordinates":[[[77.24488,28.58359],[77.24504,28.58369],[77.2451,28.58363],[77.24494,28.58351],[77.24488,28.58359]]]}},{"type":"Feature","properties":{"kind":"building"},"geometry":{"type":"Polygon","coordinates":[[[77.24488,28.58753],[77.24494,28.5875],[77.24487,28.58738],[77.24481,28.58741],[77.24488,28.58753]]]}},{"type":"Feature","properties":{"kind":"building"},"geometry":{"type":"Polygon","coordinates":[[[77.24489,28.58771],[77.24512,28.58761],[77.24504,28.58747],[77.24481,28.58757],[77.24489,28.58771]]]}},{"type":"Feature","properties":{"kind":"building"},"geometry":{"type":"Polygon","coordinates":[[[77.2449,28.58526],[77.24514,28.58537],[77.24527,28.58518],[77.24503,28.58506],[77.2449,28.58526]]]}},{"type":"Feature","properties":{"kind":"building"},"geometry":{"type":"Polygon","coordinates":[[[77.24491,28.5833],[77.24504,28.58339],[77.24494,28.5835],[77.24481,28.58341],[77.24491,28.5833]]]}},{"type":"Feature","properties":{"kind":"building"},"geometry":{"type":"Polygon","coordinates":[[[77.24492,28.58352],[77.24486,28.58347],[77.24483,28.58349],[77.24479,28.58346],[77.24478,28.58348],[77.24488,28.58357],[77.24492,28.58352]]]}},{"type":"Feature","properties":{"kind":"building"},"geometry":{"type":"Polygon","coordinates":[[[77.24492,28.5856],[77.24484,28.58549],[77.24476,28.58554],[77.24485,28.58564],[77.24492,28.5856]]]}},{"type":"Feature","properties":{"kind":"building"},"geometry":{"type":"Polygon","coordinates":[[[77.24493,28.58195],[77.24507,28.58203],[77.24514,28.58194],[77.245,28.58186],[77.24493,28.58195]]]}},{"type":"Feature","properties":{"kind":"building"},"geometry":{"type":"Polygon","coordinates":[[[77.24494,28.58898],[77.24507,28.58907],[77.24512,28.58901],[77.245,28.58892],[77.24494,28.58898]]]}},{"type":"Feature","properties":{"kind":"building"},"geometry":{"type":"Polygon","coordinates":[[[77.24495,28.58749],[77.24505,28.58745],[77.24499,28.58734],[77.2449,28.58738],[77.24495,28.58749]]]}},{"type":"Feature","properties":{"kind":"building"},"geometry":{"type":"Polygon","coordinates":[[[77.24496,28.5887],[77.24515,28.58861],[77.24509,28.58851],[77.2449,28.5886],[77.24496,28.5887]]]}},{"type":"Feature","properties":{"kind":"building"},"geometry":{"type":"Polygon","coordinates":[[[77.24497,28.58951],[77.24518,28.58959],[77.24521,28.58953],[77.24501,28.58945],[77.24497,28.58951]]]}},{"type":"Feature","properties":{"kind":"building"},"geometry":{"type":"Polygon","coordinates":[[[77.24497,28.58981],[77.24511,28.5898],[77.24511,28.5897],[77.24497,28.5897],[77.24497,28.58981]]]}},{"type":"Feature","properties":{"kind":"building"},"geometry":{"type":"Polygon","coordinates":[[[77.24498,28.58084],[77.24509,28.58091],[77.24518,28.5808],[77.24507,28.58073],[77.24498,28.58084]]]}},{"type":"Feature","properties":{"kind":"building"},"geometry":{"type":"Polygon","coordinates":[[[77.24501,28.58224],[77.24507,28.58217],[77.24521,28.58225],[77.24515,28.58232],[77.24501,28.58224]]]}},{"type":"Feature","properties":{"kind":"building"},"geometry":{"type":"Polygon","coordinates":[[[77.24501,28.58275],[77.24516,28.58283],[77.24527,28.58266],[77.24512,28.58258],[77.24501,28.58275]]]}},{"type":"Feature","properties":{"kind":"building"},"geometry":{"type":"Polygon","coordinates":[[[77.24502,28.58132],[77.24514,28.5814],[77.24522,28.5813],[77.24509,28.58123],[77.24502,28.58132]]]}},{"type":"Feature","properties":{"kind":"building"},"geometry":{"type":"Polygon","coordinates":[[[77.24505,28.5818],[77.24517,28.58187],[77.24522,28.58181],[77.2451,28.58173],[77.24505,28.5818]]]}},{"type":"Feature","properties":{"kind":"building"},"geometry":{"type":"Polygon","coordinates":[[[77.24505,28.58338],[77.24521,28.58348],[77.24511,28.58361],[77.24495,28.58352],[77.24505,28.58338]]]}},{"type":"Feature","properties":{"kind":"building"},"geometry":{"type":"Polygon","coordinates":[[[77.24505,28.58569],[77.24513,28.58587],[77.24497,28.58593],[77.24489,28.58575],[77.24505,28.58569]]]}},{"type":"Feature","properties":{"kind":"building"},"geometry":{"type":"Polygon","coordinates":[[[77.24506,28.58061],[77.24521,28.58061],[77.24521,28.58046],[77.24506,28.58046],[77.24506,28.58061]]]}},{"type":"Feature","properties":{"kind":"building"},"geometry":{"type":"Polygon","coordinates":[[[77.24507,28.58789],[77.24523,28.58782],[77.24517,28.58772],[77.24501,28.5878],[77.24507,28.58789]]]}},{"type":"Feature","properties":{"kind":"building"},"geometry":{"type":"Polygon","coordinates":[[[77.24511,28.58208],[77.24527,28.58218],[77.24538,28.58205],[77.24522,28.58196],[77.24511,28.58208]]]}},{"type":"Feature","properties":{"kind":"building"},"geometry":{"type":"Polygon","coordinates":[[[77.24512,28.58944],[77.24527,28.5895],[77.24536,28.58932],[77.24522,28.58926],[77.24512,28.58944]]]}},{"type":"Feature","properties":{"kind":"building"},"geometry":{"type":"Polygon","coordinates":[[[77.24513,28.60545],[77.24566,28.60546],[77.24566,28.60512],[77.24514,28.60511],[77.24513,28.60545]]]}},{"type":"Feature","properties":{"kind":"building"},"geometry":{"type":"Polygon","coordinates":[[[77.24514,28.5814],[77.2454,28.58156],[77.24551,28.58142],[77.24534,28.58132],[77.24523,28.58129],[77.24514,28.5814]]]}},{"type":"Feature","properties":{"kind":"building"},"geometry":{"type":"Polygon","coordinates":[[[77.24514,28.58171],[77.24528,28.58178],[77.24535,28.5817],[77.24524,28.58162],[77.24514,28.58171]]]}},{"type":"Feature","properties":{"kind":"building"},"geometry":{"type":"Polygon","coordinates":[[[77.24515,28.58252],[77.24531,28.58263],[77.24538,28.58255],[77.24521,28.58244],[77.24515,28.58252]]]}},{"type":"Feature","properties":{"kind":"building"},"geometry":{"type":"Polygon","coordinates":[[[77.24516,28.58566],[77.24522,28.58583],[77.24516,28.58585],[77.2451,28.58568],[77.24516,28.58566]]]}},{"type":"Feature","properties":{"kind":"building"},"geometry":{"type":"Polygon","coordinates":[[[77.24516,28.5892],[77.24536,28.5893],[77.24544,28.58918],[77.24524,28.58908],[77.24516,28.5892]]]}},{"type":"Feature","properties":{"kind":"building"},"geometry":{"type":"Polygon","coordinates":[[[77.24518,28.58888],[77.24528,28.58883],[77.2452,28.58873],[77.2451,28.58878],[77.24518,28.58888]]]}},{"type":"Feature","properties":{"kind":"building"},"geometry":{"type":"Polygon","coordinates":[[[77.24519,28.58745],[77.24527,28.58741],[77.2452,28.58729],[77.24512,28.58732],[77.24519,28.58745]]]}},{"type":"Feature","properties":{"kind":"building"},"geometry":{"type":"Polygon","coordinates":[[[77.2452,28.58118],[77.24529,28.58107],[77.24543,28.58116],[77.24535,28.58127],[77.2452,28.58118]]]}},{"type":"Feature","properties":{"kind":"building"},"geometry":{"type":"Polygon","coordinates":[[[77.2452,28.58286],[77.24536,28.58295],[77.24554,28.58271],[77.24538,28.58262],[77.2452,28.58286]]]}},{"type":"Feature","properties":{"kind":"building"},"geometry":{"type":"Polygon","coordinates":[[[77.2452,28.5902],[77.24537,28.59029],[77.24551,28.5901],[77.24534,28.59001],[77.2452,28.5902]]]}},{"type":"Feature","properties":{"kind":"building"},"geometry":{"type":"Polygon","coordinates":[[[77.24523,28.58194],[77.2454,28.58203],[77.24551,28.58191],[77.24535,28.58181],[77.24523,28.58194]]]}},{"type":"Feature","properties":{"kind":"building"},"geometry":{"type":"Polygon","coordinates":[[[77.24523,28.58593],[77.2452,28.58586],[77.24508,28.58589],[77.24511,28.58598],[77.24521,28.58595],[77.24523,28.58593]]]}},{"type":"Feature","properties":{"kind":"building"},"geometry":{"type":"Polygon","coordinates":[[[77.24524,28.58479],[77.24548,28.58489],[77.24553,28.5848],[77.24529,28.58469],[77.24524,28.58479]]]}},{"type":"Feature","properties":{"kind":"building"},"geometry":{"type":"Polygon","coordinates":[[[77.24528,28.5824],[77.24539,28.58247],[77.24546,28.58238],[77.24536,28.58231],[77.24528,28.5824]]]}},{"type":"Feature","properties":{"kind":"building"},"geometry":{"type":"Polygon","coordinates":[[[77.24528,28.58825],[77.24541,28.5882],[77.24535,28.58809],[77.24522,28.58814],[77.24528,28.58825]]]}},{"type":"Feature","properties":{"kind":"building"},"geometry":{"type":"Polygon","coordinates":[[[77.24529,28.58107],[77.24543,28.58116],[77.24551,28.58106],[77.24537,28.58098],[77.24529,28.58107]]]}},{"type":"Feature","properties":{"kind":"building"},"geometry":{"type":"Polygon","coordinates":[[[77.2453,28.59612],[77.24538,28.59612],[77.24539,28.59605],[77.2453,28.59604],[77.2453,28.59612]]]}},{"type":"Feature","properties":{"kind":"building"},"geometry":{"type":"Polygon","coordinates":[[[77.24531,28.5874],[77.24547,28.58734],[77.24541,28.58721],[77.24525,28.58727],[77.24531,28.5874]]]}},{"type":"Feature","properties":{"kind":"building"},"geometry":{"type":"Polygon","coordinates":[[[77.24531,28.5876],[77.24538,28.58758],[77.24532,28.58746],[77.24525,28.58748],[77.24531,28.5876]]]}},{"type":"Feature","properties":{"kind":"building"},"geometry":{"type":"Polygon","coordinates":[[[77.24531,28.58882],[77.24539,28.58877],[77.24529,28.58864],[77.2452,28.58869],[77.24531,28.58882]]]}},{"type":"Feature","properties":{"kind":"building"},"geometry":{"type":"Polygon","coordinates":[[[77.24532,28.58563],[77.24539,28.5858],[77.24524,28.58584],[77.24517,28.58568],[77.24532,28.58563]]]}},{"type":"Feature","properties":{"kind":"building"},"geometry":{"type":"Polygon","coordinates":[[[77.24535,28.58127],[77.24534,28.58132],[77.24551,28.58141],[77.24563,28.58124],[77.24549,28.58117],[77.24535,28.58127]]]}},{"type":"Feature","properties":{"kind":"building"},"geometry":{"type":"Polygon","coordinates":[[[77.24536,28.58846],[77.2455,28.58839],[77.2454,28.58824],[77.24526,28.58832],[77.24536,28.58846]]]}},{"type":"Feature","properties":{"kind":"building"},"geometry":{"type":"Polygon","coordinates":[[[77.24537,28.58098],[77.24551,28.58106],[77.2456,28.58095],[77.24546,28.58086],[77.24537,28.58098]]]}},{"type":"Feature","properties":{"kind":"building"},"geometry":{"type":"Polygon","coordinates":[[[77.24537,28.58582],[77.24528,28.58584],[77.2453,28.58591],[77.24539,28.58589],[77.24537,28.58582]]]}},{"type":"Feature","properties":{"kind":"building"},"geometry":{"type":"Polygon","coordinates":[[[77.24537,28.58791],[77.24565,28.5878],[77.24558,28.58767],[77.2453,28.58778],[77.24537,28.58791]]]}},{"type":"Feature","properties":{"kind":"building"},"geometry":{"type":"Polygon","coordinates":[[[77.24538,28.58295],[77.24556,28.58306],[77.24567,28.58292],[77.24549,28.58282],[77.24538,28.58295]]]}},{"type":"Feature","properties":{"kind":"building"},"geometry":{"type":"Polygon","coordinates":[[[77.24539,28.58025],[77.24548,28.58025],[77.24548,28.58016],[77.24539,28.58016],[77.24539,28.58025]]]}},{"type":"Feature","properties":{"kind":"building"},"geometry":{"type":"Polygon","coordinates":[[[77.24539,28.58183],[77.2455,28.5819],[77.24554,28.58185],[77.24543,28.58178],[77.24539,28.58183]]]}},{"type":"Feature","properties":{"kind":"building"},"geometry":{"type":"Polygon","coordinates":[[[77.24539,28.58227],[77.24557,28.58237],[77.24564,28.58227],[77.24545,28.58217],[77.24539,28.58227]]]}},{"type":"Feature","properties":{"kind":"building"},"geometry":{"type":"Polygon","coordinates":[[[77.24539,28.5851],[77.24546,28.58498],[77.24555,28.58502],[77.24548,28.58514],[77.24539,28.5851]]]}},{"type":"Feature","properties":{"kind":"building"},"geometry":{"type":"Polygon","coordinates":[[[77.24539,28.58755],[77.24547,28.58752],[77.24543,28.58742],[77.24535,28.58745],[77.24539,28.58755]]]}},{"type":"Feature","properties":{"kind":"building"},"geometry":{"type":"Polygon","coordinates":[[[77.24541,28.58006],[77.24565,28.58006],[77.24565,28.57999],[77.24542,28.57999],[77.24541,28.58006]]]}},{"type":"Feature","properties":{"kind":"building"},"geometry":{"type":"Polygon","coordinates":[[[77.24541,28.58045],[77.2456,28.58045],[77.2456,28.5803],[77.24542,28.58029],[77.24541,28.58045]]]}},{"type":"Feature","properties":{"kind":"building"},"geometry":{"type":"Polygon","coordinates":[[[77.24542,28.58177],[77.24554,28.58184],[77.24558,28.58179],[77.24546,28.58172],[77.24542,28.58177]]]}},{"type":"Feature","properties":{"kind":"building"},"geometry":{"type":"Polygon","coordinates":[[[77.24542,28.58908],[77.24553,28.58901],[77.2454,28.58884],[77.24529,28.58891],[77.24542,28.58908]]]}},{"type":"Feature","properties":{"kind":"building"},"geometry":{"type":"Polygon","coordinates":[[[77.24542,28.59227],[77.24553,28.59228],[77.24557,28.59203],[77.24547,28.59202],[77.24542,28.59227]]]}},{"type":"Feature","properties":{"kind":"building"},"geometry":{"type":"Polygon","coordinates":[[[77.24543,28.58394],[77.24551,28.58398],[77.24547,28.58406],[77.24538,28.58402],[77.24543,28.58394]]]}},{"type":"Feature","properties":{"kind":"building"},"geometry":{"type":"Polygon","coordinates":[[[77.24543,28.58873],[77.24553,28.58867],[77.24544,28.58855],[77.24534,28.58861],[77.24543,28.58873]]]}},{"type":"Feature","properties":{"kind":"building"},"geometry":{"type":"Polygon","coordinates":[[[77.24544,28.58984],[77.24566,28.58995],[77.24576,28.58979],[77.24555,28.58969],[77.24544,28.58984]]]}},{"type":"Feature","properties":{"kind":"building"},"geometry":{"type":"Polygon","coordinates":[[[77.24547,28.58579],[77.24564,28.58575],[77.24566,28.58583],[77.2455,28.58587],[77.24547,28.58579]]]}},{"type":"Feature","properties":{"kind":"building"},"geometry":{"type":"Polygon","coordinates":[[[77.24548,28.58071],[77.24563,28.5807],[77.24562,28.58045],[77.24548,28.58045],[77.24548,28.58071]]]}},{"type":"Feature","properties":{"kind":"building"},"geometry":{"type":"Polygon","coordinates":[[[77.2455,28.57989],[77.24559,28.57989],[77.24559,28.57982],[77.2455,28.57982],[77.2455,28.57989]]]}},{"type":"Feature","properties":{"kind":"building"},"geometry":{"type":"Polygon","coordinates":[[[77.2455,28.58752],[77.24559,28.58749],[77.24554,28.58737],[77.24544,28.5874],[77.2455,28.58752]]]}},{"type":"Feature","properties":{"kind":"building"},"geometry":{"type":"Polygon","coordinates":[[[77.24551,28.57963],[77.24565,28.57963],[77.24565,28.57955],[77.24551,28.57955],[77.24551,28.57963]]]}},{"type":"Feature","properties":{"kind":"building"},"geometry":{"type":"Polygon","coordinates":[[[77.24551,28.57998],[77.2456,28.57998],[77.2456,28.57992],[77.24551,28.57992],[77.24551,28.57998]]]}},{"type":"Feature","properties":{"kind":"building"},"geometry":{"type":"Polygon","coordinates":[[[77.24551,28.58017],[77.24559,28.58017],[77.2456,28.58009],[77.24552,28.58009],[77.24551,28.58017]]]}},{"type":"Feature","properties":{"kind":"building"},"geometry":{"type":"Polygon","coordinates":[[[77.24552,28.58557],[77.24558,28.58574],[77.24551,28.58576],[77.24546,28.5856],[77.24552,28.58557]]]}},{"type":"Feature","properties":{"kind":"building"},"geometry":{"type":"Polygon","coordinates":[[[77.24556,28.58555],[77.24566,28.58554],[77.24573,28.58572],[77.24561,28.58575],[77.24555,28.58557],[77.24556,28.58555]]]}},{"type":"Feature","properties":{"kind":"building"},"geometry":{"type":"Polygon","coordinates":[[[77.24556,28.58814],[77.24569,28.58808],[77.24566,28.58802],[77.24552,28.58807],[77.24556,28.58814]]]}},{"type":"Feature","properties":{"kind":"building"},"geometry":{"type":"Polygon","coordinates":[[[77.24556,28.58865],[77.24566,28.5886],[77.24556,28.58846],[77.24546,28.58852],[77.24556,28.58865]]]}},{"type":"Feature","properties":{"kind":"building"},"geometry":{"type":"Polygon","coordinates":[[[77.24556,28.58899],[77.24567,28.58893],[77.24554,28.58876],[77.24543,28.58882],[77.24556,28.58899]]]}},{"type":"Feature","properties":{"kind":"building"},"geometry":{"type":"Polygon","coordinates":[[[77.24558,28.5873],[77.24577,28.58723],[77.24571,28.58711],[77.24552,28.58718],[77.24558,28.5873]]]}},{"type":"Feature","properties":{"kind":"building"},"geometry":{"type":"Polygon","coordinates":[[[77.2456,28.58376],[77.24578,28.58352],[77.24563,28.58342],[77.24547,28.58371],[77.2456,28.58376]]]}},{"type":"Feature","properties":{"kind":"building"},"geometry":{"type":"Polygon","coordinates":[[[77.24561,28.58748],[77.24568,28.58745],[77.24562,28.58733],[77.24555,28.58736],[77.24561,28.58748]]]}},{"type":"Feature","properties":{"kind":"building"},"geometry":{"type":"Polygon","coordinates":[[[77.24562,28.58417],[77.24567,28.58409],[77.2458,28.58416],[77.24598,28.58392],[77.24591,28.58388],[77.24594,28.58383],[77.24609,28.5839],[77.24583,28.58428],[77.24562,28.58417]]]}},{"type":"Feature","properties":{"kind":"building"},"geometry":{"type":"Polygon","coordinates":[[[77.24564,28.5883],[77.24575,28.58825],[77.24567,28.58812],[77.24557,28.58817],[77.24564,28.5883]]]}},{"type":"Feature","properties":{"kind":"building"},"geometry":{"type":"Polygon","coordinates":[[[77.24566,28.58385],[77.24582,28.58357],[77.24592,28.58361],[77.24576,28.5839],[77.24566,28.58385]]]}},{"type":"Feature","properties":{"kind":"building"},"geometry":{"type":"Polygon","coordinates":[[[77.24567,28.58484],[77.24577,28.5849],[77.24585,28.5848],[77.24575,28.58474],[77.24567,28.58484]]]}},{"type":"Feature","properties":{"kind":"building"},"geometry":{"type":"Polygon","coordinates":[[[77.24568,28.60697],[77.24565,28.60702],[77.24543,28.60689],[77.24538,28.60697],[77.24523,28.60687],[77.24537,28.60675],[77.24542,28.60675],[77.24546,28.60678],[77.24549,28.60682],[77.24547,28.60685],[77.24556,28.6069],[77.24559,28.60687],[77.24563,28.60687],[77.24568,28.60689],[77.24569,28.60693],[77.24568,28.60697]]]}},{"type":"Feature","properties":{"kind":"building"},"geometry":{"type":"Polygon","coordinates":[[[77.24569,28.5874],[77.2458,28.58736],[77.24577,28.58728],[77.24565,28.58732],[77.24569,28.5874]]]}},{"type":"Feature","properties":{"kind":"building"},"geometry":{"type":"Polygon","coordinates":[[[77.24569,28.58775],[77.24576,28.58773],[77.2457,28.5876],[77.24563,28.58763],[77.24569,28.58775]]]}},{"type":"Feature","properties":{"kind":"building"},"geometry":{"type":"Polygon","coordinates":[[[77.24571,28.5889],[77.24582,28.58884],[77.24568,28.58866],[77.24557,28.58873],[77.24571,28.5889]]]}},{"type":"Feature","properties":{"kind":"building"},"geometry":{"type":"Polygon","coordinates":[[[77.24572,28.58856],[77.24591,28.58844],[77.24582,28.58833],[77.24563,28.58845],[77.24572,28.58856]]]}},{"type":"Feature","properties":{"kind":"building"},"geometry":{"type":"Polygon","coordinates":[[[77.24581,28.58721],[77.24594,28.58716],[77.24589,28.58705],[77.24576,28.5871],[77.24581,28.58721]]]}},{"type":"Feature","properties":{"kind":"building"},"geometry":{"type":"Polygon","coordinates":[[[77.24582,28.5882],[77.2459,28.58815],[77.2458,28.58803],[77.24572,28.58808],[77.24582,28.5882]]]}},{"type":"Feature","properties":{"kind":"building"},"geometry":{"type":"Polygon","coordinates":[[[77.24585,28.57964],[77.246,28.57965],[77.24601,28.57954],[77.24584,28.57954],[77.24585,28.57964]]]}},{"type":"Feature","properties":{"kind":"building"},"geometry":{"type":"Polygon","coordinates":[[[77.24585,28.58031],[77.246,28.58031],[77.24599,28.58023],[77.24585,28.58021],[77.24585,28.58031]]]}},{"type":"Feature","properties":{"kind":"building"},"geometry":{"type":"Polygon","coordinates":[[[77.24585,28.58053],[77.24602,28.58055],[77.24602,28.58047],[77.24586,28.58046],[77.24585,28.58053]]]}},{"type":"Feature","properties":{"kind":"building"},"geometry":{"type":"Polygon","coordinates":[[[77.24585,28.58072],[77.24599,28.5807],[77.24598,28.58058],[77.24585,28.58056],[77.24585,28.58072]]]}},{"type":"Feature","properties":{"kind":"building"},"geometry":{"type":"Polygon","coordinates":[[[77.24585,28.58768],[77.24597,28.58764],[77.24592,28.58753],[77.24581,28.58757],[77.24585,28.58768]]]}},{"type":"Feature","properties":{"kind":"building"},"geometry":{"type":"Polygon","coordinates":[[[77.24586,28.57991],[77.246,28.57992],[77.24601,28.57978],[77.24585,28.57978],[77.24586,28.57991]]]}},{"type":"Feature","properties":{"kind":"building"},"geometry":{"type":"Polygon","coordinates":[[[77.24586,28.58012],[77.24599,28.58012],[77.246,28.57992],[77.24586,28.57991],[77.24586,28.58012]]]}},{"type":"Feature","properties":{"kind":"building"},"geometry":{"type":"Polygon","coordinates":[[[77.24586,28.58018],[77.246,28.58019],[77.24599,28.58012],[77.24586,28.58012],[77.24586,28.58018]]]}},{"type":"Feature","properties":{"kind":"building"},"geometry":{"type":"Polygon","coordinates":[[[77.24586,28.58046],[77.24602,28.58047],[77.246,28.58031],[77.24585,28.58031],[77.24586,28.58046]]]}},{"type":"Feature","properties":{"kind":"building"},"geometry":{"type":"Polygon","coordinates":[[[77.24586,28.58151],[77.24597,28.58135],[77.24581,28.58128],[77.24578,28.58132],[77.24583,28.58148],[77.24586,28.58151]]]}},{"type":"Feature","properties":{"kind":"building"},"geometry":{"type":"Polygon","coordinates":[[[77.24586,28.58881],[77.24596,28.58874],[77.24584,28.58859],[77.24574,28.58865],[77.24586,28.58881]]]}},{"type":"Feature","properties":{"kind":"building"},"geometry":{"type":"Polygon","coordinates":[[[77.24588,28.58127],[77.24599,28.58133],[77.24601,28.58128],[77.24591,28.58122],[77.24588,28.58127]]]}},{"type":"Feature","properties":{"kind":"building"},"geometry":{"type":"Polygon","coordinates":[[[77.24589,28.58549],[77.2459,28.58563],[77.24574,28.58569],[77.24568,28.58556],[77.24567,28.5855],[77.24589,28.58549]]]}},{"type":"Feature","properties":{"kind":"building"},"geometry":{"type":"Polygon","coordinates":[[[77.24591,28.6036],[77.24596,28.60362],[77.246,28.60356],[77.24594,28.60354],[77.24591,28.6036]]]}},{"type":"Feature","properties":{"kind":"building"},"geometry":{"type":"Polygon","coordinates":[[[77.24592,28.58739],[77.24612,28.58732],[77.24606,28.58718],[77.24586,28.58725],[77.24592,28.58739]]]}},{"type":"Feature","properties":{"kind":"building"},"geometry":{"type":"Polygon","coordinates":[[[77.24593,28.58119],[77.24604,28.58126],[77.24626,28.58101],[77.24612,28.58093],[77.24593,28.58119]]]}},{"type":"Feature","properties":{"kind":"building"},"geometry":{"type":"Polygon","coordinates":[[[77.24594,28.58163],[77.24605,28.58172],[77.24609,28.58169],[77.24616,28.58168],[77.24616,28.58172],[77.24619,28.58177],[77.24642,28.58193],[77.2465,28.58182],[77.24644,28.58169],[77.24634,28.5816],[77.24624,28.58161],[77.24617,28.58159],[77.24609,28.5816],[77.24602,28.58158],[77.24594,28.58163]]]}},{"type":"Feature","properties":{"kind":"building"},"geometry":{"type":"Polygon","coordinates":[[[77.24594,28.58843],[77.24602,28.58838],[77.24591,28.58824],[77.24582,28.58829],[77.24594,28.58843]]]}},{"type":"Feature","properties":{"kind":"building"},"geometry":{"type":"Polygon","coordinates":[[[77.24595,28.58789],[77.24612,28.58795],[77.24616,28.58787],[77.24599,28.58781],[77.24595,28.58789]]]}},{"type":"Feature","properties":{"kind":"building"},"geometry":{"type":"Polygon","coordinates":[[[77.24598,28.5878],[77.24611,28.58785],[77.24616,28.58776],[77.24603,28.58771],[77.24598,28.5878]]]}},{"type":"Feature","properties":{"kind":"building"},"geometry":{"type":"Polygon","coordinates":[[[77.24599,28.58715],[77.24608,28.58712],[77.24602,28.58698],[77.24593,28.58701],[77.24599,28.58715]]]}},{"type":"Feature","properties":{"kind":"building"},"geometry":{"type":"Polygon","coordinates":[[[77.24601,28.58204],[77.2459,28.58203],[77.24583,28.58197],[77.24583,28.58186],[77.24603,28.58182],[77.24616,28.5819],[77.24604,28.58205],[77.24601,28.58204]]]}},{"type":"Feature","properties":{"kind":"building"},"geometry":{"type":"Polygon","coordinates":[[[77.24602,28.58543],[77.2462,28.58535],[77.24618,28.58531],[77.246,28.58539],[77.24602,28.58543]]]}},{"type":"Feature","properties":{"kind":"building"},"geometry":{"type":"Polygon","coordinates":[[[77.24602,28.58872],[77.24614,28.58865],[77.246,28.58847],[77.24589,28.58854],[77.24602,28.58872]]]}},{"type":"Feature","properties":{"kind":"building"},"geometry":{"type":"Polygon","coordinates":[[[77.24605,28.58554],[77.24627,28.58543],[77.24631,28.58549],[77.24609,28.5856],[77.24605,28.58554]]]}},{"type":"Feature","properties":{"kind":"building"},"geometry":{"type":"Polygon","coordinates":[[[77.24606,28.58549],[77.24616,28.58544],[77.24618,28.58547],[77.24608,28.58552],[77.24606,28.58549]]]}},{"type":"Feature","properties":{"kind":"building"},"geometry":{"type":"Polygon","coordinates":[[[77.24606,28.58768],[77.24618,28.58773],[77.24623,28.58765],[77.2461,28.5876],[77.24606,28.58768]]]}},{"type":"Feature","properties":{"kind":"building"},"geometry":{"type":"Polygon","coordinates":[[[77.24606,28.59228],[77.24612,28.59234],[77.24616,28.59235],[77.24624,28.59234],[77.2463,28.59229],[77.24631,28.59226],[77.2463,28.59218],[77.24623,28.59213],[77.24614,28.59213],[77.24607,28.59218],[77.24605,28.59221],[77.24606,28.59228]]]}},{"type":"Feature","properties":{"kind":"building"},"geometry":{"type":"Polygon","coordinates":[[[77.24607,28.5823],[77.24599,28.58225],[77.24591,28.58214],[77.24602,28.58207],[77.24618,28.58217],[77.24607,28.5823]]]}},{"type":"Feature","properties":{"kind":"building"},"geometry":{"type":"Polygon","coordinates":[[[77.24607,28.58542],[77.24621,28.58535],[77.24623,28.58539],[77.24617,28.58541],[77.24618,28.58543],[77.24603,28.5855],[77.24602,28.58547],[77.24608,28.58544],[77.24607,28.58542]]]}},{"type":"Feature","properties":{"kind":"building"},"geometry":{"type":"Polygon","coordinates":[[[77.24607,28.58835],[77.24618,28.58828],[77.24607,28.58814],[77.24596,28.58821],[77.24607,28.58835]]]}},{"type":"Feature","properties":{"kind":"building"},"geometry":{"type":"Polygon","coordinates":[[[77.24609,28.58756],[77.24622,28.58761],[77.24627,28.58751],[77.24614,28.58746],[77.24609,28.58756]]]}},{"type":"Feature","properties":{"kind":"building"},"geometry":{"type":"Polygon","coordinates":[[[77.24613,28.5809],[77.24626,28.58101],[77.24638,28.58091],[77.24622,28.5808],[77.24613,28.5809]]]}},{"type":"Feature","properties":{"kind":"building"},"geometry":{"type":"Polygon","coordinates":[[[77.24614,28.58709],[77.24623,28.58708],[77.2462,28.58693],[77.24612,28.58694],[77.24614,28.58709]]]}},{"type":"Feature","properties":{"kind":"building"},"geometry":{"type":"Polygon","coordinates":[[[77.24614,28.58729],[77.24621,28.58728],[77.24619,28.58716],[77.24611,28.58718],[77.24614,28.58729]]]}},{"type":"Feature","properties":{"kind":"building"},"geometry":{"type":"Polygon","coordinates":[[[77.24615,28.57967],[77.24639,28.5797],[77.24642,28.57946],[77.24625,28.57946],[77.24624,28.57953],[77.24615,28.57953],[77.24615,28.57967]]]}},{"type":"Feature","properties":{"kind":"building"},"geometry":{"type":"Polygon","coordinates":[[[77.24615,28.5824],[77.24649,28.58261],[77.24663,28.58243],[77.24629,28.58223],[77.24615,28.5824]]]}},{"type":"Feature","properties":{"kind":"building"},"geometry":{"type":"Polygon","coordinates":[[[77.24615,28.58745],[77.24627,28.58749],[77.2463,28.58742],[77.24619,28.58738],[77.24615,28.58745]]]}},{"type":"Feature","properties":{"kind":"building"},"geometry":{"type":"Polygon","coordinates":[[[77.24616,28.5798],[77.24634,28.5798],[77.24634,28.57972],[77.24617,28.57971],[77.24616,28.5798]]]}},{"type":"Feature","properties":{"kind":"building"},"geometry":{"type":"Polygon","coordinates":[[[77.24616,28.58812],[77.24626,28.58816],[77.24634,28.58801],[77.24624,28.58797],[77.24616,28.58812]]]}},{"type":"Feature","properties":{"kind":"building"},"geometry":{"type":"Polygon","coordinates":[[[77.24617,28.57992],[77.24633,28.57992],[77.24634,28.5798],[77.24616,28.5798],[77.24617,28.57992]]]}},{"type":"Feature","properties":{"kind":"building"},"geometry":{"type":"Polygon","coordinates":[[[77.24617,28.58013],[77.24633,28.58014],[77.24633,28.57992],[77.24617,28.57992],[77.24617,28.58013]]]}},{"type":"Feature","properties":{"kind":"building"},"geometry":{"type":"Polygon","coordinates":[[[77.24617,28.58043],[77.24617,28.58026],[77.24634,28.58025],[77.24634,28.58044],[77.24617,28.58043]]]}},{"type":"Feature","properties":{"kind":"building"},"geometry":{"type":"Polygon","coordinates":[[[77.24617,28.58348],[77.24629,28.58357],[77.24634,28.58351],[77.24622,28.58343],[77.24617,28.58348]]]}},{"type":"Feature","properties":{"kind":"building"},"geometry":{"type":"Polygon","coordinates":[[[77.2462,28.5886],[77.24629,28.58855],[77.2462,28.58843],[77.24611,28.58848],[77.2462,28.5886]]]}},{"type":"Feature","properties":{"kind":"building"},"geometry":{"type":"Polygon","coordinates":[[[77.24621,28.58213],[77.24607,28.58206],[77.24621,28.58191],[77.24634,28.582],[77.24621,28.58213]]]}},{"type":"Feature","properties":{"kind":"building"},"geometry":{"type":"Polygon","coordinates":[[[77.24623,28.57881],[77.24631,28.57881],[77.24631,28.57875],[77.24623,28.57875],[77.24623,28.57881]]]}},{"type":"Feature","properties":{"kind":"building"},"geometry":{"type":"Polygon","coordinates":[[[77.24623,28.58729],[77.24632,28.58728],[77.24631,28.58716],[77.24622,28.58717],[77.24623,28.58729]]]}},{"type":"Feature","properties":{"kind":"building"},"geometry":{"type":"Polygon","coordinates":[[[77.24625,28.58519],[77.24641,28.58511],[77.24646,28.5852],[77.24649,28.58519],[77.24654,28.58526],[77.24631,28.58537],[77.24623,28.58524],[77.24625,28.58519]]]}},{"type":"Feature","properties":{"kind":"building"},"geometry":{"type":"Polygon","coordinates":[[[77.24626,28.58074],[77.24639,28.58082],[77.24645,28.58074],[77.24632,28.58067],[77.24626,28.58074]]]}},{"type":"Feature","properties":{"kind":"building"},"geometry":{"type":"Polygon","coordinates":[[[77.24626,28.58791],[77.24637,28.58795],[77.24642,28.58785],[77.24631,28.58781],[77.24626,28.58791]]]}},{"type":"Feature","properties":{"kind":"building"},"geometry":{"type":"Polygon","coordinates":[[[77.24627,28.58338],[77.24623,28.58342],[77.24635,28.58351],[77.24639,28.58346],[77.24627,28.58338]]]}},{"type":"Feature","properties":{"kind":"building"},"geometry":{"type":"Polygon","coordinates":[[[77.24631,28.5883],[77.24646,28.58836],[77.24651,28.58826],[77.24636,28.5882],[77.24631,28.5883]]]}},{"type":"Feature","properties":{"kind":"building"},"geometry":{"type":"Polygon","coordinates":[[[77.24631,28.58855],[77.24641,28.58849],[77.24628,28.5883],[77.24618,28.58835],[77.24631,28.58855]]]}},{"type":"Feature","properties":{"kind":"building"},"geometry":{"type":"Polygon","coordinates":[[[77.24634,28.58775],[77.24645,28.5878],[77.2465,28.5877],[77.24639,28.58766],[77.24634,28.58775]]]}},{"type":"Feature","properties":{"kind":"building"},"geometry":{"type":"Polygon","coordinates":[[[77.24635,28.57881],[77.24643,28.5788],[77.24643,28.57875],[77.24635,28.57876],[77.24635,28.57881]]]}},{"type":"Feature","properties":{"kind":"building"},"geometry":{"type":"Polygon","coordinates":[[[77.24635,28.58067],[77.24644,28.58054],[77.24658,28.58062],[77.24649,28.58075],[77.24635,28.58067]]]}},{"type":"Feature","properties":{"kind":"building"},"geometry":{"type":"Polygon","coordinates":[[[77.24636,28.5855],[77.24647,28.58567],[77.2462,28.5858],[77.24609,28.58564],[77.24636,28.5855]]]}},{"type":"Feature","properties":{"kind":"building"},"geometry":{"type":"Polygon","coordinates":[[[77.24636,28.58709],[77.24645,28.58711],[77.24648,28.587],[77.2464,28.58698],[77.24636,28.58709]]]}},{"type":"Feature","properties":{"kind":"building"},"geometry":{"type":"Polygon","coordinates":[[[77.24636,28.58725],[77.24644,28.58727],[77.24647,28.5872],[77.24639,28.58717],[77.24636,28.58725]]]}},{"type":"Feature","properties":{"kind":"building"},"geometry":{"type":"Polygon","coordinates":[[[77.24637,28.5802],[77.24653,28.5803],[77.24661,28.58021],[77.24642,28.58009],[77.24636,28.5801],[77.2464,28.58016],[77.24637,28.5802]]]}},{"type":"Feature","properties":{"kind":"building"},"geometry":{"type":"Polygon","coordinates":[[[77.24638,28.58004],[77.24649,28.58009],[77.24653,28.58001],[77.24644,28.57996],[77.24638,28.58004]]]}},{"type":"Feature","properties":{"kind":"building"},"geometry":{"type":"Polygon","coordinates":[[[77.24638,28.58353],[77.24646,28.58359],[77.24651,28.58353],[77.24642,28.58348],[77.24638,28.58353]]]}},{"type":"Feature","properties":{"kind":"building"},"geometry":{"type":"Polygon","coordinates":[[[77.24639,28.58817],[77.24657,28.58824],[77.24662,28.58816],[77.24643,28.58809],[77.24639,28.58817]]]}},{"type":"Feature","properties":{"kind":"building"},"geometry":{"type":"Polygon","coordinates":[[[77.24641,28.57967],[77.24642,28.57953],[77.24652,28.57954],[77.24652,28.57968],[77.24641,28.57967]]]}},{"type":"Feature","properties":{"kind":"building"},"geometry":{"type":"Polygon","coordinates":[[[77.24641,28.58759],[77.24652,28.58763],[77.24656,28.58755],[77.24645,28.5875],[77.24641,28.58759]]]}},{"type":"Feature","properties":{"kind":"building"},"geometry":{"type":"Polygon","coordinates":[[[77.24641,28.59961],[77.24639,28.59971],[77.24655,28.59974],[77.24657,28.59964],[77.24641,28.59961]]]}},{"type":"Feature","properties":{"kind":"building"},"geometry":{"type":"Polygon","coordinates":[[[77.24642,28.58347],[77.24651,28.58353],[77.24655,28.58348],[77.24646,28.58343],[77.24642,28.58347]]]}},{"type":"Feature","properties":{"kind":"building"},"geometry":{"type":"Polygon","coordinates":[[[77.24643,28.5962],[77.24669,28.59621],[77.2467,28.59598],[77.24645,28.59597],[77.24643,28.5962]]]}},{"type":"Feature","properties":{"kind":"building"},"geometry":{"type":"Polygon","coordinates":[[[77.24644,28.57993],[77.24655,28.58001],[77.24665,28.57987],[77.24652,28.57979],[77.24644,28.57993]]]}},{"type":"Feature","properties":{"kind":"building"},"geometry":{"type":"Polygon","coordinates":[[[77.24644,28.5834],[77.24631,28.58333],[77.24627,28.58337],[77.24639,28.58345],[77.24644,28.5834]]]}},{"type":"Feature","properties":{"kind":"building"},"geometry":{"type":"Polygon","coordinates":[[[77.24645,28.58801],[77.24665,28.58809],[77.24671,28.58798],[77.2465,28.5879],[77.24645,28.58801]]]}},{"type":"Feature","properties":{"kind":"building"},"geometry":{"type":"Polygon","coordinates":[[[77.24646,28.58712],[77.24652,28.58714],[77.24657,28.587],[77.24651,28.58699],[77.24646,28.58712]]]}},{"type":"Feature","properties":{"kind":"building"},"geometry":{"type":"Polygon","coordinates":[[[77.24648,28.58049],[77.24654,28.58043],[77.24668,28.5805],[77.24663,28.58059],[77.24648,28.58049]]]}},{"type":"Feature","properties":{"kind":"building"},"geometry":{"type":"Polygon","coordinates":[[[77.24648,28.5837],[77.24655,28.58375],[77.24659,28.58371],[77.24651,28.58366],[77.24648,28.5837]]]}},{"type":"Feature","properties":{"kind":"building"},"geometry":{"type":"Polygon","coordinates":[[[77.24649,28.58334],[77.24636,28.58326],[77.24631,28.58332],[77.24644,28.58339],[77.24649,28.58334]]]}},{"type":"Feature","properties":{"kind":"building"},"geometry":{"type":"Polygon","coordinates":[[[77.24649,28.58745],[77.24662,28.5875],[77.2467,28.58734],[77.24657,28.58729],[77.24649,28.58745]]]}},{"type":"Feature","properties":{"kind":"building"},"geometry":{"type":"Polygon","coordinates":[[[77.24651,28.58427],[77.24658,28.58419],[77.24646,28.58411],[77.24639,28.58419],[77.24651,28.58427]]]}},{"type":"Feature","properties":{"kind":"building"},"geometry":{"type":"Polygon","coordinates":[[[77.24652,28.57979],[77.24665,28.57987],[77.24671,28.57978],[77.2466,28.5797],[77.24652,28.57979]]]}},{"type":"Feature","properties":{"kind":"building"},"geometry":{"type":"Polygon","coordinates":[[[77.24653,28.57968],[77.24654,28.57953],[77.24664,28.57953],[77.24664,28.57969],[77.24653,28.57968]]]}},{"type":"Feature","properties":{"kind":"building"},"geometry":{"type":"Polygon","coordinates":[[[77.24653,28.58329],[77.24641,28.58321],[77.24637,28.58326],[77.24649,28.58333],[77.24653,28.58329]]]}},{"type":"Feature","properties":{"kind":"building"},"geometry":{"type":"Polygon","coordinates":[[[77.24655,28.58304],[77.24653,28.58307],[77.24664,28.58314],[77.24666,28.58312],[77.24655,28.58304]]]}},{"type":"Feature","properties":{"kind":"building"},"geometry":{"type":"Polygon","coordinates":[[[77.24655,28.5878],[77.24675,28.58788],[77.24678,28.58781],[77.24658,28.58773],[77.24655,28.5878]]]}},{"type":"Feature","properties":{"kind":"building"},"geometry":{"type":"Polygon","coordinates":[[[77.24656,28.60041],[77.24686,28.60042],[77.24686,28.6003],[77.24656,28.6003],[77.24656,28.60041]]]}},{"type":"Feature","properties":{"kind":"building"},"geometry":{"type":"Polygon","coordinates":[[[77.24656,28.60531],[77.24665,28.60534],[77.24669,28.60522],[77.2466,28.6052],[77.24656,28.60531]]]}},{"type":"Feature","properties":{"kind":"building"},"geometry":{"type":"Polygon","coordinates":[[[77.24657,28.58323],[77.24646,28.58315],[77.24641,28.58321],[77.24653,28.58328],[77.24657,28.58323]]]}},{"type":"Feature","properties":{"kind":"building"},"geometry":{"type":"Polygon","coordinates":[[[77.24658,28.58036],[77.24665,28.58029],[77.24679,28.58037],[77.24673,28.58045],[77.24658,28.58036]]]}},{"type":"Feature","properties":{"kind":"building"},"geometry":{"type":"Polygon","coordinates":[[[77.24659,28.58185],[77.24675,28.58197],[77.24685,28.58192],[77.24663,28.58177],[77.24659,28.58185]]]}},{"type":"Feature","properties":{"kind":"building"},"geometry":{"type":"Polygon","coordinates":[[[77.24659,28.58345],[77.24651,28.58339],[77.24648,28.58342],[77.24656,28.58348],[77.24659,28.58345]]]}},{"type":"Feature","properties":{"kind":"building"},"geometry":{"type":"Polygon","coordinates":[[[77.24659,28.58528],[77.24665,28.58538],[77.24642,28.5855],[77.24636,28.58539],[77.24659,28.58528]]]}},{"type":"Feature","properties":{"kind":"building"},"geometry":{"type":"Polygon","coordinates":[[[77.2466,28.5835],[77.24672,28.58357],[77.24676,28.58352],[77.24665,28.58345],[77.2466,28.5835]]]}},{"type":"Feature","properties":{"kind":"building"},"geometry":{"type":"Polygon","coordinates":[[[77.24663,28.58226],[77.24667,28.58212],[77.24679,28.58213],[77.24683,28.58218],[77.24688,28.58218],[77.2469,28.58223],[77.24687,28.58227],[77.24663,28.58226]]]}},{"type":"Feature","properties":{"kind":"building"},"geometry":{"type":"Polygon","coordinates":[[[77.24664,28.58339],[77.24653,28.58332],[77.24649,28.58337],[77.24659,28.58344],[77.24664,28.58339]]]}},{"type":"Feature","properties":{"kind":"building"},"geometry":{"type":"Polygon","coordinates":[[[77.24664,28.58719],[77.24678,28.58725],[77.24685,28.58711],[77.2467,28.58705],[77.24664,28.58719]]]}},{"type":"Feature","properties":{"kind":"building"},"geometry":{"type":"Polygon","coordinates":[[[77.24665,28.58125],[77.24675,28.58117],[77.24693,28.58122],[77.24702,28.58129],[77.24685,28.58139],[77.24665,28.58125]]]}},{"type":"Feature","properties":{"kind":"building"},"geometry":{"type":"Polygon","coordinates":[[[77.24665,28.58167],[77.24678,28.58149],[77.24636,28.58125],[77.24636,28.5812],[77.2463,28.58117],[77.24612,28.58139],[77.24631,28.58153],[77.24638,28.58145],[77.24648,28.58152],[77.2464,28.58157],[77.24662,28.58171],[77.24665,28.58167]]]}},{"type":"Feature","properties":{"kind":"building"},"geometry":{"type":"Polygon","coordinates":[[[77.24665,28.58316],[77.24652,28.58307],[77.24646,28.58314],[77.24659,28.58322],[77.24665,28.58316]]]}},{"type":"Feature","properties":{"kind":"building"},"geometry":{"type":"Polygon","coordinates":[[[77.24665,28.58773],[77.24682,28.58779],[77.24686,28.5877],[77.2467,28.58764],[77.24665,28.58773]]]}},{"type":"Feature","properties":{"kind":"building"},"geometry":{"type":"Polygon","coordinates":[[[77.24666,28.58556],[77.24657,28.58543],[77.2464,28.58552],[77.2465,28.58566],[77.24665,28.58559],[77.24666,28.58556]]]}},{"type":"Feature","properties":{"kind":"building"},"geometry":{"type":"Polygon","coordinates":[[[77.24667,28.5831],[77.24679,28.58318],[77.2468,28.58316],[77.24669,28.58308],[77.24667,28.5831]]]}},{"type":"Feature","properties":{"kind":"building"},"geometry":{"type":"Polygon","coordinates":[[[77.24667,28.58342],[77.2468,28.5835],[77.24681,28.58348],[77.24669,28.5834],[77.24667,28.58342]]]}},{"type":"Feature","properties":{"kind":"building"},"geometry":{"type":"Polygon","coordinates":[[[77.24667,28.59366],[77.24666,28.59377],[77.2468,28.59378],[77.24681,28.59367],[77.24667,28.59366]]]}},{"type":"Feature","properties":{"kind":"building"},"geometry":{"type":"Polygon","coordinates":[[[77.24668,28.58173],[77.24684,28.58151],[77.24716,28.58168],[77.24717,28.58174],[77.24707,28.58182],[77.24702,28.58183],[77.24696,28.58181],[77.24696,28.58186],[77.2469,28.58189],[77.24668,28.58173]]]}},{"type":"Feature","properties":{"kind":"building"},"geometry":{"type":"Polygon","coordinates":[[[77.24669,28.58305],[77.24672,28.58302],[77.24661,28.58294],[77.24658,28.58298],[77.24669,28.58305]]]}},{"type":"Feature","properties":{"kind":"building"},"geometry":{"type":"Polygon","coordinates":[[[77.24669,28.58365],[77.24679,28.58372],[77.24685,28.58365],[77.24675,28.58358],[77.24669,28.58365]]]}},{"type":"Feature","properties":{"kind":"building"},"geometry":{"type":"Polygon","coordinates":[[[77.2467,28.58306],[77.24666,28.5831],[77.24654,28.58303],[77.24658,28.58298],[77.2467,28.58306]]]}},{"type":"Feature","properties":{"kind":"building"},"geometry":{"type":"Polygon","coordinates":[[[77.2467,28.58755],[77.24691,28.58763],[77.24696,28.58754],[77.24675,28.58746],[77.2467,28.58755]]]}},{"type":"Feature","properties":{"kind":"building"},"geometry":{"type":"Polygon","coordinates":[[[77.24671,28.58332],[77.24659,28.58324],[77.24655,28.58329],[77.24667,28.58337],[77.24671,28.58332]]]}},{"type":"Feature","properties":{"kind":"building"},"geometry":{"type":"Polygon","coordinates":[[[77.24673,28.57981],[77.24678,28.57979],[77.24683,28.5798],[77.2468,28.57984],[77.24685,28.57988],[77.2469,28.57989],[77.247,28.57979],[77.24693,28.57977],[77.24693,28.57974],[77.24686,28.57972],[77.24677,28.57973],[77.2467,28.57971],[77.24673,28.57981]]]}},{"type":"Feature","properties":{"kind":"building"},"geometry":{"type":"Polygon","coordinates":[[[77.24675,28.58326],[77.24665,28.5832],[77.24663,28.58322],[77.24672,28.58329],[77.24675,28.58326]]]}},{"type":"Feature","properties":{"kind":"building"},"geometry":{"type":"Polygon","coordinates":[[[77.24676,28.58442],[77.24703,28.5846],[77.24714,28.58447],[77.24687,28.58429],[77.24676,28.58442]]]}},{"type":"Feature","properties":{"kind":"building"},"geometry":{"type":"Polygon","coordinates":[[[77.24677,28.58297],[77.24673,28.58302],[77.24662,28.58294],[77.24665,28.58289],[77.24677,28.58297]]]}},{"type":"Feature","properties":{"kind":"building"},"geometry":{"type":"Polygon","coordinates":[[[77.24677,28.60295],[77.24687,28.60285],[77.24683,28.60282],[77.24679,28.60286],[77.24675,28.60282],[77.2467,28.60287],[77.24675,28.6029],[77.24673,28.60292],[77.24677,28.60295]]]}},{"type":"Feature","properties":{"kind":"building"},"geometry":{"type":"Polygon","coordinates":[[[77.24678,28.58323],[77.24679,28.58321],[77.24667,28.58313],[77.24665,28.58315],[77.24678,28.58323]]]}},{"type":"Feature","properties":{"kind":"building"},"geometry":{"type":"Polygon","coordinates":[[[77.24678,28.58341],[77.24672,28.58337],[77.24669,28.5834],[77.24675,28.58344],[77.24678,28.58341]]]}},{"type":"Feature","properties":{"kind":"building"},"geometry":{"type":"Polygon","coordinates":[[[77.24678,28.58353],[77.24689,28.5836],[77.24696,28.58353],[77.24685,28.58346],[77.24678,28.58353]]]}},{"type":"Feature","properties":{"kind":"building"},"geometry":{"type":"Polygon","coordinates":[[[77.24679,28.58114],[77.24696,28.58125],[77.24703,28.58116],[77.24685,28.58105],[77.24679,28.58114]]]}},{"type":"Feature","properties":{"kind":"building"},"geometry":{"type":"Polygon","coordinates":[[[77.24679,28.58743],[77.24699,28.5875],[77.24705,28.58738],[77.24685,28.5873],[77.24679,28.58743]]]}},{"type":"Feature","properties":{"kind":"building"},"geometry":{"type":"Polygon","coordinates":[[[77.2468,28.58316],[77.24685,28.5831],[77.24674,28.58302],[77.24669,28.58308],[77.2468,28.58316]]]}},{"type":"Feature","properties":{"kind":"building"},"geometry":{"type":"Polygon","coordinates":[[[77.2468,28.58957],[77.24696,28.58963],[77.24706,28.58943],[77.2469,28.58937],[77.2468,28.58957]]]}},{"type":"Feature","properties":{"kind":"building"},"geometry":{"type":"Polygon","coordinates":[[[77.24682,28.57967],[77.24682,28.57954],[77.24687,28.57954],[77.24688,28.57968],[77.24682,28.57967]]]}},{"type":"Feature","properties":{"kind":"building"},"geometry":{"type":"Polygon","coordinates":[[[77.24682,28.58271],[77.24693,28.58278],[77.24701,28.58269],[77.2469,28.58261],[77.24682,28.58271]]]}},{"type":"Feature","properties":{"kind":"building"},"geometry":{"type":"Polygon","coordinates":[[[77.24682,28.58296],[77.24686,28.58291],[77.24672,28.58281],[77.24668,28.58287],[77.24682,28.58296]]]}},{"type":"Feature","properties":{"kind":"building"},"geometry":{"type":"Polygon","coordinates":[[[77.24684,28.59969],[77.24686,28.59959],[77.24662,28.59956],[77.2466,28.59966],[77.24663,28.59967],[77.24663,28.5997],[77.24671,28.59971],[77.24672,28.59968],[77.24684,28.59969]]]}},{"type":"Feature","properties":{"kind":"building"},"geometry":{"type":"Polygon","coordinates":[[[77.24686,28.5831],[77.24674,28.58301],[77.24676,28.58299],[77.24689,28.58308],[77.24686,28.5831]]]}},{"type":"Feature","properties":{"kind":"building"},"geometry":{"type":"Polygon","coordinates":[[[77.24686,28.58725],[77.24705,28.58733],[77.2471,28.58724],[77.2469,28.58717],[77.24686,28.58725]]]}},{"type":"Feature","properties":{"kind":"building"},"geometry":{"type":"Polygon","coordinates":[[[77.24687,28.58343],[77.24698,28.5835],[77.24703,28.58345],[77.24692,28.58338],[77.24687,28.58343]]]}},{"type":"Feature","properties":{"kind":"building"},"geometry":{"type":"Polygon","coordinates":[[[77.24688,28.58102],[77.24685,28.58105],[77.24704,28.58117],[77.24707,28.58113],[77.24688,28.58102]]]}},{"type":"Feature","properties":{"kind":"building"},"geometry":{"type":"Polygon","coordinates":[[[77.24688,28.58288],[77.24674,28.58279],[77.24673,28.58281],[77.24686,28.5829],[77.24688,28.58288]]]}},{"type":"Feature","properties":{"kind":"building"},"geometry":{"type":"Polygon","coordinates":[[[77.24689,28.58315],[77.24701,28.58323],[77.24709,28.58314],[77.24697,28.58306],[77.24689,28.58315]]]}},{"type":"Feature","properties":{"kind":"building"},"geometry":{"type":"Polygon","coordinates":[[[77.24689,28.58337],[77.24677,28.58329],[77.24671,28.58335],[77.24684,28.58344],[77.24689,28.58337]]]}},{"type":"Feature","properties":{"kind":"building"},"geometry":{"type":"Polygon","coordinates":[[[77.2469,28.57968],[77.24691,28.57955],[77.247,28.57953],[77.24699,28.57968],[77.2469,28.57968]]]}},{"type":"Feature","properties":{"kind":"building"},"geometry":{"type":"Polygon","coordinates":[[[77.24691,28.58099],[77.24688,28.58102],[77.24705,28.58112],[77.24707,28.58109],[77.24691,28.58099]]]}},{"type":"Feature","properties":{"kind":"building"},"geometry":{"type":"Polygon","coordinates":[[[77.24691,28.58336],[77.24695,28.58331],[77.24683,28.58322],[77.24678,28.58327],[77.24691,28.58336]]]}},{"type":"Feature","properties":{"kind":"building"},"geometry":{"type":"Polygon","coordinates":[[[77.24692,28.58141],[77.24699,28.58131],[77.24723,28.58144],[77.24712,28.58153],[77.24692,28.58141]]]}},{"type":"Feature","properties":{"kind":"building"},"geometry":{"type":"Polygon","coordinates":[[[77.24692,28.5826],[77.24702,28.58267],[77.24707,28.58262],[77.24696,28.58255],[77.24692,28.5826]]]}},{"type":"Feature","properties":{"kind":"building"},"geometry":{"type":"Polygon","coordinates":[[[77.24692,28.58284],[77.24679,28.58275],[77.24676,28.58279],[77.24688,28.58288],[77.24692,28.58284]]]}},{"type":"Feature","properties":{"kind":"building"},"geometry":{"type":"Polygon","coordinates":[[[77.24697,28.58334],[77.24706,28.5834],[77.2471,28.58335],[77.24701,28.58329],[77.24697,28.58334]]]}},{"type":"Feature","properties":{"kind":"building"},"geometry":{"type":"Polygon","coordinates":[[[77.24699,28.57968],[77.247,28.57953],[77.24708,28.57955],[77.24709,28.5796],[77.24707,28.57968],[77.24699,28.57968]]]}},{"type":"Feature","properties":{"kind":"building"},"geometry":{"type":"Polygon","coordinates":[[[77.24699,28.58297],[77.24689,28.5829],[77.24683,28.58297],[77.24693,28.58304],[77.24699,28.58297]]]}},{"type":"Feature","properties":{"kind":"building"},"geometry":{"type":"Polygon","coordinates":[[[77.24699,28.60013],[77.24729,28.60018],[77.24734,28.59998],[77.24704,28.59993],[77.24699,28.60013]]]}},{"type":"Feature","properties":{"kind":"building"},"geometry":{"type":"Polygon","coordinates":[[[77.247,28.58535],[77.24721,28.58547],[77.24727,28.58539],[77.24706,28.58527],[77.247,28.58535]]]}},{"type":"Feature","properties":{"kind":"building"},"geometry":{"type":"Polygon","coordinates":[[[77.24701,28.58914],[77.24711,28.58917],[77.24712,28.58913],[77.2472,28.58915],[77.24723,28.58908],[77.24706,28.58902],[77.24701,28.58914]]]}},{"type":"Feature","properties":{"kind":"building"},"geometry":{"type":"Polygon","coordinates":[[[77.24702,28.58085],[77.24692,28.58098],[77.24707,28.58107],[77.24718,28.58094],[77.24702,28.58085]]]}},{"type":"Feature","properties":{"kind":"building"},"geometry":{"type":"Polygon","coordinates":[[[77.24703,28.58326],[77.24713,28.58333],[77.24724,28.5832],[77.24714,28.58314],[77.24703,28.58326]]]}},{"type":"Feature","properties":{"kind":"building"},"geometry":{"type":"Polygon","coordinates":[[[77.24703,28.58365],[77.24713,28.58372],[77.24717,28.58366],[77.24707,28.5836],[77.24703,28.58365]]]}},{"type":"Feature","properties":{"kind":"building"},"geometry":{"type":"Polygon","coordinates":[[[77.24705,28.58004],[77.24693,28.57995],[77.24699,28.57988],[77.24713,28.57998],[77.24705,28.58004]]]}},{"type":"Feature","properties":{"kind":"building"},"geometry":{"type":"Polygon","coordinates":[[[77.24705,28.5808],[77.24743,28.58104],[77.24748,28.58102],[77.24752,28.58104],[77.24757,28.581],[77.24753,28.58094],[77.24751,28.58087],[77.24741,28.58076],[77.24737,28.58077],[77.24734,28.58076],[77.24727,28.58079],[77.24712,28.58071],[77.24705,28.5808]]]}},{"type":"Feature","properties":{"kind":"building"},"geometry":{"type":"Polygon","coordinates":[[[77.24705,28.58246],[77.24697,28.58254],[77.2471,28.58263],[77.24718,28.58254],[77.24705,28.58246]]]}},{"type":"Feature","properties":{"kind":"building"},"geometry":{"type":"Polygon","coordinates":[[[77.24705,28.58408],[77.24713,28.58414],[77.24716,28.58411],[77.24711,28.58407],[77.24713,28.58404],[77.24721,28.58409],[77.24727,28.58403],[77.24716,28.58396],[77.24705,28.58408]]]}},{"type":"Feature","properties":{"kind":"building"},"geometry":{"type":"Polygon","coordinates":[[[77.24706,28.59322],[77.24717,28.59323],[77.24718,28.59312],[77.24707,28.59312],[77.24706,28.59322]]]}},{"type":"Feature","properties":{"kind":"building"},"geometry":{"type":"Polygon","coordinates":[[[77.24707,28.58983],[77.24716,28.58983],[77.24716,28.5895],[77.24706,28.5895],[77.24707,28.58983]]]}},{"type":"Feature","properties":{"kind":"building"},"geometry":{"type":"Polygon","coordinates":[[[77.24711,28.58382],[77.24714,28.58379],[77.24709,28.58376],[77.24704,28.58381],[77.24708,28.58383],[77.2471,28.58381],[77.24711,28.58382]]]}},{"type":"Feature","properties":{"kind":"building"},"geometry":{"type":"Polygon","coordinates":[[[77.24712,28.58114],[77.24714,28.58115],[77.24725,28.58101],[77.24723,28.581],[77.24712,28.58114]]]}},{"type":"Feature","properties":{"kind":"building"},"geometry":{"type":"Polygon","coordinates":[[[77.24712,28.58282],[77.24702,28.58275],[77.24694,28.58284],[77.24705,28.58291],[77.24712,28.58282]]]}},{"type":"Feature","properties":{"kind":"building"},"geometry":{"type":"Polygon","coordinates":[[[77.24713,28.5887],[77.24716,28.58871],[77.24733,28.58841],[77.24729,28.58839],[77.24713,28.5887]]]}},{"type":"Feature","properties":{"kind":"building"},"geometry":{"type":"Polygon","coordinates":[[[77.24714,28.5852],[77.24732,28.58531],[77.24739,28.58523],[77.24721,28.58512],[77.24714,28.5852]]]}},{"type":"Feature","properties":{"kind":"building"},"geometry":{"type":"Polygon","coordinates":[[[77.24715,28.58307],[77.24703,28.58299],[77.24698,28.58304],[77.24711,28.58313],[77.24715,28.58307]]]}},{"type":"Feature","properties":{"kind":"building"},"geometry":{"type":"Polygon","coordinates":[[[77.24718,28.58017],[77.24734,28.57997],[77.2475,28.58003],[77.24735,28.58027],[77.24718,28.58017]]]}},{"type":"Feature","properties":{"kind":"building"},"geometry":{"type":"Polygon","coordinates":[[[77.24718,28.58417],[77.24725,28.58421],[77.24734,28.5841],[77.24728,28.58405],[77.24718,28.58417]]]}},{"type":"Feature","properties":{"kind":"building"},"geometry":{"type":"Polygon","coordinates":[[[77.24719,28.57993],[77.24703,28.57982],[77.24707,28.57978],[77.24723,28.57988],[77.24719,28.57993]]]}},{"type":"Feature","properties":{"kind":"building"},"geometry":{"type":"Polygon","coordinates":[[[77.24719,28.58064],[77.24739,28.58043],[77.24755,28.58053],[77.24736,28.58075],[77.24725,28.5807],[77.24719,28.58064]]]}},{"type":"Feature","properties":{"kind":"building"},"geometry":{"type":"Polygon","coordinates":[[[77.24719,28.58304],[77.24731,28.58313],[77.24735,28.58308],[77.24723,28.583],[77.24719,28.58304]]]}},{"type":"Feature","properties":{"kind":"building"},"geometry":{"type":"Polygon","coordinates":[[[77.24719,28.5839],[77.24731,28.58398],[77.24741,28.58386],[77.2473,28.58378],[77.24719,28.5839]]]}},{"type":"Feature","properties":{"kind":"building"},"geometry":{"type":"Polygon","coordinates":[[[77.2472,28.58097],[77.24717,28.58095],[77.24707,28.58107],[77.24711,28.58109],[77.2472,28.58097]]]}},{"type":"Feature","properties":{"kind":"building"},"geometry":{"type":"Polygon","coordinates":[[[77.2472,28.58252],[77.2473,28.58241],[77.24716,28.58232],[77.24707,28.58243],[77.2472,28.58252]]]}},{"type":"Feature","properties":{"kind":"building"},"geometry":{"type":"Polygon","coordinates":[[[77.2472,28.58279],[77.24746,28.58296],[77.2475,28.58291],[77.24725,28.58274],[77.2472,28.58279]]]}},{"type":"Feature","properties":{"kind":"building"},"geometry":{"type":"Polygon","coordinates":[[[77.2472,28.58984],[77.2473,28.58984],[77.24731,28.5896],[77.24722,28.58959],[77.2472,28.58984]]]}},{"type":"Feature","properties":{"kind":"building"},"geometry":{"type":"Polygon","coordinates":[[[77.24721,28.58097],[77.24712,28.58109],[77.24714,28.5811],[77.24723,28.58099],[77.24721,28.58097]]]}},{"type":"Feature","properties":{"kind":"building"},"geometry":{"type":"Polygon","coordinates":[[[77.24722,28.57983],[77.2471,28.57975],[77.24715,28.5797],[77.24727,28.57977],[77.24722,28.57983]]]}},{"type":"Feature","properties":{"kind":"building"},"geometry":{"type":"Polygon","coordinates":[[[77.24723,28.58948],[77.24735,28.58933],[77.2472,28.58923],[77.24707,28.58938],[77.24723,28.58948]]]}},{"type":"Feature","properties":{"kind":"building"},"geometry":{"type":"Polygon","coordinates":[[[77.24724,28.58123],[77.2474,28.58132],[77.24742,28.58129],[77.24738,28.58127],[77.24739,28.58124],[77.24733,28.58121],[77.24731,28.58123],[77.24726,28.5812],[77.24724,28.58123]]]}},{"type":"Feature","properties":{"kind":"building"},"geometry":{"type":"Polygon","coordinates":[[[77.24724,28.58507],[77.24744,28.58519],[77.24752,28.58508],[77.24732,28.58497],[77.24724,28.58507]]]}},{"type":"Feature","properties":{"kind":"building"},"geometry":{"type":"Polygon","coordinates":[[[77.24725,28.58234],[77.24742,28.58246],[77.24746,28.58241],[77.24728,28.5823],[77.24725,28.58234]]]}},{"type":"Feature","properties":{"kind":"building"},"geometry":{"type":"Polygon","coordinates":[[[77.24726,28.58266],[77.24716,28.58258],[77.24711,28.58264],[77.24722,28.58271],[77.24726,28.58266]]]}},{"type":"Feature","properties":{"kind":"building"},"geometry":{"type":"Polygon","coordinates":[[[77.24726,28.58951],[77.24735,28.58956],[77.24746,28.5894],[77.24738,28.58935],[77.24726,28.58951]]]}},{"type":"Feature","properties":{"kind":"building"},"geometry":{"type":"Polygon","coordinates":[[[77.24727,28.59497],[77.24739,28.59496],[77.24739,28.59487],[77.24727,28.59488],[77.24727,28.59497]]]}},{"type":"Feature","properties":{"kind":"building"},"geometry":{"type":"Polygon","coordinates":[[[77.24728,28.58403],[77.24737,28.58408],[77.24741,28.58404],[77.24732,28.58398],[77.24728,28.58403]]]}},{"type":"Feature","properties":{"kind":"building"},"geometry":{"type":"Polygon","coordinates":[[[77.24731,28.57978],[77.24716,28.57968],[77.24723,28.57962],[77.24729,28.57967],[77.24731,28.57978]]]}},{"type":"Feature","properties":{"kind":"building"},"geometry":{"type":"Polygon","coordinates":[[[77.24731,28.58141],[77.24733,28.58138],[77.24717,28.58128],[77.24715,28.58131],[77.24731,28.58141]]]}},{"type":"Feature","properties":{"kind":"building"},"geometry":{"type":"Polygon","coordinates":[[[77.24732,28.60046],[77.24757,28.60049],[77.2476,28.60034],[77.24734,28.6003],[77.24732,28.60046]]]}},{"type":"Feature","properties":{"kind":"building"},"geometry":{"type":"Polygon","coordinates":[[[77.24733,28.58106],[77.24726,28.58101],[77.24715,28.58116],[77.24722,28.5812],[77.24733,28.58106]]]}},{"type":"Feature","properties":{"kind":"building"},"geometry":{"type":"Polygon","coordinates":[[[77.24733,28.58288],[77.2472,28.58279],[77.24708,28.58293],[77.24721,28.58301],[77.24733,28.58288]]]}},{"type":"Feature","properties":{"kind":"building"},"geometry":{"type":"Polygon","coordinates":[[[77.24733,28.58432],[77.24753,28.58446],[77.24758,28.5844],[77.24739,28.58426],[77.24733,28.58432]]]}},{"type":"Feature","properties":{"kind":"building"},"geometry":{"type":"Polygon","coordinates":[[[77.24733,28.58543],[77.24748,28.58552],[77.24755,28.58542],[77.2474,28.58534],[77.24733,28.58543]]]}},{"type":"Feature","properties":{"kind":"building"},"geometry":{"type":"Polygon","coordinates":[[[77.24733,28.59301],[77.24755,28.59302],[77.24755,28.59292],[77.24734,28.59291],[77.24733,28.59301]]]}},{"type":"Feature","properties":{"kind":"building"},"geometry":{"type":"Polygon","coordinates":[[[77.24734,28.58138],[77.24737,28.58133],[77.24721,28.58123],[77.24717,28.58128],[77.24734,28.58138]]]}},{"type":"Feature","properties":{"kind":"building"},"geometry":{"type":"Polygon","coordinates":[[[77.24734,28.58211],[77.24758,28.58227],[77.24762,28.58222],[77.24739,28.58207],[77.24734,28.58211]]]}},{"type":"Feature","properties":{"kind":"building"},"geometry":{"type":"Polygon","coordinates":[[[77.24734,28.58331],[77.24743,28.58337],[77.24747,28.58333],[77.24737,28.58327],[77.24734,28.58331]]]}},{"type":"Feature","properties":{"kind":"building"},"geometry":{"type":"Polygon","coordinates":[[[77.24735,28.58027],[77.24732,28.58029],[77.24742,28.58033],[77.24749,28.58028],[77.24747,28.58024],[77.24738,28.58022],[77.24735,28.58027]]]}},{"type":"Feature","properties":{"kind":"building"},"geometry":{"type":"Polygon","coordinates":[[[77.24735,28.58368],[77.24726,28.58362],[77.24722,28.58366],[77.24731,28.58372],[77.24735,28.58368]]]}},{"type":"Feature","properties":{"kind":"building"},"geometry":{"type":"Polygon","coordinates":[[[77.24736,28.58367],[77.24739,28.58363],[77.24731,28.58357],[77.24727,28.58361],[77.24736,28.58367]]]}},{"type":"Feature","properties":{"kind":"building"},"geometry":{"type":"Polygon","coordinates":[[[77.24737,28.58372],[77.24747,28.58378],[77.24749,28.58376],[77.24739,28.58369],[77.24737,28.58372]]]}},{"type":"Feature","properties":{"kind":"building"},"geometry":{"type":"Polygon","coordinates":[[[77.24737,28.60237],[77.24747,28.60245],[77.24751,28.60241],[77.24753,28.60243],[77.24759,28.60237],[77.24747,28.60227],[77.24737,28.60237]]]}},{"type":"Feature","properties":{"kind":"building"},"geometry":{"type":"Polygon","coordinates":[[[77.24738,28.58397],[77.24743,28.584],[77.24748,28.58395],[77.24743,28.58391],[77.24738,28.58397]]]}},{"type":"Feature","properties":{"kind":"building"},"geometry":{"type":"Polygon","coordinates":[[[77.24739,28.60008],[77.24762,28.60011],[77.24764,28.60002],[77.24741,28.59999],[77.24739,28.60008]]]}},{"type":"Feature","properties":{"kind":"building"},"geometry":{"type":"Polygon","coordinates":[[[77.2474,28.58019],[77.24751,28.58025],[77.24757,28.58015],[77.24746,28.5801],[77.2474,28.58019]]]}},{"type":"Feature","properties":{"kind":"building"},"geometry":{"type":"Polygon","coordinates":[[[77.2474,28.58258],[77.24747,28.58263],[77.2475,28.58259],[77.24743,28.58254],[77.2474,28.58258]]]}},{"type":"Feature","properties":{"kind":"building"},"geometry":{"type":"Polygon","coordinates":[[[77.2474,28.5825],[77.24729,28.58242],[77.24723,28.58249],[77.24734,28.58257],[77.2474,28.5825]]]}},{"type":"Feature","properties":{"kind":"building"},"geometry":{"type":"Polygon","coordinates":[[[77.2474,28.58422],[77.24762,28.58437],[77.24765,28.58434],[77.24743,28.58419],[77.2474,28.58422]]]}},{"type":"Feature","properties":{"kind":"building"},"geometry":{"type":"Polygon","coordinates":[[[77.24741,28.58361],[77.24745,28.58356],[77.24736,28.5835],[77.24732,28.58355],[77.24741,28.58361]]]}},{"type":"Feature","properties":{"kind":"building"},"geometry":{"type":"Polygon","coordinates":[[[77.24741,28.58493],[77.24756,28.58502],[77.24764,28.58491],[77.2475,28.58482],[77.24741,28.58493]]]}},{"type":"Feature","properties":{"kind":"building"},"geometry":{"type":"Polygon","coordinates":[[[77.24742,28.57981],[77.24755,28.57989],[77.24762,28.57979],[77.2475,28.57972],[77.24742,28.57981]]]}},{"type":"Feature","properties":{"kind":"building"},"geometry":{"type":"Polygon","coordinates":[[[77.24742,28.58225],[77.24729,28.58216],[77.2472,28.58227],[77.24726,28.58231],[77.24731,28.58225],[77.24738,28.5823],[77.24742,28.58225]]]}},{"type":"Feature","properties":{"kind":"building"},"geometry":{"type":"Polygon","coordinates":[[[77.24742,28.5828],[77.24752,28.58287],[77.24756,28.58282],[77.24746,28.58275],[77.24742,28.5828]]]}},{"type":"Feature","properties":{"kind":"building"},"geometry":{"type":"Polygon","coordinates":[[[77.24742,28.582],[77.24755,28.58209],[77.24761,28.58202],[77.24748,28.58194],[77.24742,28.582]]]}},{"type":"Feature","properties":{"kind":"building"},"geometry":{"type":"Polygon","coordinates":[[[77.24742,28.58385],[77.24744,28.58383],[77.24733,28.58375],[77.24731,28.58377],[77.24742,28.58385]]]}},{"type":"Feature","properties":{"kind":"building"},"geometry":{"type":"Polygon","coordinates":[[[77.24742,28.59974],[77.24781,28.59976],[77.24782,28.5996],[77.24743,28.59958],[77.24742,28.59974]]]}},{"type":"Feature","properties":{"kind":"building"},"geometry":{"type":"Polygon","coordinates":[[[77.24743,28.58252],[77.24755,28.5826],[77.24759,28.58256],[77.24747,28.58248],[77.24743,28.58252]]]}},{"type":"Feature","properties":{"kind":"building"},"geometry":{"type":"Polygon","coordinates":[[[77.24743,28.58276],[77.2473,28.58267],[77.24725,28.58274],[77.24737,28.58282],[77.24743,28.58276]]]}},{"type":"Feature","properties":{"kind":"building"},"geometry":{"type":"Polygon","coordinates":[[[77.24743,28.58302],[77.2473,28.58293],[77.24725,28.58298],[77.24738,28.58307],[77.24743,28.58302]]]}},{"type":"Feature","properties":{"kind":"building"},"geometry":{"type":"Polygon","coordinates":[[[77.24744,28.58274],[77.2475,28.58267],[77.24738,28.58259],[77.24731,28.58266],[77.24744,28.58274]]]}},{"type":"Feature","properties":{"kind":"building"},"geometry":{"type":"Polygon","coordinates":[[[77.24744,28.58364],[77.24754,28.5837],[77.2476,28.58362],[77.24751,28.58356],[77.24744,28.58364]]]}},{"type":"Feature","properties":{"kind":"building"},"geometry":{"type":"Polygon","coordinates":[[[77.24744,28.58381],[77.24745,28.58379],[77.24736,28.58373],[77.24734,28.58375],[77.24744,28.58381]]]}},{"type":"Feature","properties":{"kind":"building"},"geometry":{"type":"Polygon","coordinates":[[[77.24744,28.58527],[77.24756,28.58535],[77.24764,28.58525],[77.24751,28.58517],[77.24744,28.58527]]]}},{"type":"Feature","properties":{"kind":"building"},"geometry":{"type":"Polygon","coordinates":[[[77.24746,28.58032],[77.24758,28.58039],[77.24773,28.58029],[77.24757,28.58015],[77.24746,28.58032]]]}},{"type":"Feature","properties":{"kind":"building"},"geometry":{"type":"Polygon","coordinates":[[[77.24747,28.59464],[77.24763,28.59463],[77.24762,28.59454],[77.24747,28.59455],[77.24747,28.59464]]]}},{"type":"Feature","properties":{"kind":"building"},"geometry":{"type":"Polygon","coordinates":[[[77.24748,28.59453],[77.24763,28.59452],[77.24762,28.59442],[77.24747,28.59443],[77.24748,28.59453]]]}},{"type":"Feature","properties":{"kind":"building"},"geometry":{"type":"Polygon","coordinates":[[[77.24749,28.58247],[77.24761,28.58255],[77.24765,28.5825],[77.24753,28.58242],[77.24749,28.58247]]]}},{"type":"Feature","properties":{"kind":"building"},"geometry":{"type":"Polygon","coordinates":[[[77.2475,28.5835],[77.2474,28.58344],[77.24737,28.58347],[77.24747,28.58354],[77.2475,28.5835]]]}},{"type":"Feature","properties":{"kind":"building"},"geometry":{"type":"Polygon","coordinates":[[[77.24751,28.58386],[77.24755,28.58389],[77.2476,28.58383],[77.24755,28.5838],[77.24751,28.58386]]]}},{"type":"Feature","properties":{"kind":"building"},"geometry":{"type":"Polygon","coordinates":[[[77.24752,28.58116],[77.24737,28.58107],[77.24728,28.58117],[77.24744,28.58126],[77.24752,28.58116]]]}},{"type":"Feature","properties":{"kind":"building"},"geometry":{"type":"Polygon","coordinates":[[[77.24752,28.58348],[77.24757,28.58341],[77.24749,28.58335],[77.24743,28.58342],[77.24752,28.58348]]]}},{"type":"Feature","properties":{"kind":"building"},"geometry":{"type":"Polygon","coordinates":[[[77.24753,28.58135],[77.24772,28.58147],[77.24773,28.58145],[77.24755,28.58133],[77.24753,28.58135]]]}},{"type":"Feature","properties":{"kind":"building"},"geometry":{"type":"Polygon","coordinates":[[[77.24753,28.58136],[77.24748,28.58141],[77.24765,28.58153],[77.24767,28.58151],[77.24764,28.58149],[77.24766,28.58147],[77.24753,28.58136]]]}},{"type":"Feature","properties":{"kind":"building"},"geometry":{"type":"Polygon","coordinates":[[[77.24753,28.58234],[77.24748,28.58231],[77.24742,28.58238],[77.24747,28.58241],[77.24753,28.58234]]]}},{"type":"Feature","properties":{"kind":"building"},"geometry":{"type":"Polygon","coordinates":[[[77.24754,28.58085],[77.24769,28.58096],[77.24774,28.58091],[77.24759,28.5808],[77.24754,28.58085]]]}},{"type":"Feature","properties":{"kind":"building"},"geometry":{"type":"Polygon","coordinates":[[[77.24754,28.58266],[77.24763,28.58272],[77.24765,28.58269],[77.24756,28.58263],[77.24754,28.58266]]]}},{"type":"Feature","properties":{"kind":"building"},"geometry":{"type":"Polygon","coordinates":[[[77.24754,28.58326],[77.24757,28.58323],[77.24745,28.58316],[77.24743,28.58318],[77.24754,28.58326]]]}},{"type":"Feature","properties":{"kind":"building"},"geometry":{"type":"Polygon","coordinates":[[[77.24755,28.5835],[77.2475,28.58356],[77.2476,28.58362],[77.24765,28.58357],[77.24755,28.5835]]]}},{"type":"Feature","properties":{"kind":"building"},"geometry":{"type":"Polygon","coordinates":[[[77.24756,28.5793],[77.24799,28.5793],[77.24799,28.57921],[77.24756,28.5792],[77.24756,28.5793]]]}},{"type":"Feature","properties":{"kind":"building"},"geometry":{"type":"Polygon","coordinates":[[[77.24756,28.58054],[77.24746,28.58067],[77.24752,28.58071],[77.24762,28.58057],[77.24756,28.58054]]]}},{"type":"Feature","properties":{"kind":"building"},"geometry":{"type":"Polygon","coordinates":[[[77.24756,28.58373],[77.24764,28.58378],[77.24766,28.58375],[77.24759,28.5837],[77.24756,28.58373]]]}},{"type":"Feature","properties":{"kind":"building"},"geometry":{"type":"Polygon","coordinates":[[[77.24756,28.58419],[77.24759,28.58416],[77.24752,28.58411],[77.24749,28.58414],[77.24756,28.58419]]]}},{"type":"Feature","properties":{"kind":"building"},"geometry":{"type":"Polygon","coordinates":[[[77.24756,28.58557],[77.24776,28.58569],[77.24783,28.5856],[77.24763,28.58548],[77.24756,28.58557]]]}},{"type":"Feature","properties":{"kind":"building"},"geometry":{"type":"Polygon","coordinates":[[[77.24756,28.60687],[77.24767,28.60688],[77.24768,28.60674],[77.24757,28.60674],[77.24756,28.60687]]]}},{"type":"Feature","properties":{"kind":"building"},"geometry":{"type":"Polygon","coordinates":[[[77.24757,28.58278],[77.24759,28.58276],[77.24749,28.58269],[77.24747,28.58272],[77.24757,28.58278]]]}},{"type":"Feature","properties":{"kind":"building"},"geometry":{"type":"Polygon","coordinates":[[[77.24757,28.59486],[77.24762,28.59484],[77.24767,28.59486],[77.24801,28.59487],[77.24802,28.5945],[77.2477,28.5945],[77.2477,28.5946],[77.24759,28.59466],[77.24755,28.59465],[77.24753,28.59466],[77.24753,28.59468],[77.24748,28.5947],[77.24748,28.5948],[77.24757,28.59486]]]}},{"type":"Feature","properties":{"kind":"building"},"geometry":{"type":"Polygon","coordinates":[[[77.24758,28.5813],[77.24774,28.58142],[77.24777,28.58139],[77.24761,28.58127],[77.24758,28.5813]]]}},{"type":"Feature","properties":{"kind":"building"},"geometry":{"type":"Polygon","coordinates":[[[77.24758,28.58183],[77.2477,28.58191],[77.24774,28.58187],[77.24762,28.58179],[77.24758,28.58183]]]}},{"type":"Feature","properties":{"kind":"building"},"geometry":{"type":"Polygon","coordinates":[[[77.24758,28.58322],[77.24762,28.58318],[77.24749,28.58309],[77.24746,28.58313],[77.24758,28.58322]]]}},{"type":"Feature","properties":{"kind":"building"},"geometry":{"type":"Polygon","coordinates":[[[77.24758,28.58337],[77.24761,28.58334],[77.2475,28.58328],[77.24748,28.5833],[77.24758,28.58337]]]}},{"type":"Feature","properties":{"kind":"building"},"geometry":{"type":"Polygon","coordinates":[[[77.24758,28.58347],[77.24778,28.58361],[77.24783,28.58355],[77.24763,28.58341],[77.24758,28.58347]]]}},{"type":"Feature","properties":{"kind":"building"},"geometry":{"type":"Polygon","coordinates":[[[77.24758,28.58402],[77.24756,28.58405],[77.24777,28.58419],[77.2478,28.58417],[77.24758,28.58402]]]}},{"type":"Feature","properties":{"kind":"building"},"geometry":{"type":"Polygon","coordinates":[[[77.24758,28.58515],[77.24767,28.58521],[77.24776,28.58509],[77.24766,28.58504],[77.24758,28.58515]]]}},{"type":"Feature","properties":{"kind":"building"},"geometry":{"type":"Polygon","coordinates":[[[77.24759,28.57995],[77.24769,28.58],[77.24778,28.57989],[77.24768,28.57983],[77.24759,28.57995]]]}},{"type":"Feature","properties":{"kind":"building"},"geometry":{"type":"Polygon","coordinates":[[[77.24759,28.58262],[77.24769,28.58269],[77.24773,28.58264],[77.24763,28.58257],[77.24759,28.58262]]]}},{"type":"Feature","properties":{"kind":"building"},"geometry":{"type":"Polygon","coordinates":[[[77.24759,28.58422],[77.24768,28.58428],[77.24771,28.58424],[77.24762,28.58418],[77.24759,28.58422]]]}},{"type":"Feature","properties":{"kind":"building"},"geometry":{"type":"Polygon","coordinates":[[[77.2476,28.58275],[77.24762,28.58272],[77.24753,28.58266],[77.24751,28.58269],[77.2476,28.58275]]]}},{"type":"Feature","properties":{"kind":"building"},"geometry":{"type":"Polygon","coordinates":[[[77.2476,28.58536],[77.24773,28.58545],[77.24783,28.58533],[77.24769,28.58525],[77.2476,28.58536]]]}},{"type":"Feature","properties":{"kind":"building"},"geometry":{"type":"Polygon","coordinates":[[[77.24761,28.58238],[77.24756,28.58243],[77.24778,28.58258],[77.24783,28.58253],[77.24761,28.58238]]]}},{"type":"Feature","properties":{"kind":"building"},"geometry":{"type":"Polygon","coordinates":[[[77.24761,28.58295],[77.24768,28.58299],[77.24772,28.58294],[77.24766,28.5829],[77.24761,28.58295]]]}},{"type":"Feature","properties":{"kind":"building"},"geometry":{"type":"Polygon","coordinates":[[[77.24761,28.58446],[77.24781,28.58459],[77.24788,28.58451],[77.24769,28.58438],[77.24761,28.58446]]]}},{"type":"Feature","properties":{"kind":"building"},"geometry":{"type":"Polygon","coordinates":[[[77.24761,28.584],[77.24772,28.58408],[77.2478,28.58398],[77.24769,28.58391],[77.24761,28.584]]]}},{"type":"Feature","properties":{"kind":"building"},"geometry":{"type":"Polygon","coordinates":[[[77.24762,28.58316],[77.24766,28.58312],[77.24755,28.58305],[77.24751,28.58309],[77.24762,28.58316]]]}},{"type":"Feature","properties":{"kind":"building"},"geometry":{"type":"Polygon","coordinates":[[[77.24762,28.58334],[77.24764,28.58332],[77.24756,28.58327],[77.24754,28.58329],[77.24762,28.58334]]]}},{"type":"Feature","properties":{"kind":"building"},"geometry":{"type":"Polygon","coordinates":[[[77.24762,28.60018],[77.24785,28.60021],[77.24786,28.60011],[77.24763,28.60008],[77.24762,28.60018]]]}},{"type":"Feature","properties":{"kind":"building"},"geometry":{"type":"Polygon","coordinates":[[[77.24764,28.58332],[77.24766,28.5833],[77.24759,28.58325],[77.24758,28.58327],[77.24764,28.58332]]]}},{"type":"Feature","properties":{"kind":"building"},"geometry":{"type":"Polygon","coordinates":[[[77.24766,28.58008],[77.24781,28.58018],[77.24796,28.57999],[77.24781,28.5799],[77.24766,28.58008]]]}},{"type":"Feature","properties":{"kind":"building"},"geometry":{"type":"Polygon","coordinates":[[[77.24766,28.5833],[77.24768,28.58327],[77.24762,28.58323],[77.24759,28.58325],[77.24766,28.5833]]]}},{"type":"Feature","properties":{"kind":"building"},"geometry":{"type":"Polygon","coordinates":[[[77.24766,28.59736],[77.24767,28.5973],[77.24775,28.5973],[77.24775,28.59737],[77.24766,28.59736]]]}},{"type":"Feature","properties":{"kind":"building"},"geometry":{"type":"Polygon","coordinates":[[[77.24767,28.58118],[77.24775,28.58123],[77.24777,28.58121],[77.24769,28.58116],[77.24767,28.58118]]]}},{"type":"Feature","properties":{"kind":"building"},"geometry":{"type":"Polygon","coordinates":[[[77.24767,28.58225],[77.24778,28.58233],[77.24782,28.58228],[77.24771,28.58221],[77.24767,28.58225]]]}},{"type":"Feature","properties":{"kind":"building"},"geometry":{"type":"Polygon","coordinates":[[[77.24768,28.58966],[77.2478,28.58961],[77.24772,28.58946],[77.2476,28.58951],[77.24768,28.58966]]]}},{"type":"Feature","properties":{"kind":"building"},"geometry":{"type":"Polygon","coordinates":[[[77.24769,28.58058],[77.24765,28.58055],[77.24755,28.58068],[77.24759,28.5807],[77.24769,28.58058]]]}},{"type":"Feature","properties":{"kind":"building"},"geometry":{"type":"Polygon","coordinates":[[[77.24769,28.58109],[77.24792,28.58123],[77.24794,28.5812],[77.24771,28.58106],[77.24769,28.58109]]]}},{"type":"Feature","properties":{"kind":"building"},"geometry":{"type":"Polygon","coordinates":[[[77.24769,28.58172],[77.24772,28.58174],[77.24777,28.58169],[77.24774,28.58166],[77.24769,28.58172]]]}},{"type":"Feature","properties":{"kind":"building"},"geometry":{"type":"Polygon","coordinates":[[[77.24769,28.58372],[77.24777,28.58363],[77.24768,28.58357],[77.2476,28.58366],[77.24769,28.58372]]]}},{"type":"Feature","properties":{"kind":"building"},"geometry":{"type":"Polygon","coordinates":[[[77.24769,28.58438],[77.24774,28.58441],[77.24781,28.58433],[77.24776,28.58429],[77.24769,28.58438]]]}},{"type":"Feature","properties":{"kind":"building"},"geometry":{"type":"Polygon","coordinates":[[[77.2477,28.5806],[77.24757,28.58074],[77.2476,28.58076],[77.24772,28.58061],[77.2477,28.5806]]]}},{"type":"Feature","properties":{"kind":"building"},"geometry":{"type":"Polygon","coordinates":[[[77.2477,28.58287],[77.24779,28.58293],[77.24786,28.58285],[77.24777,28.58279],[77.2477,28.58287]]]}},{"type":"Feature","properties":{"kind":"building"},"geometry":{"type":"Polygon","coordinates":[[[77.2477,28.58331],[77.24781,28.58338],[77.24785,28.58332],[77.24775,28.58325],[77.2477,28.58331]]]}},{"type":"Feature","properties":{"kind":"building"},"geometry":{"type":"Polygon","coordinates":[[[77.2477,28.58333],[77.24763,28.58341],[77.2477,28.58345],[77.24777,28.58337],[77.2477,28.58333]]]}},{"type":"Feature","properties":{"kind":"building"},"geometry":{"type":"Polygon","coordinates":[[[77.2477,28.58429],[77.24748,28.58415],[77.24745,28.58419],[77.24767,28.58433],[77.2477,28.58429]]]}},{"type":"Feature","properties":{"kind":"building"},"geometry":{"type":"Polygon","coordinates":[[[77.24771,28.58346],[77.24774,28.58348],[77.24782,28.58339],[77.24779,28.58337],[77.24771,28.58346]]]}},{"type":"Feature","properties":{"kind":"building"},"geometry":{"type":"Polygon","coordinates":[[[77.24772,28.58324],[77.24777,28.58318],[77.2477,28.58313],[77.24765,28.58319],[77.24772,28.58324]]]}},{"type":"Feature","properties":{"kind":"building"},"geometry":{"type":"Polygon","coordinates":[[[77.24773,28.58425],[77.24776,28.58422],[77.24755,28.58407],[77.24752,28.58411],[77.24773,28.58425]]]}},{"type":"Feature","properties":{"kind":"building"},"geometry":{"type":"Polygon","coordinates":[[[77.24773,28.58492],[77.24785,28.58499],[77.24791,28.58491],[77.24779,28.58484],[77.24773,28.58492]]]}},{"type":"Feature","properties":{"kind":"building"},"geometry":{"type":"Polygon","coordinates":[[[77.24774,28.58102],[77.24798,28.58117],[77.248,28.58114],[77.24776,28.58099],[77.24774,28.58102]]]}},{"type":"Feature","properties":{"kind":"building"},"geometry":{"type":"Polygon","coordinates":[[[77.24774,28.5824],[77.24786,28.58249],[77.24792,28.58243],[77.24779,28.58234],[77.24774,28.5824]]]}},{"type":"Feature","properties":{"kind":"building"},"geometry":{"type":"Polygon","coordinates":[[[77.24774,28.58982],[77.24784,28.58977],[77.2478,28.5897],[77.2477,28.58974],[77.24774,28.58982]]]}},{"type":"Feature","properties":{"kind":"building"},"geometry":{"type":"Polygon","coordinates":[[[77.24774,28.59301],[77.24787,28.59301],[77.24787,28.59285],[77.2479,28.59285],[77.24789,28.59268],[77.24777,28.59268],[77.24777,28.59284],[77.24774,28.59284],[77.24774,28.59301]]]}},{"type":"Feature","properties":{"kind":"building"},"geometry":{"type":"Polygon","coordinates":[[[77.24774,28.59628],[77.24807,28.5963],[77.24808,28.59619],[77.24775,28.59617],[77.24774,28.59628]]]}},{"type":"Feature","properties":{"kind":"building"},"geometry":{"type":"Polygon","coordinates":[[[77.24775,28.58263],[77.24778,28.58258],[77.24768,28.58252],[77.24764,28.58256],[77.24775,28.58263]]]}},{"type":"Feature","properties":{"kind":"building"},"geometry":{"type":"Polygon","coordinates":[[[77.24775,28.58325],[77.24785,28.58332],[77.24788,28.58329],[77.24778,28.58322],[77.24775,28.58325]]]}},{"type":"Feature","properties":{"kind":"building"},"geometry":{"type":"Polygon","coordinates":[[[77.24775,28.58588],[77.24804,28.58606],[77.24811,28.58597],[77.24782,28.5858],[77.24775,28.58588]]]}},{"type":"Feature","properties":{"kind":"building"},"geometry":{"type":"Polygon","coordinates":[[[77.24777,28.58177],[77.24782,28.58171],[77.24779,28.5817],[77.24774,28.58175],[77.24777,28.58177]]]}},{"type":"Feature","properties":{"kind":"building"},"geometry":{"type":"Polygon","coordinates":[[[77.24777,28.58927],[77.2479,28.58933],[77.248,28.58917],[77.24786,28.58911],[77.24777,28.58927]]]}},{"type":"Feature","properties":{"kind":"building"},"geometry":{"type":"Polygon","coordinates":[[[77.24778,28.58088],[77.2478,28.58085],[77.24764,28.58074],[77.24761,28.58077],[77.24778,28.58088]]]}},{"type":"Feature","properties":{"kind":"building"},"geometry":{"type":"Polygon","coordinates":[[[77.24778,28.58181],[77.24792,28.58189],[77.24802,28.58177],[77.24788,28.58168],[77.24778,28.58181]]]}},{"type":"Feature","properties":{"kind":"building"},"geometry":{"type":"Polygon","coordinates":[[[77.24779,28.58097],[77.24802,28.58111],[77.24803,28.58109],[77.2478,28.58095],[77.24779,28.58097]]]}},{"type":"Feature","properties":{"kind":"building"},"geometry":{"type":"Polygon","coordinates":[[[77.24779,28.58426],[77.24795,28.58436],[77.24799,28.58431],[77.24783,28.58421],[77.24779,28.58426]]]}},{"type":"Feature","properties":{"kind":"building"},"geometry":{"type":"Polygon","coordinates":[[[77.2478,28.58137],[77.24784,28.58131],[77.24761,28.58117],[77.24756,28.58123],[77.2478,28.58137]]]}},{"type":"Feature","properties":{"kind":"building"},"geometry":{"type":"Polygon","coordinates":[[[77.2478,28.58277],[77.2479,28.58284],[77.24794,28.5828],[77.24783,28.58273],[77.2478,28.58277]]]}},{"type":"Feature","properties":{"kind":"building"},"geometry":{"type":"Polygon","coordinates":[[[77.2478,28.58403],[77.24774,28.58408],[77.24783,28.58414],[77.24788,28.58408],[77.2478,28.58403]]]}},{"type":"Feature","properties":{"kind":"building"},"geometry":{"type":"Polygon","coordinates":[[[77.24781,28.58157],[77.2479,28.58162],[77.24796,28.58155],[77.24787,28.58149],[77.24781,28.58157]]]}},{"type":"Feature","properties":{"kind":"building"},"geometry":{"type":"Polygon","coordinates":[[[77.24781,28.58312],[77.24774,28.58308],[77.2477,28.58313],[77.24777,28.58317],[77.24781,28.58312]]]}},{"type":"Feature","properties":{"kind":"building"},"geometry":{"type":"Polygon","coordinates":[[[77.24781,28.58992],[77.24792,28.58988],[77.24789,28.58982],[77.24778,28.58986],[77.24781,28.58992]]]}},{"type":"Feature","properties":{"kind":"building"},"geometry":{"type":"Polygon","coordinates":[[[77.24783,28.58316],[77.24781,28.58319],[77.24788,28.58324],[77.24791,28.58321],[77.24783,28.58316]]]}},{"type":"Feature","properties":{"kind":"building"},"geometry":{"type":"Polygon","coordinates":[[[77.24783,28.5831],[77.24785,28.58308],[77.24778,28.58303],[77.24776,28.58305],[77.24783,28.5831]]]}},{"type":"Feature","properties":{"kind":"building"},"geometry":{"type":"Polygon","coordinates":[[[77.24784,28.58421],[77.24799,28.5843],[77.248,28.58428],[77.24786,28.58419],[77.24784,28.58421]]]}},{"type":"Feature","properties":{"kind":"building"},"geometry":{"type":"Polygon","coordinates":[[[77.24784,28.59418],[77.24778,28.59438],[77.24788,28.5944],[77.24793,28.5942],[77.24784,28.59418]]]}},{"type":"Feature","properties":{"kind":"building"},"geometry":{"type":"Polygon","coordinates":[[[77.24785,28.58129],[77.24787,28.58127],[77.24778,28.58121],[77.24776,28.58124],[77.24785,28.58129]]]}},{"type":"Feature","properties":{"kind":"building"},"geometry":{"type":"Polygon","coordinates":[[[77.24785,28.58271],[77.24796,28.58278],[77.24798,28.58276],[77.24787,28.58269],[77.24785,28.58271]]]}},{"type":"Feature","properties":{"kind":"building"},"geometry":{"type":"Polygon","coordinates":[[[77.24785,28.58327],[77.24788,28.58324],[77.24781,28.58319],[77.24778,28.58322],[77.24785,28.58327]]]}},{"type":"Feature","properties":{"kind":"building"},"geometry":{"type":"Polygon","coordinates":[[[77.24787,28.57972],[77.24797,28.57979],[77.24805,28.57968],[77.24795,28.57962],[77.24787,28.57972]]]}},{"type":"Feature","properties":{"kind":"building"},"geometry":{"type":"Polygon","coordinates":[[[77.24788,28.58203],[77.2481,28.58218],[77.24815,28.58212],[77.24793,28.58197],[77.24788,28.58203]]]}},{"type":"Feature","properties":{"kind":"building"},"geometry":{"type":"Polygon","coordinates":[[[77.24788,28.58304],[77.24781,28.583],[77.24778,28.58303],[77.24785,28.58307],[77.24788,28.58304]]]}},{"type":"Feature","properties":{"kind":"building"},"geometry":{"type":"Polygon","coordinates":[[[77.24788,28.58417],[77.24791,28.58419],[77.24795,28.58414],[77.24791,28.58412],[77.24788,28.58417]]]}},{"type":"Feature","properties":{"kind":"building"},"geometry":{"type":"Polygon","coordinates":[[[77.24788,28.58451],[77.24795,28.58443],[77.24782,28.58435],[77.24776,28.58442],[77.24788,28.58451]]]}},{"type":"Feature","properties":{"kind":"building"},"geometry":{"type":"Polygon","coordinates":[[[77.24788,28.58819],[77.24814,28.58818],[77.24814,28.58796],[77.24787,28.58797],[77.24788,28.58819]]]}},{"type":"Feature","properties":{"kind":"building"},"geometry":{"type":"Polygon","coordinates":[[[77.24788,28.59264],[77.24788,28.59256],[77.24791,28.59254],[77.24799,28.59254],[77.24802,28.59257],[77.24801,28.59264],[77.24799,28.59266],[77.2479,28.59267],[77.24788,28.59264]]]}},{"type":"Feature","properties":{"kind":"building"},"geometry":{"type":"Polygon","coordinates":[[[77.24789,28.58309],[77.24785,28.58314],[77.24795,28.58321],[77.24799,28.58316],[77.24789,28.58309]]]}},{"type":"Feature","properties":{"kind":"building"},"geometry":{"type":"Polygon","coordinates":[[[77.24789,28.58309],[77.24797,28.58314],[77.248,28.58309],[77.24803,28.58311],[77.24807,28.58305],[77.24797,28.58299],[77.24789,28.58309]]]}},{"type":"Feature","properties":{"kind":"building"},"geometry":{"type":"Polygon","coordinates":[[[77.2479,28.58221],[77.24779,28.58214],[77.24773,28.5822],[77.24784,28.58227],[77.2479,28.58221]]]}},{"type":"Feature","properties":{"kind":"building"},"geometry":{"type":"Polygon","coordinates":[[[77.2479,28.58326],[77.24802,28.58334],[77.24805,28.5833],[77.24793,28.58322],[77.2479,28.58326]]]}},{"type":"Feature","properties":{"kind":"building"},"geometry":{"type":"Polygon","coordinates":[[[77.2479,28.58387],[77.24778,28.5838],[77.24771,28.58389],[77.24783,28.58396],[77.2479,28.58387]]]}},{"type":"Feature","properties":{"kind":"building"},"geometry":{"type":"Polygon","coordinates":[[[77.24791,28.58072],[77.24775,28.58062],[77.24765,28.58073],[77.2478,28.58084],[77.24791,28.58072]]]}},{"type":"Feature","properties":{"kind":"building"},"geometry":{"type":"Polygon","coordinates":[[[77.24791,28.58263],[77.24788,28.58267],[77.24799,28.58275],[77.24803,28.58271],[77.24791,28.58263]]]}},{"type":"Feature","properties":{"kind":"building"},"geometry":{"type":"Polygon","coordinates":[[[77.24792,28.58144],[77.24799,28.58149],[77.24803,28.58144],[77.24796,28.58139],[77.24792,28.58144]]]}},{"type":"Feature","properties":{"kind":"building"},"geometry":{"type":"Polygon","coordinates":[[[77.24792,28.58412],[77.24797,28.58415],[77.24801,28.58411],[77.24795,28.58407],[77.24792,28.58412]]]}},{"type":"Feature","properties":{"kind":"building"},"geometry":{"type":"Polygon","coordinates":[[[77.24793,28.58388],[77.24784,28.58397],[77.24793,28.58403],[77.24801,28.58394],[77.24793,28.58388]]]}},{"type":"Feature","properties":{"kind":"building"},"geometry":{"type":"Polygon","coordinates":[[[77.24794,28.58577],[77.24811,28.58587],[77.24819,28.58577],[77.24802,28.58567],[77.24794,28.58577]]]}},{"type":"Feature","properties":{"kind":"building"},"geometry":{"type":"Polygon","coordinates":[[[77.24795,28.58193],[77.2482,28.5821],[77.24825,28.58204],[77.248,28.58188],[77.24795,28.58193]]]}},{"type":"Feature","properties":{"kind":"building"},"geometry":{"type":"Polygon","coordinates":[[[77.24795,28.58263],[77.24803,28.58269],[77.24807,28.58262],[77.24799,28.58257],[77.24795,28.58263]]]}},{"type":"Feature","properties":{"kind":"building"},"geometry":{"type":"Polygon","coordinates":[[[77.24795,28.58437],[77.248,28.5844],[77.24804,28.58435],[77.24799,28.58432],[77.24795,28.58437]]]}},{"type":"Feature","properties":{"kind":"building"},"geometry":{"type":"Polygon","coordinates":[[[77.24796,28.58526],[77.24809,28.58534],[77.24814,28.58528],[77.24801,28.5852],[77.24796,28.58526]]]}},{"type":"Feature","properties":{"kind":"building"},"geometry":{"type":"Polygon","coordinates":[[[77.24797,28.58139],[77.24805,28.58144],[77.24808,28.5814],[77.248,28.58135],[77.24797,28.58139]]]}},{"type":"Feature","properties":{"kind":"building"},"geometry":{"type":"Polygon","coordinates":[[[77.24797,28.59026],[77.2481,28.59021],[77.24806,28.59014],[77.24793,28.5902],[77.24797,28.59026]]]}},{"type":"Feature","properties":{"kind":"building"},"geometry":{"type":"Polygon","coordinates":[[[77.24799,28.57931],[77.24829,28.57931],[77.2483,28.57921],[77.248,28.57921],[77.24799,28.57931]]]}},{"type":"Feature","properties":{"kind":"building"},"geometry":{"type":"Polygon","coordinates":[[[77.24799,28.57956],[77.2481,28.57963],[77.2482,28.5795],[77.24809,28.57943],[77.24799,28.57956]]]}},{"type":"Feature","properties":{"kind":"building"},"geometry":{"type":"Polygon","coordinates":[[[77.24799,28.57981],[77.24819,28.57996],[77.2483,28.57983],[77.2481,28.57969],[77.24799,28.57981]]]}},{"type":"Feature","properties":{"kind":"building"},"geometry":{"type":"Polygon","coordinates":[[[77.24799,28.58228],[77.2479,28.58222],[77.24786,28.58227],[77.24794,28.58233],[77.24799,28.58228]]]}},{"type":"Feature","properties":{"kind":"building"},"geometry":{"type":"Polygon","coordinates":[[[77.24799,28.5844],[77.24779,28.58427],[77.24777,28.58429],[77.24798,28.58442],[77.24799,28.5844]]]}},{"type":"Feature","properties":{"kind":"building"},"geometry":{"type":"Polygon","coordinates":[[[77.24799,28.6073],[77.2481,28.60727],[77.24807,28.60716],[77.24795,28.60718],[77.24799,28.6073]]]}},{"type":"Feature","properties":{"kind":"building"},"geometry":{"type":"Polygon","coordinates":[[[77.248,28.58299],[77.24809,28.58305],[77.24817,28.58296],[77.24808,28.5829],[77.248,28.58299]]]}},{"type":"Feature","properties":{"kind":"building"},"geometry":{"type":"Polygon","coordinates":[[[77.248,28.5829],[77.24794,28.58285],[77.24787,28.58293],[77.24794,28.58297],[77.248,28.5829]]]}},{"type":"Feature","properties":{"kind":"building"},"geometry":{"type":"Polygon","coordinates":[[[77.248,28.58944],[77.24807,28.58941],[77.24804,28.58936],[77.24797,28.58939],[77.248,28.58944]]]}},{"type":"Feature","properties":{"kind":"building"},"geometry":{"type":"Polygon","coordinates":[[[77.24801,28.58334],[77.24791,28.58328],[77.24782,28.58339],[77.24791,28.58345],[77.24801,28.58334]]]}},{"type":"Feature","properties":{"kind":"building"},"geometry":{"type":"Polygon","coordinates":[[[77.24801,28.59038],[77.24817,28.59031],[77.24813,28.59025],[77.24797,28.59031],[77.24801,28.59038]]]}},{"type":"Feature","properties":{"kind":"building"},"geometry":{"type":"Polygon","coordinates":[[[77.24803,28.58275],[77.24809,28.58279],[77.24812,28.58276],[77.24806,28.58272],[77.24803,28.58275]]]}},{"type":"Feature","properties":{"kind":"building"},"geometry":{"type":"Polygon","coordinates":[[[77.24804,28.58312],[77.24814,28.58318],[77.2482,28.58311],[77.2481,28.58305],[77.24804,28.58312]]]}},{"type":"Feature","properties":{"kind":"building"},"geometry":{"type":"Polygon","coordinates":[[[77.24804,28.58564],[77.24822,28.58575],[77.24829,28.58567],[77.2481,28.58556],[77.24804,28.58564]]]}},{"type":"Feature","properties":{"kind":"building"},"geometry":{"type":"Polygon","coordinates":[[[77.24804,28.5896],[77.24816,28.58955],[77.2481,28.58942],[77.24797,28.58946],[77.24804,28.5896]]]}},{"type":"Feature","properties":{"kind":"building"},"geometry":{"type":"Polygon","coordinates":[[[77.24805,28.57887],[77.24813,28.57887],[77.24813,28.5789],[77.24819,28.5789],[77.24819,28.57887],[77.24829,28.57887],[77.24829,28.57883],[77.24805,28.57883],[77.24805,28.57887]]]}},{"type":"Feature","properties":{"kind":"building"},"geometry":{"type":"Polygon","coordinates":[[[77.24805,28.5813],[77.24812,28.58135],[77.24815,28.58132],[77.24808,28.58127],[77.24805,28.5813]]]}},{"type":"Feature","properties":{"kind":"building"},"geometry":{"type":"Polygon","coordinates":[[[77.24805,28.58414],[77.24802,28.58412],[77.24794,28.58421],[77.24797,28.58423],[77.24805,28.58414]]]}},{"type":"Feature","properties":{"kind":"building"},"geometry":{"type":"Polygon","coordinates":[[[77.24805,28.58434],[77.24807,28.58432],[77.24801,28.58428],[77.24799,28.58431],[77.24805,28.58434]]]}},{"type":"Feature","properties":{"kind":"building"},"geometry":{"type":"Polygon","coordinates":[[[77.24806,28.5818],[77.24828,28.58194],[77.24831,28.5819],[77.2481,28.58176],[77.24806,28.5818]]]}},{"type":"Feature","properties":{"kind":"building"},"geometry":{"type":"Polygon","coordinates":[[[77.24806,28.58514],[77.24819,28.58521],[77.24827,28.58511],[77.24814,28.58504],[77.24806,28.58514]]]}},{"type":"Feature","properties":{"kind":"building"},"geometry":{"type":"Polygon","coordinates":[[[77.24806,28.59044],[77.24819,28.59039],[77.24816,28.59035],[77.24804,28.59039],[77.24806,28.59044]]]}},{"type":"Feature","properties":{"kind":"building"},"geometry":{"type":"Polygon","coordinates":[[[77.24807,28.58125],[77.24815,28.5813],[77.24817,28.58127],[77.2481,28.58122],[77.24807,28.58125]]]}},{"type":"Feature","properties":{"kind":"building"},"geometry":{"type":"Polygon","coordinates":[[[77.24807,28.58245],[77.24799,28.58256],[77.24808,28.58261],[77.24817,28.58251],[77.24807,28.58245]]]}},{"type":"Feature","properties":{"kind":"building"},"geometry":{"type":"Polygon","coordinates":[[[77.24809,28.58346],[77.24802,28.58355],[77.24809,28.58359],[77.24816,28.58351],[77.24809,28.58346]]]}},{"type":"Feature","properties":{"kind":"building"},"geometry":{"type":"Polygon","coordinates":[[[77.24809,28.58927],[77.24822,28.58922],[77.24812,28.58903],[77.24799,28.58908],[77.24809,28.58927]]]}},{"type":"Feature","properties":{"kind":"building"},"geometry":{"type":"Polygon","coordinates":[[[77.24809,28.58969],[77.24821,28.58964],[77.24818,28.58959],[77.24806,28.58964],[77.24809,28.58969]]]}},{"type":"Feature","properties":{"kind":"building"},"geometry":{"type":"Polygon","coordinates":[[[77.2481,28.58284],[77.24808,28.58286],[77.24819,28.58293],[77.2482,28.58291],[77.2481,28.58284]]]}},{"type":"Feature","properties":{"kind":"building"},"geometry":{"type":"Polygon","coordinates":[[[77.2481,28.58428],[77.24812,28.58425],[77.24806,28.58422],[77.24804,28.58425],[77.2481,28.58428]]]}},{"type":"Feature","properties":{"kind":"building"},"geometry":{"type":"Polygon","coordinates":[[[77.2481,28.58551],[77.24839,28.5857],[77.24847,28.5856],[77.24832,28.58551],[77.24836,28.58546],[77.24852,28.58556],[77.24861,28.58545],[77.24831,28.58525],[77.2481,28.58551]]]}},{"type":"Feature","properties":{"kind":"building"},"geometry":{"type":"Polygon","coordinates":[[[77.24811,28.58264],[77.24818,28.58268],[77.24822,28.58264],[77.24815,28.58259],[77.24811,28.58264]]]}},{"type":"Feature","properties":{"kind":"building"},"geometry":{"type":"Polygon","coordinates":[[[77.24811,28.58323],[77.24814,28.5832],[77.248,28.5831],[77.24797,28.58314],[77.24811,28.58323]]]}},{"type":"Feature","properties":{"kind":"building"},"geometry":{"type":"Polygon","coordinates":[[[77.24811,28.59058],[77.24828,28.59051],[77.24825,28.59045],[77.24808,28.59052],[77.24811,28.59058]]]}},{"type":"Feature","properties":{"kind":"building"},"geometry":{"type":"Polygon","coordinates":[[[77.24812,28.58282],[77.24822,28.58289],[77.24826,28.58284],[77.24816,28.58277],[77.24812,28.58282]]]}},{"type":"Feature","properties":{"kind":"building"},"geometry":{"type":"Polygon","coordinates":[[[77.24813,28.58235],[77.24806,28.58243],[77.24813,28.58247],[77.24819,28.5824],[77.24813,28.58235]]]}},{"type":"Feature","properties":{"kind":"building"},"geometry":{"type":"Polygon","coordinates":[[[77.24813,28.58341],[77.24833,28.58354],[77.24837,28.58349],[77.24817,28.58336],[77.24813,28.58341]]]}},{"type":"Feature","properties":{"kind":"building"},"geometry":{"type":"Polygon","coordinates":[[[77.24815,28.58139],[77.24803,28.58131],[77.24801,28.58134],[77.24812,28.58142],[77.24815,28.58139]]]}},{"type":"Feature","properties":{"kind":"building"},"geometry":{"type":"Polygon","coordinates":[[[77.24815,28.59418],[77.24817,28.59405],[77.24849,28.59407],[77.24847,28.59421],[77.24815,28.59418]]]}},{"type":"Feature","properties":{"kind":"building"},"geometry":{"type":"Polygon","coordinates":[[[77.24816,28.58258],[77.24823,28.58262],[77.24827,28.58257],[77.24821,28.58253],[77.24816,28.58258]]]}},{"type":"Feature","properties":{"kind":"building"},"geometry":{"type":"Polygon","coordinates":[[[77.24816,28.5907],[77.24831,28.59064],[77.24826,28.59054],[77.24811,28.59061],[77.24816,28.5907]]]}},{"type":"Feature","properties":{"kind":"building"},"geometry":{"type":"Polygon","coordinates":[[[77.24817,28.58276],[77.24828,28.58284],[77.24833,28.58278],[77.24822,28.58271],[77.24817,28.58276]]]}},{"type":"Feature","properties":{"kind":"building"},"geometry":{"type":"Polygon","coordinates":[[[77.24818,28.58111],[77.2483,28.58119],[77.24836,28.58112],[77.24824,28.58104],[77.24818,28.58111]]]}},{"type":"Feature","properties":{"kind":"building"},"geometry":{"type":"Polygon","coordinates":[[[77.24819,28.5797],[77.24848,28.57987],[77.24857,28.57976],[77.24828,28.57958],[77.24819,28.5797]]]}},{"type":"Feature","properties":{"kind":"building"},"geometry":{"type":"Polygon","coordinates":[[[77.24819,28.58126],[77.2482,28.58124],[77.24812,28.58119],[77.2481,28.5812],[77.24819,28.58126]]]}},{"type":"Feature","properties":{"kind":"building"},"geometry":{"type":"Polygon","coordinates":[[[77.24819,28.58139],[77.24821,28.58136],[77.24816,28.58133],[77.24814,28.58136],[77.24819,28.58139]]]}},{"type":"Feature","properties":{"kind":"building"},"geometry":{"type":"Polygon","coordinates":[[[77.2482,28.58295],[77.2483,28.58301],[77.24835,28.58296],[77.24825,28.5829],[77.2482,28.58295]]]}},{"type":"Feature","properties":{"kind":"building"},"geometry":{"type":"Polygon","coordinates":[[[77.2482,28.58416],[77.24825,28.5841],[77.24816,28.58405],[77.24811,28.58411],[77.2482,28.58416]]]}},{"type":"Feature","properties":{"kind":"building"},"geometry":{"type":"Polygon","coordinates":[[[77.24821,28.59976],[77.24855,28.59978],[77.24856,28.59963],[77.24822,28.59961],[77.24821,28.59976]]]}},{"type":"Feature","properties":{"kind":"building"},"geometry":{"type":"Polygon","coordinates":[[[77.24823,28.57996],[77.24829,28.58],[77.24839,28.57989],[77.24833,28.57985],[77.24823,28.57996]]]}},{"type":"Feature","properties":{"kind":"building"},"geometry":{"type":"Polygon","coordinates":[[[77.24823,28.5833],[77.24818,28.58335],[77.24839,28.58349],[77.24844,28.58343],[77.24823,28.5833]]]}},{"type":"Feature","properties":{"kind":"building"},"geometry":{"type":"Polygon","coordinates":[[[77.24824,28.58431],[77.24835,28.58439],[77.24841,28.58433],[77.2483,28.58425],[77.24824,28.58431]]]}},{"type":"Feature","properties":{"kind":"building"},"geometry":{"type":"Polygon","coordinates":[[[77.24825,28.58305],[77.24816,28.58299],[77.24811,28.58305],[77.2482,28.58311],[77.24825,28.58305]]]}},{"type":"Feature","properties":{"kind":"building"},"geometry":{"type":"Polygon","coordinates":[[[77.24825,28.59088],[77.24839,28.59084],[77.24832,28.59067],[77.24818,28.59072],[77.24825,28.59088]]]}},{"type":"Feature","properties":{"kind":"building"},"geometry":{"type":"Polygon","coordinates":[[[77.24825,28.59949],[77.24838,28.59952],[77.2484,28.59945],[77.24827,28.59942],[77.24825,28.59949]]]}},{"type":"Feature","properties":{"kind":"building"},"geometry":{"type":"Polygon","coordinates":[[[77.24827,28.58146],[77.24833,28.58139],[77.24825,28.58133],[77.24819,28.58141],[77.24827,28.58146]]]}},{"type":"Feature","properties":{"kind":"building"},"geometry":{"type":"Polygon","coordinates":[[[77.24827,28.58323],[77.24838,28.5833],[77.2484,28.58328],[77.24829,28.58321],[77.24827,28.58323]]]}},{"type":"Feature","properties":{"kind":"building"},"geometry":{"type":"Polygon","coordinates":[[[77.24827,28.58829],[77.24824,28.58783],[77.24773,28.58786],[77.24776,28.58832],[77.24827,28.58829]]]}},{"type":"Feature","properties":{"kind":"building"},"geometry":{"type":"Polygon","coordinates":[[[77.24828,28.58272],[77.24834,28.58276],[77.24836,28.58274],[77.2483,28.5827],[77.24828,28.58272]]]}},{"type":"Feature","properties":{"kind":"building"},"geometry":{"type":"Polygon","coordinates":[[[77.24829,28.5892],[77.24842,28.58915],[77.24832,28.58896],[77.24819,28.58901],[77.24829,28.5892]]]}},{"type":"Feature","properties":{"kind":"building"},"geometry":{"type":"Polygon","coordinates":[[[77.2483,28.58002],[77.24843,28.5801],[77.24852,28.58],[77.24839,28.57991],[77.2483,28.58002]]]}},{"type":"Feature","properties":{"kind":"building"},"geometry":{"type":"Polygon","coordinates":[[[77.24833,28.58124],[77.24829,28.58121],[77.24823,28.58128],[77.24832,28.58134],[77.24834,28.58132],[77.24829,28.58129],[77.24833,28.58124]]]}},{"type":"Feature","properties":{"kind":"building"},"geometry":{"type":"Polygon","coordinates":[[[77.24833,28.58257],[77.24837,28.58259],[77.24841,28.58255],[77.24837,28.58252],[77.24833,28.58257]]]}},{"type":"Feature","properties":{"kind":"building"},"geometry":{"type":"Polygon","coordinates":[[[77.24834,28.58281],[77.24843,28.58287],[77.24844,28.58285],[77.24836,28.58279],[77.24834,28.58281]]]}},{"type":"Feature","properties":{"kind":"building"},"geometry":{"type":"Polygon","coordinates":[[[77.24835,28.58116],[77.24846,28.58124],[77.2485,28.58119],[77.24838,28.58112],[77.24835,28.58116]]]}},{"type":"Feature","properties":{"kind":"building"},"geometry":{"type":"Polygon","coordinates":[[[77.24835,28.584],[77.24813,28.58386],[77.24806,28.58394],[77.24829,28.58408],[77.24835,28.584]]]}},{"type":"Feature","properties":{"kind":"building"},"geometry":{"type":"Polygon","coordinates":[[[77.24836,28.5811],[77.24839,28.58107],[77.24833,28.58104],[77.24838,28.58098],[77.24833,28.58095],[77.24826,28.58104],[77.24836,28.5811]]]}},{"type":"Feature","properties":{"kind":"building"},"geometry":{"type":"Polygon","coordinates":[[[77.24836,28.58992],[77.24848,28.58987],[77.24843,28.58977],[77.24831,28.58982],[77.24836,28.58992]]]}},{"type":"Feature","properties":{"kind":"building"},"geometry":{"type":"Polygon","coordinates":[[[77.24837,28.58091],[77.24849,28.581],[77.24854,28.58095],[77.24842,28.58086],[77.24837,28.58091]]]}},{"type":"Feature","properties":{"kind":"building"},"geometry":{"type":"Polygon","coordinates":[[[77.24838,28.57931],[77.2489,28.57931],[77.2489,28.57922],[77.24839,28.57922],[77.24838,28.57931]]]}},{"type":"Feature","properties":{"kind":"building"},"geometry":{"type":"Polygon","coordinates":[[[77.24838,28.58261],[77.24844,28.58265],[77.24848,28.5826],[77.24842,28.58257],[77.24838,28.58261]]]}},{"type":"Feature","properties":{"kind":"building"},"geometry":{"type":"Polygon","coordinates":[[[77.24839,28.58056],[77.2485,28.58042],[77.24811,28.58017],[77.24798,28.5803],[77.24839,28.58056]]]}},{"type":"Feature","properties":{"kind":"building"},"geometry":{"type":"Polygon","coordinates":[[[77.24839,28.5829],[77.24841,28.58287],[77.24836,28.58284],[77.24833,28.58287],[77.24839,28.5829]]]}},{"type":"Feature","properties":{"kind":"building"},"geometry":{"type":"Polygon","coordinates":[[[77.2484,28.58414],[77.24863,28.58428],[77.24865,28.58424],[77.24843,28.5841],[77.2484,28.58414]]]}},{"type":"Feature","properties":{"kind":"building"},"geometry":{"type":"Polygon","coordinates":[[[77.24842,28.58327],[77.24853,28.58333],[77.24856,28.58329],[77.24845,28.58323],[77.24842,28.58327]]]}},{"type":"Feature","properties":{"kind":"building"},"geometry":{"type":"Polygon","coordinates":[[[77.24843,28.58353],[77.24854,28.5836],[77.24858,28.58354],[77.24848,28.58347],[77.24843,28.58353]]]}},{"type":"Feature","properties":{"kind":"building"},"geometry":{"type":"Polygon","coordinates":[[[77.24844,28.58012],[77.24867,28.58027],[77.24877,28.58014],[77.24854,28.57999],[77.24844,28.58012]]]}},{"type":"Feature","properties":{"kind":"building"},"geometry":{"type":"Polygon","coordinates":[[[77.24844,28.58084],[77.24856,28.58092],[77.24859,28.58089],[77.24848,28.5808],[77.24844,28.58084]]]}},{"type":"Feature","properties":{"kind":"building"},"geometry":{"type":"Polygon","coordinates":[[[77.24844,28.58943],[77.24853,28.5894],[77.24845,28.58924],[77.24836,28.58928],[77.24844,28.58943]]]}},{"type":"Feature","properties":{"kind":"building"},"geometry":{"type":"Polygon","coordinates":[[[77.24845,28.58245],[77.24848,28.58241],[77.24857,28.58247],[77.24853,28.58251],[77.24845,28.58245]]]}},{"type":"Feature","properties":{"kind":"building"},"geometry":{"type":"Polygon","coordinates":[[[77.24845,28.58433],[77.24849,28.58429],[77.24835,28.5842],[77.24831,28.58424],[77.24845,28.58433]]]}},{"type":"Feature","properties":{"kind":"building"},"geometry":{"type":"Polygon","coordinates":[[[77.24845,28.58448],[77.24835,28.58442],[77.24828,28.5845],[77.24838,28.58456],[77.24845,28.58448]]]}},{"type":"Feature","properties":{"kind":"building"},"geometry":{"type":"Polygon","coordinates":[[[77.24847,28.58307],[77.24843,28.58312],[77.24861,28.58323],[77.24864,28.5832],[77.24855,28.58314],[77.24857,28.58313],[77.24847,28.58307]]]}},{"type":"Feature","properties":{"kind":"building"},"geometry":{"type":"Polygon","coordinates":[[[77.24847,28.59044],[77.24858,28.59039],[77.24851,28.59027],[77.24841,28.59031],[77.24847,28.59044]]]}},{"type":"Feature","properties":{"kind":"building"},"geometry":{"type":"Polygon","coordinates":[[[77.24848,28.59055],[77.24862,28.59049],[77.24859,28.59044],[77.24846,28.5905],[77.24848,28.59055]]]}},{"type":"Feature","properties":{"kind":"building"},"geometry":{"type":"Polygon","coordinates":[[[77.24848,28.6057],[77.24863,28.60576],[77.24871,28.60561],[77.24855,28.60555],[77.24848,28.6057]]]}},{"type":"Feature","properties":{"kind":"building"},"geometry":{"type":"Polygon","coordinates":[[[77.24849,28.5824],[77.24853,28.58235],[77.24861,28.58241],[77.24857,28.58245],[77.24849,28.5824]]]}},{"type":"Feature","properties":{"kind":"building"},"geometry":{"type":"Polygon","coordinates":[[[77.24849,28.58404],[77.24844,28.5841],[77.24857,28.58419],[77.24862,28.58413],[77.24849,28.58404]]]}},{"type":"Feature","properties":{"kind":"building"},"geometry":{"type":"Polygon","coordinates":[[[77.2485,28.58078],[77.24862,28.58085],[77.24865,28.58082],[77.24853,28.58074],[77.2485,28.58078]]]}},{"type":"Feature","properties":{"kind":"building"},"geometry":{"type":"Polygon","coordinates":[[[77.2485,28.58404],[77.24863,28.58412],[77.24866,28.58409],[77.24853,28.584],[77.2485,28.58404]]]}},{"type":"Feature","properties":{"kind":"building"},"geometry":{"type":"Polygon","coordinates":[[[77.2485,28.58959],[77.24863,28.58954],[77.24857,28.58943],[77.24845,28.58948],[77.2485,28.58959]]]}},{"type":"Feature","properties":{"kind":"building"},"geometry":{"type":"Polygon","coordinates":[[[77.2485,28.59009],[77.24861,28.59005],[77.24855,28.58993],[77.24844,28.58998],[77.2485,28.59009]]]}},{"type":"Feature","properties":{"kind":"building"},"geometry":{"type":"Polygon","coordinates":[[[77.2485,28.59918],[77.24859,28.59924],[77.24864,28.59918],[77.24855,28.59912],[77.2485,28.59918]]]}},{"type":"Feature","properties":{"kind":"building"},"geometry":{"type":"Polygon","coordinates":[[[77.24852,28.58234],[77.24855,28.5823],[77.24866,28.58237],[77.24863,28.58241],[77.24852,28.58234]]]}},{"type":"Feature","properties":{"kind":"building"},"geometry":{"type":"Polygon","coordinates":[[[77.24852,28.58271],[77.24854,28.58273],[77.24859,28.58267],[77.24857,28.58265],[77.24852,28.58271]]]}},{"type":"Feature","properties":{"kind":"building"},"geometry":{"type":"Polygon","coordinates":[[[77.24852,28.58274],[77.24849,28.58272],[77.24843,28.58278],[77.24846,28.58281],[77.24852,28.58274]]]}},{"type":"Feature","properties":{"kind":"building"},"geometry":{"type":"Polygon","coordinates":[[[77.24852,28.58297],[77.24863,28.58304],[77.24866,28.583],[77.24855,28.58293],[77.24852,28.58297]]]}},{"type":"Feature","properties":{"kind":"building"},"geometry":{"type":"Polygon","coordinates":[[[77.24852,28.58438],[77.24843,28.58433],[77.24837,28.5844],[77.24846,28.58446],[77.24852,28.58438]]]}},{"type":"Feature","properties":{"kind":"building"},"geometry":{"type":"Polygon","coordinates":[[[77.24854,28.5807],[77.24863,28.58076],[77.24869,28.58069],[77.24885,28.5808],[77.24897,28.58068],[77.24885,28.58059],[77.24877,28.58068],[77.24865,28.58059],[77.24854,28.5807]]]}},{"type":"Feature","properties":{"kind":"building"},"geometry":{"type":"Polygon","coordinates":[[[77.24854,28.58254],[77.24858,28.58249],[77.24866,28.58255],[77.24863,28.58259],[77.24854,28.58254]]]}},{"type":"Feature","properties":{"kind":"building"},"geometry":{"type":"Polygon","coordinates":[[[77.24854,28.58969],[77.24866,28.58964],[77.24862,28.58957],[77.2485,28.58961],[77.24854,28.58969]]]}},{"type":"Feature","properties":{"kind":"building"},"geometry":{"type":"Polygon","coordinates":[[[77.24855,28.58399],[77.24868,28.58408],[77.24871,28.58405],[77.24857,28.58396],[77.24855,28.58399]]]}},{"type":"Feature","properties":{"kind":"building"},"geometry":{"type":"Polygon","coordinates":[[[77.24855,28.60553],[77.24871,28.60558],[77.24875,28.60547],[77.24859,28.60543],[77.24855,28.60553]]]}},{"type":"Feature","properties":{"kind":"building"},"geometry":{"type":"Polygon","coordinates":[[[77.24856,28.5823],[77.24859,28.58226],[77.2487,28.58232],[77.24867,28.58236],[77.24856,28.5823]]]}},{"type":"Feature","properties":{"kind":"building"},"geometry":{"type":"Polygon","coordinates":[[[77.24856,28.59025],[77.24868,28.5902],[77.24862,28.59008],[77.24849,28.59013],[77.24856,28.59025]]]}},{"type":"Feature","properties":{"kind":"building"},"geometry":{"type":"Polygon","coordinates":[[[77.24856,28.59061],[77.24866,28.59057],[77.24863,28.59052],[77.24853,28.59056],[77.24856,28.59061]]]}},{"type":"Feature","properties":{"kind":"building"},"geometry":{"type":"Polygon","coordinates":[[[77.24857,28.58292],[77.24877,28.58304],[77.2488,28.58301],[77.2486,28.58289],[77.24857,28.58292]]]}},{"type":"Feature","properties":{"kind":"building"},"geometry":{"type":"Polygon","coordinates":[[[77.24857,28.58328],[77.2486,28.58324],[77.24839,28.58311],[77.24836,28.58315],[77.24857,28.58328]]]}},{"type":"Feature","properties":{"kind":"building"},"geometry":{"type":"Polygon","coordinates":[[[77.24858,28.58312],[77.24866,28.58317],[77.24873,28.58309],[77.24864,28.58303],[77.24858,28.58312]]]}},{"type":"Feature","properties":{"kind":"building"},"geometry":{"type":"Polygon","coordinates":[[[77.24858,28.58394],[77.24879,28.58409],[77.24886,28.58401],[77.24865,28.58387],[77.24858,28.58394]]]}},{"type":"Feature","properties":{"kind":"building"},"geometry":{"type":"Polygon","coordinates":[[[77.24858,28.58433],[77.24861,28.58429],[77.2484,28.58415],[77.24837,28.58419],[77.24858,28.58433]]]}},{"type":"Feature","properties":{"kind":"building"},"geometry":{"type":"Polygon","coordinates":[[[77.24858,28.5885],[77.2487,28.58846],[77.2486,28.58824],[77.24848,28.58829],[77.24858,28.5885]]]}},{"type":"Feature","properties":{"kind":"building"},"geometry":{"type":"Polygon","coordinates":[[[77.24859,28.58249],[77.24862,28.58245],[77.24871,28.5825],[77.24867,28.58255],[77.24859,28.58249]]]}},{"type":"Feature","properties":{"kind":"building"},"geometry":{"type":"Polygon","coordinates":[[[77.24859,28.58983],[77.24872,28.58978],[77.24866,28.58967],[77.24853,28.58973],[77.24859,28.58983]]]}},{"type":"Feature","properties":{"kind":"building"},"geometry":{"type":"Polygon","coordinates":[[[77.24859,28.5907],[77.24871,28.59065],[77.24868,28.59058],[77.24855,28.59063],[77.24859,28.5907]]]}},{"type":"Feature","properties":{"kind":"building"},"geometry":{"type":"Polygon","coordinates":[[[77.24859,28.59908],[77.24866,28.59912],[77.24875,28.59901],[77.24868,28.59897],[77.24859,28.59908]]]}},{"type":"Feature","properties":{"kind":"building"},"geometry":{"type":"Polygon","coordinates":[[[77.2486,28.58225],[77.24863,28.58221],[77.24874,28.58228],[77.24871,28.58232],[77.2486,28.58225]]]}},{"type":"Feature","properties":{"kind":"building"},"geometry":{"type":"Polygon","coordinates":[[[77.24861,28.58369],[77.24852,28.58364],[77.24844,28.58373],[77.24853,28.58379],[77.24861,28.58369]]]}},{"type":"Feature","properties":{"kind":"building"},"geometry":{"type":"Polygon","coordinates":[[[77.24863,28.57976],[77.24878,28.57985],[77.24886,28.57974],[77.24872,28.57965],[77.24863,28.57976]]]}},{"type":"Feature","properties":{"kind":"building"},"geometry":{"type":"Polygon","coordinates":[[[77.24863,28.58244],[77.24867,28.5824],[77.24875,28.58246],[77.24871,28.5825],[77.24863,28.58244]]]}},{"type":"Feature","properties":{"kind":"building"},"geometry":{"type":"Polygon","coordinates":[[[77.24863,28.58906],[77.24878,28.589],[77.24867,28.58879],[77.24852,28.58885],[77.24863,28.58906]]]}},{"type":"Feature","properties":{"kind":"building"},"geometry":{"type":"Polygon","coordinates":[[[77.24864,28.5822],[77.24867,28.58216],[77.24878,28.58222],[77.24875,28.58226],[77.24864,28.5822]]]}},{"type":"Feature","properties":{"kind":"building"},"geometry":{"type":"Polygon","coordinates":[[[77.24865,28.58327],[77.24877,28.58334],[77.24881,28.58328],[77.2487,28.58321],[77.24865,28.58327]]]}},{"type":"Feature","properties":{"kind":"building"},"geometry":{"type":"Polygon","coordinates":[[[77.24865,28.58365],[77.24869,28.5836],[77.2486,28.58355],[77.24856,28.5836],[77.24865,28.58365]]]}},{"type":"Feature","properties":{"kind":"building"},"geometry":{"type":"Polygon","coordinates":[[[77.24865,28.59872],[77.24877,28.59857],[77.24864,28.59849],[77.24852,28.59864],[77.24865,28.59872]]]}},{"type":"Feature","properties":{"kind":"building"},"geometry":{"type":"Polygon","coordinates":[[[77.24867,28.58239],[77.24871,28.58235],[77.24879,28.58241],[77.24875,28.58245],[77.24867,28.58239]]]}},{"type":"Feature","properties":{"kind":"building"},"geometry":{"type":"Polygon","coordinates":[[[77.24869,28.5933],[77.24881,28.59331],[77.24881,28.59326],[77.24887,28.59326],[77.24887,28.59333],[77.24893,28.59333],[77.24894,28.59309],[77.24888,28.59309],[77.24888,28.59315],[77.24881,28.59315],[77.24882,28.5931],[77.2487,28.59309],[77.24875,28.59315],[77.24874,28.59325],[77.24869,28.5933]]]}},{"type":"Feature","properties":{"kind":"building"},"geometry":{"type":"Polygon","coordinates":[[[77.2487,28.58213],[77.24874,28.58208],[77.24895,28.58222],[77.24891,28.58227],[77.2487,28.58213]]]}},{"type":"Feature","properties":{"kind":"building"},"geometry":{"type":"Polygon","coordinates":[[[77.2487,28.58418],[77.24863,28.58413],[77.24858,28.58419],[77.24866,28.58424],[77.2487,28.58418]]]}},{"type":"Feature","properties":{"kind":"building"},"geometry":{"type":"Polygon","coordinates":[[[77.24871,28.58049],[77.24884,28.58059],[77.24888,28.58055],[77.24896,28.58059],[77.24898,28.58056],[77.24891,28.58052],[77.24896,28.58046],[77.24883,28.58037],[77.24871,28.58049]]]}},{"type":"Feature","properties":{"kind":"building"},"geometry":{"type":"Polygon","coordinates":[[[77.24871,28.58234],[77.24875,28.5823],[77.24883,28.58236],[77.2488,28.5824],[77.24871,28.58234]]]}},{"type":"Feature","properties":{"kind":"building"},"geometry":{"type":"Polygon","coordinates":[[[77.24871,28.58424],[77.24868,28.58428],[77.24877,28.58434],[77.2488,28.5843],[77.24871,28.58424]]]}},{"type":"Feature","properties":{"kind":"building"},"geometry":{"type":"Polygon","coordinates":[[[77.24871,28.58828],[77.24882,28.58823],[77.24878,28.58816],[77.24867,28.58821],[77.24871,28.58828]]]}},{"type":"Feature","properties":{"kind":"building"},"geometry":{"type":"Polygon","coordinates":[[[77.24871,28.59894],[77.24879,28.59899],[77.24886,28.5989],[77.24878,28.59885],[77.24871,28.59894]]]}},{"type":"Feature","properties":{"kind":"building"},"geometry":{"type":"Polygon","coordinates":[[[77.24872,28.58318],[77.24883,28.58324],[77.24889,28.58316],[77.24879,28.5831],[77.24872,28.58318]]]}},{"type":"Feature","properties":{"kind":"building"},"geometry":{"type":"Polygon","coordinates":[[[77.24873,28.581],[77.24884,28.58108],[77.249,28.58091],[77.24894,28.58086],[77.2489,28.58091],[77.24885,28.58087],[77.24873,28.581]]]}},{"type":"Feature","properties":{"kind":"building"},"geometry":{"type":"Polygon","coordinates":[[[77.24874,28.59062],[77.24881,28.59059],[77.24876,28.5905],[77.24869,28.59052],[77.24874,28.59062]]]}},{"type":"Feature","properties":{"kind":"building"},"geometry":{"type":"Polygon","coordinates":[[[77.24875,28.57962],[77.24889,28.57971],[77.24896,28.57961],[77.24882,28.57953],[77.24875,28.57962]]]}},{"type":"Feature","properties":{"kind":"building"},"geometry":{"type":"Polygon","coordinates":[[[77.24875,28.58208],[77.24879,28.58202],[77.249,28.58216],[77.24895,28.58221],[77.24875,28.58208]]]}},{"type":"Feature","properties":{"kind":"building"},"geometry":{"type":"Polygon","coordinates":[[[77.24875,28.58373],[77.24892,28.58385],[77.24897,28.5838],[77.24879,28.58368],[77.24875,28.58373]]]}},{"type":"Feature","properties":{"kind":"building"},"geometry":{"type":"Polygon","coordinates":[[[77.24875,28.58413],[77.24867,28.58408],[77.24863,28.58413],[77.24871,28.58418],[77.24875,28.58413]]]}},{"type":"Feature","properties":{"kind":"building"},"geometry":{"type":"Polygon","coordinates":[[[77.24876,28.58229],[77.24879,28.58224],[77.24888,28.5823],[77.24884,28.58234],[77.24876,28.58229]]]}},{"type":"Feature","properties":{"kind":"building"},"geometry":{"type":"Polygon","coordinates":[[[77.24877,28.58921],[77.24889,28.58916],[77.24884,28.58906],[77.24872,28.58911],[77.24877,28.58921]]]}},{"type":"Feature","properties":{"kind":"building"},"geometry":{"type":"Polygon","coordinates":[[[77.24878,28.58455],[77.24884,28.58448],[77.24864,28.58435],[77.24858,28.58443],[77.24878,28.58455]]]}},{"type":"Feature","properties":{"kind":"building"},"geometry":{"type":"Polygon","coordinates":[[[77.24878,28.58843],[77.24907,28.58831],[77.24903,28.58823],[77.24874,28.58835],[77.24878,28.58843]]]}},{"type":"Feature","properties":{"kind":"building"},"geometry":{"type":"Polygon","coordinates":[[[77.2488,28.58202],[77.24884,28.58197],[77.24905,28.5821],[77.24901,28.58216],[77.2488,28.58202]]]}},{"type":"Feature","properties":{"kind":"building"},"geometry":{"type":"Polygon","coordinates":[[[77.24881,28.58817],[77.24902,28.58814],[77.249,28.58805],[77.24879,28.58808],[77.24881,28.58817]]]}},{"type":"Feature","properties":{"kind":"building"},"geometry":{"type":"Polygon","coordinates":[[[77.24881,28.59588],[77.2491,28.59588],[77.2491,28.59563],[77.24896,28.59561],[77.24881,28.59563],[77.24881,28.59588]]]}},{"type":"Feature","properties":{"kind":"building"},"geometry":{"type":"Polygon","coordinates":[[[77.24881,28.59882],[77.24888,28.59887],[77.24895,28.59879],[77.24887,28.59874],[77.24881,28.59882]]]}},{"type":"Feature","properties":{"kind":"building"},"geometry":{"type":"Polygon","coordinates":[[[77.24882,28.58113],[77.24878,28.58118],[77.24891,28.58126],[77.24895,28.58121],[77.24882,28.58113]]]}},{"type":"Feature","properties":{"kind":"building"},"geometry":{"type":"Polygon","coordinates":[[[77.24882,28.58898],[77.24894,28.58893],[77.24883,28.58874],[77.24871,28.58879],[77.24882,28.58898]]]}},{"type":"Feature","properties":{"kind":"building"},"geometry":{"type":"Polygon","coordinates":[[[77.24884,28.58385],[77.24873,28.58377],[77.24867,28.58384],[77.24878,28.58392],[77.24884,28.58385]]]}},{"type":"Feature","properties":{"kind":"building"},"geometry":{"type":"Polygon","coordinates":[[[77.24884,28.59905],[77.2489,28.59909],[77.24896,28.59903],[77.2489,28.59899],[77.24884,28.59905]]]}},{"type":"Feature","properties":{"kind":"building"},"geometry":{"type":"Polygon","coordinates":[[[77.24885,28.58196],[77.2489,28.58191],[77.24911,28.58205],[77.24906,28.5821],[77.24885,28.58196]]]}},{"type":"Feature","properties":{"kind":"building"},"geometry":{"type":"Polygon","coordinates":[[[77.24885,28.5906],[77.24901,28.59054],[77.24896,28.59043],[77.2488,28.59049],[77.24885,28.5906]]]}},{"type":"Feature","properties":{"kind":"building"},"geometry":{"type":"Polygon","coordinates":[[[77.24886,28.58444],[77.2487,28.58434],[77.24868,28.58436],[77.24884,28.58447],[77.24886,28.58444]]]}},{"type":"Feature","properties":{"kind":"building"},"geometry":{"type":"Polygon","coordinates":[[[77.24886,28.59136],[77.24886,28.59131],[77.24894,28.59124],[77.24894,28.59114],[77.24888,28.5911],[77.24888,28.59104],[77.24881,28.59104],[77.2488,28.59136],[77.24886,28.59136]]]}},{"type":"Feature","properties":{"kind":"building"},"geometry":{"type":"Polygon","coordinates":[[[77.24887,28.58341],[77.24892,28.58334],[77.24883,28.58329],[77.24878,28.58335],[77.24887,28.58341]]]}},{"type":"Feature","properties":{"kind":"building"},"geometry":{"type":"Polygon","coordinates":[[[77.24888,28.5798],[77.24901,28.57987],[77.24906,28.5798],[77.24894,28.57973],[77.24888,28.5798]]]}},{"type":"Feature","properties":{"kind":"building"},"geometry":{"type":"Polygon","coordinates":[[[77.24888,28.58291],[77.24868,28.58278],[77.2486,28.58289],[77.2488,28.58301],[77.24888,28.58291]]]}},{"type":"Feature","properties":{"kind":"building"},"geometry":{"type":"Polygon","coordinates":[[[77.24889,28.58078],[77.249,28.58086],[77.24905,28.58082],[77.24894,28.58074],[77.24889,28.58078]]]}},{"type":"Feature","properties":{"kind":"building"},"geometry":{"type":"Polygon","coordinates":[[[77.24889,28.58356],[77.24911,28.5837],[77.24915,28.58366],[77.24892,28.58352],[77.24889,28.58356]]]}},{"type":"Feature","properties":{"kind":"building"},"geometry":{"type":"Polygon","coordinates":[[[77.24889,28.58937],[77.249,28.5893],[77.24891,28.58918],[77.24879,28.58925],[77.24889,28.58937]]]}},{"type":"Feature","properties":{"kind":"building"},"geometry":{"type":"Polygon","coordinates":[[[77.24891,28.58191],[77.24895,28.58185],[77.24916,28.58199],[77.24912,28.58204],[77.24891,28.58191]]]}},{"type":"Feature","properties":{"kind":"building"},"geometry":{"type":"Polygon","coordinates":[[[77.24892,28.58418],[77.24896,28.58414],[77.24886,28.58407],[77.24882,28.58412],[77.24892,28.58418]]]}},{"type":"Feature","properties":{"kind":"building"},"geometry":{"type":"Polygon","coordinates":[[[77.24892,28.60694],[77.24893,28.60681],[77.24886,28.6068],[77.24885,28.60694],[77.24892,28.60694]]]}},{"type":"Feature","properties":{"kind":"building"},"geometry":{"type":"Polygon","coordinates":[[[77.24894,28.57971],[77.24907,28.57978],[77.24914,28.5797],[77.24901,28.57962],[77.24894,28.57971]]]}},{"type":"Feature","properties":{"kind":"building"},"geometry":{"type":"Polygon","coordinates":[[[77.24894,28.58331],[77.24897,28.58328],[77.24887,28.58322],[77.24885,28.58325],[77.24894,28.58331]]]}},{"type":"Feature","properties":{"kind":"building"},"geometry":{"type":"Polygon","coordinates":[[[77.24894,28.58372],[77.249,28.58365],[77.24888,28.58358],[77.24882,28.58364],[77.24894,28.58372]]]}},{"type":"Feature","properties":{"kind":"building"},"geometry":{"type":"Polygon","coordinates":[[[77.24895,28.58291],[77.24889,28.58298],[77.24893,28.583],[77.24895,28.58298],[77.24903,28.58302],[77.24901,28.58305],[77.24904,28.58307],[77.24909,28.583],[77.24895,28.58291]]]}},{"type":"Feature","properties":{"kind":"building"},"geometry":{"type":"Polygon","coordinates":[[[77.24896,28.58184],[77.249,28.58178],[77.24921,28.58192],[77.24917,28.58198],[77.24896,28.58184]]]}},{"type":"Feature","properties":{"kind":"building"},"geometry":{"type":"Polygon","coordinates":[[[77.24896,28.58414],[77.249,28.58409],[77.24889,28.58403],[77.24885,28.58407],[77.24896,28.58414]]]}},{"type":"Feature","properties":{"kind":"building"},"geometry":{"type":"Polygon","coordinates":[[[77.24896,28.58795],[77.24914,28.58788],[77.24906,28.58769],[77.24887,28.58776],[77.24896,28.58795]]]}},{"type":"Feature","properties":{"kind":"building"},"geometry":{"type":"Polygon","coordinates":[[[77.24897,28.58453],[77.24906,28.58458],[77.24911,28.58451],[77.24903,28.58446],[77.24897,28.58453]]]}},{"type":"Feature","properties":{"kind":"building"},"geometry":{"type":"Polygon","coordinates":[[[77.24898,28.58889],[77.24913,28.58882],[77.24902,28.58866],[77.24888,28.58874],[77.24898,28.58889]]]}},{"type":"Feature","properties":{"kind":"building"},"geometry":{"type":"Polygon","coordinates":[[[77.24899,28.5843],[77.24888,28.58423],[77.24881,28.58431],[77.24892,28.58438],[77.24899,28.5843]]]}},{"type":"Feature","properties":{"kind":"building"},"geometry":{"type":"Polygon","coordinates":[[[77.249,28.58323],[77.24891,28.58318],[77.24888,28.58321],[77.24898,28.58327],[77.249,28.58323]]]}},{"type":"Feature","properties":{"kind":"building"},"geometry":{"type":"Polygon","coordinates":[[[77.24901,28.58178],[77.24906,28.58173],[77.24927,28.58187],[77.24922,28.58192],[77.24901,28.58178]]]}},{"type":"Feature","properties":{"kind":"building"},"geometry":{"type":"Polygon","coordinates":[[[77.24902,28.57959],[77.24915,28.57967],[77.24925,28.57954],[77.24912,28.57946],[77.24902,28.57959]]]}},{"type":"Feature","properties":{"kind":"building"},"geometry":{"type":"Polygon","coordinates":[[[77.24904,28.59901],[77.24881,28.59929],[77.24898,28.5994],[77.24921,28.59911],[77.24904,28.59901]]]}},{"type":"Feature","properties":{"kind":"building"},"geometry":{"type":"Polygon","coordinates":[[[77.24905,28.58318],[77.24915,28.58306],[77.24908,28.58302],[77.24898,28.58314],[77.24905,28.58318]]]}},{"type":"Feature","properties":{"kind":"building"},"geometry":{"type":"Polygon","coordinates":[[[77.24905,28.59039],[77.24897,28.59042],[77.24903,28.59054],[77.24911,28.59051],[77.24905,28.59039]]]}},{"type":"Feature","properties":{"kind":"building"},"geometry":{"type":"Polygon","coordinates":[[[77.24906,28.58172],[77.24911,28.58167],[77.24932,28.5818],[77.24927,28.58186],[77.24906,28.58172]]]}},{"type":"Feature","properties":{"kind":"building"},"geometry":{"type":"Polygon","coordinates":[[[77.24906,28.5846],[77.24914,28.58465],[77.24934,28.58441],[77.24926,28.58436],[77.24906,28.5846]]]}},{"type":"Feature","properties":{"kind":"building"},"geometry":{"type":"Polygon","coordinates":[[[77.24908,28.58402],[77.24897,28.58394],[77.2489,28.58403],[77.249,28.5841],[77.24908,28.58402]]]}},{"type":"Feature","properties":{"kind":"building"},"geometry":{"type":"Polygon","coordinates":[[[77.24909,28.58437],[77.24919,28.58443],[77.24925,28.58436],[77.24915,28.5843],[77.24909,28.58437]]]}},{"type":"Feature","properties":{"kind":"building"},"geometry":{"type":"Polygon","coordinates":[[[77.24909,28.58956],[77.24918,28.58961],[77.24927,28.5895],[77.24919,28.58944],[77.24909,28.58956]]]}},{"type":"Feature","properties":{"kind":"building"},"geometry":{"type":"Polygon","coordinates":[[[77.2491,28.60657],[77.24917,28.60671],[77.24941,28.60662],[77.24935,28.60648],[77.2491,28.60657]]]}},{"type":"Feature","properties":{"kind":"building"},"geometry":{"type":"Polygon","coordinates":[[[77.24911,28.58166],[77.24916,28.58161],[77.24937,28.58174],[77.24932,28.5818],[77.24911,28.58166]]]}},{"type":"Feature","properties":{"kind":"building"},"geometry":{"type":"Polygon","coordinates":[[[77.24912,28.58397],[77.24916,28.58392],[77.24905,28.58385],[77.24901,28.5839],[77.24912,28.58397]]]}},{"type":"Feature","properties":{"kind":"building"},"geometry":{"type":"Polygon","coordinates":[[[77.24912,28.58925],[77.24933,28.58909],[77.24918,28.58894],[77.24897,28.58911],[77.24912,28.58925]]]}},{"type":"Feature","properties":{"kind":"building"},"geometry":{"type":"Polygon","coordinates":[[[77.24912,28.59048],[77.24923,28.59053],[77.2493,28.59043],[77.24919,28.59038],[77.24912,28.59048]]]}},{"type":"Feature","properties":{"kind":"building"},"geometry":{"type":"Polygon","coordinates":[[[77.24914,28.58414],[77.24919,28.58409],[77.24908,28.58402],[77.24903,28.58407],[77.24914,28.58414]]]}},{"type":"Feature","properties":{"kind":"building"},"geometry":{"type":"Polygon","coordinates":[[[77.24916,28.58161],[77.24921,28.58155],[77.24942,28.58169],[77.24937,28.58175],[77.24916,28.58161]]]}},{"type":"Feature","properties":{"kind":"building"},"geometry":{"type":"Polygon","coordinates":[[[77.24916,28.58469],[77.2493,28.58479],[77.24934,28.58475],[77.2492,28.58465],[77.24916,28.58469]]]}},{"type":"Feature","properties":{"kind":"building"},"geometry":{"type":"Polygon","coordinates":[[[77.24917,28.60431],[77.24933,28.60434],[77.24935,28.60428],[77.24926,28.60426],[77.24929,28.60418],[77.24937,28.6042],[77.2494,28.6041],[77.2493,28.60407],[77.24929,28.60412],[77.24923,28.6041],[77.24917,28.60431]]]}},{"type":"Feature","properties":{"kind":"building"},"geometry":{"type":"Polygon","coordinates":[[[77.24919,28.57996],[77.24933,28.58002],[77.24936,28.57998],[77.24923,28.5799],[77.24919,28.57996]]]}},{"type":"Feature","properties":{"kind":"building"},"geometry":{"type":"Polygon","coordinates":[[[77.24919,28.58389],[77.24908,28.58381],[77.24905,28.58385],[77.24916,28.58392],[77.24919,28.58389]]]}},{"type":"Feature","properties":{"kind":"building"},"geometry":{"type":"Polygon","coordinates":[[[77.24919,28.58389],[77.24923,28.58385],[77.24912,28.58378],[77.24908,28.58381],[77.24919,28.58389]]]}},{"type":"Feature","properties":{"kind":"building"},"geometry":{"type":"Polygon","coordinates":[[[77.24919,28.59894],[77.24969,28.59899],[77.2497,28.59886],[77.24921,28.59881],[77.24919,28.59894]]]}},{"type":"Feature","properties":{"kind":"building"},"geometry":{"type":"Polygon","coordinates":[[[77.2492,28.58465],[77.24934,28.58475],[77.24939,28.5847],[77.24924,28.5846],[77.2492,28.58465]]]}},{"type":"Feature","properties":{"kind":"building"},"geometry":{"type":"Polygon","coordinates":[[[77.24922,28.58154],[77.24927,28.58148],[77.24946,28.5816],[77.24941,28.58166],[77.24922,28.58154]]]}},{"type":"Feature","properties":{"kind":"building"},"geometry":{"type":"Polygon","coordinates":[[[77.24922,28.58339],[77.24915,28.58347],[77.2492,28.58351],[77.2493,28.58339],[77.24931,28.58337],[77.24927,28.58335],[77.24931,28.58331],[77.24927,28.58328],[77.24924,28.58333],[77.24915,28.58327],[77.24911,28.58331],[77.24922,28.58339]]]}},{"type":"Feature","properties":{"kind":"building"},"geometry":{"type":"Polygon","coordinates":[[[77.24922,28.58784],[77.24936,28.58776],[77.24925,28.58762],[77.24911,28.58771],[77.24922,28.58784]]]}},{"type":"Feature","properties":{"kind":"building"},"geometry":{"type":"Polygon","coordinates":[[[77.24923,28.58404],[77.24901,28.5839],[77.24897,28.58394],[77.24919,28.58408],[77.24923,28.58404]]]}},{"type":"Feature","properties":{"kind":"building"},"geometry":{"type":"Polygon","coordinates":[[[77.24923,28.58939],[77.24943,28.58919],[77.24933,28.58911],[77.24912,28.5893],[77.24923,28.58939]]]}},{"type":"Feature","properties":{"kind":"building"},"geometry":{"type":"Polygon","coordinates":[[[77.24924,28.5846],[77.24939,28.58469],[77.24945,28.58462],[77.24931,28.58452],[77.24924,28.5846]]]}},{"type":"Feature","properties":{"kind":"building"},"geometry":{"type":"Polygon","coordinates":[[[77.24925,28.5842],[77.24943,28.58432],[77.24951,28.58422],[77.24933,28.58411],[77.24925,28.5842]]]}},{"type":"Feature","properties":{"kind":"building"},"geometry":{"type":"Polygon","coordinates":[[[77.24926,28.58967],[77.24933,28.5897],[77.24941,28.58956],[77.24934,28.58953],[77.24926,28.58967]]]}},{"type":"Feature","properties":{"kind":"building"},"geometry":{"type":"Polygon","coordinates":[[[77.24927,28.59057],[77.24939,28.59064],[77.24943,28.59057],[77.24931,28.59051],[77.24927,28.59057]]]}},{"type":"Feature","properties":{"kind":"building"},"geometry":{"type":"Polygon","coordinates":[[[77.24929,28.58031],[77.24937,28.58023],[77.24949,28.58032],[77.2494,28.5804],[77.24929,28.58031]]]}},{"type":"Feature","properties":{"kind":"building"},"geometry":{"type":"Polygon","coordinates":[[[77.2493,28.57937],[77.2493,28.57929],[77.24919,28.57929],[77.24919,28.57937],[77.2493,28.57937]]]}},{"type":"Feature","properties":{"kind":"building"},"geometry":{"type":"Polygon","coordinates":[[[77.24931,28.57977],[77.24955,28.57994],[77.24961,28.57988],[77.24936,28.57971],[77.24931,28.57977]]]}},{"type":"Feature","properties":{"kind":"building"},"geometry":{"type":"Polygon","coordinates":[[[77.24931,28.58012],[77.24934,28.58009],[77.24918,28.58],[77.24915,28.58003],[77.24931,28.58012]]]}},{"type":"Feature","properties":{"kind":"building"},"geometry":{"type":"Polygon","coordinates":[[[77.24932,28.58452],[77.24945,28.58461],[77.24952,28.58454],[77.24939,28.58445],[77.24932,28.58452]]]}},{"type":"Feature","properties":{"kind":"building"},"geometry":{"type":"Polygon","coordinates":[[[77.24933,28.58372],[77.24922,28.58365],[77.24919,28.58369],[77.24929,28.58376],[77.24933,28.58372]]]}},{"type":"Feature","properties":{"kind":"building"},"geometry":{"type":"Polygon","coordinates":[[[77.24933,28.58391],[77.24936,28.58387],[77.24915,28.58373],[77.24912,28.58378],[77.24933,28.58391]]]}},{"type":"Feature","properties":{"kind":"building"},"geometry":{"type":"Polygon","coordinates":[[[77.24933,28.58936],[77.24944,28.58947],[77.2496,28.58935],[77.24949,28.58923],[77.24933,28.58936]]]}},{"type":"Feature","properties":{"kind":"building"},"geometry":{"type":"Polygon","coordinates":[[[77.24934,28.58368],[77.24925,28.58362],[77.24922,28.58365],[77.24932,28.58371],[77.24934,28.58368]]]}},{"type":"Feature","properties":{"kind":"building"},"geometry":{"type":"Polygon","coordinates":[[[77.24935,28.59017],[77.24943,28.59017],[77.24944,28.59003],[77.24935,28.59002],[77.24935,28.59017]]]}},{"type":"Feature","properties":{"kind":"building"},"geometry":{"type":"Polygon","coordinates":[[[77.24935,28.59082],[77.24946,28.59082],[77.24946,28.59066],[77.24936,28.59065],[77.24935,28.59082]]]}},{"type":"Feature","properties":{"kind":"building"},"geometry":{"type":"Polygon","coordinates":[[[77.24935,28.5911],[77.24947,28.59111],[77.24947,28.5909],[77.24936,28.5909],[77.24935,28.5911]]]}},{"type":"Feature","properties":{"kind":"building"},"geometry":{"type":"Polygon","coordinates":[[[77.24936,28.5897],[77.24944,28.58973],[77.24949,28.58961],[77.24942,28.58958],[77.24936,28.5897]]]}},{"type":"Feature","properties":{"kind":"building"},"geometry":{"type":"Polygon","coordinates":[[[77.24937,28.58364],[77.24928,28.58358],[77.24925,28.58362],[77.24934,28.58368],[77.24937,28.58364]]]}},{"type":"Feature","properties":{"kind":"building"},"geometry":{"type":"Polygon","coordinates":[[[77.24937,28.58405],[77.24956,28.58417],[77.24959,28.58414],[77.24939,28.58402],[77.24937,28.58405]]]}},{"type":"Feature","properties":{"kind":"building"},"geometry":{"type":"Polygon","coordinates":[[[77.24938,28.57936],[77.24938,28.5793],[77.24931,28.5793],[77.24931,28.57936],[77.24938,28.57936]]]}},{"type":"Feature","properties":{"kind":"building"},"geometry":{"type":"Polygon","coordinates":[[[77.24939,28.58382],[77.24919,28.58369],[77.24916,28.58373],[77.24936,28.58386],[77.24939,28.58382]]]}},{"type":"Feature","properties":{"kind":"building"},"geometry":{"type":"Polygon","coordinates":[[[77.24941,28.58349],[77.24958,28.5836],[77.24961,28.58356],[77.24941,28.58343],[77.24929,28.58357],[77.24948,28.58369],[77.2495,28.58367],[77.24934,28.58357],[77.24941,28.58349]]]}},{"type":"Feature","properties":{"kind":"building"},"geometry":{"type":"Polygon","coordinates":[[[77.24941,28.58782],[77.24954,28.58793],[77.24966,28.58782],[77.24953,28.58771],[77.24941,28.58782]]]}},{"type":"Feature","properties":{"kind":"building"},"geometry":{"type":"Polygon","coordinates":[[[77.24944,28.58017],[77.24957,28.58027],[77.24964,28.58019],[77.24952,28.58009],[77.24944,28.58017]]]}},{"type":"Feature","properties":{"kind":"building"},"geometry":{"type":"Polygon","coordinates":[[[77.24945,28.58379],[77.24951,28.58371],[77.2494,28.58365],[77.24934,28.58372],[77.24945,28.58379]]]}},{"type":"Feature","properties":{"kind":"building"},"geometry":{"type":"Polygon","coordinates":[[[77.24945,28.58642],[77.24965,28.58621],[77.24958,28.58616],[77.24952,28.58623],[77.24947,28.58622],[77.24934,28.58635],[77.24945,28.58642]]]}},{"type":"Feature","properties":{"kind":"building"},"geometry":{"type":"Polygon","coordinates":[[[77.24945,28.58973],[77.24956,28.58976],[77.24962,28.58964],[77.24951,28.58961],[77.24945,28.58973]]]}},{"type":"Feature","properties":{"kind":"building"},"geometry":{"type":"Polygon","coordinates":[[[77.24946,28.58038],[77.24954,28.58044],[77.24958,28.5804],[77.2495,28.58034],[77.24946,28.58038]]]}},{"type":"Feature","properties":{"kind":"building"},"geometry":{"type":"Polygon","coordinates":[[[77.24946,28.58436],[77.24939,28.58444],[77.24952,28.58452],[77.24959,28.58444],[77.24946,28.58436]]]}},{"type":"Feature","properties":{"kind":"building"},"geometry":{"type":"Polygon","coordinates":[[[77.24946,28.59017],[77.24964,28.59017],[77.24964,28.59004],[77.24946,28.59004],[77.24946,28.59017]]]}},{"type":"Feature","properties":{"kind":"building"},"geometry":{"type":"Polygon","coordinates":[[[77.24946,28.59043],[77.24958,28.59043],[77.24959,28.59025],[77.24946,28.59024],[77.24946,28.59043]]]}},{"type":"Feature","properties":{"kind":"building"},"geometry":{"type":"Polygon","coordinates":[[[77.24947,28.57884],[77.24933,28.57884],[77.24933,28.5789],[77.24947,28.5789],[77.24947,28.57884]]]}},{"type":"Feature","properties":{"kind":"building"},"geometry":{"type":"Polygon","coordinates":[[[77.24947,28.58004],[77.24951,28.58],[77.24924,28.57983],[77.24921,28.57987],[77.24947,28.58004]]]}},{"type":"Feature","properties":{"kind":"building"},"geometry":{"type":"Polygon","coordinates":[[[77.24947,28.58562],[77.24969,28.58575],[77.2498,28.5856],[77.24959,28.58547],[77.24947,28.58562]]]}},{"type":"Feature","properties":{"kind":"building"},"geometry":{"type":"Polygon","coordinates":[[[77.24948,28.58394],[77.24945,28.58397],[77.24962,28.58408],[77.24965,28.58405],[77.24948,28.58394]]]}},{"type":"Feature","properties":{"kind":"building"},"geometry":{"type":"Polygon","coordinates":[[[77.2495,28.58327],[77.24943,28.58323],[77.24935,28.58333],[77.24941,28.58337],[77.2495,28.58327]]]}},{"type":"Feature","properties":{"kind":"building"},"geometry":{"type":"Polygon","coordinates":[[[77.24952,28.5839],[77.24948,28.58394],[77.24965,28.58405],[77.24969,28.58401],[77.24952,28.5839]]]}},{"type":"Feature","properties":{"kind":"building"},"geometry":{"type":"Polygon","coordinates":[[[77.24953,28.5818],[77.24972,28.58193],[77.24979,28.58185],[77.24959,28.58173],[77.24953,28.5818]]]}},{"type":"Feature","properties":{"kind":"building"},"geometry":{"type":"Polygon","coordinates":[[[77.24954,28.57932],[77.24954,28.57925],[77.24942,28.57925],[77.24942,28.57933],[77.24954,28.57932]]]}},{"type":"Feature","properties":{"kind":"building"},"geometry":{"type":"Polygon","coordinates":[[[77.24954,28.58801],[77.24966,28.58812],[77.24983,28.58799],[77.24971,28.58788],[77.24954,28.58801]]]}},{"type":"Feature","properties":{"kind":"building"},"geometry":{"type":"Polygon","coordinates":[[[77.24955,28.59113],[77.24966,28.59114],[77.24966,28.59103],[77.24956,28.59102],[77.24955,28.59113]]]}},{"type":"Feature","properties":{"kind":"building"},"geometry":{"type":"Polygon","coordinates":[[[77.24956,28.59081],[77.24969,28.59081],[77.2497,28.5907],[77.24956,28.5907],[77.24956,28.59081]]]}},{"type":"Feature","properties":{"kind":"building"},"geometry":{"type":"Polygon","coordinates":[[[77.24957,28.59094],[77.2497,28.59095],[77.24971,28.59083],[77.24958,28.59082],[77.24957,28.59094]]]}},{"type":"Feature","properties":{"kind":"building"},"geometry":{"type":"Polygon","coordinates":[[[77.24958,28.59055],[77.24971,28.59055],[77.24971,28.59044],[77.24958,28.59044],[77.24958,28.59055]]]}},{"type":"Feature","properties":{"kind":"building"},"geometry":{"type":"Polygon","coordinates":[[[77.24958,28.596],[77.24961,28.59603],[77.24967,28.59603],[77.24971,28.596],[77.2497,28.59596],[77.24968,28.59593],[77.24962,28.59593],[77.24958,28.59595],[77.24958,28.596]]]}},{"type":"Feature","properties":{"kind":"building"},"geometry":{"type":"Polygon","coordinates":[[[77.24959,28.59066],[77.2497,28.59066],[77.2497,28.59057],[77.24959,28.59056],[77.24959,28.59066]]]}},{"type":"Feature","properties":{"kind":"building"},"geometry":{"type":"Polygon","coordinates":[[[77.2496,28.57968],[77.24967,28.57959],[77.24957,28.57953],[77.2495,28.57962],[77.2496,28.57968]]]}},{"type":"Feature","properties":{"kind":"building"},"geometry":{"type":"Polygon","coordinates":[[[77.2496,28.58172],[77.24981,28.58185],[77.24986,28.58178],[77.24966,28.58166],[77.2496,28.58172]]]}},{"type":"Feature","properties":{"kind":"building"},"geometry":{"type":"Polygon","coordinates":[[[77.24962,28.58336],[77.24952,28.58329],[77.24944,28.58339],[77.24954,28.58345],[77.24962,28.58336]]]}},{"type":"Feature","properties":{"kind":"building"},"geometry":{"type":"Polygon","coordinates":[[[77.24963,28.57884],[77.24949,28.57884],[77.24949,28.5789],[77.24963,28.5789],[77.24963,28.57884]]]}},{"type":"Feature","properties":{"kind":"building"},"geometry":{"type":"Polygon","coordinates":[[[77.24963,28.58409],[77.24944,28.58397],[77.24939,28.58402],[77.24959,28.58414],[77.24963,28.58409]]]}},{"type":"Feature","properties":{"kind":"building"},"geometry":{"type":"Polygon","coordinates":[[[77.24963,28.58977],[77.24973,28.58977],[77.24973,28.58965],[77.24963,28.58964],[77.24963,28.58977]]]}},{"type":"Feature","properties":{"kind":"building"},"geometry":{"type":"Polygon","coordinates":[[[77.24966,28.58952],[77.24986,28.58944],[77.24979,28.5893],[77.24959,28.58938],[77.24966,28.58952]]]}},{"type":"Feature","properties":{"kind":"building"},"geometry":{"type":"Polygon","coordinates":[[[77.24968,28.57933],[77.24968,28.57924],[77.24955,28.57924],[77.24955,28.57933],[77.24968,28.57933]]]}},{"type":"Feature","properties":{"kind":"building"},"geometry":{"type":"Polygon","coordinates":[[[77.24968,28.58539],[77.24986,28.5855],[77.24995,28.58539],[77.24976,28.58528],[77.24968,28.58539]]]}},{"type":"Feature","properties":{"kind":"building"},"geometry":{"type":"Polygon","coordinates":[[[77.24969,28.58369],[77.24966,28.58373],[77.24984,28.58384],[77.24987,28.5838],[77.24969,28.58369]]]}},{"type":"Feature","properties":{"kind":"building"},"geometry":{"type":"Polygon","coordinates":[[[77.24969,28.5841],[77.24983,28.5842],[77.24992,28.5841],[77.24978,28.584],[77.24969,28.5841]]]}},{"type":"Feature","properties":{"kind":"building"},"geometry":{"type":"Polygon","coordinates":[[[77.24971,28.58343],[77.24963,28.58338],[77.24956,28.58347],[77.24964,28.58352],[77.24971,28.58343]]]}},{"type":"Feature","properties":{"kind":"building"},"geometry":{"type":"Polygon","coordinates":[[[77.24972,28.59012],[77.2499,28.59012],[77.24991,28.58999],[77.24973,28.58998],[77.24972,28.59012]]]}},{"type":"Feature","properties":{"kind":"building"},"geometry":{"type":"Polygon","coordinates":[[[77.24972,28.59031],[77.24981,28.59031],[77.24981,28.59019],[77.24972,28.59019],[77.24972,28.59031]]]}},{"type":"Feature","properties":{"kind":"building"},"geometry":{"type":"Polygon","coordinates":[[[77.24973,28.58397],[77.24975,28.58393],[77.24959,28.58384],[77.24956,28.58387],[77.24973,28.58397]]]}},{"type":"Feature","properties":{"kind":"building"},"geometry":{"type":"Polygon","coordinates":[[[77.24974,28.57982],[77.24998,28.57999],[77.25002,28.57995],[77.24977,28.57979],[77.24974,28.57982]]]}},{"type":"Feature","properties":{"kind":"building"},"geometry":{"type":"Polygon","coordinates":[[[77.24975,28.58155],[77.24995,28.58168],[77.25002,28.58159],[77.24982,28.58146],[77.24975,28.58155]]]}},{"type":"Feature","properties":{"kind":"building"},"geometry":{"type":"Polygon","coordinates":[[[77.24975,28.58393],[77.24977,28.5839],[77.24961,28.58381],[77.24959,28.58384],[77.24975,28.58393]]]}},{"type":"Feature","properties":{"kind":"building"},"geometry":{"type":"Polygon","coordinates":[[[77.24976,28.5836],[77.2499,28.58369],[77.24998,28.5836],[77.24983,28.58351],[77.24976,28.5836]]]}},{"type":"Feature","properties":{"kind":"building"},"geometry":{"type":"Polygon","coordinates":[[[77.24976,28.58977],[77.24989,28.58978],[77.2499,28.58967],[77.24978,28.58966],[77.24976,28.58977]]]}},{"type":"Feature","properties":{"kind":"building"},"geometry":{"type":"Polygon","coordinates":[[[77.24978,28.57998],[77.24964,28.58015],[77.24978,28.58023],[77.24992,28.58006],[77.24978,28.57998]]]}},{"type":"Feature","properties":{"kind":"building"},"geometry":{"type":"Polygon","coordinates":[[[77.24978,28.58391],[77.2498,28.58388],[77.24963,28.58378],[77.24961,28.58381],[77.24978,28.58391]]]}},{"type":"Feature","properties":{"kind":"building"},"geometry":{"type":"Polygon","coordinates":[[[77.24979,28.58516],[77.25011,28.58535],[77.25022,28.58521],[77.2499,28.58502],[77.24979,28.58516]]]}},{"type":"Feature","properties":{"kind":"building"},"geometry":{"type":"Polygon","coordinates":[[[77.2498,28.58388],[77.24984,28.58384],[77.24966,28.58373],[77.24962,28.58378],[77.2498,28.58388]]]}},{"type":"Feature","properties":{"kind":"building"},"geometry":{"type":"Polygon","coordinates":[[[77.24981,28.57933],[77.24981,28.57925],[77.24969,28.57926],[77.24969,28.57933],[77.24981,28.57933]]]}},{"type":"Feature","properties":{"kind":"building"},"geometry":{"type":"Polygon","coordinates":[[[77.24982,28.58188],[77.25005,28.58203],[77.25011,28.58195],[77.24988,28.5818],[77.24982,28.58188]]]}},{"type":"Feature","properties":{"kind":"building"},"geometry":{"type":"Polygon","coordinates":[[[77.24982,28.58365],[77.24976,28.58361],[77.2497,28.58369],[77.24975,28.58372],[77.24982,28.58365]]]}},{"type":"Feature","properties":{"kind":"building"},"geometry":{"type":"Polygon","coordinates":[[[77.24983,28.5797],[77.24979,28.57975],[77.25003,28.5799],[77.25007,28.57986],[77.24983,28.5797]]]}},{"type":"Feature","properties":{"kind":"building"},"geometry":{"type":"Polygon","coordinates":[[[77.24984,28.58392],[77.24998,28.58401],[77.25003,28.58394],[77.2499,28.58385],[77.24984,28.58392]]]}},{"type":"Feature","properties":{"kind":"building"},"geometry":{"type":"Polygon","coordinates":[[[77.24986,28.58955],[77.25003,28.58949],[77.25001,28.58943],[77.24983,28.5895],[77.24986,28.58955]]]}},{"type":"Feature","properties":{"kind":"building"},"geometry":{"type":"Polygon","coordinates":[[[77.24987,28.58139],[77.25005,28.58151],[77.25011,28.58143],[77.24993,28.58131],[77.24987,28.58139]]]}},{"type":"Feature","properties":{"kind":"building"},"geometry":{"type":"Polygon","coordinates":[[[77.24987,28.59026],[77.24993,28.59026],[77.24993,28.59018],[77.24987,28.59018],[77.24987,28.59026]]]}},{"type":"Feature","properties":{"kind":"building"},"geometry":{"type":"Polygon","coordinates":[[[77.24991,28.58944],[77.25003,28.5894],[77.24996,28.58925],[77.24984,28.58929],[77.24991,28.58944]]]}},{"type":"Feature","properties":{"kind":"building"},"geometry":{"type":"Polygon","coordinates":[[[77.24996,28.60274],[77.25006,28.60273],[77.25002,28.60249],[77.24993,28.6025],[77.24996,28.60274]]]}},{"type":"Feature","properties":{"kind":"building"},"geometry":{"type":"Polygon","coordinates":[[[77.24997,28.58978],[77.25008,28.58978],[77.25008,28.58965],[77.24998,28.58965],[77.24997,28.58978]]]}},{"type":"Feature","properties":{"kind":"building"},"geometry":{"type":"Polygon","coordinates":[[[77.24998,28.58615],[77.24967,28.58596],[77.2496,28.58607],[77.2499,28.58625],[77.24998,28.58615]]]}},{"type":"Feature","properties":{"kind":"building"},"geometry":{"type":"Polygon","coordinates":[[[77.24998,28.59014],[77.25014,28.59014],[77.25015,28.58999],[77.24998,28.58999],[77.24998,28.59014]]]}},{"type":"Feature","properties":{"kind":"building"},"geometry":{"type":"Polygon","coordinates":[[[77.24998,28.59033],[77.25015,28.59033],[77.25016,28.59022],[77.24998,28.59021],[77.24998,28.59033]]]}},{"type":"Feature","properties":{"kind":"building"},"geometry":{"type":"Polygon","coordinates":[[[77.25001,28.58228],[77.24998,28.58232],[77.25014,28.58243],[77.25017,28.58239],[77.25001,28.58228]]]}},{"type":"Feature","properties":{"kind":"building"},"geometry":{"type":"Polygon","coordinates":[[[77.25003,28.58122],[77.24998,28.58128],[77.25017,28.58141],[77.25023,28.58134],[77.25003,28.58122]]]}},{"type":"Feature","properties":{"kind":"building"},"geometry":{"type":"Polygon","coordinates":[[[77.25003,28.5879],[77.25012,28.58786],[77.25003,28.58766],[77.24993,28.5877],[77.25003,28.5879]]]}},{"type":"Feature","properties":{"kind":"building"},"geometry":{"type":"Polygon","coordinates":[[[77.25004,28.58371],[77.25017,28.58379],[77.25019,28.58377],[77.25006,28.58367],[77.25003,28.58369],[77.25004,28.58371]]]}},{"type":"Feature","properties":{"kind":"building"},"geometry":{"type":"Polygon","coordinates":[[[77.25004,28.58498],[77.25022,28.58509],[77.25033,28.58494],[77.25016,28.58483],[77.25004,28.58498]]]}},{"type":"Feature","properties":{"kind":"building"},"geometry":{"type":"Polygon","coordinates":[[[77.25005,28.58189],[77.25009,28.58184],[77.24994,28.58174],[77.2499,28.58179],[77.25005,28.58189]]]}},{"type":"Feature","properties":{"kind":"building"},"geometry":{"type":"Polygon","coordinates":[[[77.25005,28.58848],[77.25019,28.58843],[77.25006,28.58819],[77.24993,28.58824],[77.25005,28.58848]]]}},{"type":"Feature","properties":{"kind":"building"},"geometry":{"type":"Polygon","coordinates":[[[77.25006,28.58393],[77.25013,28.58386],[77.24998,28.58375],[77.24991,28.58383],[77.25006,28.58393]]]}},{"type":"Feature","properties":{"kind":"building"},"geometry":{"type":"Polygon","coordinates":[[[77.25007,28.58641],[77.24996,28.58635],[77.2499,28.58642],[77.25001,28.58648],[77.25007,28.58641]]]}},{"type":"Feature","properties":{"kind":"building"},"geometry":{"type":"Polygon","coordinates":[[[77.25008,28.58984],[77.25019,28.58984],[77.25019,28.58971],[77.25008,28.58971],[77.25008,28.58984]]]}},{"type":"Feature","properties":{"kind":"building"},"geometry":{"type":"Polygon","coordinates":[[[77.25008,28.59115],[77.2502,28.59115],[77.2502,28.59108],[77.25008,28.59108],[77.25008,28.59115]]]}},{"type":"Feature","properties":{"kind":"building"},"geometry":{"type":"Polygon","coordinates":[[[77.2501,28.59098],[77.25017,28.59098],[77.25018,28.59086],[77.2501,28.59086],[77.2501,28.59098]]]}},{"type":"Feature","properties":{"kind":"building"},"geometry":{"type":"Polygon","coordinates":[[[77.25011,28.58574],[77.25004,28.58569],[77.24998,28.58577],[77.25006,28.58581],[77.25011,28.58574]]]}},{"type":"Feature","properties":{"kind":"building"},"geometry":{"type":"Polygon","coordinates":[[[77.25011,28.58619],[77.25016,28.58622],[77.25004,28.58636],[77.24999,28.58632],[77.25011,28.58619]]]}},{"type":"Feature","properties":{"kind":"building"},"geometry":{"type":"Polygon","coordinates":[[[77.25013,28.58109],[77.25008,28.58114],[77.25027,28.58126],[77.25032,28.58121],[77.25013,28.58109]]]}},{"type":"Feature","properties":{"kind":"building"},"geometry":{"type":"Polygon","coordinates":[[[77.25013,28.59371],[77.25114,28.59373],[77.25116,28.59286],[77.25016,28.59284],[77.25013,28.59371]]]}},{"type":"Feature","properties":{"kind":"building"},"geometry":{"type":"Polygon","coordinates":[[[77.25014,28.58153],[77.25028,28.58162],[77.25035,28.58153],[77.25021,28.58145],[77.25014,28.58153]]]}},{"type":"Feature","properties":{"kind":"building"},"geometry":{"type":"Polygon","coordinates":[[[77.25015,28.58187],[77.25018,28.58184],[77.24997,28.58171],[77.24995,28.58174],[77.25015,28.58187]]]}},{"type":"Feature","properties":{"kind":"building"},"geometry":{"type":"Polygon","coordinates":[[[77.25016,28.58562],[77.25037,28.58575],[77.25046,28.58562],[77.25026,28.5855],[77.25016,28.58562]]]}},{"type":"Feature","properties":{"kind":"building"},"geometry":{"type":"Polygon","coordinates":[[[77.25016,28.58],[77.25037,28.58014],[77.25041,28.58009],[77.25019,28.57996],[77.25016,28.58]]]}},{"type":"Feature","properties":{"kind":"building"},"geometry":{"type":"Polygon","coordinates":[[[77.25017,28.59046],[77.2503,28.59046],[77.25031,28.59034],[77.25017,28.59034],[77.25017,28.59046]]]}},{"type":"Feature","properties":{"kind":"building"},"geometry":{"type":"Polygon","coordinates":[[[77.25019,28.5862],[77.25024,28.58619],[77.25032,28.58625],[77.25021,28.58634],[77.25019,28.58633],[77.25017,28.58634],[77.25015,28.58633],[77.25014,28.58634],[77.2501,28.58631],[77.25019,28.5862]]]}},{"type":"Feature","properties":{"kind":"building"},"geometry":{"type":"Polygon","coordinates":[[[77.25019,28.5887],[77.25034,28.5887],[77.25035,28.58851],[77.2502,28.58851],[77.25019,28.5887]]]}},{"type":"Feature","properties":{"kind":"building"},"geometry":{"type":"Polygon","coordinates":[[[77.25019,28.58886],[77.25046,28.58886],[77.25047,28.58874],[77.2502,28.58874],[77.25019,28.58886]]]}},{"type":"Feature","properties":{"kind":"building"},"geometry":{"type":"Polygon","coordinates":[[[77.2502,28.58941],[77.25028,28.58938],[77.2502,28.58922],[77.25011,28.58926],[77.2502,28.58941]]]}},{"type":"Feature","properties":{"kind":"building"},"geometry":{"type":"Polygon","coordinates":[[[77.25021,28.58099],[77.25041,28.58112],[77.25049,28.58103],[77.25028,28.5809],[77.25021,28.58099]]]}},{"type":"Feature","properties":{"kind":"building"},"geometry":{"type":"Polygon","coordinates":[[[77.25021,28.58785],[77.25032,28.58781],[77.25022,28.58761],[77.25011,28.58764],[77.25021,28.58785]]]}},{"type":"Feature","properties":{"kind":"building"},"geometry":{"type":"Polygon","coordinates":[[[77.25021,28.58899],[77.25045,28.589],[77.25046,28.58889],[77.25021,28.58888],[77.25021,28.58899]]]}},{"type":"Feature","properties":{"kind":"building"},"geometry":{"type":"Polygon","coordinates":[[[77.25021,28.59096],[77.25031,28.59096],[77.25031,28.59084],[77.25021,28.59084],[77.25021,28.59096]]]}},{"type":"Feature","properties":{"kind":"building"},"geometry":{"type":"Polygon","coordinates":[[[77.25022,28.59027],[77.25038,28.59027],[77.25038,28.59017],[77.25023,28.59017],[77.25022,28.59027]]]}},{"type":"Feature","properties":{"kind":"building"},"geometry":{"type":"Polygon","coordinates":[[[77.25023,28.58345],[77.25039,28.58355],[77.25046,28.58347],[77.25029,28.58337],[77.25023,28.58345]]]}},{"type":"Feature","properties":{"kind":"building"},"geometry":{"type":"Polygon","coordinates":[[[77.25023,28.58535],[77.25035,28.58543],[77.25041,28.58535],[77.25029,28.58527],[77.25023,28.58535]]]}},{"type":"Feature","properties":{"kind":"building"},"geometry":{"type":"Polygon","coordinates":[[[77.25023,28.58912],[77.25044,28.58912],[77.25045,28.58903],[77.25023,28.58902],[77.25023,28.58912]]]}},{"type":"Feature","properties":{"kind":"building"},"geometry":{"type":"Polygon","coordinates":[[[77.25023,28.5901],[77.25037,28.5901],[77.25038,28.58997],[77.25023,28.58997],[77.25023,28.5901]]]}},{"type":"Feature","properties":{"kind":"building"},"geometry":{"type":"Polygon","coordinates":[[[77.25025,28.5799],[77.25021,28.57995],[77.25042,28.58009],[77.25046,28.58004],[77.25025,28.5799]]]}},{"type":"Feature","properties":{"kind":"building"},"geometry":{"type":"Polygon","coordinates":[[[77.25025,28.58982],[77.25036,28.58983],[77.25037,28.58971],[77.25026,28.58971],[77.25025,28.58982]]]}},{"type":"Feature","properties":{"kind":"building"},"geometry":{"type":"Polygon","coordinates":[[[77.25026,28.5799],[77.25046,28.58004],[77.25051,28.57997],[77.25032,28.57984],[77.25026,28.5799]]]}},{"type":"Feature","properties":{"kind":"building"},"geometry":{"type":"Polygon","coordinates":[[[77.25027,28.58968],[77.25037,28.58968],[77.25038,28.58952],[77.25027,28.58952],[77.25027,28.58968]]]}},{"type":"Feature","properties":{"kind":"building"},"geometry":{"type":"Polygon","coordinates":[[[77.25029,28.58838],[77.25038,28.58834],[77.25029,28.58815],[77.2502,28.58819],[77.25029,28.58838]]]}},{"type":"Feature","properties":{"kind":"building"},"geometry":{"type":"Polygon","coordinates":[[[77.25029,28.5906],[77.25047,28.59061],[77.25047,28.59052],[77.25029,28.59052],[77.25029,28.5906]]]}},{"type":"Feature","properties":{"kind":"building"},"geometry":{"type":"Polygon","coordinates":[[[77.25029,28.59112],[77.25041,28.59113],[77.25041,28.59101],[77.25029,28.59101],[77.25029,28.59112]]]}},{"type":"Feature","properties":{"kind":"building"},"geometry":{"type":"Polygon","coordinates":[[[77.2503,28.58192],[77.25051,28.58206],[77.25059,28.58197],[77.25038,28.58183],[77.2503,28.58192]]]}},{"type":"Feature","properties":{"kind":"building"},"geometry":{"type":"Polygon","coordinates":[[[77.25032,28.59082],[77.25046,28.59082],[77.25046,28.59072],[77.25032,28.59072],[77.25032,28.59082]]]}},{"type":"Feature","properties":{"kind":"building"},"geometry":{"type":"Polygon","coordinates":[[[77.25033,28.57891],[77.25033,28.57885],[77.25026,28.57886],[77.25026,28.57891],[77.25033,28.57891]]]}},{"type":"Feature","properties":{"kind":"building"},"geometry":{"type":"Polygon","coordinates":[[[77.25033,28.58295],[77.25025,28.58305],[77.25043,28.58316],[77.25051,28.58306],[77.25033,28.58295]]]}},{"type":"Feature","properties":{"kind":"building"},"geometry":{"type":"Polygon","coordinates":[[[77.25033,28.5893],[77.25039,28.58923],[77.25028,28.58916],[77.25022,28.58922],[77.25033,28.5893]]]}},{"type":"Feature","properties":{"kind":"building"},"geometry":{"type":"Polygon","coordinates":[[[77.25033,28.59069],[77.25047,28.5907],[77.25047,28.59062],[77.25033,28.59061],[77.25033,28.59069]]]}},{"type":"Feature","properties":{"kind":"building"},"geometry":{"type":"Polygon","coordinates":[[[77.25036,28.58483],[77.25044,28.58487],[77.25052,28.58477],[77.25044,28.58472],[77.25036,28.58483]]]}},{"type":"Feature","properties":{"kind":"building"},"geometry":{"type":"Polygon","coordinates":[[[77.2504,28.58328],[77.25032,28.58338],[77.25046,28.58347],[77.25054,28.58337],[77.2504,28.58328]]]}},{"type":"Feature","properties":{"kind":"building"},"geometry":{"type":"Polygon","coordinates":[[[77.2504,28.59042],[77.25046,28.59042],[77.25047,28.59029],[77.2504,28.59029],[77.2504,28.59042]]]}},{"type":"Feature","properties":{"kind":"building"},"geometry":{"type":"Polygon","coordinates":[[[77.25042,28.58444],[77.25066,28.58459],[77.25077,28.58445],[77.25052,28.58431],[77.25042,28.58444]]]}},{"type":"Feature","properties":{"kind":"building"},"geometry":{"type":"Polygon","coordinates":[[[77.25042,28.58515],[77.25055,28.58523],[77.25066,28.58509],[77.25053,28.58501],[77.25042,28.58515]]]}},{"type":"Feature","properties":{"kind":"building"},"geometry":{"type":"Polygon","coordinates":[[[77.25042,28.58835],[77.25052,28.58831],[77.25041,28.5881],[77.25032,28.58813],[77.25042,28.58835]]]}},{"type":"Feature","properties":{"kind":"building"},"geometry":{"type":"Polygon","coordinates":[[[77.25042,28.58871],[77.2505,28.5887],[77.2505,28.58863],[77.25042,28.58864],[77.25042,28.58871]]]}},{"type":"Feature","properties":{"kind":"building"},"geometry":{"type":"Polygon","coordinates":[[[77.25043,28.57975],[77.2506,28.57986],[77.25066,28.57978],[77.25049,28.57967],[77.25043,28.57975]]]}},{"type":"Feature","properties":{"kind":"building"},"geometry":{"type":"Polygon","coordinates":[[[77.25043,28.59599],[77.25067,28.59601],[77.25069,28.59581],[77.25045,28.59579],[77.25043,28.59599]]]}},{"type":"Feature","properties":{"kind":"building"},"geometry":{"type":"Polygon","coordinates":[[[77.25044,28.57894],[77.25044,28.57889],[77.25037,28.57889],[77.25037,28.57895],[77.25044,28.57894]]]}},{"type":"Feature","properties":{"kind":"building"},"geometry":{"type":"Polygon","coordinates":[[[77.25045,28.58115],[77.25059,28.58124],[77.25065,28.58116],[77.25051,28.58108],[77.25045,28.58115]]]}},{"type":"Feature","properties":{"kind":"building"},"geometry":{"type":"Polygon","coordinates":[[[77.25048,28.57934],[77.25048,28.57927],[77.24986,28.57927],[77.24986,28.57934],[77.25048,28.57934]]]}},{"type":"Feature","properties":{"kind":"building"},"geometry":{"type":"Polygon","coordinates":[[[77.25048,28.58952],[77.25072,28.58952],[77.25072,28.58939],[77.25049,28.58939],[77.25048,28.58952]]]}},{"type":"Feature","properties":{"kind":"building"},"geometry":{"type":"Polygon","coordinates":[[[77.25049,28.57966],[77.25068,28.57978],[77.25074,28.5797],[77.25056,28.57958],[77.25049,28.57966]]]}},{"type":"Feature","properties":{"kind":"building"},"geometry":{"type":"Polygon","coordinates":[[[77.25049,28.59153],[77.25049,28.59146],[77.25105,28.59146],[77.25104,28.59155],[77.25091,28.59154],[77.2509,28.5917],[77.25066,28.5917],[77.25067,28.59154],[77.25049,28.59153]]]}},{"type":"Feature","properties":{"kind":"building"},"geometry":{"type":"Polygon","coordinates":[[[77.25051,28.58554],[77.25065,28.58565],[77.25078,28.58551],[77.25063,28.58541],[77.25051,28.58554]]]}},{"type":"Feature","properties":{"kind":"building"},"geometry":{"type":"Polygon","coordinates":[[[77.25051,28.59076],[77.25067,28.59077],[77.25068,28.59061],[77.25052,28.59061],[77.25051,28.59076]]]}},{"type":"Feature","properties":{"kind":"building"},"geometry":{"type":"Polygon","coordinates":[[[77.25052,28.58213],[77.25074,28.58228],[77.25078,28.58224],[77.25056,28.58209],[77.25052,28.58213]]]}},{"type":"Feature","properties":{"kind":"building"},"geometry":{"type":"Polygon","coordinates":[[[77.25052,28.59041],[77.25058,28.59041],[77.25058,28.59028],[77.25052,28.59028],[77.25052,28.59041]]]}},{"type":"Feature","properties":{"kind":"building"},"geometry":{"type":"Polygon","coordinates":[[[77.25052,28.59085],[77.25067,28.59085],[77.25068,28.59078],[77.25052,28.59077],[77.25052,28.59085]]]}},{"type":"Feature","properties":{"kind":"building"},"geometry":{"type":"Polygon","coordinates":[[[77.25053,28.58427],[77.25082,28.58445],[77.25087,28.58439],[77.25058,28.58421],[77.25053,28.58427]]]}},{"type":"Feature","properties":{"kind":"building"},"geometry":{"type":"Polygon","coordinates":[[[77.25053,28.59097],[77.25068,28.59097],[77.25068,28.59087],[77.25053,28.59087],[77.25053,28.59097]]]}},{"type":"Feature","properties":{"kind":"building"},"geometry":{"type":"Polygon","coordinates":[[[77.25054,28.58847],[77.25068,28.58841],[77.25064,28.58834],[77.2505,28.5884],[77.25054,28.58847]]]}},{"type":"Feature","properties":{"kind":"building"},"geometry":{"type":"Polygon","coordinates":[[[77.25054,28.59112],[77.2507,28.59112],[77.2507,28.59098],[77.25054,28.59098],[77.25054,28.59112]]]}},{"type":"Feature","properties":{"kind":"building"},"geometry":{"type":"Polygon","coordinates":[[[77.25055,28.57889],[77.25063,28.5789],[77.25063,28.57892],[77.25068,28.57893],[77.25069,28.57891],[77.25081,28.57893],[77.25081,28.57895],[77.25105,28.579],[77.25106,28.57898],[77.25111,28.57899],[77.25113,28.57892],[77.25057,28.57882],[77.25055,28.57889]]]}},{"type":"Feature","properties":{"kind":"building"},"geometry":{"type":"Polygon","coordinates":[[[77.25055,28.58221],[77.25051,28.58225],[77.25067,28.58236],[77.2507,28.58232],[77.25055,28.58221]]]}},{"type":"Feature","properties":{"kind":"building"},"geometry":{"type":"Polygon","coordinates":[[[77.25056,28.58889],[77.25074,28.58889],[77.25074,28.58881],[77.25057,28.5888],[77.25056,28.58889]]]}},{"type":"Feature","properties":{"kind":"building"},"geometry":{"type":"Polygon","coordinates":[[[77.25056,28.58892],[77.25074,28.58892],[77.25074,28.58889],[77.25056,28.58889],[77.25056,28.58892]]]}},{"type":"Feature","properties":{"kind":"building"},"geometry":{"type":"Polygon","coordinates":[[[77.25056,28.5893],[77.25056,28.58937],[77.25072,28.58937],[77.25072,28.5893],[77.25056,28.5893]]]}},{"type":"Feature","properties":{"kind":"building"},"geometry":{"type":"Polygon","coordinates":[[[77.25057,28.58574],[77.25039,28.58592],[77.25053,28.58602],[77.2506,28.58596],[77.25057,28.58594],[77.25067,28.58582],[77.25057,28.58574]]]}},{"type":"Feature","properties":{"kind":"building"},"geometry":{"type":"Polygon","coordinates":[[[77.25057,28.5888],[77.25074,28.58881],[77.25074,28.58872],[77.25058,28.58871],[77.25057,28.5888]]]}},{"type":"Feature","properties":{"kind":"building"},"geometry":{"type":"Polygon","coordinates":[[[77.25059,28.59495],[77.25059,28.59498],[77.25063,28.59501],[77.25067,28.595],[77.2507,28.59497],[77.25069,28.59492],[77.25066,28.59491],[77.25062,28.59491],[77.25059,28.59495]]]}},{"type":"Feature","properties":{"kind":"building"},"geometry":{"type":"Polygon","coordinates":[[[77.25061,28.58865],[77.25071,28.58862],[77.25066,28.58849],[77.25056,28.58852],[77.25061,28.58865]]]}},{"type":"Feature","properties":{"kind":"building"},"geometry":{"type":"Polygon","coordinates":[[[77.25062,28.58157],[77.25055,28.58164],[77.25065,28.58172],[77.25072,28.58164],[77.25062,28.58157]]]}},{"type":"Feature","properties":{"kind":"building"},"geometry":{"type":"Polygon","coordinates":[[[77.25062,28.58261],[77.2508,28.58272],[77.25083,28.58269],[77.25065,28.58257],[77.25062,28.58261]]]}},{"type":"Feature","properties":{"kind":"building"},"geometry":{"type":"Polygon","coordinates":[[[77.25062,28.58921],[77.25062,28.58913],[77.25056,28.58913],[77.25056,28.58921],[77.25062,28.58921]]]}},{"type":"Feature","properties":{"kind":"building"},"geometry":{"type":"Polygon","coordinates":[[[77.25063,28.58201],[77.25084,28.58214],[77.25087,28.5821],[77.25066,28.58197],[77.25063,28.58201]]]}},{"type":"Feature","properties":{"kind":"building"},"geometry":{"type":"Polygon","coordinates":[[[77.25063,28.59042],[77.25073,28.59042],[77.25074,28.5903],[77.25063,28.5903],[77.25063,28.59042]]]}},{"type":"Feature","properties":{"kind":"building"},"geometry":{"type":"Polygon","coordinates":[[[77.25063,28.59484],[77.25063,28.59475],[77.25072,28.59475],[77.25072,28.59484],[77.25063,28.59484]]]}},{"type":"Feature","properties":{"kind":"building"},"geometry":{"type":"Polygon","coordinates":[[[77.25065,28.58129],[77.25073,28.5812],[77.25066,28.58116],[77.25059,28.58125],[77.25065,28.58129]]]}},{"type":"Feature","properties":{"kind":"building"},"geometry":{"type":"Polygon","coordinates":[[[77.25065,28.58172],[77.25076,28.58179],[77.25083,28.58172],[77.25072,28.58164],[77.25065,28.58172]]]}},{"type":"Feature","properties":{"kind":"building"},"geometry":{"type":"Polygon","coordinates":[[[77.25065,28.58295],[77.25083,28.58306],[77.2509,28.58297],[77.25073,28.58286],[77.25065,28.58295]]]}},{"type":"Feature","properties":{"kind":"building"},"geometry":{"type":"Polygon","coordinates":[[[77.25065,28.58486],[77.25082,28.58496],[77.25086,28.5849],[77.25069,28.58481],[77.25065,28.58486]]]}},{"type":"Feature","properties":{"kind":"building"},"geometry":{"type":"Polygon","coordinates":[[[77.25067,28.58196],[77.25089,28.58211],[77.25092,28.58207],[77.25071,28.58192],[77.25067,28.58196]]]}},{"type":"Feature","properties":{"kind":"building"},"geometry":{"type":"Polygon","coordinates":[[[77.25067,28.58406],[77.25096,28.58421],[77.25105,28.58408],[77.25075,28.58393],[77.25067,28.58406]]]}},{"type":"Feature","properties":{"kind":"building"},"geometry":{"type":"Polygon","coordinates":[[[77.25068,28.58257],[77.25083,28.58266],[77.25087,28.58262],[77.25072,28.58252],[77.25068,28.58257]]]}},{"type":"Feature","properties":{"kind":"building"},"geometry":{"type":"Polygon","coordinates":[[[77.25068,28.58537],[77.25083,28.58546],[77.2509,28.58537],[77.25075,28.58528],[77.25068,28.58537]]]}},{"type":"Feature","properties":{"kind":"building"},"geometry":{"type":"Polygon","coordinates":[[[77.25069,28.60202],[77.25076,28.60191],[77.2507,28.60188],[77.25063,28.60199],[77.25069,28.60202]]]}},{"type":"Feature","properties":{"kind":"building"},"geometry":{"type":"Polygon","coordinates":[[[77.25071,28.58913],[77.25071,28.58905],[77.25056,28.58905],[77.25056,28.58913],[77.25071,28.58913]]]}},{"type":"Feature","properties":{"kind":"building"},"geometry":{"type":"Polygon","coordinates":[[[77.25072,28.58897],[77.25074,28.58897],[77.25074,28.58892],[77.25056,28.58892],[77.25056,28.58897],[77.25072,28.58897]]]}},{"type":"Feature","properties":{"kind":"building"},"geometry":{"type":"Polygon","coordinates":[[[77.25072,28.58906],[77.25072,28.58897],[77.25056,28.58897],[77.25056,28.58905],[77.25072,28.58906]]]}},{"type":"Feature","properties":{"kind":"building"},"geometry":{"type":"Polygon","coordinates":[[[77.25072,28.5893],[77.25072,28.58921],[77.25056,28.58921],[77.25056,28.5893],[77.25072,28.5893]]]}},{"type":"Feature","properties":{"kind":"building"},"geometry":{"type":"Polygon","coordinates":[[[77.25072,28.60219],[77.25082,28.60222],[77.25084,28.60216],[77.25073,28.60213],[77.25072,28.60219]]]}},{"type":"Feature","properties":{"kind":"building"},"geometry":{"type":"Polygon","coordinates":[[[77.25074,28.58119],[77.25077,28.58115],[77.25057,28.58103],[77.25054,28.58106],[77.25074,28.58119]]]}},{"type":"Feature","properties":{"kind":"building"},"geometry":{"type":"Polygon","coordinates":[[[77.25074,28.58187],[77.25071,28.58191],[77.25093,28.58205],[77.25096,28.58201],[77.25074,28.58187]]]}},{"type":"Feature","properties":{"kind":"building"},"geometry":{"type":"Polygon","coordinates":[[[77.25076,28.58238],[77.25068,28.58248],[77.25086,28.58259],[77.25094,28.58249],[77.25076,28.58238]]]}},{"type":"Feature","properties":{"kind":"building"},"geometry":{"type":"Polygon","coordinates":[[[77.25077,28.58136],[77.25098,28.5815],[77.25105,28.58141],[77.25084,28.58128],[77.25077,28.58136]]]}},{"type":"Feature","properties":{"kind":"building"},"geometry":{"type":"Polygon","coordinates":[[[77.25077,28.5847],[77.25094,28.5848],[77.25104,28.58468],[77.25087,28.58457],[77.25077,28.5847]]]}},{"type":"Feature","properties":{"kind":"building"},"geometry":{"type":"Polygon","coordinates":[[[77.25077,28.58527],[77.25092,28.58535],[77.251,28.58525],[77.25085,28.58516],[77.25077,28.58527]]]}},{"type":"Feature","properties":{"kind":"building"},"geometry":{"type":"Polygon","coordinates":[[[77.25078,28.58238],[77.25096,28.58249],[77.251,28.58245],[77.25082,28.58234],[77.25078,28.58238]]]}},{"type":"Feature","properties":{"kind":"building"},"geometry":{"type":"Polygon","coordinates":[[[77.25079,28.58184],[77.25089,28.5819],[77.25092,28.58187],[77.25081,28.5818],[77.25079,28.58184]]]}},{"type":"Feature","properties":{"kind":"building"},"geometry":{"type":"Polygon","coordinates":[[[77.25081,28.5811],[77.25061,28.58097],[77.25058,28.58101],[77.25079,28.58114],[77.25081,28.5811]]]}},{"type":"Feature","properties":{"kind":"building"},"geometry":{"type":"Polygon","coordinates":[[[77.25083,28.58712],[77.25123,28.58743],[77.25134,28.58732],[77.25095,28.58701],[77.25083,28.58712]]]}},{"type":"Feature","properties":{"kind":"building"},"geometry":{"type":"Polygon","coordinates":[[[77.25084,28.58233],[77.25102,28.58244],[77.25108,28.58236],[77.25091,28.58225],[77.25084,28.58233]]]}},{"type":"Feature","properties":{"kind":"building"},"geometry":{"type":"Polygon","coordinates":[[[77.25086,28.58516],[77.251,28.58524],[77.25105,28.58518],[77.25091,28.58509],[77.25086,28.58516]]]}},{"type":"Feature","properties":{"kind":"building"},"geometry":{"type":"Polygon","coordinates":[[[77.25087,28.59046],[77.25106,28.59047],[77.25106,28.59034],[77.25087,28.59034],[77.25087,28.59046]]]}},{"type":"Feature","properties":{"kind":"building"},"geometry":{"type":"Polygon","coordinates":[[[77.25088,28.58386],[77.25114,28.58401],[77.25123,28.5839],[77.25096,28.58374],[77.25088,28.58386]]]}},{"type":"Feature","properties":{"kind":"building"},"geometry":{"type":"Polygon","coordinates":[[[77.25089,28.58169],[77.25098,28.58176],[77.25104,28.5817],[77.25095,28.58163],[77.25089,28.58169]]]}},{"type":"Feature","properties":{"kind":"building"},"geometry":{"type":"Polygon","coordinates":[[[77.25089,28.58455],[77.25104,28.58464],[77.25113,28.58453],[77.25098,28.58444],[77.25089,28.58455]]]}},{"type":"Feature","properties":{"kind":"building"},"geometry":{"type":"Polygon","coordinates":[[[77.2509,28.5911],[77.25103,28.59119],[77.2511,28.59119],[77.2511,28.59106],[77.2509,28.59106],[77.2509,28.5911]]]}},{"type":"Feature","properties":{"kind":"building"},"geometry":{"type":"Polygon","coordinates":[[[77.25091,28.58267],[77.25075,28.58287],[77.25091,28.58296],[77.25106,28.58277],[77.25091,28.58267]]]}},{"type":"Feature","properties":{"kind":"building"},"geometry":{"type":"Polygon","coordinates":[[[77.25091,28.58267],[77.25107,28.58277],[77.25122,28.58259],[77.25106,28.58249],[77.25091,28.58267]]]}},{"type":"Feature","properties":{"kind":"building"},"geometry":{"type":"Polygon","coordinates":[[[77.25091,28.58953],[77.25109,28.58954],[77.25109,28.58941],[77.25092,28.58941],[77.25091,28.58953]]]}},{"type":"Feature","properties":{"kind":"building"},"geometry":{"type":"Polygon","coordinates":[[[77.25092,28.58508],[77.25107,28.58517],[77.25114,28.58508],[77.25099,28.58499],[77.25092,28.58508]]]}},{"type":"Feature","properties":{"kind":"building"},"geometry":{"type":"Polygon","coordinates":[[[77.25093,28.57977],[77.25098,28.57969],[77.25065,28.5795],[77.25059,28.57958],[77.25093,28.57977]]]}},{"type":"Feature","properties":{"kind":"building"},"geometry":{"type":"Polygon","coordinates":[[[77.25093,28.58193],[77.25098,28.58197],[77.25101,28.58193],[77.25096,28.58189],[77.25093,28.58193]]]}},{"type":"Feature","properties":{"kind":"building"},"geometry":{"type":"Polygon","coordinates":[[[77.25093,28.58933],[77.25111,28.58933],[77.25112,28.58923],[77.25093,28.58922],[77.25093,28.58933]]]}},{"type":"Feature","properties":{"kind":"building"},"geometry":{"type":"Polygon","coordinates":[[[77.25094,28.58787],[77.25106,28.58807],[77.2512,28.58801],[77.25108,28.58781],[77.25094,28.58787]]]}},{"type":"Feature","properties":{"kind":"building"},"geometry":{"type":"Polygon","coordinates":[[[77.25094,28.58904],[77.25111,28.58905],[77.25111,28.58897],[77.25095,28.58897],[77.25094,28.58904]]]}},{"type":"Feature","properties":{"kind":"building"},"geometry":{"type":"Polygon","coordinates":[[[77.25094,28.58911],[77.25108,28.58911],[77.25108,28.58905],[77.25094,28.58905],[77.25094,28.58911]]]}},{"type":"Feature","properties":{"kind":"building"},"geometry":{"type":"Polygon","coordinates":[[[77.25097,28.58888],[77.25112,28.58888],[77.25112,28.5888],[77.25097,28.5888],[77.25097,28.58888]]]}},{"type":"Feature","properties":{"kind":"building"},"geometry":{"type":"Polygon","coordinates":[[[77.25097,28.58896],[77.25112,28.58896],[77.25112,28.5889],[77.25098,28.5889],[77.25097,28.58896]]]}},{"type":"Feature","properties":{"kind":"building"},"geometry":{"type":"Polygon","coordinates":[[[77.25101,28.58441],[77.25116,28.5845],[77.25121,28.58443],[77.25106,28.58434],[77.25101,28.58441]]]}},{"type":"Feature","properties":{"kind":"building"},"geometry":{"type":"Polygon","coordinates":[[[77.25102,28.58086],[77.25081,28.58073],[77.25074,28.58082],[77.25095,28.58095],[77.25102,28.58086]]]}},{"type":"Feature","properties":{"kind":"building"},"geometry":{"type":"Polygon","coordinates":[[[77.25103,28.58366],[77.2513,28.58382],[77.25142,28.58366],[77.25116,28.5835],[77.25103,28.58366]]]}},{"type":"Feature","properties":{"kind":"building"},"geometry":{"type":"Polygon","coordinates":[[[77.25103,28.58693],[77.2513,28.58715],[77.25139,28.58708],[77.25111,28.58686],[77.25103,28.58693]]]}},{"type":"Feature","properties":{"kind":"building"},"geometry":{"type":"Polygon","coordinates":[[[77.25104,28.59637],[77.25117,28.59638],[77.25117,28.59632],[77.25105,28.59632],[77.25104,28.59637]]]}},{"type":"Feature","properties":{"kind":"building"},"geometry":{"type":"Polygon","coordinates":[[[77.25105,28.58494],[77.25119,28.58503],[77.25125,28.58496],[77.25111,28.58487],[77.25105,28.58494]]]}},{"type":"Feature","properties":{"kind":"building"},"geometry":{"type":"Polygon","coordinates":[[[77.25105,28.59955],[77.25124,28.5995],[77.2512,28.5994],[77.25102,28.59945],[77.25105,28.59955]]]}},{"type":"Feature","properties":{"kind":"building"},"geometry":{"type":"Polygon","coordinates":[[[77.25106,28.58203],[77.25124,28.58215],[77.25127,28.58212],[77.25108,28.582],[77.25106,28.58203]]]}},{"type":"Feature","properties":{"kind":"building"},"geometry":{"type":"Polygon","coordinates":[[[77.25106,28.59046],[77.25116,28.59046],[77.25116,28.59034],[77.25106,28.59034],[77.25106,28.59046]]]}},{"type":"Feature","properties":{"kind":"building"},"geometry":{"type":"Polygon","coordinates":[[[77.25107,28.58188],[77.25086,28.58173],[77.25082,28.58179],[77.25103,28.58193],[77.25107,28.58188]]]}},{"type":"Feature","properties":{"kind":"building"},"geometry":{"type":"Polygon","coordinates":[[[77.2511,28.58432],[77.25127,28.58443],[77.25139,28.58428],[77.25121,28.58418],[77.2511,28.58432]]]}},{"type":"Feature","properties":{"kind":"building"},"geometry":{"type":"Polygon","coordinates":[[[77.25112,28.5816],[77.25124,28.58167],[77.25128,28.58162],[77.25124,28.58159],[77.25127,28.58155],[77.2512,28.58151],[77.25112,28.5816]]]}},{"type":"Feature","properties":{"kind":"building"},"geometry":{"type":"Polygon","coordinates":[[[77.25113,28.58484],[77.25129,28.58493],[77.25134,28.58486],[77.25119,28.58477],[77.25113,28.58484]]]}},{"type":"Feature","properties":{"kind":"building"},"geometry":{"type":"Polygon","coordinates":[[[77.25114,28.58053],[77.25104,28.58046],[77.25099,28.58052],[77.25109,28.58059],[77.25114,28.58053]]]}},{"type":"Feature","properties":{"kind":"building"},"geometry":{"type":"Polygon","coordinates":[[[77.25114,28.58196],[77.2511,28.58201],[77.25127,28.58212],[77.25131,28.58207],[77.25114,28.58196]]]}},{"type":"Feature","properties":{"kind":"building"},"geometry":{"type":"Polygon","coordinates":[[[77.25114,28.58196],[77.2513,28.58206],[77.25135,28.58199],[77.2512,28.5819],[77.25114,28.58196]]]}},{"type":"Feature","properties":{"kind":"building"},"geometry":{"type":"Polygon","coordinates":[[[77.25114,28.58936],[77.25123,28.58937],[77.25123,28.58924],[77.25121,28.58924],[77.25121,28.58922],[77.25115,28.58922],[77.25114,28.58924],[77.25114,28.58936]]]}},{"type":"Feature","properties":{"kind":"building"},"geometry":{"type":"Polygon","coordinates":[[[77.25114,28.59119],[77.25121,28.5912],[77.25122,28.59107],[77.25114,28.59106],[77.25114,28.59119]]]}},{"type":"Feature","properties":{"kind":"building"},"geometry":{"type":"Polygon","coordinates":[[[77.25115,28.57899],[77.25124,28.579],[77.25123,28.57902],[77.2513,28.57904],[77.2513,28.57902],[77.25142,28.57904],[77.25142,28.57906],[77.25147,28.57907],[77.25147,28.57905],[77.2516,28.57907],[77.2516,28.57909],[77.25165,28.5791],[77.25166,28.57908],[77.25171,28.57909],[77.25173,28.57901],[77.25117,28.57892],[77.25115,28.57899]]]}},{"type":"Feature","properties":{"kind":"building"},"geometry":{"type":"Polygon","coordinates":[[[77.25116,28.58236],[77.25133,28.58247],[77.25136,28.58243],[77.2512,28.58232],[77.25116,28.58236]]]}},{"type":"Feature","properties":{"kind":"building"},"geometry":{"type":"Polygon","coordinates":[[[77.25117,28.58781],[77.25123,28.58789],[77.25142,28.58779],[77.25137,28.58771],[77.25117,28.58781]]]}},{"type":"Feature","properties":{"kind":"building"},"geometry":{"type":"Polygon","coordinates":[[[77.25117,28.5891],[77.25134,28.5891],[77.25134,28.58902],[77.25118,28.58902],[77.25117,28.5891]]]}},{"type":"Feature","properties":{"kind":"building"},"geometry":{"type":"Polygon","coordinates":[[[77.25117,28.58953],[77.25126,28.58954],[77.25127,28.5894],[77.25118,28.5894],[77.25117,28.58953]]]}},{"type":"Feature","properties":{"kind":"building"},"geometry":{"type":"Polygon","coordinates":[[[77.25117,28.59047],[77.25125,28.59047],[77.25126,28.59034],[77.25117,28.59034],[77.25117,28.59047]]]}},{"type":"Feature","properties":{"kind":"building"},"geometry":{"type":"Polygon","coordinates":[[[77.25117,28.59647],[77.25125,28.59648],[77.25126,28.59638],[77.25119,28.59637],[77.25117,28.59647]]]}},{"type":"Feature","properties":{"kind":"building"},"geometry":{"type":"Polygon","coordinates":[[[77.25118,28.58894],[77.25134,28.58894],[77.25134,28.58886],[77.25118,28.58885],[77.25118,28.58894]]]}},{"type":"Feature","properties":{"kind":"building"},"geometry":{"type":"Polygon","coordinates":[[[77.25118,28.58902],[77.25134,28.58902],[77.25134,28.58894],[77.25118,28.58894],[77.25118,28.58902]]]}},{"type":"Feature","properties":{"kind":"building"},"geometry":{"type":"Polygon","coordinates":[[[77.25119,28.58853],[77.25116,28.58846],[77.25123,28.58844],[77.25126,28.5885],[77.25119,28.58853]]]}},{"type":"Feature","properties":{"kind":"building"},"geometry":{"type":"Polygon","coordinates":[[[77.25119,28.58883],[77.25121,28.58883],[77.25121,28.58885],[77.25133,28.58886],[77.25133,28.58877],[77.25119,28.58877],[77.25119,28.58883]]]}},{"type":"Feature","properties":{"kind":"building"},"geometry":{"type":"Polygon","coordinates":[[[77.2512,28.58047],[77.2513,28.58053],[77.25132,28.58051],[77.25122,28.58044],[77.2512,28.58047]]]}},{"type":"Feature","properties":{"kind":"building"},"geometry":{"type":"Polygon","coordinates":[[[77.2512,28.58123],[77.25126,28.58116],[77.25112,28.58108],[77.25107,28.58115],[77.2512,28.58123]]]}},{"type":"Feature","properties":{"kind":"building"},"geometry":{"type":"Polygon","coordinates":[[[77.2512,28.58232],[77.25134,28.58241],[77.25139,28.58235],[77.25124,28.58226],[77.2512,28.58232]]]}},{"type":"Feature","properties":{"kind":"building"},"geometry":{"type":"Polygon","coordinates":[[[77.25124,28.57948],[77.25138,28.57953],[77.25143,28.57941],[77.25128,28.57937],[77.25124,28.57948]]]}},{"type":"Feature","properties":{"kind":"building"},"geometry":{"type":"Polygon","coordinates":[[[77.25124,28.5912],[77.25133,28.5912],[77.25133,28.59106],[77.25124,28.59106],[77.25124,28.5912]]]}},{"type":"Feature","properties":{"kind":"building"},"geometry":{"type":"Polygon","coordinates":[[[77.25125,28.58505],[77.25143,28.58518],[77.25155,28.58504],[77.25138,28.58492],[77.25125,28.58505]]]}},{"type":"Feature","properties":{"kind":"building"},"geometry":{"type":"Polygon","coordinates":[[[77.25125,28.58922],[77.25135,28.58922],[77.25134,28.58937],[77.2513,28.58937],[77.2513,28.58936],[77.25123,28.58937],[77.25123,28.58924],[77.25125,28.58922]]]}},{"type":"Feature","properties":{"kind":"building"},"geometry":{"type":"Polygon","coordinates":[[[77.25127,28.58414],[77.25142,28.58423],[77.25149,28.58414],[77.25134,28.58405],[77.25127,28.58414]]]}},{"type":"Feature","properties":{"kind":"building"},"geometry":{"type":"Polygon","coordinates":[[[77.25129,28.58967],[77.25146,28.58967],[77.25147,28.58959],[77.2513,28.58958],[77.25129,28.58967]]]}},{"type":"Feature","properties":{"kind":"building"},"geometry":{"type":"Polygon","coordinates":[[[77.2513,28.58854],[77.25136,28.58851],[77.25129,28.58839],[77.25123,28.58842],[77.2513,28.58854]]]}},{"type":"Feature","properties":{"kind":"building"},"geometry":{"type":"Polygon","coordinates":[[[77.2513,28.59009],[77.25146,28.5901],[77.25146,28.58998],[77.2513,28.58998],[77.2513,28.59009]]]}},{"type":"Feature","properties":{"kind":"building"},"geometry":{"type":"Polygon","coordinates":[[[77.2513,28.59019],[77.25146,28.59019],[77.25146,28.59011],[77.2513,28.59011],[77.2513,28.59019]]]}},{"type":"Feature","properties":{"kind":"building"},"geometry":{"type":"Polygon","coordinates":[[[77.2513,28.59028],[77.25145,28.59028],[77.25146,28.5902],[77.2513,28.5902],[77.2513,28.59028]]]}},{"type":"Feature","properties":{"kind":"building"},"geometry":{"type":"Polygon","coordinates":[[[77.2513,28.59724],[77.25155,28.59725],[77.25157,28.59672],[77.25132,28.59671],[77.2513,28.59724]]]}},{"type":"Feature","properties":{"kind":"building"},"geometry":{"type":"Polygon","coordinates":[[[77.25132,28.58217],[77.25149,28.58227],[77.25156,28.58219],[77.25139,28.58208],[77.25132,28.58217]]]}},{"type":"Feature","properties":{"kind":"building"},"geometry":{"type":"Polygon","coordinates":[[[77.25133,28.58982],[77.25144,28.58983],[77.25144,28.58974],[77.25134,28.58973],[77.25133,28.58982]]]}},{"type":"Feature","properties":{"kind":"building"},"geometry":{"type":"Polygon","coordinates":[[[77.25133,28.5912],[77.25141,28.5912],[77.25142,28.59106],[77.25133,28.59106],[77.25133,28.5912]]]}},{"type":"Feature","properties":{"kind":"building"},"geometry":{"type":"Polygon","coordinates":[[[77.25137,28.58399],[77.25154,28.58411],[77.25158,28.58406],[77.25142,28.58395],[77.25137,28.58399]]]}},{"type":"Feature","properties":{"kind":"building"},"geometry":{"type":"Polygon","coordinates":[[[77.25138,28.58134],[77.25131,28.58142],[77.25141,28.58148],[77.25147,28.5814],[77.25138,28.58134]]]}},{"type":"Feature","properties":{"kind":"building"},"geometry":{"type":"Polygon","coordinates":[[[77.25138,28.58719],[77.25144,28.58724],[77.25183,28.5869],[77.25177,28.58684],[77.25138,28.58719]]]}},{"type":"Feature","properties":{"kind":"building"},"geometry":{"type":"Polygon","coordinates":[[[77.25139,28.58851],[77.25145,28.58851],[77.25145,28.5884],[77.25139,28.5884],[77.25139,28.58851]]]}},{"type":"Feature","properties":{"kind":"building"},"geometry":{"type":"Polygon","coordinates":[[[77.2514,28.58208],[77.25154,28.58217],[77.25159,28.58211],[77.25145,28.58202],[77.2514,28.58208]]]}},{"type":"Feature","properties":{"kind":"building"},"geometry":{"type":"Polygon","coordinates":[[[77.2514,28.58338],[77.25147,28.58342],[77.25154,28.58332],[77.25148,28.58328],[77.2514,28.58338]]]}},{"type":"Feature","properties":{"kind":"building"},"geometry":{"type":"Polygon","coordinates":[[[77.2514,28.58453],[77.25154,28.58462],[77.25167,28.58445],[77.25153,28.58437],[77.2514,28.58453]]]}},{"type":"Feature","properties":{"kind":"building"},"geometry":{"type":"Polygon","coordinates":[[[77.25142,28.58097],[77.25151,28.58086],[77.25133,28.58074],[77.25124,28.58085],[77.25142,28.58097]]]}},{"type":"Feature","properties":{"kind":"building"},"geometry":{"type":"Polygon","coordinates":[[[77.25142,28.60744],[77.2514,28.60769],[77.25134,28.60769],[77.25132,28.60805],[77.25115,28.60804],[77.25125,28.6065],[77.25149,28.60651],[77.25142,28.60744]]]}},{"type":"Feature","properties":{"kind":"building"},"geometry":{"type":"Polygon","coordinates":[[[77.25143,28.58923],[77.25143,28.58922],[77.25135,28.58922],[77.25134,28.58936],[77.25143,28.58936],[77.25143,28.58923]]]}},{"type":"Feature","properties":{"kind":"building"},"geometry":{"type":"Polygon","coordinates":[[[77.25143,28.58936],[77.25153,28.58936],[77.25153,28.58924],[77.25143,28.58923],[77.25143,28.58936]]]}},{"type":"Feature","properties":{"kind":"building"},"geometry":{"type":"Polygon","coordinates":[[[77.25144,28.58392],[77.2516,28.58404],[77.25163,28.584],[77.25147,28.58389],[77.25144,28.58392]]]}},{"type":"Feature","properties":{"kind":"building"},"geometry":{"type":"Polygon","coordinates":[[[77.25148,28.58365],[77.25139,28.58376],[77.25146,28.58381],[77.25155,28.5837],[77.25148,28.58365]]]}},{"type":"Feature","properties":{"kind":"building"},"geometry":{"type":"Polygon","coordinates":[[[77.25148,28.58388],[77.25163,28.58399],[77.25167,28.58395],[77.25152,28.58384],[77.25148,28.58388]]]}},{"type":"Feature","properties":{"kind":"building"},"geometry":{"type":"Polygon","coordinates":[[[77.25148,28.58478],[77.25165,28.58488],[77.25177,28.5847],[77.25161,28.58461],[77.25148,28.58478]]]}},{"type":"Feature","properties":{"kind":"building"},"geometry":{"type":"Polygon","coordinates":[[[77.25149,28.59097],[77.25163,28.59097],[77.25163,28.59089],[77.25149,28.59089],[77.25149,28.59097]]]}},{"type":"Feature","properties":{"kind":"building"},"geometry":{"type":"Polygon","coordinates":[[[77.25149,28.59104],[77.25162,28.59104],[77.25162,28.59099],[77.25149,28.59098],[77.25149,28.59104]]]}},{"type":"Feature","properties":{"kind":"building"},"geometry":{"type":"Polygon","coordinates":[[[77.2515,28.58383],[77.25168,28.58394],[77.25171,28.5839],[77.25154,28.58378],[77.2515,28.58383]]]}},{"type":"Feature","properties":{"kind":"building"},"geometry":{"type":"Polygon","coordinates":[[[77.2515,28.58852],[77.25156,28.58852],[77.25156,28.5884],[77.2515,28.5884],[77.2515,28.58852]]]}},{"type":"Feature","properties":{"kind":"building"},"geometry":{"type":"Polygon","coordinates":[[[77.2515,28.59087],[77.25163,28.59087],[77.25163,28.59081],[77.2515,28.59081],[77.2515,28.59087]]]}},{"type":"Feature","properties":{"kind":"building"},"geometry":{"type":"Polygon","coordinates":[[[77.25151,28.58986],[77.25167,28.58986],[77.25167,28.58981],[77.25151,28.5898],[77.25151,28.58986]]]}},{"type":"Feature","properties":{"kind":"building"},"geometry":{"type":"Polygon","coordinates":[[[77.25151,28.59118],[77.2516,28.59118],[77.2516,28.59108],[77.25151,28.59108],[77.25151,28.59118]]]}},{"type":"Feature","properties":{"kind":"building"},"geometry":{"type":"Polygon","coordinates":[[[77.25153,28.58973],[77.25168,28.58973],[77.25168,28.58959],[77.25153,28.58959],[77.25153,28.58973]]]}},{"type":"Feature","properties":{"kind":"building"},"geometry":{"type":"Polygon","coordinates":[[[77.25153,28.59018],[77.25167,28.59019],[77.25167,28.59012],[77.25153,28.59011],[77.25153,28.59018]]]}},{"type":"Feature","properties":{"kind":"building"},"geometry":{"type":"Polygon","coordinates":[[[77.25153,28.59028],[77.25167,28.59028],[77.25167,28.59021],[77.25153,28.5902],[77.25153,28.59028]]]}},{"type":"Feature","properties":{"kind":"building"},"geometry":{"type":"Polygon","coordinates":[[[77.25153,28.59079],[77.25163,28.59079],[77.25164,28.5907],[77.25153,28.5907],[77.25153,28.59079]]]}},{"type":"Feature","properties":{"kind":"building"},"geometry":{"type":"Polygon","coordinates":[[[77.25154,28.58756],[77.2516,28.58766],[77.25179,28.58762],[77.25176,28.58752],[77.25171,28.58754],[77.25169,28.5875],[77.25154,28.58756]]]}},{"type":"Feature","properties":{"kind":"building"},"geometry":{"type":"Polygon","coordinates":[[[77.25154,28.59009],[77.25167,28.59009],[77.25168,28.58999],[77.25155,28.58998],[77.25154,28.59009]]]}},{"type":"Feature","properties":{"kind":"building"},"geometry":{"type":"Polygon","coordinates":[[[77.25155,28.58378],[77.2517,28.58389],[77.25173,28.58386],[77.25157,28.58375],[77.25155,28.58378]]]}},{"type":"Feature","properties":{"kind":"building"},"geometry":{"type":"Polygon","coordinates":[[[77.25155,28.58434],[77.2517,28.58443],[77.25191,28.58416],[77.25176,28.58407],[77.25155,28.58434]]]}},{"type":"Feature","properties":{"kind":"building"},"geometry":{"type":"Polygon","coordinates":[[[77.25156,28.58339],[77.25161,28.58334],[77.25157,28.58331],[77.25153,28.58337],[77.25156,28.58339]]]}},{"type":"Feature","properties":{"kind":"building"},"geometry":{"type":"Polygon","coordinates":[[[77.25156,28.58861],[77.25147,28.58861],[77.25147,28.58874],[77.25156,28.58875],[77.25156,28.58861]]]}},{"type":"Feature","properties":{"kind":"building"},"geometry":{"type":"Polygon","coordinates":[[[77.25156,28.58875],[77.25165,28.58875],[77.25165,28.58861],[77.25156,28.58861],[77.25156,28.58875]]]}},{"type":"Feature","properties":{"kind":"building"},"geometry":{"type":"Polygon","coordinates":[[[77.25159,28.58853],[77.25166,28.58854],[77.25166,28.58839],[77.2516,28.58839],[77.25159,28.58853]]]}},{"type":"Feature","properties":{"kind":"building"},"geometry":{"type":"Polygon","coordinates":[[[77.2516,28.58372],[77.25158,28.58374],[77.25174,28.58385],[77.25176,28.58383],[77.2516,28.58372]]]}},{"type":"Feature","properties":{"kind":"building"},"geometry":{"type":"Polygon","coordinates":[[[77.25162,28.58934],[77.25167,28.58934],[77.25167,28.58936],[77.25171,28.58936],[77.25172,28.58924],[77.25162,28.58923],[77.25162,28.58934]]]}},{"type":"Feature","properties":{"kind":"building"},"geometry":{"type":"Polygon","coordinates":[[[77.25163,28.58339],[77.25171,28.58329],[77.25168,28.58327],[77.25159,28.58337],[77.25163,28.58339]]]}},{"type":"Feature","properties":{"kind":"building"},"geometry":{"type":"Polygon","coordinates":[[[77.25167,28.58342],[77.25174,28.58335],[77.2517,28.58332],[77.25164,28.5834],[77.25167,28.58342]]]}},{"type":"Feature","properties":{"kind":"building"},"geometry":{"type":"Polygon","coordinates":[[[77.25167,28.58456],[77.25181,28.58465],[77.25188,28.58456],[77.25173,28.58448],[77.25167,28.58456]]]}},{"type":"Feature","properties":{"kind":"building"},"geometry":{"type":"Polygon","coordinates":[[[77.25167,28.58794],[77.25185,28.58794],[77.25185,28.58777],[77.25167,28.58776],[77.25167,28.58794]]]}},{"type":"Feature","properties":{"kind":"building"},"geometry":{"type":"Polygon","coordinates":[[[77.25168,28.58853],[77.25177,28.58853],[77.25177,28.58841],[77.25168,28.58841],[77.25168,28.58853]]]}},{"type":"Feature","properties":{"kind":"building"},"geometry":{"type":"Polygon","coordinates":[[[77.25171,28.58955],[77.25184,28.58955],[77.25185,28.58944],[77.25171,28.58943],[77.25171,28.58955]]]}},{"type":"Feature","properties":{"kind":"building"},"geometry":{"type":"Polygon","coordinates":[[[77.25171,28.59043],[77.25179,28.59043],[77.25179,28.59031],[77.25172,28.59031],[77.25171,28.59043]]]}},{"type":"Feature","properties":{"kind":"building"},"geometry":{"type":"Polygon","coordinates":[[[77.25172,28.59064],[77.25179,28.59064],[77.2518,28.59052],[77.25173,28.59052],[77.25172,28.59064]]]}},{"type":"Feature","properties":{"kind":"building"},"geometry":{"type":"Polygon","coordinates":[[[77.25174,28.58875],[77.25183,28.58876],[77.25183,28.58862],[77.25175,28.58862],[77.25174,28.58875]]]}},{"type":"Feature","properties":{"kind":"building"},"geometry":{"type":"Polygon","coordinates":[[[77.25175,28.58445],[77.2519,28.58454],[77.25195,28.58448],[77.2518,28.58439],[77.25175,28.58445]]]}},{"type":"Feature","properties":{"kind":"building"},"geometry":{"type":"Polygon","coordinates":[[[77.25175,28.58862],[77.25174,28.58875],[77.25165,28.58875],[77.25165,28.58861],[77.25175,28.58862]]]}},{"type":"Feature","properties":{"kind":"building"},"geometry":{"type":"Polygon","coordinates":[[[77.25175,28.59673],[77.25185,28.59674],[77.25186,28.59664],[77.25176,28.59663],[77.25175,28.59673]]]}},{"type":"Feature","properties":{"kind":"building"},"geometry":{"type":"Polygon","coordinates":[[[77.25177,28.58333],[77.25171,28.5834],[77.25177,28.58343],[77.25183,28.58337],[77.25177,28.58333]]]}},{"type":"Feature","properties":{"kind":"building"},"geometry":{"type":"Polygon","coordinates":[[[77.25177,28.58934],[77.25177,28.58936],[77.25183,28.58937],[77.25184,28.58923],[77.25174,28.58923],[77.25174,28.58934],[77.25177,28.58934]]]}},{"type":"Feature","properties":{"kind":"building"},"geometry":{"type":"Polygon","coordinates":[[[77.25178,28.58852],[77.25186,28.58852],[77.25186,28.58838],[77.25178,28.58838],[77.25178,28.58852]]]}},{"type":"Feature","properties":{"kind":"building"},"geometry":{"type":"Polygon","coordinates":[[[77.25179,28.58405],[77.25193,28.58413],[77.25203,28.58401],[77.25189,28.58393],[77.25179,28.58405]]]}},{"type":"Feature","properties":{"kind":"building"},"geometry":{"type":"Polygon","coordinates":[[[77.25179,28.59043],[77.25186,28.59043],[77.25186,28.59031],[77.25179,28.59031],[77.25179,28.59043]]]}},{"type":"Feature","properties":{"kind":"building"},"geometry":{"type":"Polygon","coordinates":[[[77.25179,28.59064],[77.25187,28.59065],[77.25187,28.59053],[77.2518,28.59052],[77.25179,28.59064]]]}},{"type":"Feature","properties":{"kind":"building"},"geometry":{"type":"Polygon","coordinates":[[[77.25181,28.58437],[77.25197,28.58447],[77.25202,28.5844],[77.25187,28.58431],[77.25181,28.58437]]]}},{"type":"Feature","properties":{"kind":"building"},"geometry":{"type":"Polygon","coordinates":[[[77.25183,28.58348],[77.25196,28.58355],[77.25201,28.58349],[77.25188,28.58342],[77.25183,28.58348]]]}},{"type":"Feature","properties":{"kind":"building"},"geometry":{"type":"Polygon","coordinates":[[[77.25183,28.58877],[77.25192,28.58877],[77.25193,28.58862],[77.25183,28.58862],[77.25183,28.58877]]]}},{"type":"Feature","properties":{"kind":"building"},"geometry":{"type":"Polygon","coordinates":[[[77.25183,28.59503],[77.25192,28.59507],[77.25196,28.59499],[77.25188,28.59495],[77.25183,28.59503]]]}},{"type":"Feature","properties":{"kind":"building"},"geometry":{"type":"Polygon","coordinates":[[[77.2519,28.58428],[77.25205,28.58437],[77.2521,28.5843],[77.25195,28.58421],[77.2519,28.58428]]]}},{"type":"Feature","properties":{"kind":"building"},"geometry":{"type":"Polygon","coordinates":[[[77.2519,28.58853],[77.25196,28.58853],[77.25196,28.58843],[77.25191,28.58843],[77.2519,28.58853]]]}},{"type":"Feature","properties":{"kind":"building"},"geometry":{"type":"Polygon","coordinates":[[[77.2519,28.58955],[77.25204,28.58955],[77.25204,28.58943],[77.2519,28.58943],[77.2519,28.58955]]]}},{"type":"Feature","properties":{"kind":"building"},"geometry":{"type":"Polygon","coordinates":[[[77.2519,28.59043],[77.25198,28.59044],[77.25198,28.59031],[77.2519,28.59031],[77.2519,28.59043]]]}},{"type":"Feature","properties":{"kind":"building"},"geometry":{"type":"Polygon","coordinates":[[[77.25192,28.58207],[77.2521,28.5822],[77.25221,28.58207],[77.25212,28.58201],[77.2521,28.58204],[77.252,28.58197],[77.25192,28.58207]]]}},{"type":"Feature","properties":{"kind":"building"},"geometry":{"type":"Polygon","coordinates":[[[77.25192,28.58924],[77.25184,28.58923],[77.25183,28.58937],[77.25192,28.58937],[77.25192,28.58924]]]}},{"type":"Feature","properties":{"kind":"building"},"geometry":{"type":"Polygon","coordinates":[[[77.25192,28.58937],[77.25202,28.58937],[77.25202,28.58924],[77.25192,28.58924],[77.25192,28.58937]]]}},{"type":"Feature","properties":{"kind":"building"},"geometry":{"type":"Polygon","coordinates":[[[77.25192,28.59064],[77.25199,28.59064],[77.25199,28.59053],[77.25192,28.59053],[77.25192,28.59064]]]}},{"type":"Feature","properties":{"kind":"building"},"geometry":{"type":"Polygon","coordinates":[[[77.25193,28.58862],[77.252,28.58862],[77.25206,28.58867],[77.25204,28.58869],[77.25201,28.58868],[77.252,28.5887],[77.25204,28.58873],[77.25198,28.58878],[77.25192,28.58875],[77.25193,28.58862]]]}},{"type":"Feature","properties":{"kind":"building"},"geometry":{"type":"Polygon","coordinates":[[[77.25194,28.58334],[77.25188,28.58341],[77.25201,28.58349],[77.25207,28.58342],[77.25194,28.58334]]]}},{"type":"Feature","properties":{"kind":"building"},"geometry":{"type":"Polygon","coordinates":[[[77.25196,28.58764],[77.25213,28.58761],[77.25209,28.58746],[77.25205,28.58747],[77.25203,28.58739],[77.25191,28.58741],[77.25196,28.58764]]]}},{"type":"Feature","properties":{"kind":"building"},"geometry":{"type":"Polygon","coordinates":[[[77.25196,28.5949],[77.25197,28.59482],[77.25238,28.59484],[77.25238,28.59491],[77.25196,28.5949]]]}},{"type":"Feature","properties":{"kind":"building"},"geometry":{"type":"Polygon","coordinates":[[[77.25198,28.57965],[77.25213,28.57972],[77.25217,28.57964],[77.25202,28.57958],[77.25198,28.57965]]]}},{"type":"Feature","properties":{"kind":"building"},"geometry":{"type":"Polygon","coordinates":[[[77.25198,28.58177],[77.25215,28.58181],[77.25217,28.58176],[77.25199,28.58172],[77.25198,28.58177]]]}},{"type":"Feature","properties":{"kind":"building"},"geometry":{"type":"Polygon","coordinates":[[[77.25198,28.58419],[77.25212,28.58427],[77.2522,28.58417],[77.25206,28.58409],[77.25198,28.58419]]]}},{"type":"Feature","properties":{"kind":"building"},"geometry":{"type":"Polygon","coordinates":[[[77.25198,28.59044],[77.25206,28.59044],[77.25206,28.59031],[77.25198,28.59031],[77.25198,28.59044]]]}},{"type":"Feature","properties":{"kind":"building"},"geometry":{"type":"Polygon","coordinates":[[[77.25199,28.58878],[77.25207,28.58883],[77.25215,28.58874],[77.25209,28.58869],[77.25199,28.58878]]]}},{"type":"Feature","properties":{"kind":"building"},"geometry":{"type":"Polygon","coordinates":[[[77.25199,28.59064],[77.25206,28.59064],[77.25206,28.59053],[77.25199,28.59053],[77.25199,28.59064]]]}},{"type":"Feature","properties":{"kind":"building"},"geometry":{"type":"Polygon","coordinates":[[[77.252,28.58852],[77.25208,28.58852],[77.25208,28.58843],[77.252,28.58843],[77.252,28.58852]]]}},{"type":"Feature","properties":{"kind":"building"},"geometry":{"type":"Polygon","coordinates":[[[77.25202,28.58937],[77.25211,28.58938],[77.25211,28.58924],[77.25202,28.58924],[77.25202,28.58937]]]}},{"type":"Feature","properties":{"kind":"building"},"geometry":{"type":"Polygon","coordinates":[[[77.25203,28.58168],[77.25202,28.58171],[77.25219,28.58175],[77.2522,28.58171],[77.25203,28.58168]]]}},{"type":"Feature","properties":{"kind":"building"},"geometry":{"type":"Polygon","coordinates":[[[77.25203,28.58168],[77.2522,28.58171],[77.25221,28.58168],[77.25203,28.58164],[77.25203,28.58168]]]}},{"type":"Feature","properties":{"kind":"building"},"geometry":{"type":"Polygon","coordinates":[[[77.25203,28.59239],[77.25203,28.59215],[77.25177,28.59215],[77.25176,28.59239],[77.25203,28.59239]]]}},{"type":"Feature","properties":{"kind":"building"},"geometry":{"type":"Polygon","coordinates":[[[77.25204,28.58382],[77.25214,28.58388],[77.25218,28.58383],[77.25209,28.58376],[77.25204,28.58382]]]}},{"type":"Feature","properties":{"kind":"building"},"geometry":{"type":"Polygon","coordinates":[[[77.25204,28.58885],[77.25214,28.58893],[77.25224,28.58885],[77.25213,28.58876],[77.25204,28.58885]]]}},{"type":"Feature","properties":{"kind":"building"},"geometry":{"type":"Polygon","coordinates":[[[77.25206,28.58859],[77.25214,28.58864],[77.25224,28.58854],[77.25216,28.58848],[77.25206,28.58859]]]}},{"type":"Feature","properties":{"kind":"building"},"geometry":{"type":"Polygon","coordinates":[[[77.25207,28.58154],[77.25222,28.58157],[77.25222,28.58154],[77.25207,28.58151],[77.25207,28.58154]]]}},{"type":"Feature","properties":{"kind":"building"},"geometry":{"type":"Polygon","coordinates":[[[77.25207,28.58765],[77.2521,28.58769],[77.25233,28.5877],[77.25233,28.58772],[77.25241,28.58772],[77.25241,28.58766],[77.25232,28.58751],[77.25207,28.58765]]]}},{"type":"Feature","properties":{"kind":"building"},"geometry":{"type":"Polygon","coordinates":[[[77.25207,28.59009],[77.25207,28.59019],[77.25226,28.59019],[77.25226,28.59009],[77.25207,28.59009]]]}},{"type":"Feature","properties":{"kind":"building"},"geometry":{"type":"Polygon","coordinates":[[[77.25207,28.59019],[77.25207,28.59029],[77.25226,28.59029],[77.25226,28.59019],[77.25207,28.59019]]]}},{"type":"Feature","properties":{"kind":"building"},"geometry":{"type":"Polygon","coordinates":[[[77.25207,28.59108],[77.25222,28.59108],[77.25223,28.59102],[77.25207,28.59102],[77.25207,28.59108]]]}},{"type":"Feature","properties":{"kind":"building"},"geometry":{"type":"Polygon","coordinates":[[[77.25207,28.59119],[77.25222,28.59119],[77.25223,28.5911],[77.25207,28.59109],[77.25207,28.59119]]]}},{"type":"Feature","properties":{"kind":"building"},"geometry":{"type":"Polygon","coordinates":[[[77.25208,28.58999],[77.25207,28.59009],[77.25226,28.59009],[77.25226,28.58999],[77.25208,28.58999]]]}},{"type":"Feature","properties":{"kind":"building"},"geometry":{"type":"Polygon","coordinates":[[[77.25208,28.59084],[77.25208,28.59091],[77.25223,28.59092],[77.25223,28.59084],[77.25208,28.59084]]]}},{"type":"Feature","properties":{"kind":"building"},"geometry":{"type":"Polygon","coordinates":[[[77.25208,28.591],[77.25223,28.591],[77.25223,28.59094],[77.25208,28.59094],[77.25208,28.591]]]}},{"type":"Feature","properties":{"kind":"building"},"geometry":{"type":"Polygon","coordinates":[[[77.25209,28.59075],[77.25208,28.59084],[77.25223,28.59084],[77.25224,28.59076],[77.25209,28.59075]]]}},{"type":"Feature","properties":{"kind":"building"},"geometry":{"type":"Polygon","coordinates":[[[77.2521,28.58285],[77.25234,28.58303],[77.25242,28.58295],[77.25218,28.58277],[77.2521,28.58285]]]}},{"type":"Feature","properties":{"kind":"building"},"geometry":{"type":"Polygon","coordinates":[[[77.2521,28.5834],[77.25226,28.58352],[77.25235,28.58341],[77.25219,28.5833],[77.2521,28.5834]]]}},{"type":"Feature","properties":{"kind":"building"},"geometry":{"type":"Polygon","coordinates":[[[77.2521,28.58788],[77.2521,28.58772],[77.25232,28.58773],[77.25231,28.58789],[77.2521,28.58788]]]}},{"type":"Feature","properties":{"kind":"building"},"geometry":{"type":"Polygon","coordinates":[[[77.25211,28.58904],[77.25213,28.58896],[77.2523,28.58897],[77.25229,28.58905],[77.25211,28.58904]]]}},{"type":"Feature","properties":{"kind":"building"},"geometry":{"type":"Polygon","coordinates":[[[77.25211,28.58924],[77.2522,28.58924],[77.2522,28.58938],[77.25211,28.58938],[77.25211,28.58924]]]}},{"type":"Feature","properties":{"kind":"building"},"geometry":{"type":"Polygon","coordinates":[[[77.25212,28.5814],[77.25226,28.58151],[77.25228,28.58149],[77.25214,28.58138],[77.25212,28.5814]]]}},{"type":"Feature","properties":{"kind":"building"},"geometry":{"type":"Polygon","coordinates":[[[77.25213,28.58912],[77.25213,28.58904],[77.25228,28.58905],[77.25229,28.58913],[77.25213,28.58912]]]}},{"type":"Feature","properties":{"kind":"building"},"geometry":{"type":"Polygon","coordinates":[[[77.25213,28.58973],[77.25226,28.58973],[77.25226,28.5896],[77.25213,28.58959],[77.25213,28.58973]]]}},{"type":"Feature","properties":{"kind":"building"},"geometry":{"type":"Polygon","coordinates":[[[77.25214,28.58987],[77.25226,28.58987],[77.25226,28.58976],[77.25214,28.58976],[77.25214,28.58987]]]}},{"type":"Feature","properties":{"kind":"building"},"geometry":{"type":"Polygon","coordinates":[[[77.25216,28.58397],[77.25234,28.58408],[77.25246,28.58392],[77.25228,28.58381],[77.25216,28.58397]]]}},{"type":"Feature","properties":{"kind":"building"},"geometry":{"type":"Polygon","coordinates":[[[77.25216,28.59565],[77.25248,28.59567],[77.25249,28.59552],[77.25217,28.59551],[77.25216,28.59565]]]}},{"type":"Feature","properties":{"kind":"building"},"geometry":{"type":"Polygon","coordinates":[[[77.25217,28.58369],[77.25223,28.58373],[77.25226,28.5837],[77.2522,28.58367],[77.25217,28.58369]]]}},{"type":"Feature","properties":{"kind":"building"},"geometry":{"type":"Polygon","coordinates":[[[77.25218,28.58366],[77.25226,28.5837],[77.25232,28.58362],[77.25225,28.58357],[77.25218,28.58366]]]}},{"type":"Feature","properties":{"kind":"building"},"geometry":{"type":"Polygon","coordinates":[[[77.25218,28.58757],[77.25212,28.58749],[77.25216,28.58747],[77.25207,28.58733],[77.25215,28.58729],[77.25231,28.5875],[77.25218,28.58757]]]}},{"type":"Feature","properties":{"kind":"building"},"geometry":{"type":"Polygon","coordinates":[[[77.25218,28.58869],[77.25225,28.58874],[77.25234,28.58862],[77.25227,28.58858],[77.25218,28.58869]]]}},{"type":"Feature","properties":{"kind":"building"},"geometry":{"type":"Polygon","coordinates":[[[77.2522,28.58938],[77.25229,28.58938],[77.25229,28.58925],[77.2522,28.58924],[77.2522,28.58938]]]}},{"type":"Feature","properties":{"kind":"building"},"geometry":{"type":"Polygon","coordinates":[[[77.25221,28.58168],[77.25222,28.58165],[77.25204,28.58161],[77.25203,28.58164],[77.25221,28.58168]]]}},{"type":"Feature","properties":{"kind":"building"},"geometry":{"type":"Polygon","coordinates":[[[77.25222,28.5815],[77.25209,28.58147],[77.25208,28.5815],[77.25221,28.58153],[77.25222,28.5815]]]}},{"type":"Feature","properties":{"kind":"building"},"geometry":{"type":"Polygon","coordinates":[[[77.25223,28.58896],[77.25229,28.58897],[77.25229,28.5889],[77.25223,28.58885],[77.25218,28.5889],[77.25223,28.58893],[77.25223,28.58896]]]}},{"type":"Feature","properties":{"kind":"building"},"geometry":{"type":"Polygon","coordinates":[[[77.25226,28.58824],[77.25238,28.58825],[77.2524,28.58806],[77.25227,28.58805],[77.25226,28.58824]]]}},{"type":"Feature","properties":{"kind":"building"},"geometry":{"type":"Polygon","coordinates":[[[77.25226,28.58876],[77.2524,28.58887],[77.2525,28.58876],[77.25237,28.58865],[77.25226,28.58876]]]}},{"type":"Feature","properties":{"kind":"building"},"geometry":{"type":"Polygon","coordinates":[[[77.25229,28.58089],[77.25243,28.58095],[77.25244,28.58092],[77.2523,28.58086],[77.25229,28.58089]]]}},{"type":"Feature","properties":{"kind":"building"},"geometry":{"type":"Polygon","coordinates":[[[77.2523,28.58113],[77.25249,28.58118],[77.25248,28.58109],[77.25231,28.58111],[77.2523,28.58113]]]}},{"type":"Feature","properties":{"kind":"building"},"geometry":{"type":"Polygon","coordinates":[[[77.25231,28.58379],[77.25247,28.58388],[77.25256,28.58377],[77.2524,28.58368],[77.25231,28.58379]]]}},{"type":"Feature","properties":{"kind":"building"},"geometry":{"type":"Polygon","coordinates":[[[77.25231,28.5912],[77.25245,28.5912],[77.25246,28.59112],[77.25231,28.59111],[77.25231,28.5912]]]}},{"type":"Feature","properties":{"kind":"building"},"geometry":{"type":"Polygon","coordinates":[[[77.25232,28.58145],[77.25234,28.58142],[77.2522,28.58131],[77.25217,28.58134],[77.25232,28.58145]]]}},{"type":"Feature","properties":{"kind":"building"},"geometry":{"type":"Polygon","coordinates":[[[77.25233,28.58146],[77.25235,28.5816],[77.25237,28.5816],[77.25235,28.58146],[77.25233,28.58146]]]}},{"type":"Feature","properties":{"kind":"building"},"geometry":{"type":"Polygon","coordinates":[[[77.25233,28.58156],[77.25224,28.58156],[77.25224,28.5816],[77.25234,28.58159],[77.25233,28.58156]]]}},{"type":"Feature","properties":{"kind":"building"},"geometry":{"type":"Polygon","coordinates":[[[77.25233,28.59081],[77.25248,28.59081],[77.25248,28.59073],[77.25233,28.59073],[77.25233,28.59081]]]}},{"type":"Feature","properties":{"kind":"building"},"geometry":{"type":"Polygon","coordinates":[[[77.25233,28.59098],[77.25246,28.59099],[77.25246,28.5909],[77.25233,28.5909],[77.25233,28.59098]]]}},{"type":"Feature","properties":{"kind":"building"},"geometry":{"type":"Polygon","coordinates":[[[77.25233,28.59108],[77.25247,28.59108],[77.25247,28.59101],[77.25233,28.59101],[77.25233,28.59108]]]}},{"type":"Feature","properties":{"kind":"building"},"geometry":{"type":"Polygon","coordinates":[[[77.25234,28.58159],[77.25224,28.5816],[77.25224,28.58163],[77.25234,28.58163],[77.25234,28.58159]]]}},{"type":"Feature","properties":{"kind":"building"},"geometry":{"type":"Polygon","coordinates":[[[77.25234,28.59062],[77.25249,28.59062],[77.25249,28.59057],[77.25234,28.59056],[77.25234,28.59062]]]}},{"type":"Feature","properties":{"kind":"building"},"geometry":{"type":"Polygon","coordinates":[[[77.25234,28.5907],[77.25248,28.59071],[77.25248,28.59064],[77.25234,28.59063],[77.25234,28.5907]]]}},{"type":"Feature","properties":{"kind":"building"},"geometry":{"type":"Polygon","coordinates":[[[77.25235,28.58166],[77.25234,28.58163],[77.25222,28.58164],[77.25223,28.58167],[77.25235,28.58166]]]}},{"type":"Feature","properties":{"kind":"building"},"geometry":{"type":"Polygon","coordinates":[[[77.25235,28.5817],[77.25235,28.58166],[77.25222,28.58167],[77.25223,28.5817],[77.25235,28.5817]]]}},{"type":"Feature","properties":{"kind":"building"},"geometry":{"type":"Polygon","coordinates":[[[77.25236,28.58173],[77.25236,28.5817],[77.25223,28.58171],[77.25223,28.58174],[77.25236,28.58173]]]}},{"type":"Feature","properties":{"kind":"building"},"geometry":{"type":"Polygon","coordinates":[[[77.25236,28.58949],[77.25254,28.5895],[77.25254,28.58938],[77.25237,28.58938],[77.25236,28.58949]]]}},{"type":"Feature","properties":{"kind":"building"},"geometry":{"type":"Polygon","coordinates":[[[77.25236,28.59055],[77.2525,28.59055],[77.2525,28.59045],[77.25236,28.59045],[77.25236,28.59055]]]}},{"type":"Feature","properties":{"kind":"building"},"geometry":{"type":"Polygon","coordinates":[[[77.25237,28.58176],[77.25237,28.58173],[77.25223,28.58174],[77.25223,28.58177],[77.25237,28.58176]]]}},{"type":"Feature","properties":{"kind":"building"},"geometry":{"type":"Polygon","coordinates":[[[77.25237,28.58179],[77.25237,28.58177],[77.25223,28.58178],[77.25223,28.5818],[77.25237,28.58179]]]}},{"type":"Feature","properties":{"kind":"building"},"geometry":{"type":"Polygon","coordinates":[[[77.25237,28.58189],[77.25237,28.58185],[77.25223,28.58186],[77.25224,28.5819],[77.25237,28.58189]]]}},{"type":"Feature","properties":{"kind":"building"},"geometry":{"type":"Polygon","coordinates":[[[77.25237,28.5818],[77.25223,28.5818],[77.25223,28.58185],[77.25237,28.58184],[77.25237,28.5818]]]}},{"type":"Feature","properties":{"kind":"building"},"geometry":{"type":"Polygon","coordinates":[[[77.25237,28.58973],[77.25253,28.58973],[77.25254,28.58954],[77.25237,28.58953],[77.25237,28.58973]]]}},{"type":"Feature","properties":{"kind":"building"},"geometry":{"type":"Polygon","coordinates":[[[77.25237,28.59017],[77.25248,28.59017],[77.25249,28.59004],[77.25237,28.59004],[77.25237,28.59017]]]}},{"type":"Feature","properties":{"kind":"building"},"geometry":{"type":"Polygon","coordinates":[[[77.25237,28.59039],[77.25252,28.5904],[77.25252,28.59029],[77.25237,28.59029],[77.25237,28.59039]]]}},{"type":"Feature","properties":{"kind":"building"},"geometry":{"type":"Polygon","coordinates":[[[77.25238,28.58162],[77.25246,28.58162],[77.25246,28.58153],[77.25237,28.58153],[77.25238,28.58162]]]}},{"type":"Feature","properties":{"kind":"building"},"geometry":{"type":"Polygon","coordinates":[[[77.25238,28.58909],[77.25254,28.58909],[77.25255,28.5889],[77.25239,28.58889],[77.25238,28.58909]]]}},{"type":"Feature","properties":{"kind":"building"},"geometry":{"type":"Polygon","coordinates":[[[77.25238,28.58925],[77.25237,28.58933],[77.25254,28.58934],[77.25254,28.58926],[77.25238,28.58925]]]}},{"type":"Feature","properties":{"kind":"building"},"geometry":{"type":"Polygon","coordinates":[[[77.25239,28.60154],[77.25248,28.60155],[77.2525,28.60142],[77.25242,28.60141],[77.25239,28.60154]]]}},{"type":"Feature","properties":{"kind":"building"},"geometry":{"type":"Polygon","coordinates":[[[77.2524,28.58075],[77.25239,28.58079],[77.25245,28.5808],[77.25244,28.58086],[77.25248,28.58087],[77.25251,28.58069],[77.25247,28.58069],[77.25246,28.58076],[77.25244,28.58075],[77.25246,28.58067],[77.25243,28.58066],[77.2524,28.58075]]]}},{"type":"Feature","properties":{"kind":"building"},"geometry":{"type":"Polygon","coordinates":[[[77.2524,28.5883],[77.25253,28.58831],[77.25254,28.58811],[77.25241,28.58811],[77.2524,28.5883]]]}},{"type":"Feature","properties":{"kind":"building"},"geometry":{"type":"Polygon","coordinates":[[[77.2524,28.58917],[77.2524,28.58919],[77.25238,28.58919],[77.25239,28.58925],[77.25254,28.58926],[77.25253,28.58918],[77.2524,28.58917]]]}},{"type":"Feature","properties":{"kind":"building"},"geometry":{"type":"Polygon","coordinates":[[[77.2524,28.59492],[77.25269,28.59494],[77.25271,28.59466],[77.25242,28.59464],[77.2524,28.59492]]]}},{"type":"Feature","properties":{"kind":"building"},"geometry":{"type":"Polygon","coordinates":[[[77.25241,28.58366],[77.25259,28.58378],[77.25262,28.58374],[77.25244,28.58363],[77.25241,28.58366]]]}},{"type":"Feature","properties":{"kind":"building"},"geometry":{"type":"Polygon","coordinates":[[[77.25241,28.58715],[77.25263,28.58698],[77.25266,28.587],[77.25266,28.58724],[77.25263,28.58726],[77.2526,28.58723],[77.25258,28.58725],[77.25249,28.58717],[77.25246,28.5872],[77.25241,28.58715]]]}},{"type":"Feature","properties":{"kind":"building"},"geometry":{"type":"Polygon","coordinates":[[[77.25242,28.59027],[77.25252,28.59027],[77.25252,28.5902],[77.25242,28.5902],[77.25242,28.59027]]]}},{"type":"Feature","properties":{"kind":"building"},"geometry":{"type":"Polygon","coordinates":[[[77.25244,28.5946],[77.25245,28.59443],[77.25273,28.59445],[77.25272,28.59462],[77.25244,28.5946]]]}},{"type":"Feature","properties":{"kind":"building"},"geometry":{"type":"Polygon","coordinates":[[[77.25245,28.5898],[77.25245,28.58992],[77.25254,28.58992],[77.25254,28.58981],[77.25245,28.5898]]]}},{"type":"Feature","properties":{"kind":"building"},"geometry":{"type":"Polygon","coordinates":[[[77.25246,28.58133],[77.25248,28.58124],[77.25241,28.58123],[77.25239,28.58132],[77.25246,28.58133]]]}},{"type":"Feature","properties":{"kind":"building"},"geometry":{"type":"Polygon","coordinates":[[[77.25246,28.60164],[77.25257,28.60166],[77.25267,28.60126],[77.25256,28.60124],[77.25246,28.60164]]]}},{"type":"Feature","properties":{"kind":"building"},"geometry":{"type":"Polygon","coordinates":[[[77.25248,28.58329],[77.25272,28.5833],[77.25272,28.58316],[77.25249,28.58315],[77.25248,28.58329]]]}},{"type":"Feature","properties":{"kind":"building"},"geometry":{"type":"Polygon","coordinates":[[[77.25249,28.59338],[77.25249,28.59324],[77.25259,28.59324],[77.25258,28.59338],[77.25249,28.59338]]]}},{"type":"Feature","properties":{"kind":"building"},"geometry":{"type":"Polygon","coordinates":[[[77.25251,28.58292],[77.2527,28.58292],[77.2527,28.58278],[77.25251,28.58278],[77.25251,28.58292]]]}},{"type":"Feature","properties":{"kind":"building"},"geometry":{"type":"Polygon","coordinates":[[[77.25252,28.58784],[77.25267,28.58784],[77.25267,28.58779],[77.25252,28.58779],[77.25252,28.58784]]]}},{"type":"Feature","properties":{"kind":"building"},"geometry":{"type":"Polygon","coordinates":[[[77.25252,28.60226],[77.25258,28.60198],[77.25235,28.60195],[77.2523,28.60223],[77.25252,28.60226]]]}},{"type":"Feature","properties":{"kind":"building"},"geometry":{"type":"Polygon","coordinates":[[[77.25253,28.58161],[77.25253,28.58148],[77.25247,28.58148],[77.25248,28.58161],[77.25253,28.58161]]]}},{"type":"Feature","properties":{"kind":"building"},"geometry":{"type":"Polygon","coordinates":[[[77.25254,28.58823],[77.25265,28.58824],[77.25266,28.58813],[77.25254,28.58812],[77.25254,28.58823]]]}},{"type":"Feature","properties":{"kind":"building"},"geometry":{"type":"Polygon","coordinates":[[[77.25254,28.58917],[77.25254,28.5891],[77.25238,28.58911],[77.25238,28.58917],[77.25254,28.58917]]]}},{"type":"Feature","properties":{"kind":"building"},"geometry":{"type":"Polygon","coordinates":[[[77.25255,28.58354],[77.25265,28.58355],[77.25266,28.58331],[77.25255,28.58331],[77.25255,28.58354]]]}},{"type":"Feature","properties":{"kind":"building"},"geometry":{"type":"Polygon","coordinates":[[[77.25256,28.5959],[77.25262,28.5959],[77.25263,28.5957],[77.25258,28.5957],[77.25256,28.5959]]]}},{"type":"Feature","properties":{"kind":"building"},"geometry":{"type":"Polygon","coordinates":[[[77.25258,28.60279],[77.25273,28.60282],[77.25276,28.6027],[77.25261,28.60267],[77.25258,28.60279]]]}},{"type":"Feature","properties":{"kind":"building"},"geometry":{"type":"Polygon","coordinates":[[[77.25259,28.5953],[77.25264,28.595],[77.25273,28.59501],[77.25268,28.59531],[77.25259,28.5953]]]}},{"type":"Feature","properties":{"kind":"building"},"geometry":{"type":"Polygon","coordinates":[[[77.25259,28.60123],[77.25267,28.60124],[77.25271,28.60101],[77.25264,28.601],[77.25259,28.60123]]]}},{"type":"Feature","properties":{"kind":"building"},"geometry":{"type":"Polygon","coordinates":[[[77.25259,28.60286],[77.25267,28.60288],[77.25269,28.60283],[77.25261,28.60281],[77.25259,28.60286]]]}},{"type":"Feature","properties":{"kind":"building"},"geometry":{"type":"Polygon","coordinates":[[[77.25265,28.58364],[77.25254,28.58357],[77.25249,28.58363],[77.2526,28.5837],[77.25265,28.58364]]]}},{"type":"Feature","properties":{"kind":"building"},"geometry":{"type":"Polygon","coordinates":[[[77.25266,28.58832],[77.25279,28.58832],[77.2528,28.58813],[77.25268,28.58812],[77.25266,28.58832]]]}},{"type":"Feature","properties":{"kind":"building"},"geometry":{"type":"Polygon","coordinates":[[[77.2527,28.59013],[77.25287,28.59014],[77.25287,28.59003],[77.2527,28.59003],[77.2527,28.59013]]]}},{"type":"Feature","properties":{"kind":"building"},"geometry":{"type":"Polygon","coordinates":[[[77.25273,28.58794],[77.25274,28.58784],[77.25285,28.58785],[77.25284,28.58795],[77.25273,28.58794]]]}},{"type":"Feature","properties":{"kind":"building"},"geometry":{"type":"Polygon","coordinates":[[[77.25274,28.58307],[77.25286,28.58307],[77.25286,28.58295],[77.25274,28.58295],[77.25274,28.58307]]]}},{"type":"Feature","properties":{"kind":"building"},"geometry":{"type":"Polygon","coordinates":[[[77.25275,28.60281],[77.25281,28.60282],[77.25284,28.60273],[77.25277,28.60272],[77.25275,28.60281]]]}},{"type":"Feature","properties":{"kind":"building"},"geometry":{"type":"Polygon","coordinates":[[[77.25276,28.58324],[77.25287,28.58324],[77.25287,28.58312],[77.25276,28.58312],[77.25276,28.58324]]]}},{"type":"Feature","properties":{"kind":"building"},"geometry":{"type":"Polygon","coordinates":[[[77.25282,28.60012],[77.25296,28.60016],[77.25309,28.59986],[77.25295,28.59981],[77.25282,28.60012]]]}},{"type":"Feature","properties":{"kind":"building"},"geometry":{"type":"Polygon","coordinates":[[[77.25283,28.58217],[77.25257,28.58216],[77.25256,28.58221],[77.25283,28.58222],[77.25283,28.58217]]]}},{"type":"Feature","properties":{"kind":"building"},"geometry":{"type":"Polygon","coordinates":[[[77.25285,28.58075],[77.25294,28.58075],[77.25293,28.58071],[77.25285,28.58072],[77.25285,28.58075]]]}},{"type":"Feature","properties":{"kind":"building"},"geometry":{"type":"Polygon","coordinates":[[[77.25288,28.57906],[77.2528,28.57901],[77.25286,28.57894],[77.25294,28.57898],[77.25288,28.57906]]]}},{"type":"Feature","properties":{"kind":"building"},"geometry":{"type":"Polygon","coordinates":[[[77.25296,28.59211],[77.25329,28.59212],[77.2533,28.59181],[77.25296,28.5918],[77.25296,28.59211]]]}},{"type":"Feature","properties":{"kind":"building"},"geometry":{"type":"Polygon","coordinates":[[[77.25296,28.60287],[77.25311,28.60291],[77.25314,28.60283],[77.25299,28.60279],[77.25296,28.60287]]]}},{"type":"Feature","properties":{"kind":"building"},"geometry":{"type":"Polygon","coordinates":[[[77.253,28.58192],[77.25311,28.58191],[77.2531,28.58183],[77.25299,28.58184],[77.253,28.58192]]]}},{"type":"Feature","properties":{"kind":"building"},"geometry":{"type":"Polygon","coordinates":[[[77.25301,28.58135],[77.25309,28.58134],[77.25309,28.58131],[77.25301,28.58131],[77.25301,28.58135]]]}},{"type":"Feature","properties":{"kind":"building"},"geometry":{"type":"Polygon","coordinates":[[[77.25301,28.58138],[77.25311,28.58138],[77.25311,28.58135],[77.25301,28.58136],[77.25301,28.58138]]]}},{"type":"Feature","properties":{"kind":"building"},"geometry":{"type":"Polygon","coordinates":[[[77.25302,28.58145],[77.25311,28.58144],[77.25311,28.58141],[77.25302,28.58142],[77.25302,28.58145]]]}},{"type":"Feature","properties":{"kind":"building"},"geometry":{"type":"Polygon","coordinates":[[[77.25302,28.58202],[77.25326,28.582],[77.25326,28.58196],[77.25301,28.58198],[77.25302,28.58202]]]}},{"type":"Feature","properties":{"kind":"building"},"geometry":{"type":"Polygon","coordinates":[[[77.25303,28.58152],[77.25311,28.58152],[77.25311,28.58149],[77.25303,28.5815],[77.25303,28.58152]]]}},{"type":"Feature","properties":{"kind":"building"},"geometry":{"type":"Polygon","coordinates":[[[77.25304,28.58049],[77.25295,28.5805],[77.25296,28.58057],[77.25305,28.58056],[77.25304,28.58049]]]}},{"type":"Feature","properties":{"kind":"building"},"geometry":{"type":"Polygon","coordinates":[[[77.25309,28.58074],[77.25309,28.58069],[77.25295,28.5807],[77.25295,28.58074],[77.25309,28.58074]]]}},{"type":"Feature","properties":{"kind":"building"},"geometry":{"type":"Polygon","coordinates":[[[77.25312,28.58084],[77.25323,28.58083],[77.2532,28.58064],[77.2531,28.58065],[77.25312,28.58084]]]}},{"type":"Feature","properties":{"kind":"building"},"geometry":{"type":"Polygon","coordinates":[[[77.25313,28.58313],[77.25322,28.58313],[77.25323,28.58298],[77.25314,28.58297],[77.25313,28.58313]]]}},{"type":"Feature","properties":{"kind":"building"},"geometry":{"type":"Polygon","coordinates":[[[77.25321,28.58148],[77.25324,28.58148],[77.25324,28.58146],[77.25325,28.58146],[77.25325,28.58136],[77.2532,28.58136],[77.25321,28.58148]]]}},{"type":"Feature","properties":{"kind":"building"},"geometry":{"type":"Polygon","coordinates":[[[77.25324,28.5819],[77.25323,28.58181],[77.25311,28.58182],[77.25312,28.58191],[77.25324,28.5819]]]}},{"type":"Feature","properties":{"kind":"building"},"geometry":{"type":"Polygon","coordinates":[[[77.25325,28.59107],[77.25347,28.59107],[77.25348,28.5909],[77.25325,28.5909],[77.25325,28.59107]]]}},{"type":"Feature","properties":{"kind":"building"},"geometry":{"type":"Polygon","coordinates":[[[77.25326,28.58313],[77.25339,28.58314],[77.2534,28.58298],[77.25327,28.58297],[77.25326,28.58313]]]}},{"type":"Feature","properties":{"kind":"building"},"geometry":{"type":"Polygon","coordinates":[[[77.25326,28.60735],[77.25337,28.60738],[77.25341,28.60725],[77.2533,28.60722],[77.25326,28.60735]]]}},{"type":"Feature","properties":{"kind":"building"},"geometry":{"type":"Polygon","coordinates":[[[77.25328,28.58082],[77.25325,28.58063],[77.2532,28.58064],[77.25323,28.58083],[77.25328,28.58082]]]}},{"type":"Feature","properties":{"kind":"building"},"geometry":{"type":"Polygon","coordinates":[[[77.25329,28.5809],[77.25351,28.58088],[77.25351,28.58085],[77.25328,28.58086],[77.25329,28.5809]]]}},{"type":"Feature","properties":{"kind":"building"},"geometry":{"type":"Polygon","coordinates":[[[77.25329,28.58209],[77.25333,28.58209],[77.25333,28.58196],[77.25329,28.58196],[77.25329,28.58209]]]}},{"type":"Feature","properties":{"kind":"building"},"geometry":{"type":"Polygon","coordinates":[[[77.2533,28.60721],[77.25341,28.60724],[77.25346,28.60709],[77.25334,28.60707],[77.2533,28.60721]]]}},{"type":"Feature","properties":{"kind":"building"},"geometry":{"type":"Polygon","coordinates":[[[77.25331,28.59081],[77.25347,28.59082],[77.25349,28.59031],[77.25332,28.59031],[77.25331,28.59081]]]}},{"type":"Feature","properties":{"kind":"building"},"geometry":{"type":"Polygon","coordinates":[[[77.25332,28.58117],[77.25324,28.58118],[77.25325,28.58136],[77.25334,28.58136],[77.25332,28.58117]]]}},{"type":"Feature","properties":{"kind":"building"},"geometry":{"type":"Polygon","coordinates":[[[77.25334,28.58865],[77.25334,28.58854],[77.25323,28.58855],[77.25323,28.58865],[77.25334,28.58865]]]}},{"type":"Feature","properties":{"kind":"building"},"geometry":{"type":"Polygon","coordinates":[[[77.25335,28.58114],[77.25357,28.58112],[77.25357,28.58109],[77.25335,28.5811],[77.25335,28.58114]]]}},{"type":"Feature","properties":{"kind":"building"},"geometry":{"type":"Polygon","coordinates":[[[77.25338,28.58852],[77.25338,28.58844],[77.25342,28.58845],[77.25342,28.58852],[77.25338,28.58852]]]}},{"type":"Feature","properties":{"kind":"building"},"geometry":{"type":"Polygon","coordinates":[[[77.2534,28.58194],[77.25335,28.58194],[77.25334,28.58209],[77.25339,28.58209],[77.2534,28.58194]]]}},{"type":"Feature","properties":{"kind":"building"},"geometry":{"type":"Polygon","coordinates":[[[77.25342,28.58881],[77.25326,28.5888],[77.25325,28.58902],[77.25341,28.58902],[77.25342,28.58881]]]}},{"type":"Feature","properties":{"kind":"building"},"geometry":{"type":"Polygon","coordinates":[[[77.25343,28.58314],[77.25352,28.58314],[77.25352,28.58298],[77.25343,28.58298],[77.25343,28.58314]]]}},{"type":"Feature","properties":{"kind":"building"},"geometry":{"type":"Polygon","coordinates":[[[77.25343,28.58815],[77.25339,28.59019],[77.25357,28.5902],[77.25359,28.58928],[77.25373,28.58928],[77.25375,28.58827],[77.25357,28.58826],[77.25357,28.58815],[77.25343,28.58815]]]}},{"type":"Feature","properties":{"kind":"building"},"geometry":{"type":"Polygon","coordinates":[[[77.25349,28.58084],[77.25348,28.58079],[77.25328,28.58082],[77.25328,28.58086],[77.25349,28.58084]]]}},{"type":"Feature","properties":{"kind":"building"},"geometry":{"type":"Polygon","coordinates":[[[77.25353,28.58092],[77.25329,28.58095],[77.2533,28.58098],[77.25354,28.58096],[77.25353,28.58092]]]}},{"type":"Feature","properties":{"kind":"building"},"geometry":{"type":"Polygon","coordinates":[[[77.25353,28.58092],[77.25352,28.58089],[77.25329,28.5809],[77.25329,28.58094],[77.25353,28.58092]]]}},{"type":"Feature","properties":{"kind":"building"},"geometry":{"type":"Polygon","coordinates":[[[77.25354,28.58151],[77.25368,28.5815],[77.25366,28.58132],[77.25352,28.58133],[77.25354,28.58151]]]}},{"type":"Feature","properties":{"kind":"building"},"geometry":{"type":"Polygon","coordinates":[[[77.25356,28.58106],[77.25356,28.58102],[77.25332,28.58104],[77.25332,28.58108],[77.25356,28.58106]]]}},{"type":"Feature","properties":{"kind":"building"},"geometry":{"type":"Polygon","coordinates":[[[77.25356,28.581],[77.25355,28.58096],[77.25332,28.58098],[77.25332,28.58102],[77.25356,28.581]]]}},{"type":"Feature","properties":{"kind":"building"},"geometry":{"type":"Polygon","coordinates":[[[77.25356,28.58254],[77.25386,28.58254],[77.25386,28.5825],[77.25357,28.5825],[77.25356,28.58254]]]}},{"type":"Feature","properties":{"kind":"building"},"geometry":{"type":"Polygon","coordinates":[[[77.25356,28.58286],[77.25377,28.58287],[77.25377,28.58279],[77.25356,28.58279],[77.25356,28.58286]]]}},{"type":"Feature","properties":{"kind":"building"},"geometry":{"type":"Polygon","coordinates":[[[77.25358,28.58226],[77.25384,28.58227],[77.25384,28.58224],[77.25359,28.58223],[77.25358,28.58226]]]}},{"type":"Feature","properties":{"kind":"building"},"geometry":{"type":"Polygon","coordinates":[[[77.25358,28.58237],[77.25386,28.58238],[77.25386,28.58231],[77.25358,28.5823],[77.25358,28.58237]]]}},{"type":"Feature","properties":{"kind":"building"},"geometry":{"type":"Polygon","coordinates":[[[77.25359,28.59049],[77.25359,28.59041],[77.25362,28.59041],[77.25362,28.59049],[77.25359,28.59049]]]}},{"type":"Feature","properties":{"kind":"building"},"geometry":{"type":"Polygon","coordinates":[[[77.25363,28.58216],[77.25385,28.58217],[77.25385,28.58214],[77.25363,28.58213],[77.25363,28.58216]]]}},{"type":"Feature","properties":{"kind":"building"},"geometry":{"type":"Polygon","coordinates":[[[77.25384,28.58222],[77.25385,28.58219],[77.25362,28.58218],[77.25362,28.58221],[77.25384,28.58222]]]}},{"type":"Feature","properties":{"kind":"building"},"geometry":{"type":"Polygon","coordinates":[[[77.25385,28.58241],[77.25359,28.5824],[77.25359,28.58245],[77.25385,28.58246],[77.25385,28.58241]]]}},{"type":"Feature","properties":{"kind":"building"},"geometry":{"type":"Polygon","coordinates":[[[77.25386,28.58249],[77.25386,28.58246],[77.25358,28.58246],[77.25358,28.58249],[77.25386,28.58249]]]}},{"type":"Feature","properties":{"kind":"building"},"geometry":{"type":"Polygon","coordinates":[[[77.25386,28.58278],[77.25386,28.58257],[77.25357,28.58256],[77.25357,28.58278],[77.25386,28.58278]]]}},{"type":"Feature","properties":{"kind":"building"},"geometry":{"type":"Polygon","coordinates":[[[77.25389,28.5905],[77.25389,28.59042],[77.25393,28.59042],[77.25392,28.59051],[77.25389,28.5905]]]}},{"type":"Feature","properties":{"kind":"building"},"geometry":{"type":"Polygon","coordinates":[[[77.25391,28.60516],[77.25379,28.6056],[77.25392,28.60563],[77.25404,28.60519],[77.25391,28.60516]]]}},{"type":"Feature","properties":{"kind":"building"},"geometry":{"type":"Polygon","coordinates":[[[77.25399,28.5894],[77.25401,28.58895],[77.25393,28.58895],[77.25391,28.5894],[77.25399,28.5894]]]}},{"type":"Feature","properties":{"kind":"building"},"geometry":{"type":"Polygon","coordinates":[[[77.25401,28.60687],[77.25439,28.60697],[77.25442,28.60685],[77.25404,28.60676],[77.25401,28.60687]]]}},{"type":"Feature","properties":{"kind":"building"},"geometry":{"type":"Polygon","coordinates":[[[77.25406,28.58755],[77.25407,28.58741],[77.25399,28.5874],[77.25398,28.58755],[77.25406,28.58755]]]}},{"type":"Feature","properties":{"kind":"building"},"geometry":{"type":"Polygon","coordinates":[[[77.25416,28.60462],[77.25424,28.60464],[77.25426,28.60459],[77.25417,28.60457],[77.25416,28.60462]]]}},{"type":"Feature","properties":{"kind":"building"},"geometry":{"type":"Polygon","coordinates":[[[77.25419,28.60457],[77.25427,28.60459],[77.25428,28.60453],[77.25421,28.60452],[77.25419,28.60457]]]}},{"type":"Feature","properties":{"kind":"building"},"geometry":{"type":"Polygon","coordinates":[[[77.25421,28.6045],[77.25428,28.60452],[77.2543,28.60446],[77.25422,28.60445],[77.25421,28.6045]]]}},{"type":"Feature","properties":{"kind":"building"},"geometry":{"type":"Polygon","coordinates":[[[77.25426,28.58941],[77.25428,28.58882],[77.2542,28.58882],[77.25418,28.58941],[77.25426,28.58941]]]}},{"type":"Feature","properties":{"kind":"building"},"geometry":{"type":"Polygon","coordinates":[[[77.2543,28.58828],[77.25432,28.58786],[77.25424,28.58786],[77.25422,28.58827],[77.2543,28.58828]]]}},{"type":"Feature","properties":{"kind":"building"},"geometry":{"type":"Polygon","coordinates":[[[77.25431,28.58756],[77.25431,28.58748],[77.25428,28.58748],[77.25428,28.58756],[77.25431,28.58756]]]}},{"type":"Feature","properties":{"kind":"building"},"geometry":{"type":"Polygon","coordinates":[[[77.25432,28.58745],[77.25432,28.58733],[77.25429,28.58733],[77.25428,28.58745],[77.25432,28.58745]]]}},{"type":"Feature","properties":{"kind":"building"},"geometry":{"type":"Polygon","coordinates":[[[77.25445,28.58941],[77.25448,28.58871],[77.2544,28.58871],[77.25437,28.58941],[77.25445,28.58941]]]}},{"type":"Feature","properties":{"kind":"building"},"geometry":{"type":"Polygon","coordinates":[[[77.25449,28.58671],[77.25458,28.58671],[77.25455,28.58747],[77.25447,28.58747],[77.25449,28.58671]]]}},{"type":"Feature","properties":{"kind":"building"},"geometry":{"type":"Polygon","coordinates":[[[77.2545,28.58815],[77.25452,28.58787],[77.25444,28.58787],[77.25442,28.58815],[77.2545,28.58815]]]}},{"type":"Feature","properties":{"kind":"building"},"geometry":{"type":"Polygon","coordinates":[[[77.25461,28.5915],[77.25469,28.5915],[77.25469,28.59193],[77.25463,28.59193],[77.25463,28.59182],[77.25461,28.59182],[77.25461,28.5915]]]}},{"type":"Feature","properties":{"kind":"building"},"geometry":{"type":"Polygon","coordinates":[[[77.25464,28.59252],[77.25463,28.59199],[77.25447,28.59199],[77.25448,28.59252],[77.25464,28.59252]]]}},{"type":"Feature","properties":{"kind":"building"},"geometry":{"type":"Polygon","coordinates":[[[77.25466,28.58935],[77.25469,28.58874],[77.25461,28.58874],[77.25458,28.58934],[77.25466,28.58935]]]}},{"type":"Feature","properties":{"kind":"building"},"geometry":{"type":"Polygon","coordinates":[[[77.25467,28.58882],[77.25468,28.58858],[77.25486,28.58859],[77.25485,28.58883],[77.25467,28.58882]]]}},{"type":"Feature","properties":{"kind":"building"},"geometry":{"type":"Polygon","coordinates":[[[77.25471,28.58832],[77.25472,28.58791],[77.25464,28.58791],[77.25463,28.58832],[77.25471,28.58832]]]}},{"type":"Feature","properties":{"kind":"building"},"geometry":{"type":"Polygon","coordinates":[[[77.25471,28.59467],[77.25467,28.5947],[77.25469,28.59473],[77.25473,28.59471],[77.25471,28.59467]]]}},{"type":"Feature","properties":{"kind":"building"},"geometry":{"type":"Polygon","coordinates":[[[77.25485,28.58549],[77.25486,28.58512],[77.25502,28.58513],[77.25501,28.58549],[77.25485,28.58549]]]}},{"type":"Feature","properties":{"kind":"building"},"geometry":{"type":"Polygon","coordinates":[[[77.25485,28.58665],[77.25485,28.58656],[77.2548,28.58656],[77.25479,28.58664],[77.25485,28.58665]]]}},{"type":"Feature","properties":{"kind":"building"},"geometry":{"type":"Polygon","coordinates":[[[77.25485,28.58883],[77.25486,28.58875],[77.25527,28.58876],[77.25529,28.58871],[77.25538,28.58874],[77.25533,28.5889],[77.25516,28.58886],[77.25516,28.58884],[77.25485,28.58883]]]}},{"type":"Feature","properties":{"kind":"building"},"geometry":{"type":"Polygon","coordinates":[[[77.25487,28.58874],[77.25487,28.58839],[77.25509,28.5884],[77.25508,28.58848],[77.2552,28.58848],[77.2552,28.58853],[77.25527,28.58853],[77.25527,28.58862],[77.25517,28.58861],[77.25517,28.58868],[77.2552,28.58868],[77.2552,28.58872],[77.25516,28.58872],[77.25516,28.58875],[77.25487,28.58874]]]}},{"type":"Feature","properties":{"kind":"building"},"geometry":{"type":"Polygon","coordinates":[[[77.25495,28.58606],[77.25495,28.58553],[77.25502,28.58553],[77.25502,28.58606],[77.25495,28.58606]]]}},{"type":"Feature","properties":{"kind":"building"},"geometry":{"type":"Polygon","coordinates":[[[77.25497,28.58208],[77.25515,28.58215],[77.2552,28.58206],[77.25502,28.58199],[77.25497,28.58208]]]}},{"type":"Feature","properties":{"kind":"building"},"geometry":{"type":"Polygon","coordinates":[[[77.25499,28.60574],[77.25543,28.60585],[77.25551,28.60561],[77.25507,28.6055],[77.25499,28.60574]]]}},{"type":"Feature","properties":{"kind":"building"},"geometry":{"type":"Polygon","coordinates":[[[77.25501,28.58171],[77.25517,28.58178],[77.25522,28.58169],[77.25506,28.58162],[77.25501,28.58171]]]}},{"type":"Feature","properties":{"kind":"building"},"geometry":{"type":"Polygon","coordinates":[[[77.25505,28.58196],[77.2552,28.58203],[77.25526,28.58194],[77.2551,28.58186],[77.25505,28.58196]]]}},{"type":"Feature","properties":{"kind":"building"},"geometry":{"type":"Polygon","coordinates":[[[77.25511,28.60766],[77.25517,28.60768],[77.25519,28.60762],[77.25513,28.6076],[77.25511,28.60766]]]}},{"type":"Feature","properties":{"kind":"building"},"geometry":{"type":"Polygon","coordinates":[[[77.25512,28.58539],[77.25534,28.58544],[77.25535,28.58539],[77.25513,28.58536],[77.25512,28.58539]]]}},{"type":"Feature","properties":{"kind":"building"},"geometry":{"type":"Polygon","coordinates":[[[77.25513,28.58155],[77.25523,28.5816],[77.25527,28.58154],[77.25517,28.58149],[77.25513,28.58155]]]}},{"type":"Feature","properties":{"kind":"building"},"geometry":{"type":"Polygon","coordinates":[[[77.25513,28.58674],[77.25516,28.58659],[77.2555,28.58664],[77.25546,28.58679],[77.25513,28.58674]]]}},{"type":"Feature","properties":{"kind":"building"},"geometry":{"type":"Polygon","coordinates":[[[77.25516,28.58217],[77.25529,28.58222],[77.25534,28.58213],[77.25521,28.58208],[77.25516,28.58217]]]}},{"type":"Feature","properties":{"kind":"building"},"geometry":{"type":"Polygon","coordinates":[[[77.25526,28.58159],[77.25521,28.58168],[77.25541,28.58176],[77.25545,28.58167],[77.25526,28.58159]]]}},{"type":"Feature","properties":{"kind":"building"},"geometry":{"type":"Polygon","coordinates":[[[77.25526,28.5843],[77.25514,28.58428],[77.25512,28.58442],[77.25523,28.58443],[77.25526,28.5843]]]}},{"type":"Feature","properties":{"kind":"building"},"geometry":{"type":"Polygon","coordinates":[[[77.25528,28.58428],[77.25526,28.58437],[77.25536,28.58438],[77.25534,28.58449],[77.25559,28.58453],[77.25562,28.58432],[77.25528,28.58428]]]}},{"type":"Feature","properties":{"kind":"building"},"geometry":{"type":"Polygon","coordinates":[[[77.25536,28.58125],[77.25551,28.58133],[77.25558,28.58124],[77.25543,28.58117],[77.25536,28.58125]]]}},{"type":"Feature","properties":{"kind":"building"},"geometry":{"type":"Polygon","coordinates":[[[77.25539,28.58543],[77.25546,28.58545],[77.25548,28.58537],[77.25541,28.58535],[77.25539,28.58543]]]}},{"type":"Feature","properties":{"kind":"building"},"geometry":{"type":"Polygon","coordinates":[[[77.2554,28.5811],[77.2556,28.58121],[77.25567,28.58112],[77.25575,28.58116],[77.25576,28.58114],[77.25585,28.58119],[77.25584,28.58121],[77.25592,28.58125],[77.25594,28.58122],[77.256,28.58125],[77.25598,28.58128],[77.25607,28.58133],[77.25609,28.5813],[77.25616,28.58133],[77.25614,28.58137],[77.25622,28.58141],[77.25624,28.58138],[77.25629,28.58141],[77.25623,28.58147],[77.25619,28.58146],[77.25616,28.58151],[77.25635,28.58161],[77.25639,28.58154],[77.25634,28.58151],[77.25636,28.58147],[77.25643,28.58149],[77.25649,28.5814],[77.25618,28.58125],[77.25553,28.5809],[77.2554,28.5811]]]}},{"type":"Feature","properties":{"kind":"building"},"geometry":{"type":"Polygon","coordinates":[[[77.25542,28.5842],[77.25541,28.58422],[77.25576,28.58427],[77.25577,28.58419],[77.25548,28.58415],[77.25554,28.58379],[77.25543,28.58377],[77.25536,28.58419],[77.25542,28.5842]]]}},{"type":"Feature","properties":{"kind":"building"},"geometry":{"type":"Polygon","coordinates":[[[77.25543,28.58176],[77.25558,28.58184],[77.25563,28.58175],[77.25548,28.58168],[77.25543,28.58176]]]}},{"type":"Feature","properties":{"kind":"building"},"geometry":{"type":"Polygon","coordinates":[[[77.25544,28.60702],[77.25554,28.60705],[77.25566,28.60666],[77.25556,28.60664],[77.25544,28.60702]]]}},{"type":"Feature","properties":{"kind":"building"},"geometry":{"type":"Polygon","coordinates":[[[77.25563,28.58527],[77.25566,28.58513],[77.25574,28.58513],[77.25575,28.58529],[77.25563,28.58527]]]}},{"type":"Feature","properties":{"kind":"building"},"geometry":{"type":"Polygon","coordinates":[[[77.25565,28.58177],[77.25559,28.58185],[77.25572,28.58192],[77.25578,28.58184],[77.25565,28.58177]]]}},{"type":"Feature","properties":{"kind":"building"},"geometry":{"type":"Polygon","coordinates":[[[77.25567,28.58079],[77.25572,28.58081],[77.25573,28.58079],[77.25582,28.58084],[77.25581,28.58086],[77.25595,28.58092],[77.25594,28.58094],[77.25605,28.581],[77.25607,28.58098],[77.25612,28.58101],[77.25611,28.58103],[77.25621,28.58108],[77.25623,28.58106],[77.25641,28.58116],[77.25639,28.58118],[77.25652,28.58125],[77.25658,28.58116],[77.25654,28.58114],[77.25658,28.58109],[77.25662,28.58111],[77.25668,28.58103],[77.25665,28.58101],[77.25664,28.58102],[77.25655,28.58098],[77.25654,28.581],[77.25651,28.58098],[77.25652,28.58097],[77.25649,28.58095],[77.2565,28.58094],[77.25644,28.5809],[77.25643,28.58092],[77.25645,28.58093],[77.25641,28.58099],[77.25644,28.58101],[77.25643,28.58104],[77.25639,28.58102],[77.25638,28.58103],[77.25633,28.58101],[77.25632,28.58102],[77.25626,28.58099],[77.25627,28.58097],[77.25617,28.58091],[77.25616,28.58093],[77.2561,28.5809],[77.25611,28.58088],[77.25603,28.58084],[77.25601,28.58086],[77.25589,28.58077],[77.25588,28.58079],[77.25581,28.58076],[77.25585,28.58071],[77.25587,28.58072],[77.25591,28.58066],[77.25578,28.58059],[77.25572,28.58068],[77.25575,28.58069],[77.25572,28.58073],[77.2557,28.58072],[77.25567,28.58076],[77.25569,28.58077],[77.25567,28.58079]]]}},{"type":"Feature","properties":{"kind":"building"},"geometry":{"type":"Polygon","coordinates":[[[77.2557,28.60618],[77.25557,28.60661],[77.25567,28.60663],[77.2558,28.60624],[77.25577,28.60624],[77.25578,28.6062],[77.2557,28.60618]]]}},{"type":"Feature","properties":{"kind":"building"},"geometry":{"type":"Polygon","coordinates":[[[77.25572,28.60517],[77.25599,28.60523],[77.25609,28.60487],[77.25582,28.60481],[77.25572,28.60517]]]}},{"type":"Feature","properties":{"kind":"building"},"geometry":{"type":"Polygon","coordinates":[[[77.25574,28.58814],[77.2559,28.58817],[77.25593,28.58807],[77.25577,28.58803],[77.25574,28.58814]]]}},{"type":"Feature","properties":{"kind":"building"},"geometry":{"type":"Polygon","coordinates":[[[77.25579,28.58567],[77.25591,28.58571],[77.25594,28.58562],[77.25583,28.58558],[77.25579,28.58567]]]}},{"type":"Feature","properties":{"kind":"building"},"geometry":{"type":"Polygon","coordinates":[[[77.25585,28.58045],[77.25602,28.58054],[77.25606,28.58048],[77.25601,28.58046],[77.25605,28.5804],[77.25615,28.58045],[77.25612,28.5805],[77.25616,28.58052],[77.25619,28.58048],[77.2563,28.58054],[77.25628,28.58057],[77.25632,28.58059],[77.25634,28.58056],[77.25641,28.58059],[77.25639,28.58062],[77.25648,28.58066],[77.2565,28.58064],[77.25656,28.58067],[77.25654,28.5807],[77.25664,28.58075],[77.25666,28.58072],[77.2567,28.58075],[77.25666,28.58079],[77.25663,28.58078],[77.25658,28.58084],[77.25676,28.58094],[77.25691,28.58072],[77.25687,28.5807],[77.25685,28.58072],[77.25666,28.58063],[77.25668,28.5806],[77.25661,28.58056],[77.25658,28.5806],[77.2565,28.58056],[77.25651,28.58054],[77.25641,28.58048],[77.25636,28.58045],[77.25635,28.58047],[77.25598,28.58027],[77.25593,28.58035],[77.25595,28.58036],[77.25591,28.58042],[77.25589,28.58041],[77.25585,28.58045]]]}},{"type":"Feature","properties":{"kind":"building"},"geometry":{"type":"Polygon","coordinates":[[[77.25589,28.58632],[77.25595,28.58632],[77.25596,28.58628],[77.2559,28.58627],[77.25589,28.58632]]]}},{"type":"Feature","properties":{"kind":"building"},"geometry":{"type":"Polygon","coordinates":[[[77.25592,28.58901],[77.25596,28.58902],[77.25594,28.58908],[77.2559,28.58907],[77.25592,28.58901]]]}},{"type":"Feature","properties":{"kind":"building"},"geometry":{"type":"Polygon","coordinates":[[[77.25592,28.59087],[77.25594,28.59097],[77.25608,28.59099],[77.25614,28.59079],[77.25592,28.59087]]]}},{"type":"Feature","properties":{"kind":"building"},"geometry":{"type":"Polygon","coordinates":[[[77.25597,28.58902],[77.25603,28.58904],[77.256,28.58914],[77.25594,28.58912],[77.25597,28.58902]]]}},{"type":"Feature","properties":{"kind":"building"},"geometry":{"type":"Polygon","coordinates":[[[77.25598,28.60268],[77.25643,28.60279],[77.2565,28.60254],[77.25605,28.60243],[77.25598,28.60268]]]}},{"type":"Feature","properties":{"kind":"building"},"geometry":{"type":"Polygon","coordinates":[[[77.25603,28.58592],[77.2561,28.58593],[77.25612,28.58587],[77.25604,28.58586],[77.25603,28.58592]]]}},{"type":"Feature","properties":{"kind":"building"},"geometry":{"type":"Polygon","coordinates":[[[77.25606,28.58903],[77.25614,28.58905],[77.25611,28.58912],[77.25603,28.58911],[77.25606,28.58903]]]}},{"type":"Feature","properties":{"kind":"building"},"geometry":{"type":"Polygon","coordinates":[[[77.25607,28.58572],[77.25615,28.58574],[77.25618,28.5856],[77.25609,28.58558],[77.25607,28.58572]]]}},{"type":"Feature","properties":{"kind":"building"},"geometry":{"type":"Polygon","coordinates":[[[77.25608,28.58706],[77.25607,28.58693],[77.25597,28.58693],[77.25599,28.58707],[77.25608,28.58706]]]}},{"type":"Feature","properties":{"kind":"building"},"geometry":{"type":"Polygon","coordinates":[[[77.25612,28.58434],[77.25625,28.58435],[77.25626,28.5843],[77.25612,28.58428],[77.25612,28.58434]]]}},{"type":"Feature","properties":{"kind":"building"},"geometry":{"type":"Polygon","coordinates":[[[77.25614,28.58425],[77.2563,28.58427],[77.2563,28.58422],[77.25615,28.5842],[77.25614,28.58425]]]}},{"type":"Feature","properties":{"kind":"building"},"geometry":{"type":"Polygon","coordinates":[[[77.25617,28.58691],[77.25632,28.58691],[77.25633,28.58678],[77.25617,28.58678],[77.25617,28.58691]]]}},{"type":"Feature","properties":{"kind":"building"},"geometry":{"type":"Polygon","coordinates":[[[77.25618,28.58297],[77.25631,28.58303],[77.25632,28.583],[77.25619,28.58295],[77.25618,28.58297]]]}},{"type":"Feature","properties":{"kind":"building"},"geometry":{"type":"Polygon","coordinates":[[[77.2562,28.58706],[77.25639,28.58709],[77.2564,28.587],[77.25622,28.58697],[77.2562,28.58706]]]}},{"type":"Feature","properties":{"kind":"building"},"geometry":{"type":"Polygon","coordinates":[[[77.25626,28.5842],[77.2563,28.58404],[77.25618,28.58402],[77.25615,28.58418],[77.25626,28.5842]]]}},{"type":"Feature","properties":{"kind":"building"},"geometry":{"type":"Polygon","coordinates":[[[77.25626,28.58907],[77.25616,28.58905],[77.25611,28.5892],[77.25617,28.58921],[77.25619,28.58913],[77.25624,28.58914],[77.25626,28.58907]]]}},{"type":"Feature","properties":{"kind":"building"},"geometry":{"type":"Polygon","coordinates":[[[77.25632,28.58473],[77.25639,28.58475],[77.25643,28.58461],[77.25636,28.5846],[77.25632,28.58473]]]}},{"type":"Feature","properties":{"kind":"building"},"geometry":{"type":"Polygon","coordinates":[[[77.25634,28.58908],[77.25628,28.58907],[77.25624,28.58919],[77.25631,28.5892],[77.25634,28.58908]]]}},{"type":"Feature","properties":{"kind":"building"},"geometry":{"type":"Polygon","coordinates":[[[77.25636,28.58279],[77.25656,28.58286],[77.25659,28.58279],[77.2564,28.58273],[77.25636,28.58279]]]}},{"type":"Feature","properties":{"kind":"building"},"geometry":{"type":"Polygon","coordinates":[[[77.25638,28.58569],[77.2564,28.5856],[77.25632,28.58559],[77.25631,28.58568],[77.25638,28.58569]]]}},{"type":"Feature","properties":{"kind":"building"},"geometry":{"type":"Polygon","coordinates":[[[77.25639,28.58298],[77.25653,28.58304],[77.25655,28.58301],[77.2564,28.58295],[77.25639,28.58298]]]}},{"type":"Feature","properties":{"kind":"building"},"geometry":{"type":"Polygon","coordinates":[[[77.2564,28.59296],[77.25642,28.59287],[77.25652,28.59289],[77.2565,28.59298],[77.2564,28.59296]]]}},{"type":"Feature","properties":{"kind":"building"},"geometry":{"type":"Polygon","coordinates":[[[77.25642,28.58909],[77.25648,28.58911],[77.25643,28.58925],[77.25637,28.58923],[77.25642,28.58909]]]}},{"type":"Feature","properties":{"kind":"building"},"geometry":{"type":"Polygon","coordinates":[[[77.25647,28.5829],[77.25662,28.58296],[77.25665,28.58291],[77.25649,28.58285],[77.25647,28.5829]]]}},{"type":"Feature","properties":{"kind":"building"},"geometry":{"type":"Polygon","coordinates":[[[77.25652,28.5927],[77.25651,28.59274],[77.25632,28.59269],[77.25633,28.59265],[77.25652,28.5927]]]}},{"type":"Feature","properties":{"kind":"building"},"geometry":{"type":"Polygon","coordinates":[[[77.25657,28.58506],[77.25667,28.58505],[77.25666,28.58497],[77.25656,28.58497],[77.25657,28.58506]]]}},{"type":"Feature","properties":{"kind":"building"},"geometry":{"type":"Polygon","coordinates":[[[77.25662,28.58523],[77.25663,28.5851],[77.25654,28.5851],[77.25653,28.58522],[77.25662,28.58523]]]}},{"type":"Feature","properties":{"kind":"building"},"geometry":{"type":"Polygon","coordinates":[[[77.25662,28.58867],[77.25674,28.58869],[77.25682,28.58841],[77.2567,28.58839],[77.25662,28.58867]]]}},{"type":"Feature","properties":{"kind":"building"},"geometry":{"type":"Polygon","coordinates":[[[77.25663,28.58522],[77.25677,28.58524],[77.25678,28.58515],[77.25664,28.58514],[77.25663,28.58522]]]}},{"type":"Feature","properties":{"kind":"building"},"geometry":{"type":"Polygon","coordinates":[[[77.25664,28.58686],[77.25673,28.58687],[77.25674,28.58672],[77.25666,28.58672],[77.25664,28.58686]]]}},{"type":"Feature","properties":{"kind":"building"},"geometry":{"type":"Polygon","coordinates":[[[77.25665,28.58439],[77.25685,28.58441],[77.25687,28.58431],[77.25666,28.5843],[77.25665,28.58439]]]}},{"type":"Feature","properties":{"kind":"building"},"geometry":{"type":"Polygon","coordinates":[[[77.25665,28.58625],[77.25666,28.58616],[77.25659,28.58616],[77.25658,28.58624],[77.25665,28.58625]]]}},{"type":"Feature","properties":{"kind":"building"},"geometry":{"type":"Polygon","coordinates":[[[77.25666,28.58583],[77.25668,28.58574],[77.2566,28.58572],[77.25658,28.58582],[77.25666,28.58583]]]}},{"type":"Feature","properties":{"kind":"building"},"geometry":{"type":"Polygon","coordinates":[[[77.25667,28.58427],[77.25684,28.5843],[77.25687,28.58416],[77.2567,28.58413],[77.25667,28.58427]]]}},{"type":"Feature","properties":{"kind":"building"},"geometry":{"type":"Polygon","coordinates":[[[77.25667,28.58601],[77.2567,28.5859],[77.25662,28.58589],[77.25659,28.586],[77.25667,28.58601]]]}},{"type":"Feature","properties":{"kind":"building"},"geometry":{"type":"Polygon","coordinates":[[[77.25667,28.58624],[77.25674,28.58625],[77.25675,28.58617],[77.25668,28.58616],[77.25667,28.58624]]]}},{"type":"Feature","properties":{"kind":"building"},"geometry":{"type":"Polygon","coordinates":[[[77.25668,28.5867],[77.25676,28.58671],[77.25677,28.58656],[77.25669,28.58655],[77.25668,28.5867]]]}},{"type":"Feature","properties":{"kind":"building"},"geometry":{"type":"Polygon","coordinates":[[[77.25668,28.58711],[77.25674,28.58712],[77.25675,28.58702],[77.25669,28.58701],[77.25668,28.58711]]]}},{"type":"Feature","properties":{"kind":"building"},"geometry":{"type":"Polygon","coordinates":[[[77.25668,28.58933],[77.25662,28.58949],[77.25645,28.58945],[77.2565,28.58931],[77.25657,28.58933],[77.25659,28.5893],[77.25668,28.58933]]]}},{"type":"Feature","properties":{"kind":"building"},"geometry":{"type":"Polygon","coordinates":[[[77.25671,28.58835],[77.25682,28.58837],[77.25688,28.58809],[77.25676,28.58807],[77.25671,28.58835]]]}},{"type":"Feature","properties":{"kind":"building"},"geometry":{"type":"Polygon","coordinates":[[[77.25672,28.58603],[77.25689,28.58606],[77.25691,28.58596],[77.25674,28.58593],[77.25672,28.58603]]]}},{"type":"Feature","properties":{"kind":"building"},"geometry":{"type":"Polygon","coordinates":[[[77.25672,28.58804],[77.25701,28.58808],[77.25702,28.58801],[77.25673,28.58796],[77.25672,28.58804]]]}},{"type":"Feature","properties":{"kind":"building"},"geometry":{"type":"Polygon","coordinates":[[[77.25674,28.58912],[77.25536,28.58882],[77.25538,28.58874],[77.25679,28.58904],[77.25759,28.5895],[77.25755,28.58958],[77.25674,28.58912]]]}},{"type":"Feature","properties":{"kind":"building"},"geometry":{"type":"Polygon","coordinates":[[[77.25674,28.60218],[77.25702,28.60224],[77.25711,28.60189],[77.25683,28.60183],[77.25674,28.60218]]]}},{"type":"Feature","properties":{"kind":"building"},"geometry":{"type":"Polygon","coordinates":[[[77.25677,28.5841],[77.25687,28.58411],[77.25689,28.584],[77.25678,28.58399],[77.25677,28.5841]]]}},{"type":"Feature","properties":{"kind":"building"},"geometry":{"type":"Polygon","coordinates":[[[77.2568,28.58687],[77.25692,28.58688],[77.25693,28.5868],[77.25681,28.58679],[77.2568,28.58687]]]}},{"type":"Feature","properties":{"kind":"building"},"geometry":{"type":"Polygon","coordinates":[[[77.25681,28.58488],[77.2569,28.58489],[77.25691,28.58481],[77.25682,28.5848],[77.25681,28.58488]]]}},{"type":"Feature","properties":{"kind":"building"},"geometry":{"type":"Polygon","coordinates":[[[77.25683,28.58793],[77.25708,28.58795],[77.25709,28.58786],[77.25684,28.58784],[77.25683,28.58793]]]}},{"type":"Feature","properties":{"kind":"building"},"geometry":{"type":"Polygon","coordinates":[[[77.25685,28.58294],[77.25694,28.58297],[77.25695,28.58292],[77.25687,28.5829],[77.25685,28.58294]]]}},{"type":"Feature","properties":{"kind":"building"},"geometry":{"type":"Polygon","coordinates":[[[77.25687,28.58617],[77.25701,28.58619],[77.25702,28.58613],[77.25688,28.58611],[77.25687,28.58617]]]}},{"type":"Feature","properties":{"kind":"building"},"geometry":{"type":"Polygon","coordinates":[[[77.25689,28.58437],[77.25703,28.58438],[77.25704,28.58433],[77.2569,28.58432],[77.25689,28.58437]]]}},{"type":"Feature","properties":{"kind":"building"},"geometry":{"type":"Polygon","coordinates":[[[77.25689,28.58505],[77.2569,28.58495],[77.25679,28.58494],[77.25678,28.58504],[77.25689,28.58505]]]}},{"type":"Feature","properties":{"kind":"building"},"geometry":{"type":"Polygon","coordinates":[[[77.25689,28.58649],[77.25717,28.58655],[77.25719,28.58648],[77.2569,28.58642],[77.25689,28.58649]]]}},{"type":"Feature","properties":{"kind":"building"},"geometry":{"type":"Polygon","coordinates":[[[77.25691,28.58431],[77.25702,28.58431],[77.25703,28.58425],[77.25692,28.58424],[77.25691,28.58431]]]}},{"type":"Feature","properties":{"kind":"building"},"geometry":{"type":"Polygon","coordinates":[[[77.25692,28.5814],[77.25701,28.58144],[77.25699,28.58148],[77.25705,28.58151],[77.25707,28.58148],[77.25726,28.58157],[77.25729,28.58151],[77.25726,28.58149],[77.25729,28.58145],[77.25721,28.58141],[77.25719,28.58144],[77.25711,28.58141],[77.25713,28.58137],[77.25704,28.58133],[77.25703,28.58135],[77.25697,28.58132],[77.25692,28.5814]]]}},{"type":"Feature","properties":{"kind":"building"},"geometry":{"type":"Polygon","coordinates":[[[77.25693,28.58452],[77.25699,28.58453],[77.257,28.58445],[77.25694,28.58445],[77.25693,28.58452]]]}},{"type":"Feature","properties":{"kind":"building"},"geometry":{"type":"Polygon","coordinates":[[[77.25693,28.58594],[77.25699,28.58595],[77.25701,28.5858],[77.25695,28.58579],[77.25693,28.58594]]]}},{"type":"Feature","properties":{"kind":"building"},"geometry":{"type":"Polygon","coordinates":[[[77.25694,28.58097],[77.25709,28.58106],[77.25712,28.58103],[77.25718,28.58107],[77.25716,28.5811],[77.25724,28.58115],[77.25727,28.58111],[77.25732,28.58114],[77.2573,28.58116],[77.25739,28.58122],[77.25742,28.58119],[77.25748,28.58123],[77.25744,28.58128],[77.25738,28.58124],[77.25733,28.5813],[77.2575,28.5814],[77.25754,28.58135],[77.25751,28.58133],[77.25753,28.58131],[77.2575,28.58129],[77.25752,28.58127],[77.25757,28.5813],[77.25764,28.58121],[77.25762,28.5812],[77.25761,28.58121],[77.25756,28.58118],[77.25758,28.58117],[77.25738,28.58106],[77.25737,28.58108],[77.25732,28.58105],[77.25733,28.58103],[77.25725,28.58098],[77.25724,28.581],[77.25714,28.58094],[77.25716,28.58092],[77.25704,28.58085],[77.25694,28.58097]]]}},{"type":"Feature","properties":{"kind":"building"},"geometry":{"type":"Polygon","coordinates":[[[77.25694,28.58421],[77.25707,28.58422],[77.25708,28.58415],[77.25695,28.58414],[77.25694,28.58421]]]}},{"type":"Feature","properties":{"kind":"building"},"geometry":{"type":"Polygon","coordinates":[[[77.25694,28.58682],[77.25716,28.58684],[77.25716,28.5868],[77.25695,28.58677],[77.25694,28.58682]]]}},{"type":"Feature","properties":{"kind":"building"},"geometry":{"type":"Polygon","coordinates":[[[77.25694,28.58689],[77.25706,28.58691],[77.25707,28.58684],[77.25695,28.58682],[77.25694,28.58689]]]}},{"type":"Feature","properties":{"kind":"building"},"geometry":{"type":"Polygon","coordinates":[[[77.25698,28.58413],[77.25725,28.58416],[77.25726,28.58403],[77.25699,28.584],[77.25698,28.58413]]]}},{"type":"Feature","properties":{"kind":"building"},"geometry":{"type":"Polygon","coordinates":[[[77.25698,28.58722],[77.25712,28.58721],[77.25712,28.58714],[77.25698,28.58714],[77.25698,28.58722]]]}},{"type":"Feature","properties":{"kind":"building"},"geometry":{"type":"Polygon","coordinates":[[[77.25699,28.58004],[77.25709,28.58009],[77.25711,28.58006],[77.25718,28.58009],[77.25714,28.58015],[77.2571,28.58013],[77.25706,28.58018],[77.2571,28.5802],[77.25709,28.58022],[77.25713,28.58025],[77.25715,28.58022],[77.25718,28.58023],[77.25716,28.58026],[77.25719,28.58028],[77.2572,28.58026],[77.25723,28.58028],[77.25726,28.58022],[77.25723,28.5802],[77.25734,28.58008],[77.25722,28.58001],[77.25721,28.58003],[77.25712,28.57998],[77.25713,28.57997],[77.25706,28.57993],[77.25699,28.58004]]]}},{"type":"Feature","properties":{"kind":"building"},"geometry":{"type":"Polygon","coordinates":[[[77.25701,28.58034],[77.25701,28.58035],[77.25698,28.58034],[77.25694,28.5804],[77.25697,28.58042],[77.25693,28.58047],[77.25689,28.58044],[77.25691,28.58041],[77.25681,28.58036],[77.25679,28.58039],[77.25673,28.58036],[77.25674,28.58034],[77.2567,28.58032],[77.25671,28.58031],[77.25666,28.58028],[77.25664,28.58032],[77.25657,28.58028],[77.25659,28.58026],[77.25651,28.58021],[77.25648,28.58025],[77.25643,28.58021],[77.25645,28.58018],[77.25636,28.58013],[77.25633,28.58017],[77.2563,28.58015],[77.25626,28.58021],[77.25663,28.58041],[77.25664,28.58039],[77.25666,28.5804],[77.25665,28.58041],[77.25669,28.58044],[77.2567,28.58042],[77.25679,28.58048],[77.25681,28.58045],[77.25682,28.58046],[77.2568,28.58049],[77.25692,28.58055],[77.25693,28.58053],[77.25695,28.58055],[77.25694,28.58057],[77.25702,28.5806],[77.25715,28.58041],[77.25701,28.58034]]]}},{"type":"Feature","properties":{"kind":"building"},"geometry":{"type":"Polygon","coordinates":[[[77.25701,28.58701],[77.25713,28.58702],[77.25714,28.58696],[77.25702,28.58694],[77.25701,28.58701]]]}},{"type":"Feature","properties":{"kind":"building"},"geometry":{"type":"Polygon","coordinates":[[[77.25705,28.58608],[77.25707,28.58599],[77.25697,28.58597],[77.25695,28.58606],[77.25705,28.58608]]]}},{"type":"Feature","properties":{"kind":"building"},"geometry":{"type":"Polygon","coordinates":[[[77.25706,28.58608],[77.25715,28.58609],[77.25717,28.586],[77.25708,28.58599],[77.25706,28.58608]]]}},{"type":"Feature","properties":{"kind":"building"},"geometry":{"type":"Polygon","coordinates":[[[77.25709,28.58635],[77.2571,28.5862],[77.25703,28.5862],[77.25702,28.58635],[77.25709,28.58635]]]}},{"type":"Feature","properties":{"kind":"building"},"geometry":{"type":"Polygon","coordinates":[[[77.2572,28.58642],[77.25721,28.58624],[77.25712,28.58623],[77.2571,28.58642],[77.2572,28.58642]]]}},{"type":"Feature","properties":{"kind":"building"},"geometry":{"type":"Polygon","coordinates":[[[77.25722,28.58681],[77.25733,28.58681],[77.25733,28.5866],[77.25723,28.5866],[77.25722,28.58681]]]}},{"type":"Feature","properties":{"kind":"building"},"geometry":{"type":"Polygon","coordinates":[[[77.25722,28.58702],[77.25729,28.58703],[77.25729,28.58693],[77.25722,28.58693],[77.25722,28.58702]]]}},{"type":"Feature","properties":{"kind":"building"},"geometry":{"type":"Polygon","coordinates":[[[77.25723,28.58513],[77.25724,28.58504],[77.25714,28.58503],[77.25713,28.58511],[77.25723,28.58513]]]}},{"type":"Feature","properties":{"kind":"building"},"geometry":{"type":"Polygon","coordinates":[[[77.25724,28.58656],[77.25744,28.58659],[77.25745,28.58651],[77.25728,28.58649],[77.25727,28.58652],[77.25725,28.58652],[77.25724,28.58656]]]}},{"type":"Feature","properties":{"kind":"building"},"geometry":{"type":"Polygon","coordinates":[[[77.25729,28.58507],[77.25738,28.58508],[77.25739,28.58502],[77.2573,28.58501],[77.25729,28.58507]]]}},{"type":"Feature","properties":{"kind":"building"},"geometry":{"type":"Polygon","coordinates":[[[77.2573,28.58648],[77.25745,28.58649],[77.25746,28.58642],[77.25731,28.5864],[77.2573,28.58648]]]}},{"type":"Feature","properties":{"kind":"building"},"geometry":{"type":"Polygon","coordinates":[[[77.2573,28.58844],[77.25733,28.5883],[77.25741,28.58831],[77.25738,28.58845],[77.2573,28.58844]]]}},{"type":"Feature","properties":{"kind":"building"},"geometry":{"type":"Polygon","coordinates":[[[77.25731,28.5849],[77.25741,28.58491],[77.25742,28.58485],[77.25732,28.58484],[77.25731,28.5849]]]}},{"type":"Feature","properties":{"kind":"building"},"geometry":{"type":"Polygon","coordinates":[[[77.25732,28.58564],[77.2575,28.58566],[77.25751,28.58559],[77.25733,28.58557],[77.25732,28.58564]]]}},{"type":"Feature","properties":{"kind":"building"},"geometry":{"type":"Polygon","coordinates":[[[77.25733,28.586],[77.25737,28.58598],[77.25725,28.58581],[77.25721,28.58583],[77.25733,28.586]]]}},{"type":"Feature","properties":{"kind":"building"},"geometry":{"type":"Polygon","coordinates":[[[77.25737,28.58473],[77.2575,28.58475],[77.25751,28.5847],[77.25738,28.58469],[77.25737,28.58473]]]}},{"type":"Feature","properties":{"kind":"building"},"geometry":{"type":"Polygon","coordinates":[[[77.25738,28.58016],[77.25731,28.58028],[77.25744,28.58034],[77.25741,28.58039],[77.25756,28.58046],[77.25757,28.58045],[77.25761,28.58047],[77.2576,28.58049],[77.25766,28.58051],[77.25767,28.5805],[77.25769,28.58051],[77.25768,28.58052],[77.25776,28.58055],[77.25775,28.58057],[77.25781,28.58059],[77.25782,28.58057],[77.25784,28.58058],[77.25783,28.5806],[77.25791,28.58063],[77.25791,28.58064],[77.25802,28.58069],[77.25801,28.5807],[77.25804,28.58071],[77.25808,28.58065],[77.25805,28.58063],[77.25809,28.58057],[77.25812,28.58059],[77.25817,28.58051],[77.25801,28.58043],[77.25796,28.5805],[77.25801,28.58052],[77.25796,28.5806],[77.25789,28.58057],[77.25793,28.58051],[77.25784,28.58047],[77.25783,28.58049],[77.25776,28.58046],[77.25777,28.58044],[77.25767,28.58039],[77.25766,28.5804],[77.2576,28.58037],[77.25767,28.58027],[77.25752,28.5802],[77.2575,28.58022],[77.25738,28.58016]]]}},{"type":"Feature","properties":{"kind":"building"},"geometry":{"type":"Polygon","coordinates":[[[77.25746,28.58468],[77.25752,28.58469],[77.25753,28.58462],[77.25748,28.58462],[77.25746,28.58468]]]}},{"type":"Feature","properties":{"kind":"building"},"geometry":{"type":"Polygon","coordinates":[[[77.25748,28.58542],[77.25751,28.58532],[77.25744,28.58531],[77.25742,28.5854],[77.25748,28.58542]]]}},{"type":"Feature","properties":{"kind":"building"},"geometry":{"type":"Polygon","coordinates":[[[77.25754,28.58439],[77.25761,28.5844],[77.25764,28.58426],[77.25758,28.58425],[77.25754,28.58439]]]}},{"type":"Feature","properties":{"kind":"building"},"geometry":{"type":"Polygon","coordinates":[[[77.25754,28.58496],[77.25757,28.58484],[77.25749,28.58482],[77.25746,28.58494],[77.25754,28.58496]]]}},{"type":"Feature","properties":{"kind":"building"},"geometry":{"type":"Polygon","coordinates":[[[77.25756,28.58521],[77.25756,28.58514],[77.25748,28.58513],[77.25747,28.5852],[77.25756,28.58521]]]}},{"type":"Feature","properties":{"kind":"building"},"geometry":{"type":"Polygon","coordinates":[[[77.25756,28.5898],[77.25808,28.58994],[77.25874,28.58801],[77.25822,28.58787],[77.25756,28.5898]]]}},{"type":"Feature","properties":{"kind":"building"},"geometry":{"type":"Polygon","coordinates":[[[77.25763,28.58144],[77.2577,28.58148],[77.25772,28.58145],[77.25775,28.58146],[77.25773,28.58149],[77.25777,28.58152],[77.25779,28.58149],[77.25784,28.58152],[77.25782,28.58154],[77.25787,28.58157],[77.25788,28.58155],[77.25797,28.5816],[77.25796,28.58162],[77.258,28.58164],[77.25801,28.58162],[77.2581,28.58167],[77.25815,28.5816],[77.25812,28.58158],[77.25814,28.58156],[77.25805,28.58151],[77.25804,28.58153],[77.25792,28.58147],[77.25793,28.58145],[77.2579,28.58143],[77.25788,28.58147],[77.25785,28.58145],[77.25793,28.58133],[77.25777,28.58125],[77.25772,28.58131],[77.25774,28.58133],[77.2577,28.58138],[77.25768,28.58137],[77.25763,28.58144]]]}},{"type":"Feature","properties":{"kind":"building"},"geometry":{"type":"Polygon","coordinates":[[[77.25777,28.58506],[77.2578,28.58492],[77.25777,28.58492],[77.25773,28.58505],[77.25777,28.58506]]]}},{"type":"Feature","properties":{"kind":"building"},"geometry":{"type":"Polygon","coordinates":[[[77.25778,28.58507],[77.25781,28.58507],[77.25784,28.58494],[77.25781,28.58493],[77.25778,28.58507]]]}},{"type":"Feature","properties":{"kind":"building"},"geometry":{"type":"Polygon","coordinates":[[[77.25782,28.58111],[77.258,28.5812],[77.25804,28.58114],[77.258,28.58112],[77.25802,28.5811],[77.25794,28.58106],[77.25796,28.58103],[77.25803,28.58107],[77.25805,28.58105],[77.25808,28.58107],[77.25806,28.5811],[77.25814,28.58115],[77.25815,28.58114],[77.25819,28.58116],[77.25821,28.58112],[77.25827,28.58116],[77.25824,28.5812],[77.25839,28.58128],[77.25841,28.58127],[77.25848,28.58131],[77.25846,28.58132],[77.25849,28.58134],[77.25852,28.5813],[77.25855,28.58132],[77.2585,28.58138],[77.25846,28.58135],[77.25841,28.58143],[77.25843,28.58144],[77.25846,28.58141],[77.25848,28.58143],[77.25847,28.58144],[77.25859,28.58151],[77.25864,28.58144],[77.2586,28.58142],[77.25865,28.58135],[77.25869,28.58137],[77.25873,28.58131],[77.25819,28.58101],[77.25818,28.58102],[77.25815,28.58101],[77.25814,28.58102],[77.25811,28.581],[77.25811,28.58099],[77.25796,28.58091],[77.25791,28.58099],[77.25795,28.58101],[77.25792,28.58106],[77.25787,28.58104],[77.25782,28.58111]]]}},{"type":"Feature","properties":{"kind":"building"},"geometry":{"type":"Polygon","coordinates":[[[77.25822,28.58579],[77.25874,28.58587],[77.25875,28.58583],[77.25823,28.58575],[77.25822,28.58579]]]}},{"type":"Feature","properties":{"kind":"building"},"geometry":{"type":"Polygon","coordinates":[[[77.25828,28.58549],[77.25883,28.58557],[77.25883,28.58553],[77.25829,28.58545],[77.25828,28.58549]]]}},{"type":"Feature","properties":{"kind":"building"},"geometry":{"type":"Polygon","coordinates":[[[77.25836,28.58518],[77.2589,28.58527],[77.25891,28.58523],[77.25837,28.58514],[77.25836,28.58518]]]}},{"type":"Feature","properties":{"kind":"building"},"geometry":{"type":"Polygon","coordinates":[[[77.25844,28.58488],[77.25896,28.58497],[77.25896,28.58493],[77.25844,28.58484],[77.25844,28.58488]]]}},{"type":"Feature","properties":{"kind":"building"},"geometry":{"type":"Polygon","coordinates":[[[77.2585,28.58457],[77.25909,28.58467],[77.2591,28.58462],[77.25851,28.58452],[77.2585,28.58457]]]}},{"type":"Feature","properties":{"kind":"building"},"geometry":{"type":"Polygon","coordinates":[[[77.25876,28.58451],[77.25915,28.58458],[77.25917,28.58446],[77.25878,28.5844],[77.25876,28.58451]]]}},{"type":"Feature","properties":{"kind":"building"},"geometry":{"type":"Polygon","coordinates":[[[77.25904,28.58143],[77.2591,28.58145],[77.25907,28.58149],[77.25911,28.58151],[77.2591,28.58152],[77.25918,28.58156],[77.25921,28.5815],[77.25928,28.58154],[77.25932,28.58149],[77.25929,28.58147],[77.25932,28.58143],[77.25935,28.58144],[77.25941,28.58135],[77.25935,28.58132],[77.25933,28.58135],[77.25926,28.58132],[77.25928,28.58129],[77.25917,28.58123],[77.25912,28.58131],[77.25926,28.58138],[77.25921,28.58147],[77.25906,28.58139],[77.25904,28.58143]]]}},{"type":"Feature","properties":{"kind":"building"},"geometry":{"type":"Polygon","coordinates":[[[77.25914,28.58518],[77.25924,28.5852],[77.25928,28.58508],[77.25917,28.58506],[77.25914,28.58518]]]}},{"type":"Feature","properties":{"kind":"building"},"geometry":{"type":"Polygon","coordinates":[[[77.26011,28.58653],[77.26023,28.58657],[77.26025,28.58651],[77.26014,28.58648],[77.26011,28.58653]]]}},{"type":"Feature","properties":{"kind":"building"},"geometry":{"type":"Polygon","coordinates":[[[77.26156,28.5875],[77.26204,28.58758],[77.26216,28.58705],[77.26168,28.58696],[77.26156,28.5875]]]}},{"type":"Feature","properties":{"kind":"building"},"geometry":{"type":"Polygon","coordinates":[[[77.26241,28.59288],[77.2624,28.59282],[77.26246,28.59282],[77.26247,28.59287],[77.26241,28.59288]]]}},{"type":"Feature","properties":{"kind":"campus"},"geometry":{"type":"Polygon","coordinates":[[[77.24816,28.59493],[77.24796,28.5942],[77.24782,28.59416],[77.24737,28.59415],[77.24739,28.59486],[77.24816,28.59493]]]}},{"type":"Feature","properties":{"kind":"campus"},"geometry":{"type":"Polygon","coordinates":[[[77.25537,28.59135],[77.25549,28.59137],[77.25547,28.59146],[77.25573,28.59151],[77.25575,28.59141],[77.25586,28.59143],[77.25582,28.59161],[77.25533,28.59151],[77.25537,28.59135]]]}},{"type":"Feature","properties":{"kind":"campus","name":"Delhi Public School, Mathura Road"},"geometry":{"type":"Polygon","coordinates":[[[77.24095,28.59816],[77.24104,28.5974],[77.24184,28.5961],[77.24307,28.59598],[77.24317,28.59647],[77.24398,28.5965],[77.24395,28.5975],[77.24362,28.59748],[77.24368,28.5983],[77.24095,28.59816]]]}},{"type":"Feature","properties":{"kind":"campus","name":"Government Boy Senior Secondary School"},"geometry":{"type":"Polygon","coordinates":[[[77.24235,28.58326],[77.24228,28.58327],[77.24228,28.58321],[77.24161,28.58322],[77.24161,28.58358],[77.24174,28.5837],[77.24174,28.58389],[77.24224,28.58388],[77.2423,28.58377],[77.2426,28.58349],[77.24235,28.58326]]]}},{"type":"Feature","properties":{"kind":"campus","name":"Industrial Training Institute New Delhi"},"geometry":{"type":"Polygon","coordinates":[[[77.24614,28.59002],[77.24608,28.59165],[77.24653,28.59174],[77.24685,28.5921],[77.24681,28.59253],[77.24763,28.59254],[77.2477,28.59101],[77.24776,28.59013],[77.2465,28.59002],[77.24614,28.59002]]]}},{"type":"Feature","properties":{"kind":"campus","name":"Kamala Nehru Sarvodaya Kanya Vidyalaya"},"geometry":{"type":"Polygon","coordinates":[[[77.24228,28.58321],[77.24227,28.5825],[77.24178,28.58248],[77.24176,28.58322],[77.24228,28.58321]]]}},{"type":"Feature","properties":{"kind":"landmark","name":"Afsarwala's Mosque","icon":"monument"},"geometry":{"type":"Point","coordinates":[77.24784,28.59277]}},{"type":"Feature","properties":{"kind":"landmark","name":"Afsarwala's Tomb","icon":"monument"},"geometry":{"type":"Point","coordinates":[77.24773,28.59252]}},{"type":"Feature","properties":{"kind":"landmark","name":"Alami Markaz Banglewali masjid","icon":"mosque"},"geometry":{"type":"Point","coordinates":[77.24338,28.59173]}},{"type":"Feature","properties":{"kind":"landmark","name":"Amir Khusro Park","icon":"park"},"geometry":{"type":"Point","coordinates":[77.24152,28.59435]}},{"type":"Feature","properties":{"kind":"landmark","name":"Ataga Khan's Tomb","icon":"monument"},"geometry":{"type":"Point","coordinates":[77.24221,28.59154]}},{"type":"Feature","properties":{"kind":"landmark","name":"Baansera","icon":"park"},"geometry":{"type":"Point","coordinates":[77.26052,28.59229]}},{"type":"Feature","properties":{"kind":"landmark","name":"Balmiki Mandir","icon":"monument"},"geometry":{"type":"Point","coordinates":[77.24973,28.58572]}},{"type":"Feature","properties":{"kind":"landmark","name":"Barakhamba's Tomb","icon":"monument"},"geometry":{"type":"Point","coordinates":[77.24253,28.5925]}},{"type":"Feature","properties":{"kind":"landmark","name":"Barber's Tomb","icon":"monument"},"geometry":{"type":"Point","coordinates":[77.25206,28.59233]}},{"type":"Feature","properties":{"kind":"landmark","name":"Bhogal Buddha Vihar","icon":"monument"},"geometry":{"type":"Point","coordinates":[77.24583,28.58375]}},{"type":"Feature","properties":{"kind":"landmark","name":"Bu Halima's Tomb","icon":"monument"},"geometry":{"type":"Point","coordinates":[77.24663,28.59368]}},{"type":"Feature","properties":{"kind":"landmark","name":"Dargah Hazrat Khwaja","icon":"mosque"},"geometry":{"type":"Point","coordinates":[77.24072,28.59561]}},{"type":"Feature","properties":{"kind":"landmark","name":"Dargah Musafir Shah Chitli Khanqah","icon":"mosque"},"geometry":{"type":"Point","coordinates":[77.24097,28.59454]}},{"type":"Feature","properties":{"kind":"landmark","name":"Dargah Shareef Patte Wall","icon":"monument"},"geometry":{"type":"Point","coordinates":[77.24854,28.59421]}},{"type":"Feature","properties":{"kind":"landmark","name":"Digamber Jain Temple","icon":"monument"},"geometry":{"type":"Point","coordinates":[77.25054,28.58108]}},{"type":"Feature","properties":{"kind":"landmark","name":"Gurdwara Damdama Sahib","icon":"monument"},"geometry":{"type":"Point","coordinates":[77.25254,28.59478]}},{"type":"Feature","properties":{"kind":"landmark","name":"Hazrat Nizam-ud-din","icon":"mosque"},"geometry":{"type":"Point","coordinates":[77.24172,28.59227]}},{"type":"Feature","properties":{"kind":"landmark","name":"Hazrat Nizamuddin Junction","icon":"rail"},"geometry":{"type":"Point","coordinates":[77.25352,28.58896]}},{"type":"Feature","properties":{"kind":"landmark","name":"Hazrat Nizamuddin Railway Station Masjid","icon":"mosque"},"geometry":{"type":"Point","coordinates":[77.25329,28.58859]}},{"type":"Feature","properties":{"kind":"landmark","name":"Hindu temple","icon":"monument"},"geometry":{"type":"Point","coordinates":[77.24805,28.58597]}},{"type":"Feature","properties":{"kind":"landmark","name":"Humayun Darwaza","icon":"monument"},"geometry":{"type":"Point","coordinates":[77.2454,28.60686]}},{"type":"Feature","properties":{"kind":"landmark","name":"Humayun's Tomb","icon":"monument"},"geometry":{"type":"Point","coordinates":[77.25065,28.59329]}},{"type":"Feature","properties":{"kind":"landmark","name":"Indraprastha Park","icon":"park"},"geometry":{"type":"Point","coordinates":[77.25389,28.60012]}},{"type":"Feature","properties":{"kind":"landmark","name":"Isa Khan's Tomb","icon":"monument"},"geometry":{"type":"Point","coordinates":[77.24618,28.59223]}},{"type":"Feature","properties":{"kind":"landmark","name":"Jain Mandir","icon":"monument"},"geometry":{"type":"Point","coordinates":[77.24972,28.581]}},{"type":"Feature","properties":{"kind":"landmark","name":"Jamaat Khana Masjid","icon":"mosque"},"geometry":{"type":"Point","coordinates":[77.24181,28.59138]}},{"type":"Feature","properties":{"kind":"landmark","name":"Jangpura","icon":"rail"},"geometry":{"type":"Point","coordinates":[77.23932,28.58304]}},{"type":"Feature","properties":{"kind":"landmark","name":"Kali Masjid","icon":"mosque"},"geometry":{"type":"Point","coordinates":[77.24326,28.58992]}},{"type":"Feature","properties":{"kind":"landmark","name":"Lakkarwala Burj","icon":"monument"},"geometry":{"type":"Point","coordinates":[77.2441,28.59802]}},{"type":"Feature","properties":{"kind":"landmark","name":"Lal Bangla Mausoleums","icon":"monument"},"geometry":{"type":"Point","coordinates":[77.23837,28.60038]}},{"type":"Feature","properties":{"kind":"landmark","name":"Lal Masjid Madrasa Habib","icon":"mosque"},"geometry":{"type":"Point","coordinates":[77.24069,28.58787]}},{"type":"Feature","properties":{"kind":"landmark","name":"Markazi Masjid","icon":"mosque"},"geometry":{"type":"Point","coordinates":[77.24288,28.59198]}},{"type":"Feature","properties":{"kind":"landmark","name":"Mirza Ghalib's Tomb","icon":"monument"},"geometry":{"type":"Point","coordinates":[77.24301,28.59143]}},{"type":"Feature","properties":{"kind":"landmark","name":"Mirza Muzaffar Hussain’s Tomb","icon":"monument"},"geometry":{"type":"Point","coordinates":[77.24901,28.59577]}},{"type":"Feature","properties":{"kind":"landmark","name":"Mosque","icon":"monument"},"geometry":{"type":"Point","coordinates":[77.24546,28.59214]}},{"type":"Feature","properties":{"kind":"landmark","name":"Nila Gumbad","icon":"monument"},"geometry":{"type":"Point","coordinates":[77.25314,28.5919]}},{"type":"Feature","properties":{"kind":"landmark","name":"Nizamuddin Dargah","icon":"mosque"},"geometry":{"type":"Point","coordinates":[77.2403,28.59076]}},{"type":"Feature","properties":{"kind":"landmark","name":"Noor Masjid","icon":"mosque"},"geometry":{"type":"Point","coordinates":[77.24953,28.58626]}},{"type":"Feature","properties":{"kind":"landmark","name":"North Pavilion","icon":"monument"},"geometry":{"type":"Point","coordinates":[77.2508,28.59484]}},{"type":"Feature","properties":{"kind":"landmark","name":"Pant Nagar Mandir","icon":"monument"},"geometry":{"type":"Point","coordinates":[77.24353,28.58582]}},{"type":"Feature","properties":{"kind":"landmark","name":"Raghunath Mandir","icon":"monument"},"geometry":{"type":"Point","coordinates":[77.25242,28.58985]}},{"type":"Feature","properties":{"kind":"landmark","name":"Royal Gateway","icon":"monument"},"geometry":{"type":"Point","coordinates":[77.25083,28.59157]}},{"type":"Feature","properties":{"kind":"landmark","name":"SDMC Polyclinic","icon":"hospital"},"geometry":{"type":"Point","coordinates":[77.24692,28.58444]}},{"type":"Feature","properties":{"kind":"landmark","name":"Sabz Burj","icon":"monument"},"geometry":{"type":"Point","coordinates":[77.24374,28.5932]}},{"type":"Feature","properties":{"kind":"landmark","name":"Sanatan Dharam Guffa Wala Mandir","icon":"monument"},"geometry":{"type":"Point","coordinates":[77.24347,28.58581]}},{"type":"Feature","properties":{"kind":"landmark","name":"Sanatan Dharam Mandir","icon":"monument"},"geometry":{"type":"Point","coordinates":[77.24544,28.58021]}},{"type":"Feature","properties":{"kind":"landmark","name":"Sarai Kale Khan","icon":"rail"},"geometry":{"type":"Point","coordinates":[77.25807,28.58919]}},{"type":"Feature","properties":{"kind":"landmark","name":"Sarai Kale Khan - Nizamuddin","icon":"rail"},"geometry":{"type":"Point","coordinates":[77.25725,28.58875]}},{"type":"Feature","properties":{"kind":"landmark","name":"Shaheed Udham Singh park","icon":"park"},"geometry":{"type":"Point","coordinates":[77.24914,28.58637]}},{"type":"Feature","properties":{"kind":"landmark","name":"Shahi Masjid","icon":"mosque"},"geometry":{"type":"Point","coordinates":[77.24681,28.58215]}},{"type":"Feature","properties":{"kind":"landmark","name":"St. Micheal's and All Angel's Church","icon":"monument"},"geometry":{"type":"Point","coordinates":[77.24583,28.58395]}},{"type":"Feature","properties":{"kind":"landmark","name":"Sundarwala Mahal","icon":"monument"},"geometry":{"type":"Point","coordinates":[77.24668,28.59613]}},{"type":"Feature","properties":{"kind":"landmark","name":"Sunder Burj","icon":"monument"},"geometry":{"type":"Point","coordinates":[77.24488,28.59591]}},{"type":"Feature","properties":{"kind":"landmark","name":"Sunder Nursery","icon":"park"},"geometry":{"type":"Point","coordinates":[77.24687,28.59689]}},{"type":"Feature","properties":{"kind":"landmark","name":"Tomb of Abdul Rahim Khan-i-Khanan","icon":"monument"},"geometry":{"type":"Point","coordinates":[77.24802,28.58806]}},{"type":"Feature","properties":{"kind":"landmark","name":"Urban UPC Dispensary","icon":"hospital"},"geometry":{"type":"Point","coordinates":[77.25587,28.58811]}},{"type":"Feature","properties":{"kind":"landmark","name":"Vishwa Shanti Stupa","icon":"monument"},"geometry":{"type":"Point","coordinates":[77.2534,28.60238]}},{"type":"Feature","properties":{"kind":"park"},"geometry":{"type":"Polygon","coordinates":[[[77.23768,28.6003],[77.2377,28.60005],[77.23801,28.60007],[77.23827,28.60002],[77.23825,28.60022],[77.23812,28.60021],[77.23811,28.60033],[77.23768,28.6003]]]}},{"type":"Feature","properties":{"kind":"park"},"geometry":{"type":"Polygon","coordinates":[[[77.23959,28.60211],[77.2396,28.6017],[77.24019,28.6017],[77.24014,28.60214],[77.23959,28.60211]]]}},{"type":"Feature","properties":{"kind":"park"},"geometry":{"type":"Polygon","coordinates":[[[77.23979,28.60245],[77.23979,28.60225],[77.24007,28.60227],[77.24006,28.60246],[77.23979,28.60245]]]}},{"type":"Feature","properties":{"kind":"park"},"geometry":{"type":"Polygon","coordinates":[[[77.24009,28.59886],[77.24026,28.59853],[77.24048,28.59859],[77.24038,28.59895],[77.24009,28.59886]]]}},{"type":"Feature","properties":{"kind":"park"},"geometry":{"type":"Polygon","coordinates":[[[77.24068,28.6042],[77.24223,28.60428],[77.24219,28.60488],[77.24064,28.6048],[77.24068,28.6042]]]}},{"type":"Feature","properties":{"kind":"park"},"geometry":{"type":"Polygon","coordinates":[[[77.24073,28.60242],[77.24125,28.60245],[77.24131,28.60147],[77.24079,28.60145],[77.24073,28.60242]]]}},{"type":"Feature","properties":{"kind":"park"},"geometry":{"type":"Polygon","coordinates":[[[77.24096,28.59912],[77.24254,28.59924],[77.24258,28.59973],[77.24094,28.59965],[77.24096,28.59912]]]}},{"type":"Feature","properties":{"kind":"park"},"geometry":{"type":"Polygon","coordinates":[[[77.24109,28.60349],[77.24145,28.60351],[77.24142,28.6038],[77.24106,28.60378],[77.24109,28.60349]]]}},{"type":"Feature","properties":{"kind":"park"},"geometry":{"type":"Polygon","coordinates":[[[77.24133,28.60013],[77.2417,28.60015],[77.24167,28.60044],[77.24131,28.60042],[77.24133,28.60013]]]}},{"type":"Feature","properties":{"kind":"park"},"geometry":{"type":"Polygon","coordinates":[[[77.24139,28.59101],[77.24146,28.59128],[77.24125,28.59131],[77.24118,28.59105],[77.24139,28.59101]]]}},{"type":"Feature","properties":{"kind":"park"},"geometry":{"type":"Polygon","coordinates":[[[77.24144,28.58139],[77.24016,28.58266],[77.24,28.58241],[77.24126,28.58123],[77.24144,28.58139]]]}},{"type":"Feature","properties":{"kind":"park"},"geometry":{"type":"Polygon","coordinates":[[[77.24159,28.60282],[77.24323,28.6029],[77.2432,28.60349],[77.24155,28.60341],[77.24159,28.60282]]]}},{"type":"Feature","properties":{"kind":"park"},"geometry":{"type":"Polygon","coordinates":[[[77.24172,28.58445],[77.24174,28.5839],[77.24229,28.5839],[77.24252,28.58409],[77.24252,28.58418],[77.24202,28.58459],[77.24191,28.58464],[77.24185,28.58463],[77.24177,28.58455],[77.24172,28.58445]]]}},{"type":"Feature","properties":{"kind":"park"},"geometry":{"type":"Polygon","coordinates":[[[77.24173,28.60056],[77.24338,28.60064],[77.24334,28.60123],[77.24169,28.60115],[77.24173,28.60056]]]}},{"type":"Feature","properties":{"kind":"park"},"geometry":{"type":"Polygon","coordinates":[[[77.24225,28.60499],[77.24261,28.60501],[77.24258,28.6053],[77.24222,28.60527],[77.24225,28.60499]]]}},{"type":"Feature","properties":{"kind":"park"},"geometry":{"type":"Polygon","coordinates":[[[77.24232,28.60389],[77.24268,28.60391],[77.24266,28.6042],[77.24229,28.60418],[77.24232,28.60389]]]}},{"type":"Feature","properties":{"kind":"park"},"geometry":{"type":"Polygon","coordinates":[[[77.24261,28.59984],[77.24297,28.59987],[77.24295,28.60016],[77.24259,28.60013],[77.24261,28.59984]]]}},{"type":"Feature","properties":{"kind":"park"},"geometry":{"type":"Polygon","coordinates":[[[77.24267,28.59876],[77.24303,28.59878],[77.243,28.59907],[77.24264,28.59904],[77.24267,28.59876]]]}},{"type":"Feature","properties":{"kind":"park"},"geometry":{"type":"Polygon","coordinates":[[[77.24328,28.58415],[77.24326,28.58419],[77.24327,28.58427],[77.24333,28.58433],[77.24343,28.58435],[77.24353,28.5843],[77.24356,28.58422],[77.24354,28.58414],[77.2435,28.58411],[77.24345,28.58409],[77.24336,28.58409],[77.24328,28.58415]]]}},{"type":"Feature","properties":{"kind":"park"},"geometry":{"type":"Polygon","coordinates":[[[77.24332,28.58311],[77.24333,28.58248],[77.24357,28.58248],[77.24355,28.58311],[77.24332,28.58311]]]}},{"type":"Feature","properties":{"kind":"park"},"geometry":{"type":"Polygon","coordinates":[[[77.24343,28.58525],[77.24312,28.58496],[77.2429,28.58514],[77.24321,28.58543],[77.24343,28.58525]]]}},{"type":"Feature","properties":{"kind":"park"},"geometry":{"type":"Polygon","coordinates":[[[77.24368,28.58502],[77.24339,28.58474],[77.24319,28.5849],[77.24348,28.58518],[77.24368,28.58502]]]}},{"type":"Feature","properties":{"kind":"park"},"geometry":{"type":"Polygon","coordinates":[[[77.24378,28.58904],[77.24397,28.58863],[77.24421,28.58839],[77.2448,28.58893],[77.24456,28.58924],[77.24378,28.58904]]]}},{"type":"Feature","properties":{"kind":"park"},"geometry":{"type":"Polygon","coordinates":[[[77.24379,28.59294],[77.24368,28.5929],[77.24358,28.59291],[77.24347,28.59295],[77.2434,28.59301],[77.24335,28.5931],[77.24334,28.5932],[77.24338,28.59329],[77.24349,28.59339],[77.2436,28.59342],[77.2437,28.59342],[77.24381,28.59338],[77.24388,28.59331],[77.24393,28.59323],[77.24394,28.59313],[77.2439,28.59304],[77.24379,28.59294]]]}},{"type":"Feature","properties":{"kind":"park"},"geometry":{"type":"Polygon","coordinates":[[[77.24413,28.59306],[77.24434,28.59307],[77.24434,28.59294],[77.24454,28.59294],[77.24454,28.59303],[77.24522,28.59304],[77.24522,28.59297],[77.24543,28.59297],[77.24547,28.59227],[77.24542,28.59227],[77.24547,28.59202],[77.24551,28.59203],[77.24552,28.59197],[77.24598,28.59163],[77.24608,28.59165],[77.24609,28.59123],[77.24526,28.59123],[77.2448,28.59186],[77.24508,28.59195],[77.24506,28.59209],[77.24491,28.59214],[77.24499,28.5925],[77.24438,28.59242],[77.24409,28.59281],[77.24403,28.59296],[77.24406,28.59306],[77.24413,28.59306]]]}},{"type":"Feature","properties":{"kind":"park"},"geometry":{"type":"Polygon","coordinates":[[[77.2444,28.58063],[77.24442,28.5807],[77.24448,28.58074],[77.24452,28.58075],[77.24459,28.58074],[77.24465,28.5807],[77.24467,28.58064],[77.24467,28.58024],[77.24441,28.58024],[77.2444,28.58063]]]}},{"type":"Feature","properties":{"kind":"park"},"geometry":{"type":"Polygon","coordinates":[[[77.24486,28.58437],[77.24495,28.58425],[77.24446,28.58381],[77.24432,28.58394],[77.24486,28.58437]]]}},{"type":"Feature","properties":{"kind":"park"},"geometry":{"type":"Polygon","coordinates":[[[77.24598,28.59644],[77.24595,28.59724],[77.24664,28.5973],[77.24668,28.59668],[77.24646,28.59657],[77.24622,28.59648],[77.24598,28.59644]]]}},{"type":"Feature","properties":{"kind":"park"},"geometry":{"type":"Polygon","coordinates":[[[77.24609,28.58934],[77.2457,28.58914],[77.24649,28.58868],[77.24609,28.58934]]]}},{"type":"Feature","properties":{"kind":"park"},"geometry":{"type":"Polygon","coordinates":[[[77.24635,28.59406],[77.24608,28.59389],[77.24573,28.59375],[77.24573,28.59352],[77.24558,28.59352],[77.24558,28.59323],[77.24567,28.59323],[77.24567,28.59311],[77.24543,28.59297],[77.24546,28.59235],[77.24584,28.59277],[77.24638,28.59283],[77.24635,28.59406]]]}},{"type":"Feature","properties":{"kind":"park"},"geometry":{"type":"Polygon","coordinates":[[[77.24638,28.59283],[77.24635,28.59406],[77.24713,28.5941],[77.24717,28.59323],[77.24706,28.59322],[77.24707,28.59312],[77.24718,28.59312],[77.2472,28.59253],[77.24681,28.59253],[77.24638,28.59283]]]}},{"type":"Feature","properties":{"kind":"park"},"geometry":{"type":"Polygon","coordinates":[[[77.24665,28.5899],[77.24676,28.58966],[77.24694,28.58974],[77.24688,28.58992],[77.24665,28.5899]]]}},{"type":"Feature","properties":{"kind":"park"},"geometry":{"type":"Polygon","coordinates":[[[77.2471,28.58871],[77.2473,28.58836],[77.24728,28.58829],[77.2473,28.58809],[77.24767,28.58738],[77.24873,28.58762],[77.24871,28.58814],[77.24843,28.58829],[77.24859,28.58863],[77.24783,28.58893],[77.2478,28.58888],[77.24774,28.58884],[77.24767,28.58882],[77.24756,28.58883],[77.24749,28.58886],[77.2471,28.58871]]]}},{"type":"Feature","properties":{"kind":"park"},"geometry":{"type":"Polygon","coordinates":[[[77.24713,28.59406],[77.24718,28.593],[77.24894,28.59305],[77.24894,28.59309],[77.24888,28.59309],[77.24888,28.59315],[77.24881,28.59315],[77.24882,28.5931],[77.2487,28.59309],[77.24875,28.59315],[77.24874,28.59325],[77.24869,28.5933],[77.24881,28.59331],[77.24881,28.59326],[77.24887,28.59326],[77.24887,28.59333],[77.24893,28.59333],[77.24885,28.59484],[77.24877,28.59478],[77.24847,28.59421],[77.24849,28.59407],[77.24817,28.59405],[77.24713,28.59406]]]}},{"type":"Feature","properties":{"kind":"park"},"geometry":{"type":"Polygon","coordinates":[[[77.24742,28.58992],[77.24739,28.58962],[77.24753,28.58961],[77.24755,28.58991],[77.24742,28.58992]]]}},{"type":"Feature","properties":{"kind":"park"},"geometry":{"type":"Polygon","coordinates":[[[77.24752,28.58912],[77.24759,28.58915],[77.24767,28.58915],[77.24774,28.58911],[77.24777,28.58905],[77.24775,28.58898],[77.2477,28.58892],[77.24762,28.58891],[77.24755,28.58893],[77.2475,28.58898],[77.24749,28.58905],[77.24752,28.58912]]]}},{"type":"Feature","properties":{"kind":"park"},"geometry":{"type":"Polygon","coordinates":[[[77.24773,28.59096],[77.24821,28.59096],[77.2478,28.59019],[77.24773,28.59096]]]}},{"type":"Feature","properties":{"kind":"park"},"geometry":{"type":"Polygon","coordinates":[[[77.24822,28.59299],[77.24889,28.59301],[77.24895,28.5914],[77.24771,28.59137],[77.24767,28.59244],[77.24824,28.59246],[77.24822,28.59299]]]}},{"type":"Feature","properties":{"kind":"park"},"geometry":{"type":"Polygon","coordinates":[[[77.24862,28.59081],[77.24925,28.59116],[77.24925,28.59071],[77.2491,28.59061],[77.24862,28.59081]]]}},{"type":"Feature","properties":{"kind":"park"},"geometry":{"type":"Polygon","coordinates":[[[77.24885,28.59484],[77.25196,28.5949],[77.25197,28.59482],[77.25238,28.59484],[77.25249,28.59338],[77.25252,28.59233],[77.25329,28.59234],[77.25332,28.59169],[77.25323,28.59151],[77.25279,28.5914],[77.24932,28.59134],[77.24907,28.59131],[77.24898,28.59108],[77.24888,28.59104],[77.24888,28.5911],[77.24894,28.59114],[77.24894,28.59124],[77.24886,28.59131],[77.24886,28.59136],[77.249,28.59137],[77.249,28.5914],[77.24894,28.59309],[77.24885,28.59484]]]}},{"type":"Feature","properties":{"kind":"park"},"geometry":{"type":"Polygon","coordinates":[[[77.24911,28.58852],[77.24928,28.58884],[77.24944,28.58899],[77.24957,28.58907],[77.24971,28.58909],[77.24978,28.58908],[77.24986,28.58902],[77.24992,28.5889],[77.24994,28.58879],[77.24993,28.5886],[77.24976,28.58826],[77.24911,28.58852]]]}},{"type":"Feature","properties":{"kind":"park"},"geometry":{"type":"Polygon","coordinates":[[[77.24919,28.58836],[77.24915,28.58829],[77.24915,28.58821],[77.24917,28.58806],[77.24927,28.58803],[77.24933,28.58803],[77.24946,28.58814],[77.24951,28.58823],[77.24919,28.58836]]]}},{"type":"Feature","properties":{"kind":"park"},"geometry":{"type":"Polygon","coordinates":[[[77.24956,28.58599],[77.24967,28.58585],[77.24931,28.58563],[77.2492,28.58577],[77.24956,28.58599]]]}},{"type":"Feature","properties":{"kind":"park"},"geometry":{"type":"Polygon","coordinates":[[[77.24976,28.59118],[77.24978,28.59052],[77.25003,28.59052],[77.25001,28.59119],[77.24976,28.59118]]]}},{"type":"Feature","properties":{"kind":"park"},"geometry":{"type":"Polygon","coordinates":[[[77.25051,28.58983],[77.25051,28.58961],[77.25076,28.58961],[77.25076,28.58968],[77.25065,28.58972],[77.2506,28.58979],[77.2506,28.58983],[77.25051,28.58983]]]}},{"type":"Feature","properties":{"kind":"park"},"geometry":{"type":"Polygon","coordinates":[[[77.25075,28.59004],[77.2507,28.59],[77.25068,28.58995],[77.25069,28.58989],[77.25073,28.58985],[77.25078,28.58982],[77.25085,28.58982],[77.2509,28.58985],[77.25094,28.5899],[77.25095,28.58995],[77.25092,28.59],[77.25088,28.59004],[77.25081,28.59005],[77.25075,28.59004]]]}},{"type":"Feature","properties":{"kind":"park"},"geometry":{"type":"Polygon","coordinates":[[[77.25077,28.58837],[77.25054,28.58793],[77.25086,28.58779],[77.25112,28.58824],[77.25111,28.58833],[77.25102,28.58844],[77.25094,28.58845],[77.25088,28.58844],[77.25077,28.58837]]]}},{"type":"Feature","properties":{"kind":"park"},"geometry":{"type":"Polygon","coordinates":[[[77.25079,28.59096],[77.2514,28.59098],[77.25141,28.59066],[77.25136,28.59066],[77.25136,28.59053],[77.25081,28.59052],[77.25079,28.59096]]]}},{"type":"Feature","properties":{"kind":"park"},"geometry":{"type":"Polygon","coordinates":[[[77.25116,28.58985],[77.25116,28.58962],[77.25091,28.58962],[77.25091,28.5897],[77.25102,28.58974],[77.25106,28.5898],[77.25107,28.58985],[77.25116,28.58985]]]}},{"type":"Feature","properties":{"kind":"park"},"geometry":{"type":"Polygon","coordinates":[[[77.25139,28.5891],[77.25203,28.58913],[77.25203,28.58897],[77.252,28.5889],[77.25189,28.58884],[77.25179,28.58883],[77.25156,28.58883],[77.25149,28.58885],[77.25144,28.58889],[77.2514,28.58898],[77.25139,28.5891]]]}},{"type":"Feature","properties":{"kind":"park"},"geometry":{"type":"Polygon","coordinates":[[[77.2517,28.59026],[77.25171,28.58998],[77.25204,28.58999],[77.25204,28.59026],[77.2517,28.59026]]]}},{"type":"Feature","properties":{"kind":"park"},"geometry":{"type":"Polygon","coordinates":[[[77.2517,28.5912],[77.25201,28.5912],[77.25201,28.59079],[77.25194,28.59071],[77.25179,28.59071],[77.25174,28.59072],[77.2517,28.59077],[77.2517,28.5912]]]}},{"type":"Feature","properties":{"kind":"park"},"geometry":{"type":"Polygon","coordinates":[[[77.25172,28.58987],[77.25172,28.5896],[77.25206,28.5896],[77.25206,28.58988],[77.25172,28.58987]]]}},{"type":"Feature","properties":{"kind":"park"},"geometry":{"type":"Polygon","coordinates":[[[77.25213,28.5952],[77.25216,28.59493],[77.25236,28.59493],[77.25236,28.59497],[77.2524,28.59504],[77.25213,28.5952]]]}},{"type":"Feature","properties":{"kind":"park"},"geometry":{"type":"Polygon","coordinates":[[[77.2524,28.58169],[77.25273,28.58167],[77.25274,28.58181],[77.25241,28.58183],[77.2524,28.58169]]]}},{"type":"Feature","properties":{"kind":"park"},"geometry":{"type":"Polygon","coordinates":[[[77.25271,28.58876],[77.2522,28.5884],[77.25221,28.58834],[77.25277,28.58835],[77.25271,28.58876]]]}},{"type":"Feature","properties":{"kind":"park"},"geometry":{"type":"Polygon","coordinates":[[[77.25278,28.58123],[77.2532,28.5812],[77.25317,28.5809],[77.25275,28.58093],[77.25278,28.58123]]]}},{"type":"Feature","properties":{"kind":"park"},"geometry":{"type":"Polygon","coordinates":[[[77.25308,28.58256],[77.2535,28.58258],[77.25349,28.58291],[77.25306,28.5829],[77.25308,28.58256]]]}},{"type":"Feature","properties":{"kind":"park"},"geometry":{"type":"Polygon","coordinates":[[[77.25495,28.5798],[77.25498,28.5804],[77.25473,28.58043],[77.25471,28.57975],[77.25495,28.5798]]]}},{"type":"Feature","properties":{"kind":"park"},"geometry":{"type":"Polygon","coordinates":[[[77.25952,28.59203],[77.25962,28.59173],[77.25986,28.59118],[77.25996,28.59104],[77.26008,28.59095],[77.26022,28.59092],[77.26055,28.59095],[77.26061,28.59101],[77.26062,28.59126],[77.26052,28.59139],[77.26056,28.59158],[77.2606,28.59162],[77.26063,28.59169],[77.26061,28.59195],[77.26059,28.59209],[77.2605,28.5923],[77.26045,28.59248],[77.26045,28.59228],[77.2604,28.59214],[77.26032,28.59204],[77.26019,28.59195],[77.26005,28.59189],[77.25997,28.59188],[77.25976,28.59191],[77.25964,28.59196],[77.25952,28.59203]]]}},{"type":"Feature","properties":{"kind":"park","name":"Amir Khusro Park"},"geometry":{"type":"Polygon","coordinates":[[[77.24093,28.59666],[77.24082,28.59644],[77.2405,28.59449],[77.24032,28.59324],[77.24047,28.5931],[77.24085,28.59306],[77.24311,28.59324],[77.2432,28.59331],[77.24325,28.5934],[77.24323,28.59355],[77.24093,28.59666]]]}},{"type":"Feature","properties":{"kind":"park","name":"Baansera"},"geometry":{"type":"Polygon","coordinates":[[[77.26158,28.59558],[77.2621,28.59555],[77.26236,28.59549],[77.26292,28.59554],[77.26326,28.59524],[77.26339,28.59489],[77.26295,28.59455],[77.26328,28.59374],[77.26267,28.59241],[77.26173,28.59251],[77.26147,28.59229],[77.26112,28.59237],[77.26071,28.59207],[77.26074,28.59095],[77.26095,28.59095],[77.261,28.59059],[77.26095,28.59048],[77.26121,28.58929],[77.26107,28.58912],[77.26078,28.58872],[77.26057,28.58749],[77.25967,28.58746],[77.25802,28.59252],[77.2592,28.59283],[77.25905,28.59374],[77.25898,28.59396],[77.25897,28.59418],[77.25901,28.59428],[77.25881,28.5947],[77.25963,28.59496],[77.26048,28.59546],[77.26158,28.59558]]]}},{"type":"Feature","properties":{"kind":"park","name":"Flower Valley"},"geometry":{"type":"Polygon","coordinates":[[[77.24609,28.59498],[77.2465,28.59499],[77.2465,28.59489],[77.24678,28.5949],[77.24677,28.59512],[77.24609,28.5951],[77.24609,28.59498]]]}},{"type":"Feature","properties":{"kind":"park","name":"H Block Park"},"geometry":{"type":"Polygon","coordinates":[[[77.24233,28.5823],[77.24234,28.582],[77.24231,28.58192],[77.2422,28.58183],[77.24206,28.5818],[77.24193,28.5818],[77.24182,28.58184],[77.24175,28.58193],[77.24173,28.582],[77.24173,28.58229],[77.24233,28.5823]]]}},{"type":"Feature","properties":{"kind":"park","name":"Indraprastha Park"},"geometry":{"type":"Polygon","coordinates":[[[77.25138,28.61042],[77.25085,28.60955],[77.2513,28.60837],[77.25149,28.60763],[77.25162,28.60683],[77.25142,28.60554],[77.25147,28.60529],[77.25224,28.60283],[77.25256,28.60289],[77.25252,28.60251],[77.25266,28.6016],[77.2528,28.60094],[77.25302,28.60018],[77.25361,28.5986],[77.25411,28.59661],[77.25416,28.59618],[77.25439,28.595],[77.25462,28.59403],[77.25466,28.59282],[77.25473,28.59151],[77.25582,28.59169],[77.2555,28.59257],[77.25693,28.59289],[77.25618,28.59566],[77.25448,28.601],[77.25432,28.60171],[77.25155,28.61048],[77.25138,28.61042]]]}},{"type":"Feature","properties":{"kind":"park","name":"Jhulewala Park"},"geometry":{"type":"Polygon","coordinates":[[[77.24867,28.59046],[77.24858,28.59028],[77.24872,28.5902],[77.24858,28.58992],[77.24859,28.58987],[77.24876,28.5898],[77.24885,28.58983],[77.24897,28.58977],[77.24926,28.58989],[77.24925,28.59014],[77.2493,28.59026],[77.24867,28.59046]]]}},{"type":"Feature","properties":{"kind":"park","name":"Shaheed Bhagat Singh Park"},"geometry":{"type":"Polygon","coordinates":[[[77.24243,28.58079],[77.24267,28.58109],[77.24288,28.58097],[77.24298,28.5811],[77.24312,28.58111],[77.24328,28.581],[77.24336,28.58074],[77.24343,28.58068],[77.24344,28.5805],[77.24281,28.58048],[77.24262,28.58029],[77.24246,28.58031],[77.24243,28.58079]]]}},{"type":"Feature","properties":{"kind":"park","name":"Shaheed Udham Singh park"},"geometry":{"type":"Polygon","coordinates":[[[77.24919,28.58683],[77.2487,28.58666],[77.24848,28.5865],[77.249,28.58577],[77.24954,28.5861],[77.2493,28.58636],[77.24947,28.58648],[77.24966,28.58626],[77.24998,28.58649],[77.24978,28.58666],[77.24919,28.58683]]]}},{"type":"Feature","properties":{"kind":"park","name":"Sunder Nursery"},"geometry":{"type":"Polygon","coordinates":[[[77.24684,28.59423],[77.24693,28.59427],[77.24708,28.59457],[77.24708,28.59499],[77.24737,28.595],[77.24738,28.59568],[77.24806,28.59569],[77.24811,28.59497],[77.25015,28.59501],[77.25146,28.59537],[77.25137,28.59615],[77.25112,28.59624],[77.25094,28.59638],[77.25014,28.59635],[77.2501,28.59647],[77.25001,28.59735],[77.24934,28.59818],[77.24814,28.59948],[77.24367,28.5993],[77.24371,28.59758],[77.24394,28.59751],[77.24401,28.59646],[77.24341,28.59643],[77.2434,28.59585],[77.24397,28.59583],[77.24398,28.59468],[77.24478,28.59469],[77.24477,28.59427],[77.24684,28.59423]]]}},{"type":"Feature","properties":{"kind":"rail"},"geometry":{"type":"LineString","coordinates":[[77.24795,28.57911],[77.25054,28.57915],[77.25122,28.57923],[77.25152,28.57931],[77.25205,28.57949],[77.25251,28.57972],[77.25285,28.57994],[77.25321,28.58025],[77.2536,28.58068],[77.25381,28.581],[77.25401,28.58139],[77.25419,28.58207],[77.25423,28.58259],[77.25422,28.58353]]}},{"type":"Feature","properties":{"kind":"rail"},"geometry":{"type":"LineString","coordinates":[[77.24962,28.60766],[77.25122,28.60279]]}},{"type":"Feature","properties":{"kind":"rail"},"geometry":{"type":"LineString","coordinates":[[77.2501,28.57909],[77.24911,28.57913]]}},{"type":"Feature","properties":{"kind":"rail"},"geometry":{"type":"LineString","coordinates":[[77.25077,28.60769],[77.2509,28.60568],[77.25102,28.605],[77.25234,28.60082]]}},{"type":"Feature","properties":{"kind":"rail"},"geometry":{"type":"LineString","coordinates":[[77.25084,28.60769],[77.25098,28.60569],[77.25103,28.60531],[77.25118,28.60472],[77.25235,28.60094]]}},{"type":"Feature","properties":{"kind":"rail"},"geometry":{"type":"LineString","coordinates":[[77.25099,28.60769],[77.25111,28.6057],[77.25116,28.60533],[77.25132,28.60474],[77.25198,28.60262],[77.25208,28.60209]]}},{"type":"Feature","properties":{"kind":"rail"},"geometry":{"type":"LineString","coordinates":[[77.25115,28.60768],[77.25123,28.60648],[77.25133,28.60603]]}},{"type":"Feature","properties":{"kind":"rail"},"geometry":{"type":"LineString","coordinates":[[77.25117,28.60277],[77.24957,28.60766]]}},{"type":"Feature","properties":{"kind":"rail"},"geometry":{"type":"LineString","coordinates":[[77.25121,28.60267],[77.25117,28.60277]]}},{"type":"Feature","properties":{"kind":"rail"},"geometry":{"type":"LineString","coordinates":[[77.25122,28.60279],[77.25126,28.60268]]}},{"type":"Feature","properties":{"kind":"rail"},"geometry":{"type":"LineString","coordinates":[[77.25124,28.60768],[77.25131,28.60647]]}},{"type":"Feature","properties":{"kind":"rail"},"geometry":{"type":"LineString","coordinates":[[77.25126,28.60268],[77.25265,28.59852],[77.25295,28.59743],[77.2533,28.59595],[77.25362,28.59439],[77.2537,28.59315],[77.25392,28.58752],[77.25424,28.58533],[77.25434,28.58423]]}},{"type":"Feature","properties":{"kind":"rail"},"geometry":{"type":"LineString","coordinates":[[77.2513,28.60768],[77.25137,28.60648]]}},{"type":"Feature","properties":{"kind":"rail"},"geometry":{"type":"LineString","coordinates":[[77.25131,28.60647],[77.25136,28.60564],[77.25141,28.60528],[77.25154,28.60477],[77.2521,28.60303],[77.25214,28.60253],[77.2523,28.60158]]}},{"type":"Feature","properties":{"kind":"rail"},"geometry":{"type":"LineString","coordinates":[[77.25137,28.60648],[77.25137,28.60584]]}},{"type":"Feature","properties":{"kind":"rail"},"geometry":{"type":"LineString","coordinates":[[77.25138,28.60604],[77.25144,28.60651]]}},{"type":"Feature","properties":{"kind":"rail"},"geometry":{"type":"LineString","coordinates":[[77.25214,28.60188],[77.25203,28.60266],[77.25137,28.60475],[77.25123,28.60534],[77.25117,28.6057],[77.25103,28.60769]]}},{"type":"Feature","properties":{"kind":"rail"},"geometry":{"type":"LineString","coordinates":[[77.2524,28.60075],[77.25327,28.59803],[77.25426,28.59379],[77.25445,28.59271],[77.25445,28.59243]]}},{"type":"Feature","properties":{"kind":"rail"},"geometry":{"type":"LineString","coordinates":[[77.25246,28.60087],[77.25115,28.60503],[77.25105,28.60554],[77.25093,28.60769]]}},{"type":"Feature","properties":{"kind":"rail"},"geometry":{"type":"LineString","coordinates":[[77.25246,28.60087],[77.25334,28.59857],[77.25386,28.59654],[77.25454,28.5936]]}},{"type":"Feature","properties":{"kind":"rail"},"geometry":{"type":"LineString","coordinates":[[77.25251,28.60088],[77.25222,28.60185],[77.25204,28.60286],[77.25145,28.60477],[77.25131,28.60535],[77.25125,28.60571],[77.25111,28.60768]]}},{"type":"Feature","properties":{"kind":"rail"},"geometry":{"type":"LineString","coordinates":[[77.25251,28.60088],[77.25339,28.59859],[77.25391,28.59655],[77.25453,28.59388]]}},{"type":"Feature","properties":{"kind":"rail"},"geometry":{"type":"LineString","coordinates":[[77.25267,28.60027],[77.25293,28.59932],[77.25319,28.5988],[77.25342,28.59806],[77.25416,28.59502],[77.25453,28.59331]]}},{"type":"Feature","properties":{"kind":"rail"},"geometry":{"type":"LineString","coordinates":[[77.25272,28.5996],[77.25256,28.60056]]}},{"type":"Feature","properties":{"kind":"rail"},"geometry":{"type":"LineString","coordinates":[[77.25281,28.60006],[77.25302,28.59967],[77.25344,28.5986],[77.25382,28.59719],[77.25443,28.59456],[77.25451,28.59404],[77.25454,28.59351],[77.2545,28.59279],[77.25439,28.5921],[77.25439,28.59055],[77.2545,28.58994],[77.25459,28.58903],[77.2547,28.58567],[77.25466,28.58532],[77.25452,28.58468]]}},{"type":"Feature","properties":{"kind":"rail"},"geometry":{"type":"LineString","coordinates":[[77.25289,28.5799],[77.2537,28.58052],[77.25387,28.5807],[77.25415,28.58111],[77.25425,28.58133],[77.25445,28.58213],[77.25451,28.58291]]}},{"type":"Feature","properties":{"kind":"rail"},"geometry":{"type":"LineString","coordinates":[[77.25289,28.59686],[77.25312,28.59591],[77.25345,28.59433],[77.2535,28.59389],[77.25352,28.59275],[77.25362,28.59204]]}},{"type":"Feature","properties":{"kind":"rail"},"geometry":{"type":"LineString","coordinates":[[77.25298,28.59839],[77.25286,28.59917]]}},{"type":"Feature","properties":{"kind":"rail"},"geometry":{"type":"LineString","coordinates":[[77.25302,28.59967],[77.2533,28.59912],[77.2535,28.59861],[77.25392,28.59698],[77.25396,28.59676],[77.25396,28.59656]]}},{"type":"Feature","properties":{"kind":"rail"},"geometry":{"type":"LineString","coordinates":[[77.25307,28.59887],[77.25322,28.59857],[77.25337,28.59805],[77.25411,28.59501],[77.25438,28.59373],[77.2545,28.59279]]}},{"type":"Feature","properties":{"kind":"rail"},"geometry":{"type":"LineString","coordinates":[[77.25322,28.59526],[77.25352,28.59307]]}},{"type":"Feature","properties":{"kind":"rail"},"geometry":{"type":"LineString","coordinates":[[77.25352,28.59275],[77.25319,28.59507]]}},{"type":"Feature","properties":{"kind":"rail"},"geometry":{"type":"LineString","coordinates":[[77.25357,28.59438],[77.25339,28.59506]]}},{"type":"Feature","properties":{"kind":"rail"},"geometry":{"type":"LineString","coordinates":[[77.25377,28.59244],[77.25376,28.59281],[77.2537,28.59315]]}},{"type":"Feature","properties":{"kind":"rail"},"geometry":{"type":"LineString","coordinates":[[77.25392,28.5812],[77.25363,28.58066],[77.25326,28.58021]]}},{"type":"Feature","properties":{"kind":"rail"},"geometry":{"type":"LineString","coordinates":[[77.25392,28.589],[77.25377,28.59244],[77.25385,28.59319]]}},{"type":"Feature","properties":{"kind":"rail"},"geometry":{"type":"LineString","coordinates":[[77.25407,28.59331],[77.25414,28.59282],[77.25419,28.59185],[77.25428,28.59129],[77.25428,28.5903]]}},{"type":"Feature","properties":{"kind":"rail"},"geometry":{"type":"LineString","coordinates":[[77.25413,28.59185],[77.25423,28.59116],[77.25431,28.58902]]}},{"type":"Feature","properties":{"kind":"rail"},"geometry":{"type":"LineString","coordinates":[[77.25416,28.59347],[77.25422,28.5925],[77.25423,28.59159]]}},{"type":"Feature","properties":{"kind":"rail"},"geometry":{"type":"LineString","coordinates":[[77.25417,28.58901],[77.25401,28.59328],[77.25395,28.59357]]}},{"type":"Feature","properties":{"kind":"rail"},"geometry":{"type":"LineString","coordinates":[[77.25419,28.58207],[77.25426,28.58259],[77.2543,28.58336]]}},{"type":"Feature","properties":{"kind":"rail"},"geometry":{"type":"LineString","coordinates":[[77.25422,28.58353],[77.25422,28.58428]]}},{"type":"Feature","properties":{"kind":"rail"},"geometry":{"type":"LineString","coordinates":[[77.25428,28.5903],[77.25435,28.58902]]}},{"type":"Feature","properties":{"kind":"rail"},"geometry":{"type":"LineString","coordinates":[[77.25428,28.59181],[77.25422,28.59317]]}},{"type":"Feature","properties":{"kind":"rail"},"geometry":{"type":"LineString","coordinates":[[77.25429,28.5835],[77.2543,28.58425]]}},{"type":"Feature","properties":{"kind":"rail"},"geometry":{"type":"LineString","coordinates":[[77.25429,28.58555],[77.25402,28.58703],[77.25397,28.58752],[77.25392,28.589]]}},{"type":"Feature","properties":{"kind":"rail"},"geometry":{"type":"LineString","coordinates":[[77.2543,28.58425],[77.25421,28.58533],[77.25387,28.58751],[77.25362,28.5937],[77.25357,28.59438],[77.25344,28.59507],[77.2529,28.59742],[77.2526,28.59851],[77.25121,28.60267]]}},{"type":"Feature","properties":{"kind":"rail"},"geometry":{"type":"LineString","coordinates":[[77.25431,28.58902],[77.25443,28.58604]]}},{"type":"Feature","properties":{"kind":"rail"},"geometry":{"type":"LineString","coordinates":[[77.25432,28.58466],[77.25429,28.58555]]}},{"type":"Feature","properties":{"kind":"rail"},"geometry":{"type":"LineString","coordinates":[[77.25433,28.58259],[77.25429,28.5835]]}},{"type":"Feature","properties":{"kind":"rail"},"geometry":{"type":"LineString","coordinates":[[77.25433,28.59238],[77.25434,28.59282],[77.25417,28.59373],[77.25319,28.59789],[77.25097,28.60502],[77.25087,28.60553],[77.25079,28.60677]]}},{"type":"Feature","properties":{"kind":"rail"},"geometry":{"type":"LineString","coordinates":[[77.25434,28.58349],[77.25445,28.58079],[77.25446,28.5793]]}},{"type":"Feature","properties":{"kind":"rail"},"geometry":{"type":"LineString","coordinates":[[77.25434,28.58423],[77.25434,28.58349]]}},{"type":"Feature","properties":{"kind":"rail"},"geometry":{"type":"LineString","coordinates":[[77.25435,28.58902],[77.25453,28.58491]]}},{"type":"Feature","properties":{"kind":"rail"},"geometry":{"type":"LineString","coordinates":[[77.25436,28.58315],[77.25427,28.58206],[77.25416,28.5816],[77.25398,28.58118],[77.25375,28.58078],[77.25341,28.58037],[77.25308,28.58005],[77.2527,28.57977],[77.25237,28.57958],[77.25185,28.57935],[77.25154,28.57926],[77.25091,28.57914],[77.2501,28.57909],[77.24825,28.57907]]}},{"type":"Feature","properties":{"kind":"rail"},"geometry":{"type":"LineString","coordinates":[[77.25439,28.59129],[77.25435,28.59087]]}},{"type":"Feature","properties":{"kind":"rail"},"geometry":{"type":"LineString","coordinates":[[77.25439,28.5921],[77.25441,28.59272],[77.25395,28.59497],[77.25321,28.59802],[77.25234,28.60082]]}},{"type":"Feature","properties":{"kind":"rail"},"geometry":{"type":"LineString","coordinates":[[77.2544,28.58541],[77.25416,28.58732],[77.25389,28.59368],[77.2538,28.59431]]}},{"type":"Feature","properties":{"kind":"rail"},"geometry":{"type":"LineString","coordinates":[[77.25441,28.57928],[77.2544,28.58079],[77.25433,28.58259]]}},{"type":"Feature","properties":{"kind":"rail"},"geometry":{"type":"LineString","coordinates":[[77.25443,28.58475],[77.25441,28.58504],[77.25429,28.58555]]}},{"type":"Feature","properties":{"kind":"rail"},"geometry":{"type":"LineString","coordinates":[[77.25443,28.58604],[77.25423,28.58732],[77.25417,28.58901]]}},{"type":"Feature","properties":{"kind":"rail"},"geometry":{"type":"LineString","coordinates":[[77.25443,28.58604],[77.25445,28.58555]]}},{"type":"Feature","properties":{"kind":"rail"},"geometry":{"type":"LineString","coordinates":[[77.25445,28.59271],[77.25443,28.59309],[77.25433,28.59372],[77.25405,28.595],[77.25332,28.59804],[77.25293,28.59932]]}},{"type":"Feature","properties":{"kind":"rail"},"geometry":{"type":"LineString","coordinates":[[77.25446,28.58421],[77.25447,28.58501]]}},{"type":"Feature","properties":{"kind":"rail"},"geometry":{"type":"LineString","coordinates":[[77.25451,28.5845],[77.25452,28.58468]]}},{"type":"Feature","properties":{"kind":"rail"},"geometry":{"type":"LineString","coordinates":[[77.25451,28.59122],[77.25453,28.59039],[77.25482,28.58865],[77.25487,28.58774],[77.25484,28.58726]]}},{"type":"Feature","properties":{"kind":"rail"},"geometry":{"type":"LineString","coordinates":[[77.25452,28.58468],[77.25453,28.58491]]}},{"type":"Feature","properties":{"kind":"rail"},"geometry":{"type":"LineString","coordinates":[[77.25452,28.59265],[77.25451,28.59122]]}},{"type":"Feature","properties":{"kind":"rail"},"geometry":{"type":"LineString","coordinates":[[77.25453,28.58491],[77.25461,28.58533],[77.25465,28.58606],[77.25452,28.58903],[77.25446,28.58989],[77.25436,28.59055],[77.25428,28.59181],[77.25433,28.59238],[77.25429,28.59281],[77.25383,28.59494]]}},{"type":"Feature","properties":{"kind":"rail"},"geometry":{"type":"LineString","coordinates":[[77.25456,28.58159],[77.25461,28.58079]]}},{"type":"Feature","properties":{"kind":"rail"},"geometry":{"type":"LineString","coordinates":[[77.25456,28.58172],[77.25458,28.5825]]}},{"type":"Feature","properties":{"kind":"rail"},"geometry":{"type":"LineString","coordinates":[[77.25457,28.5929],[77.25456,28.59151],[77.25451,28.59122]]}},{"type":"Feature","properties":{"kind":"rail"},"geometry":{"type":"LineString","coordinates":[[77.25483,28.58667],[77.25477,28.58888]]}},{"type":"Feature","properties":{"kind":"rail"},"geometry":{"type":"LineString","coordinates":[[77.25484,28.58724],[77.25478,28.58777],[77.25473,28.58913]]}},{"type":"Feature","properties":{"kind":"rail","name":"Delhi Ring Railway"},"geometry":{"type":"LineString","coordinates":[[77.25108,28.60266],[77.24939,28.60764]]}},{"type":"Feature","properties":{"kind":"rail","name":"Delhi Ring Railway"},"geometry":{"type":"LineString","coordinates":[[77.25112,28.60254],[77.25108,28.60266]]}},{"type":"Feature","properties":{"kind":"rail","name":"Delhi Ring Railway"},"geometry":{"type":"LineString","coordinates":[[77.25422,28.58428],[77.25415,28.58533],[77.25382,28.58751],[77.25357,28.5937],[77.25351,28.59438],[77.25339,28.59506],[77.25319,28.59593],[77.25283,28.59741],[77.25253,28.5985],[77.25112,28.60254]]}},{"type":"Feature","properties":{"kind":"rail","name":"Delhi–Meerut RRTS"},"geometry":{"type":"LineString","coordinates":[[77.25804,28.58919],[77.25781,28.58987]]}},{"type":"Feature","properties":{"kind":"rail","name":"Delhi–Meerut RRTS"},"geometry":{"type":"LineString","coordinates":[[77.2581,28.5892],[77.25787,28.58988]]}},{"type":"Feature","properties":{"kind":"rail","name":"Mumbai - Delhi Railway"},"geometry":{"type":"LineString","coordinates":[[77.2506,28.60769],[77.25077,28.6055],[77.25088,28.60498],[77.25294,28.59838],[77.25377,28.59494],[77.25395,28.59368],[77.2542,28.58732],[77.25445,28.58555]]}},{"type":"Feature","properties":{"kind":"rail","name":"Mumbai - Delhi Railway"},"geometry":{"type":"LineString","coordinates":[[77.25065,28.60769],[77.2508,28.60567],[77.25093,28.60499],[77.25298,28.59839],[77.25383,28.59494],[77.25407,28.59331],[77.25413,28.59185]]}},{"type":"Feature","properties":{"kind":"rail","name":"Mumbai - Delhi Railway"},"geometry":{"type":"LineString","coordinates":[[77.2538,28.59431],[77.25362,28.59542],[77.25289,28.59837],[77.25083,28.60496],[77.2507,28.60567],[77.25055,28.60769]]}},{"type":"Feature","properties":{"kind":"rail","name":"Mumbai - Delhi Railway"},"geometry":{"type":"LineString","coordinates":[[77.25385,28.59319],[77.2538,28.59431]]}},{"type":"Feature","properties":{"kind":"rail","name":"Mumbai - Delhi Railway"},"geometry":{"type":"LineString","coordinates":[[77.25402,28.589],[77.25385,28.59319]]}},{"type":"Feature","properties":{"kind":"rail","name":"Mumbai - Delhi Railway"},"geometry":{"type":"LineString","coordinates":[[77.2544,28.58541],[77.25426,28.58613],[77.25413,28.58703],[77.25402,28.589]]}},{"type":"Feature","properties":{"kind":"rail","name":"Mumbai - Delhi Railway"},"geometry":{"type":"LineString","coordinates":[[77.25443,28.58475],[77.2544,28.58541]]}},{"type":"Feature","properties":{"kind":"rail","name":"Mumbai - Delhi Railway"},"geometry":{"type":"LineString","coordinates":[[77.25445,28.58555],[77.25447,28.58501]]}},{"type":"Feature","properties":{"kind":"rail","name":"Mumbai - Delhi Railway"},"geometry":{"type":"LineString","coordinates":[[77.25446,28.58421],[77.25443,28.58475]]}},{"type":"Feature","properties":{"kind":"rail","name":"Mumbai - Delhi Railway"},"geometry":{"type":"LineString","coordinates":[[77.25447,28.58501],[77.25451,28.5845]]}},{"type":"Feature","properties":{"kind":"rail","name":"Mumbai - Delhi Railway"},"geometry":{"type":"LineString","coordinates":[[77.25449,28.58347],[77.25446,28.58421]]}},{"type":"Feature","properties":{"kind":"rail","name":"Mumbai - Delhi Railway"},"geometry":{"type":"LineString","coordinates":[[77.25451,28.5845],[77.25452,28.58421]]}},{"type":"Feature","properties":{"kind":"rail","name":"Mumbai - Delhi Railway"},"geometry":{"type":"LineString","coordinates":[[77.25452,28.58421],[77.25454,28.58347]]}},{"type":"Feature","properties":{"kind":"rail","name":"Mumbai - Delhi Railway"},"geometry":{"type":"LineString","coordinates":[[77.25454,28.58347],[77.25458,28.5825]]}},{"type":"Feature","properties":{"kind":"rail","name":"Mumbai - Delhi Railway"},"geometry":{"type":"LineString","coordinates":[[77.25456,28.58172],[77.25449,28.58347]]}},{"type":"Feature","properties":{"kind":"rail","name":"New Delhi - Mathura"},"geometry":{"type":"LineString","coordinates":[[77.25453,28.57931],[77.25456,28.58159]]}},{"type":"Feature","properties":{"kind":"rail","name":"New Delhi - Mathura"},"geometry":{"type":"LineString","coordinates":[[77.25456,28.58159],[77.25456,28.58172]]}},{"type":"Feature","properties":{"kind":"rail","name":"New Delhi - Mathura"},"geometry":{"type":"LineString","coordinates":[[77.25458,28.5825],[77.25461,28.58079]]}},{"type":"Feature","properties":{"kind":"rail","name":"New Delhi - Mathura"},"geometry":{"type":"LineString","coordinates":[[77.25461,28.58079],[77.25458,28.57932]]}},{"type":"Feature","properties":{"kind":"road","class":"lane"},"geometry":{"type":"LineString","coordinates":[[77.234336,28.59408],[77.234383,28.59403],[77.234581,28.593825],[77.234852,28.593589],[77.235102,28.593464],[77.23545,28.593361],[77.235772,28.593297],[77.236024,28.593255],[77.236124,28.593325],[77.23623,28.594037]]}},{"type":"Feature","properties":{"kind":"road","class":"footway"},"geometry":{"type":"LineString","coordinates":[[77.234349,28.592334],[77.234419,28.592363],[77.234507,28.592377]]}},{"type":"Feature","properties":{"kind":"road","class":"lane"},"geometry":{"type":"LineString","coordinates":[[77.234556,28.590829],[77.23462,28.59093],[77.234842,28.591149],[77.235069,28.591249],[77.235281,28.591269],[77.235456,28.591262],[77.235601,28.591248],[77.23578,28.591196],[77.235984,28.591114],[77.236077,28.591048],[77.236129,28.590997],[77.236104,28.59015]]}},{"type":"Feature","properties":{"kind":"road","class":"lane"},"geometry":{"type":"LineString","coordinates":[[77.234692,28.590223],[77.236104,28.59015],[77.236496,28.590115]]}},{"type":"Feature","properties":{"kind":"road","class":"lane"},"geometry":{"type":"LineString","coordinates":[[77.235111,28.588863],[77.235627,28.588862],[77.2365,28.588879]]}},{"type":"Feature","properties":{"kind":"road","class":"lane"},"geometry":{"type":"LineString","coordinates":[[77.235623,28.594344],[77.236046,28.594117],[77.23623,28.594037],[77.236346,28.594689],[77.236161,28.594908],[77.23619,28.59498],[77.236176,28.595105],[77.236111,28.595213],[77.236042,28.595245],[77.235919,28.595263],[77.235813,28.595328],[77.235721,28.595374],[77.235613,28.595379],[77.235534,28.595467],[77.235465,28.595548],[77.235473,28.595626],[77.235493,28.595712],[77.235479,28.595776],[77.235449,28.595844],[77.235371,28.595985],[77.235345,28.596129],[77.235291,28.596206],[77.235234,28.596248],[77.235225,28.596296],[77.235283,28.596428],[77.235404,28.596603],[77.235684,28.596985],[77.235891,28.597205],[77.236091,28.597411],[77.236251,28.597624],[77.236335,28.597754],[77.236372,28.597878],[77.236521,28.598064],[77.236718,28.59836],[77.236871,28.598551],[77.23722,28.598976],[77.237327,28.59915],[77.237399,28.599302],[77.23748,28.599375],[77.237655,28.59948],[77.237691,28.599528],[77.237752,28.599535],[77.237818,28.599614],[77.237846,28.599702],[77.237875,28.599772]]}},{"type":"Feature","properties":{"kind":"road","class":"lane"},"geometry":{"type":"LineString","coordinates":[[77.235632,28.58779],[77.235582,28.58778],[77.235566,28.58778]]}},{"type":"Feature","properties":{"kind":"road","class":"lane"},"geometry":{"type":"LineString","coordinates":[[77.235632,28.58779],[77.235643,28.587806],[77.235627,28.588862]]}},{"type":"Feature","properties":{"kind":"road","class":"lane"},"geometry":{"type":"LineString","coordinates":[[77.235872,28.595739],[77.235686,28.596455],[77.235721,28.5967],[77.236255,28.597296],[77.236513,28.597383],[77.23673,28.597812],[77.237119,28.598229],[77.237309,28.598245]]}},{"type":"Feature","properties":{"kind":"road","class":"lane"},"geometry":{"type":"LineString","coordinates":[[77.236104,28.59015],[77.236057,28.589714]]}},{"type":"Feature","properties":{"kind":"road","class":"lane"},"geometry":{"type":"LineString","coordinates":[[77.236129,28.590997],[77.236204,28.590997],[77.236406,28.590916],[77.236559,28.590842]]}},{"type":"Feature","properties":{"kind":"road","class":"lane"},"geometry":{"type":"LineString","coordinates":[[77.236161,28.594908],[77.236103,28.594858],[77.235991,28.594836],[77.235832,28.594845],[77.235659,28.594938],[77.235573,28.595027],[77.235478,28.595121],[77.235318,28.595215],[77.235166,28.595308],[77.235089,28.595361],[77.235002,28.595441],[77.234923,28.59553],[77.234814,28.595587],[77.234681,28.595623],[77.234525,28.595614]]}},{"type":"Feature","properties":{"kind":"road","class":"lane"},"geometry":{"type":"LineString","coordinates":[[77.236531,28.58714],[77.236539,28.587766],[77.23658,28.588197],[77.236616,28.588335],[77.236644,28.588407],[77.236657,28.588479],[77.236749,28.5896],[77.236799,28.590508]]}},{"type":"Feature","properties":{"kind":"road","class":"lane"},"geometry":{"type":"LineString","coordinates":[[77.23658,28.588197],[77.236512,28.588289],[77.236486,28.588325],[77.236467,28.588386],[77.236458,28.58844],[77.2365,28.588879],[77.23652,28.590085],[77.236512,28.590098],[77.236496,28.590115]]}},{"type":"Feature","properties":{"kind":"road","class":"lane"},"geometry":{"type":"LineString","coordinates":[[77.236616,28.588335],[77.236821,28.588331],[77.23694,28.588256],[77.236954,28.58815],[77.236962,28.588126],[77.236989,28.588116],[77.237181,28.588122],[77.237316,28.588133],[77.237339,28.588141],[77.237346,28.588165],[77.237344,28.588374],[77.237356,28.588404],[77.237387,28.588419],[77.237452,28.588424],[77.237746,28.588426],[77.237777,28.588396],[77.237802,28.588376],[77.23784,28.588368],[77.23794,28.588375],[77.238013,28.588411],[77.238745,28.588397]]}},{"type":"Feature","properties":{"kind":"road","class":"secondary"},"geometry":{"type":"LineString","coordinates":[[77.236698,28.587039],[77.236694,28.587152]]}},{"type":"Feature","properties":{"kind":"road","class":"secondary"},"geometry":{"type":"LineString","coordinates":[[77.236698,28.587039],[77.236699,28.586973],[77.236701,28.586726],[77.236711,28.585805]]}},{"type":"Feature","properties":{"kind":"road","class":"secondary"},"geometry":{"type":"LineString","coordinates":[[77.236701,28.586726],[77.236524,28.586946],[77.236396,28.587025]]}},{"type":"Feature","properties":{"kind":"road","class":"footway"},"geometry":{"type":"LineString","coordinates":[[77.236736,28.592501],[77.236753,28.592408]]}},{"type":"Feature","properties":{"kind":"road","class":"lane"},"geometry":{"type":"LineString","coordinates":[[77.236749,28.5896],[77.23699,28.589536],[77.237071,28.589515],[77.237143,28.589508],[77.237207,28.58952],[77.237237,28.589545],[77.237247,28.589581],[77.237258,28.589802],[77.237272,28.589842],[77.237301,28.58987],[77.237341,28.58988],[77.238259,28.58988],[77.238567,28.58987],[77.238624,28.589856],[77.238664,28.589835],[77.238685,28.589807],[77.238691,28.58972],[77.238677,28.589074],[77.238669,28.588827]]}},{"type":"Feature","properties":{"kind":"road","class":"lane"},"geometry":{"type":"LineString","coordinates":[[77.236759,28.600059],[77.236774,28.600134],[77.236822,28.600196],[77.23684,28.600249],[77.236832,28.600321],[77.236811,28.600378],[77.236871,28.600406]]}},{"type":"Feature","properties":{"kind":"road","class":"lane"},"geometry":{"type":"LineString","coordinates":[[77.236871,28.600406],[77.23731,28.600512],[77.237362,28.600528],[77.237541,28.600639],[77.237581,28.600689],[77.237661,28.600721],[77.23777,28.600704]]}},{"type":"Feature","properties":{"kind":"road","class":"lane"},"geometry":{"type":"LineString","coordinates":[[77.236979,28.59637],[77.237036,28.596611],[77.236966,28.596884],[77.237068,28.597145],[77.237178,28.597543],[77.237221,28.59796],[77.237309,28.598245],[77.237553,28.598444],[77.237872,28.598627],[77.237958,28.598707],[77.238138,28.599133],[77.238157,28.599349],[77.237883,28.599698],[77.237875,28.599772],[77.237864,28.599858],[77.237835,28.599985],[77.238004,28.600009],[77.23832,28.599886],[77.23843,28.599663],[77.238452,28.599399],[77.238787,28.598408],[77.238634,28.598351],[77.238519,28.598309],[77.238296,28.597546],[77.238074,28.596997],[77.237741,28.595819],[77.237629,28.595073],[77.237609,28.594813],[77.237717,28.594774],[77.237746,28.594705],[77.238001,28.594618],[77.237899,28.594371],[77.238127,28.594296],[77.238012,28.593989],[77.238771,28.594015],[77.238768,28.593907],[77.238677,28.593872],[77.238468,28.593916],[77.238294,28.593877],[77.238181,28.593735],[77.237856,28.593662],[77.237282,28.593347],[77.237223,28.593269],[77.237242,28.593102],[77.236794,28.59292],[77.23642,28.592912],[77.236402,28.592715],[77.236279,28.592734],[77.236098,28.592757],[77.235951,28.592757],[77.235866,28.592761],[77.235788,28.592776],[77.235716,28.592757],[77.235504,28.592737],[77.235359,28.592722],[77.235269,28.592718],[77.235158,28.59279],[77.235064,28.592884],[77.234998,28.592996],[77.234943,28.593082],[77.23487,28.593174],[77.234776,28.593229],[77.234634,28.593309],[77.234556,28.593404],[77.23447,28.593498],[77.234403,28.59359],[77.234317,28.593654]]}},{"type":"Feature","properties":{"kind":"road","class":"lane"},"geometry":{"type":"LineString","coordinates":[[77.23699,28.589536],[77.236977,28.589227],[77.236944,28.588768]]}},{"type":"Feature","properties":{"kind":"road","class":"lane"},"geometry":{"type":"LineString","coordinates":[[77.23714,28.585221],[77.237768,28.58512],[77.238074,28.58491],[77.238188,28.584737],[77.238534,28.584264],[77.238591,28.584209],[77.238631,28.584176],[77.238681,28.58416],[77.238729,28.584163],[77.238791,28.584186],[77.238897,28.584239],[77.239245,28.584493],[77.239407,28.584611],[77.239994,28.584981],[77.240087,28.585065],[77.24026,28.58522],[77.240308,28.585256],[77.240361,28.585278],[77.240382,28.585286],[77.240415,28.585292],[77.24043,28.585294]]}},{"type":"Feature","properties":{"kind":"road","class":"lane"},"geometry":{"type":"LineString","coordinates":[[77.23715,28.600076],[77.236759,28.600059],[77.236676,28.600053],[77.236553,28.599994],[77.235803,28.599267],[77.235782,28.599256]]}},{"type":"Feature","properties":{"kind":"road","class":"lane"},"geometry":{"type":"LineString","coordinates":[[77.237152,28.601397],[77.237301,28.601241],[77.237373,28.601159],[77.237382,28.601107],[77.237241,28.600932]]}},{"type":"Feature","properties":{"kind":"road","class":"lane"},"geometry":{"type":"LineString","coordinates":[[77.237207,28.58952],[77.237223,28.589463],[77.237237,28.589378],[77.237245,28.58919],[77.237264,28.589152],[77.237298,28.589131],[77.237352,28.589122],[77.23761,28.589112]]}},{"type":"Feature","properties":{"kind":"road","class":"lane"},"geometry":{"type":"LineString","coordinates":[[77.237223,28.593269],[77.237172,28.593283],[77.237051,28.593241],[77.23698,28.593287],[77.236956,28.593407],[77.237109,28.594101],[77.237125,28.595154],[77.236979,28.595539],[77.236763,28.595866],[77.23659,28.596055],[77.236569,28.596225],[77.236505,28.596399]]}},{"type":"Feature","properties":{"kind":"road","class":"lane"},"geometry":{"type":"LineString","coordinates":[[77.237362,28.600528],[77.237349,28.600579],[77.237401,28.600659],[77.237408,28.600698],[77.237235,28.600858],[77.237281,28.60091],[77.237241,28.600932],[77.237203,28.600954],[77.237098,28.601029],[77.237039,28.601073],[77.236977,28.601056],[77.236921,28.600978],[77.236863,28.600952],[77.236825,28.600957]]}},{"type":"Feature","properties":{"kind":"road","class":"lane"},"geometry":{"type":"LineString","coordinates":[[77.237521,28.59251],[77.237533,28.592424],[77.237555,28.59228],[77.237578,28.59212]]}},{"type":"Feature","properties":{"kind":"road","class":"lane"},"geometry":{"type":"LineString","coordinates":[[77.237533,28.592424],[77.237258,28.592386],[77.235656,28.592152],[77.235551,28.592143],[77.235493,28.592148],[77.235434,28.592184],[77.235366,28.592224]]}},{"type":"Feature","properties":{"kind":"road","class":"lane"},"geometry":{"type":"LineString","coordinates":[[77.237555,28.59228],[77.237313,28.592255],[77.237295,28.592257],[77.237284,28.592273],[77.237258,28.592386],[77.237239,28.592472]]}},{"type":"Feature","properties":{"kind":"road","class":"lane"},"geometry":{"type":"LineString","coordinates":[[77.23762,28.601132],[77.23777,28.600704],[77.237817,28.60068],[77.237866,28.600685],[77.237971,28.600717],[77.238179,28.60086],[77.238237,28.6009]]}},{"type":"Feature","properties":{"kind":"road","class":"residential"},"geometry":{"type":"LineString","coordinates":[[77.237739,28.602106],[77.237831,28.601962],[77.237888,28.601874],[77.238326,28.601231],[77.238337,28.601212],[77.238346,28.601189],[77.238372,28.601014],[77.238369,28.600997],[77.238349,28.600955]]}},{"type":"Feature","properties":{"kind":"road","class":"lane"},"geometry":{"type":"LineString","coordinates":[[77.237835,28.599985],[77.237702,28.599972],[77.237587,28.599982],[77.237564,28.600039],[77.23754,28.600155],[77.237504,28.600223],[77.237478,28.60034],[77.237452,28.60043],[77.237397,28.600474],[77.237362,28.600528]]}},{"type":"Feature","properties":{"kind":"road","class":"lane"},"geometry":{"type":"LineString","coordinates":[[77.238066,28.587167],[77.23806,28.587125],[77.238053,28.587083],[77.23801,28.587029],[77.237871,28.587005],[77.237608,28.586994],[77.237501,28.587015],[77.237448,28.587059],[77.237396,28.587104]]}},{"type":"Feature","properties":{"kind":"road","class":"residential"},"geometry":{"type":"LineString","coordinates":[[77.238082,28.602081],[77.237928,28.602317]]}},{"type":"Feature","properties":{"kind":"road","class":"lane"},"geometry":{"type":"LineString","coordinates":[[77.238084,28.592323],[77.237847,28.592325],[77.237723,28.592277],[77.237703,28.592182],[77.237706,28.591976],[77.23773,28.591366],[77.237744,28.591321],[77.237773,28.591283],[77.237838,28.591236],[77.238438,28.590982],[77.23854,28.590949],[77.238648,28.59093],[77.238857,28.590907],[77.238978,28.590885],[77.23905,28.590869],[77.239222,28.590822],[77.239329,28.59081],[77.239383,28.590817],[77.239425,28.590841],[77.239439,28.590869],[77.239439,28.590944],[77.239458,28.591731]]}},{"type":"Feature","properties":{"kind":"road","class":"lane"},"geometry":{"type":"LineString","coordinates":[[77.238084,28.592323],[77.238078,28.592028]]}},{"type":"Feature","properties":{"kind":"road","class":"lane"},"geometry":{"type":"LineString","coordinates":[[77.238089,28.59256],[77.238087,28.592472],[77.238084,28.592323]]}},{"type":"Feature","properties":{"kind":"road","class":"secondary"},"geometry":{"type":"LineString","coordinates":[[77.2381,28.592654],[77.238604,28.59274],[77.238973,28.592772],[77.239278,28.592846],[77.239537,28.593014],[77.239704,28.593178],[77.239797,28.593301]]}},{"type":"Feature","properties":{"kind":"road","class":"lane"},"geometry":{"type":"LineString","coordinates":[[77.238145,28.591789],[77.238106,28.591792],[77.238084,28.591802],[77.238074,28.591828],[77.238078,28.592028]]}},{"type":"Feature","properties":{"kind":"road","class":"lane"},"geometry":{"type":"LineString","coordinates":[[77.238188,28.584737],[77.239052,28.58469],[77.239101,28.584668],[77.239133,28.584642],[77.239245,28.584493]]}},{"type":"Feature","properties":{"kind":"road","class":"lane"},"geometry":{"type":"LineString","coordinates":[[77.238275,28.591789],[77.238145,28.591789]]}},{"type":"Feature","properties":{"kind":"road","class":"lane"},"geometry":{"type":"LineString","coordinates":[[77.238315,28.592021],[77.238078,28.592028]]}},{"type":"Feature","properties":{"kind":"road","class":"lane"},"geometry":{"type":"LineString","coordinates":[[77.238315,28.592021],[77.238322,28.591928],[77.238322,28.591832],[77.238319,28.591806],[77.238303,28.591791],[77.238275,28.591789]]}},{"type":"Feature","properties":{"kind":"road","class":"lane"},"geometry":{"type":"LineString","coordinates":[[77.238556,28.587214],[77.238575,28.587002],[77.238584,28.586894],[77.238711,28.585857],[77.238699,28.585822],[77.238676,28.585798],[77.238638,28.585784],[77.236798,28.585682]]}},{"type":"Feature","properties":{"kind":"road","class":"primary"},"geometry":{"type":"LineString","coordinates":[[77.238597,28.583599],[77.239625,28.584467],[77.239901,28.584733]]}},{"type":"Feature","properties":{"kind":"road","class":"lane"},"geometry":{"type":"LineString","coordinates":[[77.238697,28.587574],[77.238444,28.587562],[77.238395,28.587571],[77.238362,28.587588],[77.238346,28.587615],[77.238309,28.587919],[77.238328,28.58796],[77.238345,28.587979],[77.238402,28.587989],[77.238637,28.587997]]}},{"type":"Feature","properties":{"kind":"road","class":"secondary"},"geometry":{"type":"LineString","coordinates":[[77.238697,28.600488],[77.238872,28.600416],[77.239111,28.600092],[77.239503,28.599475],[77.239829,28.598963],[77.240036,28.598638],[77.240426,28.59804],[77.240432,28.597988],[77.240421,28.597903],[77.240366,28.597848],[77.240327,28.597824],[77.240256,28.597817],[77.240202,28.597836],[77.240136,28.597876]]}},{"type":"Feature","properties":{"kind":"road","class":"lane"},"geometry":{"type":"LineString","coordinates":[[77.238707,28.587497],[77.238782,28.587486],[77.238854,28.587492],[77.238989,28.587522],[77.239067,28.587536],[77.23914,28.587536],[77.239224,28.587534],[77.239323,28.58755],[77.239387,28.587554],[77.239479,28.587553],[77.239584,28.58754],[77.239692,28.58753]]}},{"type":"Feature","properties":{"kind":"road","class":"lane"},"geometry":{"type":"LineString","coordinates":[[77.238723,28.585704],[77.238758,28.584866],[77.23879,28.584808],[77.238864,28.584773],[77.239634,28.584803],[77.2397,28.58482],[77.239733,28.58486],[77.23989,28.585108],[77.23991,28.585197]]}},{"type":"Feature","properties":{"kind":"road","class":"lane"},"geometry":{"type":"LineString","coordinates":[[77.238727,28.587336],[77.238716,28.587426],[77.238713,28.587446],[77.238707,28.587497],[77.238697,28.587574],[77.238637,28.587997],[77.238646,28.588043],[77.238676,28.588066],[77.23872,28.588072],[77.239658,28.588145],[77.239711,28.588128],[77.239728,28.58811],[77.23974,28.588084],[77.239761,28.587657],[77.239762,28.587629],[77.239753,28.587601],[77.23974,28.587575],[77.239692,28.58753],[77.239694,28.58751],[77.239696,28.58749],[77.239708,28.587397]]}},{"type":"Feature","properties":{"kind":"road","class":"lane"},"geometry":{"type":"LineString","coordinates":[[77.238913,28.590017],[77.238846,28.590026],[77.238556,28.590115],[77.238298,28.590212],[77.238154,28.590251],[77.237891,28.590326],[77.237621,28.590416],[77.237364,28.590503],[77.237213,28.590551],[77.237129,28.590589],[77.237006,28.590633],[77.23696,28.590655],[77.236874,28.59067],[77.236853,28.590667],[77.236837,28.590663],[77.236817,28.590653],[77.236805,28.590636],[77.236799,28.590508]]}},{"type":"Feature","properties":{"kind":"road","class":"lane"},"geometry":{"type":"LineString","coordinates":[[77.238913,28.590017],[77.238913,28.589909],[77.238913,28.589862],[77.238913,28.589841],[77.23887,28.588522],[77.238886,28.588464],[77.238925,28.588435],[77.238967,28.588423],[77.239502,28.588413],[77.239531,28.588413],[77.239553,28.588422]]}},{"type":"Feature","properties":{"kind":"road","class":"footway"},"geometry":{"type":"LineString","coordinates":[[77.239066,28.583167],[77.239496,28.583501],[77.239574,28.583358],[77.239623,28.583395],[77.239684,28.583343],[77.239794,28.583256],[77.239837,28.58322]]}},{"type":"Feature","properties":{"kind":"road","class":"lane"},"geometry":{"type":"LineString","coordinates":[[77.239161,28.59898],[77.239353,28.599077]]}},{"type":"Feature","properties":{"kind":"road","class":"footway"},"geometry":{"type":"LineString","coordinates":[[77.239186,28.583062],[77.239372,28.583039]]}},{"type":"Feature","properties":{"kind":"road","class":"residential"},"geometry":{"type":"LineString","coordinates":[[77.239234,28.602716],[77.239343,28.602256],[77.239509,28.602144]]}},{"type":"Feature","properties":{"kind":"road","class":"lane"},"geometry":{"type":"LineString","coordinates":[[77.239279,28.59191],[77.239321,28.592074],[77.239264,28.592229],[77.239202,28.592257],[77.239094,28.592257],[77.238781,28.592257]]}},{"type":"Feature","properties":{"kind":"road","class":"lane"},"geometry":{"type":"LineString","coordinates":[[77.239315,28.587264],[77.239306,28.587365]]}},{"type":"Feature","properties":{"kind":"road","class":"residential"},"geometry":{"type":"LineString","coordinates":[[77.239316,28.603651],[77.239468,28.603407],[77.239508,28.603108],[77.239423,28.602939],[77.239283,28.602774],[77.239234,28.602716],[77.239079,28.602534],[77.238934,28.602399],[77.238082,28.602081],[77.237942,28.602017],[77.237831,28.601962]]}},{"type":"Feature","properties":{"kind":"road","class":"lane"},"geometry":{"type":"LineString","coordinates":[[77.239332,28.586991],[77.238807,28.586969]]}},{"type":"Feature","properties":{"kind":"road","class":"lane"},"geometry":{"type":"LineString","coordinates":[[77.239332,28.586991],[77.239322,28.587177],[77.239315,28.587264]]}},{"type":"Feature","properties":{"kind":"road","class":"footway"},"geometry":{"type":"LineString","coordinates":[[77.239372,28.583039],[77.239534,28.583182]]}},{"type":"Feature","properties":{"kind":"road","class":"footway"},"geometry":{"type":"LineString","coordinates":[[77.239426,28.582857],[77.239794,28.583256],[77.239912,28.583359],[77.240207,28.583505],[77.240243,28.583528],[77.240268,28.583556],[77.24055,28.584038],[77.240609,28.584155],[77.240642,28.584221],[77.240662,28.584263],[77.240669,28.584288],[77.240695,28.584414]]}},{"type":"Feature","properties":{"kind":"road","class":"lane"},"geometry":{"type":"LineString","coordinates":[[77.239455,28.587375],[77.239464,28.587276]]}},{"type":"Feature","properties":{"kind":"road","class":"lane"},"geometry":{"type":"LineString","coordinates":[[77.239464,28.587276],[77.239474,28.587183],[77.239495,28.586992]]}},{"type":"Feature","properties":{"kind":"road","class":"primary"},"geometry":{"type":"LineString","coordinates":[[77.239474,28.582818],[77.2396,28.582933]]}},{"type":"Feature","properties":{"kind":"road","class":"footway"},"geometry":{"type":"LineString","coordinates":[[77.239479,28.592769],[77.239489,28.592653],[77.239514,28.592517],[77.239711,28.592522],[77.239818,28.592519],[77.240144,28.592509]]}},{"type":"Feature","properties":{"kind":"road","class":"lane"},"geometry":{"type":"LineString","coordinates":[[77.239487,28.592239],[77.239376,28.592234],[77.239264,28.592229]]}},{"type":"Feature","properties":{"kind":"road","class":"lane"},"geometry":{"type":"LineString","coordinates":[[77.239495,28.586992],[77.239498,28.58697],[77.239495,28.586952],[77.239487,28.586935],[77.239475,28.586921],[77.239459,28.58691],[77.23944,28.586902],[77.23942,28.586899],[77.239399,28.586901],[77.23938,28.586907],[77.239363,28.586917],[77.239349,28.58693],[77.23934,28.586946],[77.239335,28.586963],[77.239332,28.586991]]}},{"type":"Feature","properties":{"kind":"road","class":"lane"},"geometry":{"type":"LineString","coordinates":[[77.239495,28.586992],[77.240207,28.587024],[77.240249,28.587016],[77.24028,28.586984],[77.240327,28.586243],[77.240322,28.586203],[77.2403,28.586166],[77.240285,28.586154],[77.240244,28.586136],[77.239796,28.586098],[77.239725,28.586098],[77.239632,28.586127]]}},{"type":"Feature","properties":{"kind":"road","class":"footway"},"geometry":{"type":"LineString","coordinates":[[77.239534,28.583182],[77.239684,28.583343]]}},{"type":"Feature","properties":{"kind":"road","class":"lane"},"geometry":{"type":"LineString","coordinates":[[77.239553,28.588422],[77.239561,28.588466],[77.239566,28.588514],[77.239552,28.589023],[77.23955,28.589192],[77.239568,28.589608],[77.239565,28.589755],[77.239554,28.589797],[77.239538,28.589821],[77.239509,28.589829],[77.238913,28.589841]]}},{"type":"Feature","properties":{"kind":"road","class":"lane"},"geometry":{"type":"LineString","coordinates":[[77.23957,28.592068],[77.239446,28.592071],[77.239321,28.592074]]}},{"type":"Feature","properties":{"kind":"road","class":"lane"},"geometry":{"type":"LineString","coordinates":[[77.239632,28.586127],[77.239576,28.586159],[77.239511,28.586196],[77.239484,28.586203],[77.239465,28.586203],[77.239447,28.5862],[77.239429,28.586193],[77.239367,28.586147],[77.239343,28.586134],[77.239319,28.586127],[77.239268,28.586122],[77.238941,28.586108],[77.238884,28.586114],[77.238815,28.586133],[77.238764,28.586155],[77.238727,28.58618],[77.238709,28.586211],[77.238699,28.586247],[77.238656,28.586925],[77.238659,28.586942],[77.23867,28.586955],[77.238687,28.586961],[77.238807,28.586969]]}},{"type":"Feature","properties":{"kind":"road","class":"secondary"},"geometry":{"type":"LineString","coordinates":[[77.239709,28.590186],[77.239724,28.590726]]}},{"type":"Feature","properties":{"kind":"road","class":"lane"},"geometry":{"type":"LineString","coordinates":[[77.239716,28.59007],[77.239643,28.590009],[77.2396,28.589993],[77.239478,28.589991],[77.239437,28.58999],[77.239353,28.589988],[77.239114,28.589988],[77.238913,28.590017]]}},{"type":"Feature","properties":{"kind":"road","class":"secondary"},"geometry":{"type":"LineString","coordinates":[[77.239722,28.592157],[77.239745,28.592191],[77.239775,28.59222],[77.239811,28.592244],[77.239852,28.592261],[77.239895,28.59227],[77.23994,28.592272],[77.239985,28.592265],[77.240027,28.592251],[77.240065,28.59223],[77.240097,28.592203],[77.240122,28.59217]]}},{"type":"Feature","properties":{"kind":"road","class":"secondary"},"geometry":{"type":"LineString","coordinates":[[77.239724,28.590726],[77.239729,28.591424]]}},{"type":"Feature","properties":{"kind":"road","class":"secondary"},"geometry":{"type":"LineString","coordinates":[[77.239729,28.591424],[77.239668,28.591783],[77.239631,28.591907],[77.23957,28.592068],[77.239563,28.592087],[77.239487,28.592239],[77.23948,28.592254],[77.23931,28.592419],[77.23911,28.59253],[77.238885,28.592583]]}},{"type":"Feature","properties":{"kind":"road","class":"secondary"},"geometry":{"type":"LineString","coordinates":[[77.239729,28.591424],[77.239722,28.592157],[77.239711,28.592522],[77.239803,28.592702]]}},{"type":"Feature","properties":{"kind":"road","class":"secondary"},"geometry":{"type":"LineString","coordinates":[[77.239796,28.592776],[77.239743,28.59299],[77.239797,28.593301]]}},{"type":"Feature","properties":{"kind":"road","class":"secondary"},"geometry":{"type":"LineString","coordinates":[[77.239797,28.593301],[77.239843,28.593389],[77.239975,28.593717]]}},{"type":"Feature","properties":{"kind":"road","class":"lane"},"geometry":{"type":"LineString","coordinates":[[77.239802,28.597411],[77.239876,28.597337],[77.239892,28.597294],[77.239903,28.597264],[77.239903,28.597175],[77.239896,28.597119]]}},{"type":"Feature","properties":{"kind":"road","class":"secondary"},"geometry":{"type":"LineString","coordinates":[[77.239803,28.592702],[77.239797,28.59272],[77.239794,28.592738],[77.239793,28.592757],[77.239796,28.592776]]}},{"type":"Feature","properties":{"kind":"road","class":"lane"},"geometry":{"type":"LineString","coordinates":[[77.23983,28.58587],[77.239434,28.585867],[77.239154,28.585839],[77.238715,28.585789],[77.238723,28.585704]]}},{"type":"Feature","properties":{"kind":"road","class":"lane"},"geometry":{"type":"LineString","coordinates":[[77.23983,28.58587],[77.239868,28.585866],[77.239884,28.585858],[77.239906,28.585836],[77.239927,28.585805],[77.239946,28.585705],[77.239976,28.585546],[77.239991,28.585483],[77.240014,28.585436],[77.240047,28.585402],[77.240092,28.585371]]}},{"type":"Feature","properties":{"kind":"road","class":"secondary"},"geometry":{"type":"LineString","coordinates":[[77.239868,28.589531],[77.239764,28.589751],[77.239723,28.589971],[77.239716,28.59007],[77.239709,28.590186]]}},{"type":"Feature","properties":{"kind":"road","class":"residential"},"geometry":{"type":"LineString","coordinates":[[77.239895,28.599642],[77.239548,28.60031],[77.239532,28.600345],[77.239526,28.600379],[77.239492,28.600877],[77.239482,28.600927],[77.239463,28.600973],[77.239315,28.601187],[77.239205,28.601337],[77.239112,28.601502],[77.238934,28.602399]]}},{"type":"Feature","properties":{"kind":"road","class":"primary"},"geometry":{"type":"LineString","coordinates":[[77.239901,28.584733],[77.240296,28.58519],[77.24043,28.585294]]}},{"type":"Feature","properties":{"kind":"road","class":"lane"},"geometry":{"type":"LineString","coordinates":[[77.239904,28.604126],[77.240082,28.604131]]}},{"type":"Feature","properties":{"kind":"road","class":"lane"},"geometry":{"type":"LineString","coordinates":[[77.239949,28.597148],[77.24001,28.59716],[77.240073,28.597154],[77.240129,28.597129],[77.240172,28.59709],[77.240199,28.59704],[77.240204,28.596985],[77.240189,28.596932],[77.240154,28.596886],[77.240103,28.596853],[77.240047,28.596838],[77.239988,28.596838],[77.239933,28.596855],[77.239886,28.596886],[77.239853,28.596929],[77.239836,28.596979],[77.239838,28.597012],[77.239839,28.59703],[77.239859,28.597079],[77.239896,28.597119],[77.239949,28.597148]]}},{"type":"Feature","properties":{"kind":"road","class":"secondary"},"geometry":{"type":"LineString","coordinates":[[77.239975,28.593717],[77.240003,28.593865],[77.240264,28.595122],[77.240381,28.595456]]}},{"type":"Feature","properties":{"kind":"road","class":"secondary"},"geometry":{"type":"LineString","coordinates":[[77.240041,28.590029],[77.240058,28.589792],[77.240091,28.589585],[77.240102,28.58937]]}},{"type":"Feature","properties":{"kind":"road","class":"secondary"},"geometry":{"type":"LineString","coordinates":[[77.240056,28.592807],[77.240068,28.59278],[77.240073,28.592751],[77.24007,28.592722]]}},{"type":"Feature","properties":{"kind":"road","class":"secondary"},"geometry":{"type":"LineString","coordinates":[[77.240067,28.590639],[77.240041,28.590029]]}},{"type":"Feature","properties":{"kind":"road","class":"secondary"},"geometry":{"type":"LineString","coordinates":[[77.24007,28.592722],[77.240144,28.592509],[77.240122,28.59217],[77.240099,28.591797],[77.240089,28.591382],[77.240084,28.591153],[77.240067,28.590639]]}},{"type":"Feature","properties":{"kind":"road","class":"residential"},"geometry":{"type":"LineString","coordinates":[[77.240074,28.604255],[77.240082,28.604131],[77.240208,28.602219],[77.240224,28.601645],[77.240237,28.60115],[77.240248,28.600635],[77.240333,28.59965],[77.240398,28.599161],[77.240396,28.599136],[77.240379,28.599129],[77.239983,28.599018],[77.239829,28.598963]]}},{"type":"Feature","properties":{"kind":"road","class":"primary"},"geometry":{"type":"LineString","coordinates":[[77.240084,28.591153],[77.240177,28.590758],[77.240205,28.590638],[77.240267,28.590507]]}},{"type":"Feature","properties":{"kind":"road","class":"lane"},"geometry":{"type":"LineString","coordinates":[[77.240087,28.597849],[77.240037,28.597821],[77.239802,28.597411],[77.239576,28.597013],[77.239576,28.596979],[77.239589,28.596945],[77.239648,28.596914],[77.239705,28.596912],[77.239758,28.596924],[77.239838,28.597012]]}},{"type":"Feature","properties":{"kind":"road","class":"residential"},"geometry":{"type":"LineString","coordinates":[[77.240089,28.591382],[77.240317,28.591269],[77.240707,28.591074],[77.240829,28.591004],[77.241043,28.590926],[77.241351,28.590876]]}},{"type":"Feature","properties":{"kind":"road","class":"lane"},"geometry":{"type":"LineString","coordinates":[[77.240092,28.585371],[77.239969,28.585218],[77.239953,28.585207],[77.239931,28.585199],[77.23991,28.585197],[77.239876,28.585216],[77.239862,28.585246],[77.23985,28.585308],[77.23983,28.58587]]}},{"type":"Feature","properties":{"kind":"road","class":"lane"},"geometry":{"type":"LineString","coordinates":[[77.240092,28.585371],[77.240173,28.585382],[77.240197,28.585389],[77.240238,28.585397],[77.240288,28.585384],[77.240415,28.585292]]}},{"type":"Feature","properties":{"kind":"road","class":"lane"},"geometry":{"type":"LineString","coordinates":[[77.240136,28.597876],[77.240087,28.597849]]}},{"type":"Feature","properties":{"kind":"road","class":"footway"},"geometry":{"type":"LineString","coordinates":[[77.24015,28.582326],[77.2403,28.582462],[77.24058,28.582188],[77.241214,28.581567]]}},{"type":"Feature","properties":{"kind":"road","class":"residential"},"geometry":{"type":"LineString","coordinates":[[77.24016,28.582713],[77.240197,28.582667],[77.240367,28.582504],[77.240649,28.58224],[77.240788,28.582109],[77.240964,28.581933],[77.241396,28.581519],[77.241573,28.58135]]}},{"type":"Feature","properties":{"kind":"road","class":"residential"},"geometry":{"type":"LineString","coordinates":[[77.240208,28.602219],[77.239846,28.602189],[77.239545,28.602165],[77.239521,28.602155],[77.239509,28.602144],[77.239502,28.602131],[77.239526,28.601674],[77.239534,28.601652],[77.23955,28.601638],[77.239568,28.601633],[77.240224,28.601645]]}},{"type":"Feature","properties":{"kind":"road","class":"primary"},"geometry":{"type":"LineString","coordinates":[[77.24022,28.584711],[77.239914,28.584286],[77.238817,28.583391]]}},{"type":"Feature","properties":{"kind":"road","class":"primary"},"geometry":{"type":"LineString","coordinates":[[77.240267,28.590507],[77.240318,28.590403],[77.240419,28.590251],[77.240666,28.589997],[77.242163,28.588482],[77.242829,28.587818],[77.243194,28.587489],[77.243475,28.587335],[77.243788,28.587246],[77.244119,28.587232],[77.244405,28.587207],[77.244713,28.587135],[77.244957,28.586992]]}},{"type":"Feature","properties":{"kind":"road","class":"lane"},"geometry":{"type":"LineString","coordinates":[[77.240317,28.591269],[77.240359,28.591149],[77.24038,28.59109],[77.240388,28.591036],[77.240388,28.590928],[77.240394,28.590885],[77.240404,28.590857],[77.240437,28.590827],[77.240544,28.590758],[77.240619,28.5907]]}},{"type":"Feature","properties":{"kind":"road","class":"lane"},"geometry":{"type":"LineString","coordinates":[[77.240317,28.595715],[77.240026,28.595813],[77.240012,28.595832],[77.240005,28.595855],[77.240006,28.595879],[77.240304,28.59637],[77.240332,28.596503],[77.240315,28.596588],[77.240264,28.596677],[77.240103,28.596853]]}},{"type":"Feature","properties":{"kind":"road","class":"footway"},"geometry":{"type":"LineString","coordinates":[[77.240319,28.582167],[77.24015,28.582326]]}},{"type":"Feature","properties":{"kind":"road","class":"secondary"},"geometry":{"type":"LineString","coordinates":[[77.240326,28.60444],[77.2406,28.600224],[77.24069,28.599277],[77.240734,28.598817]]}},{"type":"Feature","properties":{"kind":"road","class":"residential"},"geometry":{"type":"LineString","coordinates":[[77.240333,28.59965],[77.239895,28.599642],[77.2397,28.59955],[77.239503,28.599475]]}},{"type":"Feature","properties":{"kind":"road","class":"residential"},"geometry":{"type":"LineString","coordinates":[[77.240367,28.582504],[77.240887,28.582844],[77.241682,28.582853]]}},{"type":"Feature","properties":{"kind":"road","class":"lane"},"geometry":{"type":"LineString","coordinates":[[77.240411,28.595686],[77.240317,28.595715]]}},{"type":"Feature","properties":{"kind":"road","class":"footway"},"geometry":{"type":"LineString","coordinates":[[77.240414,28.592941],[77.240418,28.592888],[77.240427,28.592775],[77.240437,28.592661]]}},{"type":"Feature","properties":{"kind":"road","class":"primary"},"geometry":{"type":"LineString","coordinates":[[77.24043,28.585294],[77.240598,28.585418],[77.24061,28.585427],[77.240822,28.585528]]}},{"type":"Feature","properties":{"kind":"road","class":"lane"},"geometry":{"type":"LineString","coordinates":[[77.240498,28.588941],[77.240383,28.588868]]}},{"type":"Feature","properties":{"kind":"road","class":"secondary"},"geometry":{"type":"LineString","coordinates":[[77.240506,28.595446],[77.240541,28.595114],[77.240617,28.594795],[77.240699,28.594451],[77.240694,28.594066],[77.240621,28.593663],[77.240453,28.593216],[77.240322,28.593007],[77.240238,28.592935],[77.240056,28.592807]]}},{"type":"Feature","properties":{"kind":"road","class":"lane"},"geometry":{"type":"LineString","coordinates":[[77.240541,28.588968],[77.240407,28.589256],[77.240379,28.589355],[77.240387,28.589406],[77.240421,28.589438],[77.240483,28.58945],[77.240549,28.589449],[77.240579,28.589416],[77.24064,28.589202],[77.240654,28.589126],[77.240649,28.589077],[77.240627,28.58903],[77.240583,28.588995],[77.240541,28.588968],[77.240498,28.588941]]}},{"type":"Feature","properties":{"kind":"road","class":"secondary"},"geometry":{"type":"LineString","coordinates":[[77.240541,28.595114],[77.240525,28.594955],[77.240313,28.59395],[77.240056,28.592807]]}},{"type":"Feature","properties":{"kind":"road","class":"secondary"},"geometry":{"type":"LineString","coordinates":[[77.240585,28.596909],[77.240581,28.596991],[77.240574,28.597092],[77.240559,28.597162],[77.240538,28.597222],[77.240475,28.597338],[77.240136,28.597876],[77.239353,28.599077],[77.23857,28.600279],[77.238576,28.600453]]}},{"type":"Feature","properties":{"kind":"road","class":"footway"},"geometry":{"type":"LineString","coordinates":[[77.240609,28.584155],[77.240609,28.584179]]}},{"type":"Feature","properties":{"kind":"road","class":"footway"},"geometry":{"type":"LineString","coordinates":[[77.240609,28.584179],[77.240649,28.584292]]}},{"type":"Feature","properties":{"kind":"road","class":"footway"},"geometry":{"type":"LineString","coordinates":[[77.240624,28.598269],[77.240807,28.598294]]}},{"type":"Feature","properties":{"kind":"road","class":"residential"},"geometry":{"type":"LineString","coordinates":[[77.240629,28.602705],[77.241117,28.602713],[77.241542,28.60274],[77.242792,28.602802],[77.243264,28.602825]]}},{"type":"Feature","properties":{"kind":"road","class":"footway"},"geometry":{"type":"LineString","coordinates":[[77.240646,28.598067],[77.240854,28.598091]]}},{"type":"Feature","properties":{"kind":"road","class":"footway"},"geometry":{"type":"LineString","coordinates":[[77.240649,28.58224],[77.240611,28.582211],[77.24058,28.582188]]}},{"type":"Feature","properties":{"kind":"road","class":"footway"},"geometry":{"type":"LineString","coordinates":[[77.240656,28.584317],[77.240639,28.584265]]}},{"type":"Feature","properties":{"kind":"road","class":"footway"},"geometry":{"type":"LineString","coordinates":[[77.240656,28.584317],[77.240649,28.584292],[77.240669,28.584288],[77.240729,28.584275],[77.240883,28.584243],[77.24098,28.58422],[77.241001,28.584215],[77.241008,28.584239]]}},{"type":"Feature","properties":{"kind":"road","class":"residential"},"geometry":{"type":"LineString","coordinates":[[77.240657,28.602501],[77.241272,28.602522],[77.241287,28.602518],[77.241301,28.602501],[77.241325,28.602016],[77.241358,28.601493],[77.241349,28.601462],[77.241331,28.601439],[77.241306,28.601428],[77.240866,28.601413],[77.240752,28.601413]]}},{"type":"Feature","properties":{"kind":"road","class":"secondary"},"geometry":{"type":"LineString","coordinates":[[77.240681,28.597345],[77.240702,28.597629],[77.240646,28.598067],[77.240643,28.598152],[77.240633,28.59821],[77.240624,28.598269],[77.240567,28.598785],[77.240543,28.59925],[77.240266,28.60324],[77.240198,28.604347]]}},{"type":"Feature","properties":{"kind":"road","class":"footway"},"geometry":{"type":"LineString","coordinates":[[77.240716,28.586231],[77.240749,28.586229]]}},{"type":"Feature","properties":{"kind":"road","class":"footway"},"geometry":{"type":"LineString","coordinates":[[77.240719,28.586398],[77.240753,28.586395]]}},{"type":"Feature","properties":{"kind":"road","class":"secondary"},"geometry":{"type":"LineString","coordinates":[[77.240734,28.598817],[77.240807,28.598294],[77.240819,28.598219]]}},{"type":"Feature","properties":{"kind":"road","class":"lane"},"geometry":{"type":"LineString","coordinates":[[77.240742,28.586024],[77.240716,28.586231],[77.240719,28.586398],[77.240721,28.586477],[77.240775,28.586738]]}},{"type":"Feature","properties":{"kind":"road","class":"footway"},"geometry":{"type":"LineString","coordinates":[[77.240749,28.586229],[77.240751,28.58632]]}},{"type":"Feature","properties":{"kind":"road","class":"footway"},"geometry":{"type":"LineString","coordinates":[[77.240753,28.586395],[77.240751,28.58632]]}},{"type":"Feature","properties":{"kind":"road","class":"lane"},"geometry":{"type":"LineString","coordinates":[[77.240775,28.586738],[77.240851,28.586903]]}},{"type":"Feature","properties":{"kind":"road","class":"secondary"},"geometry":{"type":"LineString","coordinates":[[77.240819,28.598219],[77.240854,28.598091],[77.240887,28.597771]]}},{"type":"Feature","properties":{"kind":"road","class":"lane"},"geometry":{"type":"LineString","coordinates":[[77.240823,28.585614],[77.240265,28.585676],[77.240249,28.585692],[77.24027,28.585825],[77.240285,28.585835],[77.24039,28.585826],[77.240407,28.585826],[77.240502,28.585909],[77.240537,28.585924],[77.240564,28.58593],[77.240781,28.58593],[77.240831,28.585927]]}},{"type":"Feature","properties":{"kind":"road","class":"lane"},"geometry":{"type":"LineString","coordinates":[[77.240826,28.58582],[77.240781,28.58593],[77.240742,28.586024]]}},{"type":"Feature","properties":{"kind":"road","class":"residential"},"geometry":{"type":"LineString","coordinates":[[77.240869,28.599724],[77.241326,28.599738],[77.241743,28.599758],[77.242595,28.599805],[77.242581,28.599247],[77.242572,28.599227],[77.242552,28.599214],[77.24253,28.599208],[77.241382,28.599095],[77.240915,28.599063]]}},{"type":"Feature","properties":{"kind":"road","class":"footway"},"geometry":{"type":"LineString","coordinates":[[77.240885,28.587954],[77.240955,28.587973],[77.241048,28.587998],[77.241015,28.588168],[77.241076,28.588269],[77.241219,28.588355],[77.241351,28.58839],[77.241445,28.588468],[77.241523,28.588604],[77.241579,28.588672],[77.241585,28.588781],[77.241526,28.588856],[77.241593,28.588917],[77.241719,28.588785]]}},{"type":"Feature","properties":{"kind":"road","class":"secondary"},"geometry":{"type":"LineString","coordinates":[[77.240887,28.597771],[77.240882,28.59752],[77.240841,28.597056]]}},{"type":"Feature","properties":{"kind":"road","class":"secondary"},"geometry":{"type":"LineString","coordinates":[[77.240887,28.597771],[77.240922,28.59763],[77.241,28.597315],[77.241017,28.597182],[77.241061,28.597073],[77.241208,28.596828],[77.241417,28.596526],[77.242221,28.595402],[77.242764,28.594639],[77.242803,28.59457],[77.24279,28.594431]]}},{"type":"Feature","properties":{"kind":"road","class":"lane"},"geometry":{"type":"LineString","coordinates":[[77.240922,28.59763],[77.241,28.597638]]}},{"type":"Feature","properties":{"kind":"road","class":"footway"},"geometry":{"type":"LineString","coordinates":[[77.240945,28.584104],[77.24097,28.584114]]}},{"type":"Feature","properties":{"kind":"road","class":"lane"},"geometry":{"type":"LineString","coordinates":[[77.240964,28.581933],[77.241101,28.58202],[77.241145,28.582031],[77.241174,28.58203],[77.241216,28.582025],[77.241323,28.581931],[77.241421,28.581851]]}},{"type":"Feature","properties":{"kind":"road","class":"lane"},"geometry":{"type":"LineString","coordinates":[[77.240964,28.587172],[77.241311,28.587103],[77.241272,28.586916],[77.240965,28.586889]]}},{"type":"Feature","properties":{"kind":"road","class":"footway"},"geometry":{"type":"LineString","coordinates":[[77.24097,28.584114],[77.241001,28.584215]]}},{"type":"Feature","properties":{"kind":"road","class":"residential"},"geometry":{"type":"LineString","coordinates":[[77.240992,28.585883],[77.241098,28.585952],[77.241126,28.585978],[77.241212,28.586081],[77.241241,28.586126],[77.241255,28.586175],[77.241255,28.586328],[77.241228,28.58654],[77.241231,28.58658],[77.241244,28.586625],[77.241268,28.58666],[77.241408,28.586775]]}},{"type":"Feature","properties":{"kind":"road","class":"residential"},"geometry":{"type":"LineString","coordinates":[[77.240994,28.604894],[77.242219,28.604952],[77.242268,28.604229],[77.242258,28.604207],[77.242244,28.604197],[77.242228,28.604191],[77.241025,28.604126],[77.24065,28.604108]]}},{"type":"Feature","properties":{"kind":"road","class":"lane"},"geometry":{"type":"LineString","coordinates":[[77.241,28.597638],[77.241077,28.597646]]}},{"type":"Feature","properties":{"kind":"road","class":"footway"},"geometry":{"type":"LineString","coordinates":[[77.241008,28.584239],[77.240992,28.584186]]}},{"type":"Feature","properties":{"kind":"road","class":"residential"},"geometry":{"type":"LineString","coordinates":[[77.241008,28.598245],[77.240945,28.598659],[77.240915,28.599063],[77.240869,28.599724],[77.240838,28.600068],[77.240812,28.600469],[77.240769,28.601215],[77.240752,28.601413],[77.240657,28.602501],[77.240629,28.602705],[77.24065,28.604108],[77.240616,28.604643]]}},{"type":"Feature","properties":{"kind":"road","class":"lane"},"geometry":{"type":"LineString","coordinates":[[77.24102,28.598139],[77.241008,28.598245]]}},{"type":"Feature","properties":{"kind":"road","class":"residential"},"geometry":{"type":"LineString","coordinates":[[77.241025,28.604126],[77.241047,28.603833],[77.241117,28.602713]]}},{"type":"Feature","properties":{"kind":"road","class":"residential"},"geometry":{"type":"LineString","coordinates":[[77.241047,28.603833],[77.24144,28.603853],[77.242714,28.603915]]}},{"type":"Feature","properties":{"kind":"road","class":"footway"},"geometry":{"type":"LineString","coordinates":[[77.241048,28.587998],[77.241236,28.588004],[77.241437,28.587982]]}},{"type":"Feature","properties":{"kind":"road","class":"footway"},"geometry":{"type":"LineString","coordinates":[[77.241058,28.586224],[77.24106,28.586313]]}},{"type":"Feature","properties":{"kind":"road","class":"footway"},"geometry":{"type":"LineString","coordinates":[[77.24106,28.586313],[77.240751,28.58632]]}},{"type":"Feature","properties":{"kind":"road","class":"footway"},"geometry":{"type":"LineString","coordinates":[[77.241062,28.586405],[77.24106,28.586313]]}},{"type":"Feature","properties":{"kind":"road","class":"secondary"},"geometry":{"type":"LineString","coordinates":[[77.241073,28.592895],[77.240914,28.592831],[77.240801,28.592754],[77.240586,28.592585],[77.24055,28.592557],[77.24039,28.592395],[77.240273,28.592258],[77.240165,28.592053],[77.240099,28.591797]]}},{"type":"Feature","properties":{"kind":"road","class":"residential"},"geometry":{"type":"LineString","coordinates":[[77.241073,28.592895],[77.241162,28.592669],[77.241198,28.592578],[77.241245,28.592498],[77.241474,28.592328]]}},{"type":"Feature","properties":{"kind":"road","class":"footway"},"geometry":{"type":"LineString","coordinates":[[77.241083,28.584509],[77.241052,28.584519],[77.24098,28.58422],[77.240974,28.584198],[77.240945,28.584104],[77.240889,28.583942]]}},{"type":"Feature","properties":{"kind":"road","class":"footway"},"geometry":{"type":"LineString","coordinates":[[77.241098,28.585952],[77.241054,28.586096],[77.241058,28.586224]]}},{"type":"Feature","properties":{"kind":"road","class":"lane"},"geometry":{"type":"LineString","coordinates":[[77.241108,28.597377],[77.241077,28.597646],[77.24102,28.598139]]}},{"type":"Feature","properties":{"kind":"road","class":"footway"},"geometry":{"type":"LineString","coordinates":[[77.241163,28.584485],[77.241083,28.584509]]}},{"type":"Feature","properties":{"kind":"road","class":"residential"},"geometry":{"type":"LineString","coordinates":[[77.241182,28.583603],[77.241011,28.583754],[77.240871,28.583846],[77.240708,28.583899]]}},{"type":"Feature","properties":{"kind":"road","class":"residential"},"geometry":{"type":"LineString","coordinates":[[77.241219,28.59142],[77.241159,28.591192],[77.241196,28.591023],[77.2413,28.591009],[77.241452,28.591022]]}},{"type":"Feature","properties":{"kind":"road","class":"residential"},"geometry":{"type":"LineString","coordinates":[[77.241221,28.601234],[77.240769,28.601215]]}},{"type":"Feature","properties":{"kind":"road","class":"residential"},"geometry":{"type":"LineString","coordinates":[[77.241221,28.601234],[77.241278,28.600484],[77.241294,28.600098],[77.241326,28.599738]]}},{"type":"Feature","properties":{"kind":"road","class":"residential"},"geometry":{"type":"LineString","coordinates":[[77.241221,28.601234],[77.241646,28.601239]]}},{"type":"Feature","properties":{"kind":"road","class":"residential"},"geometry":{"type":"LineString","coordinates":[[77.241275,28.583451],[77.241071,28.58324],[77.240926,28.583004],[77.24091,28.582938],[77.240887,28.582844]]}},{"type":"Feature","properties":{"kind":"road","class":"residential"},"geometry":{"type":"LineString","coordinates":[[77.241288,28.59037],[77.241621,28.590259],[77.241887,28.590227]]}},{"type":"Feature","properties":{"kind":"road","class":"residential"},"geometry":{"type":"LineString","coordinates":[[77.241294,28.600098],[77.24255,28.600159],[77.242943,28.600189],[77.242963,28.600181],[77.242976,28.600167],[77.242981,28.600148],[77.243,28.599822],[77.243059,28.598832],[77.243044,28.5988]]}},{"type":"Feature","properties":{"kind":"road","class":"primary"},"geometry":{"type":"LineString","coordinates":[[77.241313,28.585209],[77.241,28.584586],[77.240961,28.584529]]}},{"type":"Feature","properties":{"kind":"road","class":"residential"},"geometry":{"type":"LineString","coordinates":[[77.241351,28.590876],[77.241503,28.590796]]}},{"type":"Feature","properties":{"kind":"road","class":"residential"},"geometry":{"type":"LineString","coordinates":[[77.241359,28.583382],[77.241443,28.583456],[77.241629,28.583619]]}},{"type":"Feature","properties":{"kind":"road","class":"residential"},"geometry":{"type":"LineString","coordinates":[[77.241382,28.599095],[77.241398,28.598716],[77.241426,28.598314]]}},{"type":"Feature","properties":{"kind":"road","class":"lane"},"geometry":{"type":"LineString","coordinates":[[77.241396,28.581519],[77.241569,28.581677]]}},{"type":"Feature","properties":{"kind":"road","class":"residential"},"geometry":{"type":"LineString","coordinates":[[77.24144,28.603853],[77.241473,28.603479],[77.241542,28.60274]]}},{"type":"Feature","properties":{"kind":"road","class":"residential"},"geometry":{"type":"LineString","coordinates":[[77.241605,28.602027],[77.241325,28.602016]]}},{"type":"Feature","properties":{"kind":"road","class":"residential"},"geometry":{"type":"LineString","coordinates":[[77.241615,28.605276],[77.242193,28.605304],[77.24262,28.605337]]}},{"type":"Feature","properties":{"kind":"road","class":"footway"},"geometry":{"type":"LineString","coordinates":[[77.241621,28.590259],[77.24157,28.590062],[77.241556,28.589873],[77.241553,28.589814],[77.241561,28.589702],[77.241632,28.589618],[77.241938,28.589308],[77.242148,28.589161],[77.242161,28.589152],[77.242338,28.589015],[77.242569,28.588959]]}},{"type":"Feature","properties":{"kind":"road","class":"residential"},"geometry":{"type":"LineString","coordinates":[[77.241629,28.583619],[77.241468,28.583762],[77.241452,28.583856],[77.241463,28.584539]]}},{"type":"Feature","properties":{"kind":"road","class":"residential"},"geometry":{"type":"LineString","coordinates":[[77.241629,28.583619],[77.241684,28.583681],[77.241697,28.583721],[77.241697,28.583858],[77.241692,28.584258],[77.241692,28.584456],[77.241756,28.584583],[77.241837,28.584649],[77.241912,28.584668],[77.242019,28.584626],[77.242497,28.584235],[77.242556,28.584176],[77.242577,28.584124],[77.242566,28.584069],[77.242432,28.583971],[77.242325,28.583865],[77.242316,28.583845],[77.242317,28.583808],[77.242346,28.583766],[77.242444,28.583682],[77.242589,28.583557],[77.242655,28.583502]]}},{"type":"Feature","properties":{"kind":"road","class":"residential"},"geometry":{"type":"LineString","coordinates":[[77.241646,28.601239],[77.241628,28.601575],[77.241605,28.602027],[77.241568,28.602433],[77.241542,28.60274]]}},{"type":"Feature","properties":{"kind":"road","class":"footway"},"geometry":{"type":"LineString","coordinates":[[77.241711,28.581269],[77.241872,28.581388],[77.241855,28.581474]]}},{"type":"Feature","properties":{"kind":"road","class":"footway"},"geometry":{"type":"LineString","coordinates":[[77.241719,28.588785],[77.242008,28.589037]]}},{"type":"Feature","properties":{"kind":"road","class":"residential"},"geometry":{"type":"LineString","coordinates":[[77.241777,28.59225],[77.24166,28.592018],[77.241612,28.591884],[77.241579,28.591683],[77.241541,28.59144],[77.241487,28.591217],[77.241452,28.591022],[77.241503,28.590796],[77.241621,28.590259]]}},{"type":"Feature","properties":{"kind":"road","class":"lane"},"geometry":{"type":"LineString","coordinates":[[77.241855,28.581474],[77.241569,28.581677],[77.24144,28.581792],[77.241421,28.581851],[77.24143,28.582081],[77.241678,28.582081]]}},{"type":"Feature","properties":{"kind":"road","class":"lane"},"geometry":{"type":"LineString","coordinates":[[77.241855,28.581474],[77.24206,28.581476],[77.2423,28.581318],[77.24242,28.581239],[77.242607,28.58111]]}},{"type":"Feature","properties":{"kind":"road","class":"residential"},"geometry":{"type":"LineString","coordinates":[[77.241869,28.592211],[77.241856,28.59224],[77.241777,28.59225],[77.241474,28.592328]]}},{"type":"Feature","properties":{"kind":"road","class":"residential"},"geometry":{"type":"LineString","coordinates":[[77.241874,28.592887],[77.241876,28.592944]]}},{"type":"Feature","properties":{"kind":"road","class":"residential"},"geometry":{"type":"LineString","coordinates":[[77.241874,28.592887],[77.241909,28.59279],[77.24198,28.592739],[77.242049,28.592668],[77.242197,28.592539],[77.242308,28.592402],[77.242595,28.592115],[77.242759,28.591951],[77.24287,28.591839],[77.243014,28.591709],[77.243096,28.591628],[77.243119,28.591616],[77.243147,28.591606],[77.243257,28.591602]]}},{"type":"Feature","properties":{"kind":"road","class":"residential"},"geometry":{"type":"LineString","coordinates":[[77.241887,28.590227],[77.242115,28.590239],[77.242707,28.590239]]}},{"type":"Feature","properties":{"kind":"road","class":"residential"},"geometry":{"type":"LineString","coordinates":[[77.241909,28.59279],[77.241948,28.592595],[77.241946,28.592364],[77.241869,28.592211]]}},{"type":"Feature","properties":{"kind":"road","class":"footway"},"geometry":{"type":"LineString","coordinates":[[77.241911,28.59145],[77.241914,28.5913],[77.241994,28.591301],[77.242058,28.591302],[77.242056,28.591452],[77.241911,28.59145],[77.241914,28.591686],[77.242015,28.591687],[77.24201,28.592054],[77.241927,28.592053],[77.241924,28.592211],[77.241869,28.592211]]}},{"type":"Feature","properties":{"kind":"road","class":"lane"},"geometry":{"type":"LineString","coordinates":[[77.241927,28.584989],[77.241774,28.585176],[77.241731,28.585228]]}},{"type":"Feature","properties":{"kind":"road","class":"footway"},"geometry":{"type":"LineString","coordinates":[[77.241994,28.591301],[77.242003,28.59114],[77.242149,28.591148],[77.242149,28.5912],[77.242258,28.591201],[77.242255,28.591255],[77.242322,28.591259],[77.242313,28.591361],[77.242788,28.591464]]}},{"type":"Feature","properties":{"kind":"road","class":"footway"},"geometry":{"type":"LineString","coordinates":[[77.242008,28.589037],[77.242148,28.589161]]}},{"type":"Feature","properties":{"kind":"road","class":"lane"},"geometry":{"type":"LineString","coordinates":[[77.242207,28.580994],[77.24242,28.581239]]}},{"type":"Feature","properties":{"kind":"road","class":"residential"},"geometry":{"type":"LineString","coordinates":[[77.242219,28.604952],[77.242193,28.605304]]}},{"type":"Feature","properties":{"kind":"road","class":"residential"},"geometry":{"type":"LineString","coordinates":[[77.242221,28.595402],[77.242662,28.595565],[77.2427,28.595575],[77.242739,28.595577],[77.242875,28.595543],[77.2429,28.595528],[77.243004,28.595439],[77.243022,28.59543],[77.24304,28.595426],[77.243072,28.595423],[77.24326,28.595401],[77.243282,28.59541],[77.243313,28.595433],[77.243477,28.595672],[77.243524,28.59571],[77.243581,28.595733],[77.243895,28.595755]]}},{"type":"Feature","properties":{"kind":"road","class":"lane"},"geometry":{"type":"LineString","coordinates":[[77.24233,28.582912],[77.243036,28.58292],[77.243272,28.582922]]}},{"type":"Feature","properties":{"kind":"road","class":"residential"},"geometry":{"type":"LineString","coordinates":[[77.242355,28.582342],[77.242384,28.582073],[77.242391,28.58194],[77.242354,28.58186],[77.242279,28.581759],[77.242221,28.581722],[77.242124,28.581716],[77.241955,28.581707],[77.241856,28.581722],[77.241751,28.581821],[77.241695,28.581889],[77.241681,28.581971],[77.241678,28.582081],[77.24168,28.582331],[77.241682,28.582853],[77.241682,28.583084],[77.241498,28.583254],[77.241359,28.583382]]}},{"type":"Feature","properties":{"kind":"road","class":"lane"},"geometry":{"type":"LineString","coordinates":[[77.242379,28.583231],[77.242283,28.583234],[77.241498,28.583254]]}},{"type":"Feature","properties":{"kind":"road","class":"residential"},"geometry":{"type":"LineString","coordinates":[[77.242384,28.582073],[77.242673,28.582084],[77.242976,28.58209],[77.243262,28.582094],[77.24375,28.582141],[77.243813,28.582141],[77.243866,28.58213],[77.243893,28.582103],[77.244039,28.581914]]}},{"type":"Feature","properties":{"kind":"road","class":"residential"},"geometry":{"type":"LineString","coordinates":[[77.242398,28.580894],[77.242607,28.58111],[77.242882,28.581385]]}},{"type":"Feature","properties":{"kind":"road","class":"residential"},"geometry":{"type":"LineString","coordinates":[[77.242444,28.583682],[77.242861,28.584083],[77.242829,28.584343],[77.242422,28.584682],[77.24211,28.584939],[77.242055,28.584968],[77.242003,28.584985],[77.241964,28.584992],[77.241927,28.584989],[77.24188,28.584986],[77.241841,28.584969],[77.24173,28.584888],[77.24151,28.584692],[77.241473,28.584647],[77.241461,28.584614],[77.241463,28.584539]]}},{"type":"Feature","properties":{"kind":"road","class":"residential"},"geometry":{"type":"LineString","coordinates":[[77.242502,28.605759],[77.242588,28.605763],[77.243006,28.605785],[77.243043,28.605775],[77.243068,28.605754],[77.243083,28.605727],[77.243194,28.603926],[77.243217,28.603563],[77.243264,28.602825],[77.243317,28.602111],[77.24336,28.601299],[77.243398,28.600701],[77.243402,28.600635],[77.243495,28.599325],[77.243533,28.598846],[77.24356,28.598512],[77.243554,28.598457],[77.243525,28.598421],[77.243492,28.598403],[77.243082,28.59838],[77.241426,28.598314],[77.241008,28.598245],[77.240958,28.59824],[77.240819,28.598219]]}},{"type":"Feature","properties":{"kind":"road","class":"lane"},"geometry":{"type":"LineString","coordinates":[[77.242504,28.583354],[77.243036,28.58292],[77.243038,28.582704]]}},{"type":"Feature","properties":{"kind":"road","class":"residential"},"geometry":{"type":"LineString","coordinates":[[77.24256,28.584862],[77.242795,28.585081]]}},{"type":"Feature","properties":{"kind":"road","class":"residential"},"geometry":{"type":"LineString","coordinates":[[77.242571,28.585307],[77.242847,28.585585],[77.243063,28.585844],[77.243597,28.586331],[77.24362,28.586354],[77.243971,28.586713]]}},{"type":"Feature","properties":{"kind":"road","class":"lane"},"geometry":{"type":"LineString","coordinates":[[77.242583,28.584844],[77.242444,28.584704],[77.242422,28.584682]]}},{"type":"Feature","properties":{"kind":"road","class":"residential"},"geometry":{"type":"LineString","coordinates":[[77.242588,28.605763],[77.24262,28.605337],[77.242714,28.603915],[77.242751,28.603541]]}},{"type":"Feature","properties":{"kind":"road","class":"residential"},"geometry":{"type":"LineString","coordinates":[[77.242595,28.599805],[77.243,28.599822]]}},{"type":"Feature","properties":{"kind":"road","class":"residential"},"geometry":{"type":"LineString","coordinates":[[77.242614,28.59109],[77.242648,28.590914],[77.242732,28.590663]]}},{"type":"Feature","properties":{"kind":"road","class":"residential"},"geometry":{"type":"LineString","coordinates":[[77.242655,28.583502],[77.242867,28.583347],[77.243132,28.583152],[77.243189,28.583127],[77.243274,28.583113],[77.243435,28.583119],[77.243594,28.583124],[77.243718,28.583134],[77.243805,28.583159],[77.243874,28.583191],[77.24403,28.583299],[77.244253,28.583454]]}},{"type":"Feature","properties":{"kind":"road","class":"residential"},"geometry":{"type":"LineString","coordinates":[[77.242673,28.582084],[77.242663,28.581803],[77.242671,28.581684],[77.24271,28.581607],[77.242769,28.581574],[77.242897,28.581541],[77.24299,28.581504]]}},{"type":"Feature","properties":{"kind":"road","class":"residential"},"geometry":{"type":"LineString","coordinates":[[77.242707,28.590239],[77.242699,28.590084],[77.242675,28.589938],[77.242618,28.589817],[77.24255,28.589728],[77.242519,28.589612],[77.242523,28.589574]]}},{"type":"Feature","properties":{"kind":"road","class":"residential"},"geometry":{"type":"LineString","coordinates":[[77.242707,28.590239],[77.243203,28.59024],[77.24365,28.590342],[77.243734,28.59037],[77.243817,28.590389],[77.243946,28.590431]]}},{"type":"Feature","properties":{"kind":"road","class":"residential"},"geometry":{"type":"LineString","coordinates":[[77.242732,28.590663],[77.242621,28.590584],[77.242606,28.590486],[77.242647,28.590441],[77.242731,28.590408],[77.242707,28.590239]]}},{"type":"Feature","properties":{"kind":"road","class":"residential"},"geometry":{"type":"LineString","coordinates":[[77.242792,28.602802],[77.242808,28.602494],[77.242844,28.602088],[77.242868,28.601636],[77.242887,28.601276]]}},{"type":"Feature","properties":{"kind":"road","class":"residential"},"geometry":{"type":"LineString","coordinates":[[77.242795,28.585081],[77.242812,28.585097],[77.242824,28.585108],[77.242855,28.58514],[77.24309,28.585387],[77.243181,28.585483],[77.243327,28.585636]]}},{"type":"Feature","properties":{"kind":"road","class":"residential"},"geometry":{"type":"LineString","coordinates":[[77.242802,28.586055],[77.243063,28.585844],[77.243327,28.585636],[77.243535,28.58548],[77.243641,28.585377],[77.243913,28.585174],[77.244165,28.584981],[77.244339,28.584847],[77.244453,28.584742],[77.244732,28.584513],[77.244897,28.58439]]}},{"type":"Feature","properties":{"kind":"road","class":"residential"},"geometry":{"type":"LineString","coordinates":[[77.242808,28.602494],[77.241568,28.602433]]}},{"type":"Feature","properties":{"kind":"road","class":"lane"},"geometry":{"type":"LineString","coordinates":[[77.242812,28.597347],[77.24128,28.5972],[77.241137,28.597186],[77.241017,28.597182]]}},{"type":"Feature","properties":{"kind":"road","class":"residential"},"geometry":{"type":"LineString","coordinates":[[77.242868,28.601636],[77.241628,28.601575]]}},{"type":"Feature","properties":{"kind":"road","class":"lane"},"geometry":{"type":"LineString","coordinates":[[77.24287,28.584626],[77.242935,28.584687],[77.243005,28.584753]]}},{"type":"Feature","properties":{"kind":"road","class":"residential"},"geometry":{"type":"LineString","coordinates":[[77.242882,28.581385],[77.24299,28.581504]]}},{"type":"Feature","properties":{"kind":"road","class":"lane"},"geometry":{"type":"LineString","coordinates":[[77.242893,28.584609],[77.242959,28.584667],[77.243062,28.584758]]}},{"type":"Feature","properties":{"kind":"road","class":"lane"},"geometry":{"type":"LineString","coordinates":[[77.242908,28.584173],[77.242952,28.584137],[77.243148,28.583977],[77.243345,28.583809],[77.243083,28.583558],[77.242867,28.583347]]}},{"type":"Feature","properties":{"kind":"road","class":"residential"},"geometry":{"type":"LineString","coordinates":[[77.24299,28.581504],[77.242976,28.58209],[77.242969,28.582352]]}},{"type":"Feature","properties":{"kind":"road","class":"residential"},"geometry":{"type":"LineString","coordinates":[[77.24299,28.581504],[77.243127,28.581399]]}},{"type":"Feature","properties":{"kind":"road","class":"residential"},"geometry":{"type":"LineString","coordinates":[[77.243022,28.59543],[77.242997,28.594929]]}},{"type":"Feature","properties":{"kind":"road","class":"residential"},"geometry":{"type":"LineString","coordinates":[[77.243044,28.5988],[77.243014,28.598781],[77.242979,28.598769],[77.241398,28.598716]]}},{"type":"Feature","properties":{"kind":"road","class":"residential"},"geometry":{"type":"LineString","coordinates":[[77.243044,28.5988],[77.243082,28.59838]]}},{"type":"Feature","properties":{"kind":"road","class":"residential"},"geometry":{"type":"LineString","coordinates":[[77.243044,28.5988],[77.243533,28.598846]]}},{"type":"Feature","properties":{"kind":"road","class":"lane"},"geometry":{"type":"LineString","coordinates":[[77.243083,28.583558],[77.243226,28.583441],[77.243662,28.58341],[77.243817,28.583513]]}},{"type":"Feature","properties":{"kind":"road","class":"residential"},"geometry":{"type":"LineString","coordinates":[[77.24309,28.585387],[77.242847,28.585585],[77.242802,28.585614],[77.242754,28.585649],[77.242539,28.58583]]}},{"type":"Feature","properties":{"kind":"road","class":"residential"},"geometry":{"type":"LineString","coordinates":[[77.243096,28.591628],[77.242788,28.591464],[77.242698,28.591259],[77.242632,28.591158],[77.242614,28.59109]]}},{"type":"Feature","properties":{"kind":"road","class":"residential"},"geometry":{"type":"LineString","coordinates":[[77.243109,28.584884],[77.243489,28.585241],[77.243641,28.585377],[77.243745,28.585461],[77.24391,28.585634],[77.244258,28.585966]]}},{"type":"Feature","properties":{"kind":"road","class":"residential"},"geometry":{"type":"LineString","coordinates":[[77.243127,28.581399],[77.242882,28.581385]]}},{"type":"Feature","properties":{"kind":"road","class":"residential"},"geometry":{"type":"LineString","coordinates":[[77.243127,28.581399],[77.243216,28.581332],[77.243624,28.581024]]}},{"type":"Feature","properties":{"kind":"road","class":"footway"},"geometry":{"type":"LineString","coordinates":[[77.243176,28.593176],[77.243172,28.593209]]}},{"type":"Feature","properties":{"kind":"road","class":"residential"},"geometry":{"type":"LineString","coordinates":[[77.243181,28.585483],[77.243489,28.585241],[77.24375,28.585024]]}},{"type":"Feature","properties":{"kind":"road","class":"residential"},"geometry":{"type":"LineString","coordinates":[[77.243194,28.603926],[77.242714,28.603915]]}},{"type":"Feature","properties":{"kind":"road","class":"residential"},"geometry":{"type":"LineString","coordinates":[[77.243211,28.584253],[77.243251,28.584326],[77.243307,28.584368],[77.243376,28.584389],[77.243448,28.584388],[77.243514,28.584366],[77.243563,28.584328],[77.243598,28.584277],[77.243611,28.584219],[77.243594,28.584141],[77.243548,28.584083],[77.243492,28.58405],[77.243426,28.584035],[77.243357,28.58404],[77.243292,28.584066],[77.243269,28.584087],[77.243241,28.584111],[77.243211,28.58417],[77.243211,28.584253]]}},{"type":"Feature","properties":{"kind":"road","class":"residential"},"geometry":{"type":"LineString","coordinates":[[77.243217,28.603563],[77.242751,28.603541],[77.241473,28.603479]]}},{"type":"Feature","properties":{"kind":"road","class":"footway"},"geometry":{"type":"LineString","coordinates":[[77.243222,28.592972],[77.243176,28.593176]]}},{"type":"Feature","properties":{"kind":"road","class":"footway"},"geometry":{"type":"LineString","coordinates":[[77.243252,28.592875],[77.243222,28.592972]]}},{"type":"Feature","properties":{"kind":"road","class":"residential"},"geometry":{"type":"LineString","coordinates":[[77.243257,28.591602],[77.243376,28.591626],[77.243716,28.591788]]}},{"type":"Feature","properties":{"kind":"road","class":"residential"},"geometry":{"type":"LineString","coordinates":[[77.243269,28.584087],[77.243189,28.584016],[77.243148,28.583977],[77.242655,28.583502]]}},{"type":"Feature","properties":{"kind":"road","class":"footway"},"geometry":{"type":"LineString","coordinates":[[77.243271,28.582808],[77.243326,28.582808],[77.243359,28.582809],[77.243412,28.582812]]}},{"type":"Feature","properties":{"kind":"road","class":"residential"},"geometry":{"type":"LineString","coordinates":[[77.243274,28.583113],[77.243272,28.582922],[77.243271,28.582808],[77.243267,28.582357]]}},{"type":"Feature","properties":{"kind":"road","class":"residential"},"geometry":{"type":"LineString","coordinates":[[77.24328,28.581762],[77.243813,28.582141]]}},{"type":"Feature","properties":{"kind":"road","class":"residential"},"geometry":{"type":"LineString","coordinates":[[77.243317,28.602111],[77.242844,28.602088],[77.241605,28.602027]]}},{"type":"Feature","properties":{"kind":"road","class":"residential"},"geometry":{"type":"LineString","coordinates":[[77.243324,28.58657],[77.243597,28.586331]]}},{"type":"Feature","properties":{"kind":"road","class":"residential"},"geometry":{"type":"LineString","coordinates":[[77.243402,28.600635],[77.24168,28.600516],[77.241646,28.601239],[77.242887,28.601276],[77.24336,28.601299]]}},{"type":"Feature","properties":{"kind":"road","class":"footway"},"geometry":{"type":"LineString","coordinates":[[77.243412,28.582812],[77.243424,28.582831],[77.243452,28.582833],[77.243464,28.582823],[77.243467,28.582812],[77.243454,28.582791],[77.243426,28.58279],[77.243412,28.582812]]}},{"type":"Feature","properties":{"kind":"road","class":"residential"},"geometry":{"type":"LineString","coordinates":[[77.243424,28.584694],[77.243372,28.584676],[77.243109,28.584884],[77.242824,28.585108],[77.242571,28.585307],[77.242241,28.585571]]}},{"type":"Feature","properties":{"kind":"road","class":"footway"},"geometry":{"type":"LineString","coordinates":[[77.243435,28.583119],[77.243438,28.583082]]}},{"type":"Feature","properties":{"kind":"road","class":"lane"},"geometry":{"type":"LineString","coordinates":[[77.243458,28.583762],[77.24342,28.583821],[77.243209,28.583999],[77.243189,28.584016]]}},{"type":"Feature","properties":{"kind":"road","class":"footway"},"geometry":{"type":"LineString","coordinates":[[77.243463,28.582442],[77.243461,28.58248],[77.243459,28.582548]]}},{"type":"Feature","properties":{"kind":"road","class":"residential"},"geometry":{"type":"LineString","coordinates":[[77.243483,28.589157],[77.243451,28.589221],[77.24337,28.589443],[77.243308,28.589644],[77.243215,28.589645]]}},{"type":"Feature","properties":{"kind":"road","class":"residential"},"geometry":{"type":"LineString","coordinates":[[77.243494,28.581528],[77.243399,28.581604],[77.243349,28.581646],[77.243284,28.58171],[77.24328,28.581762],[77.243275,28.581837],[77.24327,28.581924],[77.243262,28.582094]]}},{"type":"Feature","properties":{"kind":"road","class":"residential"},"geometry":{"type":"LineString","coordinates":[[77.243495,28.599325],[77.244931,28.599394],[77.246532,28.599481],[77.246956,28.599523],[77.248628,28.599607],[77.248906,28.599649]]}},{"type":"Feature","properties":{"kind":"road","class":"footway"},"geometry":{"type":"LineString","coordinates":[[77.243514,28.58255],[77.243526,28.582559],[77.243524,28.582813],[77.243522,28.583068],[77.243505,28.583085],[77.243438,28.583082],[77.243371,28.583079],[77.243356,28.583074],[77.243351,28.583061],[77.243359,28.582809],[77.243365,28.582561],[77.243372,28.582549],[77.243392,28.582543],[77.243459,28.582548],[77.243514,28.58255]]}},{"type":"Feature","properties":{"kind":"road","class":"residential"},"geometry":{"type":"LineString","coordinates":[[77.243563,28.584328],[77.243606,28.584397],[77.243668,28.58444]]}},{"type":"Feature","properties":{"kind":"road","class":"lane"},"geometry":{"type":"LineString","coordinates":[[77.243569,28.583749],[77.243766,28.583907]]}},{"type":"Feature","properties":{"kind":"road","class":"footway"},"geometry":{"type":"LineString","coordinates":[[77.243579,28.584019],[77.2436,28.584041],[77.243633,28.584075]]}},{"type":"Feature","properties":{"kind":"road","class":"residential"},"geometry":{"type":"LineString","coordinates":[[77.243594,28.583124],[77.243598,28.582941],[77.243599,28.582815],[77.243607,28.582362]]}},{"type":"Feature","properties":{"kind":"road","class":"lane"},"geometry":{"type":"LineString","coordinates":[[77.243598,28.582941],[77.243632,28.582941],[77.243857,28.582944],[77.244167,28.583146]]}},{"type":"Feature","properties":{"kind":"road","class":"footway"},"geometry":{"type":"LineString","coordinates":[[77.243599,28.582815],[77.243561,28.582814],[77.243524,28.582813],[77.243467,28.582812]]}},{"type":"Feature","properties":{"kind":"road","class":"residential"},"geometry":{"type":"LineString","coordinates":[[77.24362,28.586354],[77.243797,28.585973],[77.243878,28.585752],[77.24391,28.585634]]}},{"type":"Feature","properties":{"kind":"road","class":"residential"},"geometry":{"type":"LineString","coordinates":[[77.243635,28.584918],[77.243905,28.584709],[77.244183,28.584493],[77.244463,28.58426]]}},{"type":"Feature","properties":{"kind":"road","class":"lane"},"geometry":{"type":"LineString","coordinates":[[77.24365,28.596542],[77.243306,28.596545],[77.242036,28.596528],[77.241633,28.596527],[77.241537,28.596556],[77.241393,28.596754],[77.241137,28.597186]]}},{"type":"Feature","properties":{"kind":"road","class":"residential"},"geometry":{"type":"LineString","coordinates":[[77.243668,28.58444],[77.243674,28.584466],[77.243665,28.584508],[77.243424,28.584694]]}},{"type":"Feature","properties":{"kind":"road","class":"residential"},"geometry":{"type":"LineString","coordinates":[[77.243668,28.58444],[77.243904,28.584235],[77.244184,28.583998],[77.244392,28.583798],[77.244468,28.583734]]}},{"type":"Feature","properties":{"kind":"road","class":"residential"},"geometry":{"type":"LineString","coordinates":[[77.243674,28.584466],[77.243905,28.584709],[77.244165,28.584981]]}},{"type":"Feature","properties":{"kind":"road","class":"footway"},"geometry":{"type":"LineString","coordinates":[[77.243703,28.606312],[77.243899,28.606084],[77.244173,28.605816],[77.244332,28.605777],[77.244783,28.60575],[77.2455,28.605855],[77.246217,28.60622],[77.246603,28.60635],[77.246792,28.606414],[77.247026,28.606497],[77.247238,28.606573],[77.247486,28.606569],[77.248154,28.606402],[77.248406,28.606274],[77.248707,28.605925],[77.248897,28.605598],[77.248915,28.605459],[77.248937,28.604157],[77.249004,28.603994],[77.249103,28.603862],[77.24922,28.603703],[77.249379,28.603417],[77.249592,28.603031],[77.249751,28.602619],[77.249862,28.602192],[77.249897,28.601758],[77.249906,28.601652],[77.249998,28.601429],[77.250034,28.601342],[77.250225,28.601125],[77.250322,28.601015],[77.250755,28.600685],[77.25083,28.600559],[77.250866,28.600499],[77.250946,28.600173],[77.250919,28.59985],[77.250804,28.599621],[77.250759,28.599578],[77.250631,28.599458],[77.250304,28.599295],[77.249884,28.599272],[77.249517,28.599307],[77.249163,28.599442],[77.249083,28.599505],[77.249061,28.599522],[77.248906,28.599649],[77.248887,28.599664],[77.248716,28.599878],[77.248345,28.600324],[77.247977,28.60058],[77.24761,28.600795],[77.247079,28.601105],[77.246306,28.601763],[77.245947,28.602068],[77.245835,28.602164],[77.245491,28.602456],[77.245428,28.602539],[77.245204,28.602837],[77.244918,28.603497],[77.244912,28.603513],[77.244867,28.603734],[77.24486,28.604087],[77.244852,28.604441],[77.244841,28.604958],[77.244757,28.60526],[77.244659,28.605369],[77.244288,28.605594],[77.244018,28.605808],[77.243797,28.606022],[77.243761,28.606066],[77.243595,28.606267]]}},{"type":"Feature","properties":{"kind":"road","class":"residential"},"geometry":{"type":"LineString","coordinates":[[77.243716,28.591788],[77.24379,28.591857],[77.2443,28.592167]]}},{"type":"Feature","properties":{"kind":"road","class":"residential"},"geometry":{"type":"LineString","coordinates":[[77.243716,28.591788],[77.243806,28.591683],[77.243846,28.591621],[77.244042,28.591313],[77.244224,28.591028],[77.244334,28.590855],[77.244425,28.590704],[77.244481,28.590235],[77.244521,28.589737],[77.24454,28.589489]]}},{"type":"Feature","properties":{"kind":"road","class":"lane"},"geometry":{"type":"LineString","coordinates":[[77.243729,28.583936],[77.243692,28.583902],[77.243542,28.583775],[77.243458,28.583762],[77.243373,28.583753],[77.243191,28.583576]]}},{"type":"Feature","properties":{"kind":"road","class":"residential"},"geometry":{"type":"LineString","coordinates":[[77.24373,28.580841],[77.243683,28.580852],[77.243638,28.580882],[77.243613,28.580918],[77.243604,28.58096],[77.243611,28.581002],[77.243624,28.581024],[77.243634,28.58104],[77.243671,28.581068],[77.243716,28.581083],[77.243744,28.581085],[77.243792,28.581078],[77.243833,28.581056],[77.243845,28.581044]]}},{"type":"Feature","properties":{"kind":"road","class":"residential"},"geometry":{"type":"LineString","coordinates":[[77.243732,28.580276],[77.243732,28.580477],[77.24373,28.580841]]}},{"type":"Feature","properties":{"kind":"road","class":"residential"},"geometry":{"type":"LineString","coordinates":[[77.243732,28.580477],[77.243855,28.580476],[77.244086,28.580479],[77.244092,28.580674],[77.244098,28.580708],[77.244118,28.580737],[77.244153,28.580801],[77.244208,28.580897],[77.244594,28.581153],[77.244951,28.580834],[77.245035,28.580718],[77.245044,28.5805],[77.245057,28.58021]]}},{"type":"Feature","properties":{"kind":"road","class":"primary"},"geometry":{"type":"LineString","coordinates":[[77.243765,28.587027],[77.243431,28.586894],[77.243065,28.586782],[77.242822,28.586655],[77.242543,28.586433],[77.24192,28.585891],[77.241654,28.585629],[77.241437,28.585399],[77.241313,28.585209]]}},{"type":"Feature","properties":{"kind":"road","class":"lane"},"geometry":{"type":"LineString","coordinates":[[77.243812,28.593471],[77.243726,28.594014],[77.243722,28.594105],[77.243679,28.595042],[77.243873,28.595055],[77.243906,28.593834]]}},{"type":"Feature","properties":{"kind":"road","class":"lane"},"geometry":{"type":"LineString","coordinates":[[77.243817,28.583513],[77.24403,28.583299],[77.244167,28.583146],[77.244294,28.583012],[77.243895,28.582711],[77.243857,28.582944]]}},{"type":"Feature","properties":{"kind":"road","class":"residential"},"geometry":{"type":"LineString","coordinates":[[77.243845,28.581044],[77.243864,28.581023],[77.243881,28.580983],[77.24388,28.580941],[77.243857,28.580892],[77.243822,28.580862],[77.243778,28.580844],[77.24373,28.580841]]}},{"type":"Feature","properties":{"kind":"road","class":"residential"},"geometry":{"type":"LineString","coordinates":[[77.243846,28.591621],[77.24369,28.591545],[77.243653,28.591526],[77.243642,28.591493],[77.243663,28.591453],[77.243682,28.591368],[77.243701,28.591201],[77.24373,28.59102],[77.243765,28.590895],[77.243776,28.59082],[77.243805,28.590711],[77.243946,28.590431],[77.244073,28.590442],[77.244046,28.590923],[77.244224,28.591028]]}},{"type":"Feature","properties":{"kind":"road","class":"residential"},"geometry":{"type":"LineString","coordinates":[[77.243904,28.584235],[77.244183,28.584493],[77.244453,28.584742]]}},{"type":"Feature","properties":{"kind":"road","class":"footway"},"geometry":{"type":"LineString","coordinates":[[77.243904,28.598064],[77.244055,28.598053],[77.244161,28.598044],[77.24424,28.598038],[77.244367,28.598029],[77.244436,28.598024],[77.244507,28.598018],[77.244495,28.597899],[77.244484,28.597785],[77.244475,28.597696],[77.244453,28.597467]]}},{"type":"Feature","properties":{"kind":"road","class":"residential"},"geometry":{"type":"LineString","coordinates":[[77.243913,28.585174],[77.24375,28.585024],[77.243635,28.584918],[77.243372,28.584676]]}},{"type":"Feature","properties":{"kind":"road","class":"residential"},"geometry":{"type":"LineString","coordinates":[[77.243922,28.591751],[77.244636,28.590785],[77.244663,28.590701],[77.244754,28.589557]]}},{"type":"Feature","properties":{"kind":"road","class":"lane"},"geometry":{"type":"LineString","coordinates":[[77.243939,28.593387],[77.244084,28.593507],[77.244545,28.593944],[77.24473,28.59412],[77.244833,28.594144],[77.245339,28.594131],[77.245843,28.59413],[77.245882,28.594131],[77.247089,28.594132],[77.247304,28.594131],[77.247833,28.594147],[77.247932,28.594177],[77.248026,28.59424],[77.248788,28.594852],[77.248841,28.594888],[77.248896,28.594894],[77.250091,28.594919],[77.251463,28.595309],[77.251515,28.595318],[77.251565,28.595322],[77.251611,28.595325],[77.251795,28.595336],[77.251925,28.595344],[77.252021,28.59535],[77.252062,28.595352],[77.252694,28.595391],[77.25273,28.595383],[77.252759,28.595367],[77.252781,28.595339],[77.252786,28.595301],[77.252808,28.595151],[77.252828,28.595011],[77.252832,28.594982],[77.252857,28.5948],[77.252886,28.594597],[77.252893,28.594546],[77.252855,28.594516],[77.252792,28.594464],[77.252789,28.594429],[77.25279,28.594395],[77.252876,28.593615],[77.252913,28.593053],[77.252918,28.592753],[77.252998,28.592648],[77.253153,28.592572],[77.2533,28.592435],[77.253388,28.592193],[77.253376,28.591649],[77.2533,28.591524],[77.253132,28.591405],[77.252973,28.591344],[77.25288,28.591307],[77.25271,28.591301]]}},{"type":"Feature","properties":{"kind":"road","class":"residential"},"geometry":{"type":"LineString","coordinates":[[77.243961,28.580184],[77.244372,28.580194],[77.244713,28.580202],[77.245057,28.58021],[77.245332,28.580216]]}},{"type":"Feature","properties":{"kind":"road","class":"residential"},"geometry":{"type":"LineString","coordinates":[[77.243968,28.582365],[77.24391,28.582362],[77.243607,28.582362],[77.243267,28.582357],[77.242969,28.582352],[77.242355,28.582342],[77.24168,28.582331],[77.241257,28.582322],[77.241194,28.582311],[77.241052,28.582252],[77.240788,28.582109]]}},{"type":"Feature","properties":{"kind":"road","class":"residential"},"geometry":{"type":"LineString","coordinates":[[77.243968,28.582365],[77.243999,28.582383],[77.244323,28.582601],[77.244776,28.582867]]}},{"type":"Feature","properties":{"kind":"road","class":"lane"},"geometry":{"type":"LineString","coordinates":[[77.244033,28.583677],[77.243817,28.583513],[77.243569,28.583749]]}},{"type":"Feature","properties":{"kind":"road","class":"lane"},"geometry":{"type":"LineString","coordinates":[[77.244033,28.593159],[77.24414,28.59316],[77.244484,28.593162]]}},{"type":"Feature","properties":{"kind":"road","class":"residential"},"geometry":{"type":"LineString","coordinates":[[77.244039,28.581914],[77.243494,28.581528],[77.243216,28.581332]]}},{"type":"Feature","properties":{"kind":"road","class":"lane"},"geometry":{"type":"LineString","coordinates":[[77.244039,28.581914],[77.244063,28.581885],[77.24442,28.581466],[77.244447,28.581434]]}},{"type":"Feature","properties":{"kind":"road","class":"footway"},"geometry":{"type":"LineString","coordinates":[[77.244043,28.597933],[77.244149,28.597925],[77.244228,28.597919]]}},{"type":"Feature","properties":{"kind":"road","class":"footway"},"geometry":{"type":"LineString","coordinates":[[77.244055,28.598053],[77.244043,28.597933],[77.244032,28.59782],[77.244023,28.59773]]}},{"type":"Feature","properties":{"kind":"road","class":"footway"},"geometry":{"type":"LineString","coordinates":[[77.244064,28.586811],[77.243971,28.586713]]}},{"type":"Feature","properties":{"kind":"road","class":"residential"},"geometry":{"type":"LineString","coordinates":[[77.244073,28.590442],[77.244162,28.590445],[77.244235,28.589714],[77.244521,28.589737]]}},{"type":"Feature","properties":{"kind":"road","class":"footway"},"geometry":{"type":"LineString","coordinates":[[77.244161,28.598044],[77.244149,28.597925],[77.244138,28.597812],[77.244129,28.597722]]}},{"type":"Feature","properties":{"kind":"road","class":"residential"},"geometry":{"type":"LineString","coordinates":[[77.244184,28.583998],[77.244463,28.58426],[77.244732,28.584513]]}},{"type":"Feature","properties":{"kind":"road","class":"residential"},"geometry":{"type":"LineString","coordinates":[[77.244202,28.583531],[77.244241,28.583569],[77.244468,28.583734]]}},{"type":"Feature","properties":{"kind":"road","class":"footway"},"geometry":{"type":"LineString","coordinates":[[77.244208,28.598584],[77.244161,28.598044]]}},{"type":"Feature","properties":{"kind":"road","class":"footway"},"geometry":{"type":"LineString","coordinates":[[77.244228,28.597919],[77.244248,28.597948],[77.244279,28.597964],[77.244315,28.597961],[77.244343,28.597941],[77.244355,28.59791],[77.244339,28.597878],[77.244307,28.59786],[77.244269,28.597863],[77.24424,28.597886],[77.244228,28.597919]]}},{"type":"Feature","properties":{"kind":"road","class":"footway"},"geometry":{"type":"LineString","coordinates":[[77.24424,28.598038],[77.244228,28.597919],[77.244217,28.597806],[77.244208,28.597716],[77.244198,28.597615]]}},{"type":"Feature","properties":{"kind":"road","class":"residential"},"geometry":{"type":"LineString","coordinates":[[77.244249,28.582061],[77.243968,28.582365]]}},{"type":"Feature","properties":{"kind":"road","class":"residential"},"geometry":{"type":"LineString","coordinates":[[77.244249,28.582061],[77.244039,28.581914]]}},{"type":"Feature","properties":{"kind":"road","class":"residential"},"geometry":{"type":"LineString","coordinates":[[77.244259,28.588097],[77.244179,28.588046],[77.243933,28.587714]]}},{"type":"Feature","properties":{"kind":"road","class":"residential"},"geometry":{"type":"LineString","coordinates":[[77.244259,28.588097],[77.244724,28.587892],[77.244925,28.587807],[77.245116,28.587724],[77.245143,28.587718],[77.245163,28.587716],[77.245198,28.587716],[77.245227,28.587708],[77.245399,28.587647],[77.245706,28.58754],[77.246123,28.587374],[77.246163,28.587362],[77.246213,28.587355],[77.246245,28.587361],[77.246447,28.587413]]}},{"type":"Feature","properties":{"kind":"road","class":"footway"},"geometry":{"type":"LineString","coordinates":[[77.244281,28.597711],[77.244258,28.597472]]}},{"type":"Feature","properties":{"kind":"road","class":"residential"},"geometry":{"type":"LineString","coordinates":[[77.244319,28.59214],[77.24422,28.592067],[77.243872,28.591857],[77.243793,28.591812],[77.243716,28.591788]]}},{"type":"Feature","properties":{"kind":"road","class":"footway"},"geometry":{"type":"LineString","coordinates":[[77.244362,28.587307],[77.244064,28.586811]]}},{"type":"Feature","properties":{"kind":"road","class":"footway"},"geometry":{"type":"LineString","coordinates":[[77.244367,28.598029],[77.244355,28.59791],[77.244344,28.597796],[77.244335,28.597707],[77.244312,28.59747]]}},{"type":"Feature","properties":{"kind":"road","class":"lane"},"geometry":{"type":"LineString","coordinates":[[77.24437,28.580468],[77.244155,28.580466],[77.244086,28.580479]]}},{"type":"Feature","properties":{"kind":"road","class":"residential"},"geometry":{"type":"LineString","coordinates":[[77.244372,28.580194],[77.244373,28.580026]]}},{"type":"Feature","properties":{"kind":"road","class":"footway"},"geometry":{"type":"LineString","coordinates":[[77.244425,28.587411],[77.244362,28.587307]]}},{"type":"Feature","properties":{"kind":"road","class":"footway"},"geometry":{"type":"LineString","coordinates":[[77.244436,28.598024],[77.244425,28.597904],[77.244413,28.597791],[77.244405,28.597701],[77.244382,28.597467]]}},{"type":"Feature","properties":{"kind":"road","class":"footway"},"geometry":{"type":"LineString","coordinates":[[77.244452,28.593104],[77.244077,28.593101],[77.244034,28.593134]]}},{"type":"Feature","properties":{"kind":"road","class":"residential"},"geometry":{"type":"LineString","coordinates":[[77.244468,28.583734],[77.244793,28.58404],[77.244932,28.584181],[77.244987,28.584251]]}},{"type":"Feature","properties":{"kind":"road","class":"residential"},"geometry":{"type":"LineString","coordinates":[[77.244468,28.583734],[77.245107,28.583037],[77.245146,28.582994]]}},{"type":"Feature","properties":{"kind":"road","class":"footway"},"geometry":{"type":"LineString","coordinates":[[77.244484,28.597785],[77.244413,28.597791],[77.244344,28.597796],[77.244217,28.597806],[77.244138,28.597812],[77.244032,28.59782],[77.243902,28.59783],[77.243893,28.59774],[77.244023,28.59773],[77.244129,28.597722],[77.244208,28.597716],[77.244281,28.597711],[77.244335,28.597707],[77.244405,28.597701],[77.244475,28.597696]]}},{"type":"Feature","properties":{"kind":"road","class":"footway"},"geometry":{"type":"LineString","coordinates":[[77.244485,28.587511],[77.244425,28.587411]]}},{"type":"Feature","properties":{"kind":"road","class":"residential"},"geometry":{"type":"LineString","coordinates":[[77.244503,28.581739],[77.244809,28.581964]]}},{"type":"Feature","properties":{"kind":"road","class":"residential"},"geometry":{"type":"LineString","coordinates":[[77.24454,28.589489],[77.244754,28.589557],[77.245205,28.5897]]}},{"type":"Feature","properties":{"kind":"road","class":"footway"},"geometry":{"type":"LineString","coordinates":[[77.244545,28.593944],[77.244459,28.594024],[77.244691,28.594239],[77.244582,28.594335],[77.244691,28.594411],[77.244743,28.594362],[77.245229,28.594371],[77.245227,28.594447],[77.24533,28.594449],[77.245435,28.594452],[77.245501,28.594455],[77.245577,28.594454],[77.245578,28.594403],[77.245864,28.594418],[77.246379,28.594425],[77.246739,28.594425],[77.246856,28.594485],[77.246941,28.59459],[77.246959,28.594726],[77.246957,28.594758],[77.24692,28.595753],[77.246918,28.595791]]}},{"type":"Feature","properties":{"kind":"road","class":"footway"},"geometry":{"type":"LineString","coordinates":[[77.244602,28.597458],[77.244674,28.596369],[77.24472,28.595311],[77.244731,28.594524],[77.245114,28.59451],[77.245227,28.594447]]}},{"type":"Feature","properties":{"kind":"road","class":"residential"},"geometry":{"type":"LineString","coordinates":[[77.244643,28.581562],[77.244447,28.581434],[77.243929,28.581095],[77.243845,28.581044]]}},{"type":"Feature","properties":{"kind":"road","class":"footway"},"geometry":{"type":"LineString","coordinates":[[77.244674,28.596369],[77.244759,28.596375],[77.244767,28.596295],[77.245059,28.596316]]}},{"type":"Feature","properties":{"kind":"road","class":"residential"},"geometry":{"type":"LineString","coordinates":[[77.244711,28.579906],[77.244723,28.579961],[77.244713,28.580202],[77.244724,28.580501],[77.244728,28.580619],[77.244717,28.580669],[77.244683,28.580723],[77.244632,28.58077],[77.244556,28.580784],[77.244498,28.580789],[77.24444,28.580776],[77.244395,28.580743],[77.244369,28.58069],[77.244369,28.580635],[77.24437,28.580468],[77.244372,28.580194]]}},{"type":"Feature","properties":{"kind":"road","class":"residential"},"geometry":{"type":"LineString","coordinates":[[77.244723,28.579961],[77.244956,28.579988],[77.245007,28.579988],[77.245037,28.579971],[77.245045,28.579941],[77.245043,28.579795]]}},{"type":"Feature","properties":{"kind":"road","class":"footway"},"geometry":{"type":"LineString","coordinates":[[77.244817,28.597522],[77.244795,28.597876],[77.244784,28.59824]]}},{"type":"Feature","properties":{"kind":"road","class":"footway"},"geometry":{"type":"LineString","coordinates":[[77.244822,28.597449],[77.244602,28.597458],[77.244453,28.597467],[77.244382,28.597467],[77.244312,28.59747],[77.244258,28.597472],[77.244,28.597482]]}},{"type":"Feature","properties":{"kind":"road","class":"lane"},"geometry":{"type":"LineString","coordinates":[[77.244824,28.591656],[77.244907,28.591634],[77.244942,28.591601],[77.245154,28.591307],[77.245181,28.591256],[77.245185,28.591233],[77.245177,28.591159]]}},{"type":"Feature","properties":{"kind":"road","class":"residential"},"geometry":{"type":"LineString","coordinates":[[77.244842,28.582788],[77.244892,28.582722]]}},{"type":"Feature","properties":{"kind":"road","class":"footway"},"geometry":{"type":"LineString","coordinates":[[77.24486,28.604087],[77.244912,28.603993],[77.244955,28.603906],[77.245001,28.603831],[77.24506,28.603812],[77.245108,28.603826],[77.245202,28.603866],[77.245272,28.603894],[77.245306,28.603922],[77.245375,28.603997]]}},{"type":"Feature","properties":{"kind":"road","class":"residential"},"geometry":{"type":"LineString","coordinates":[[77.244987,28.584251],[77.24495,28.584319],[77.244897,28.58439],[77.244755,28.584687],[77.244703,28.58477],[77.244595,28.584946],[77.244438,28.58534],[77.244392,28.585489],[77.244346,28.585645],[77.244258,28.585966],[77.244125,28.586375],[77.244023,28.586609],[77.243971,28.586713],[77.243915,28.586776],[77.243822,28.586847],[77.243761,28.586874],[77.243703,28.586872],[77.24347,28.586716],[77.243416,28.586661],[77.243336,28.586584],[77.243324,28.58657],[77.243037,28.586311],[77.242888,28.586188],[77.242827,28.586114],[77.242802,28.586055],[77.242539,28.58583],[77.242241,28.585571],[77.241997,28.585376],[77.241912,28.585308]]}},{"type":"Feature","properties":{"kind":"road","class":"residential"},"geometry":{"type":"LineString","coordinates":[[77.244987,28.584251],[77.245413,28.583279],[77.245448,28.583198]]}},{"type":"Feature","properties":{"kind":"road","class":"residential"},"geometry":{"type":"LineString","coordinates":[[77.245009,28.587318],[77.245113,28.587536],[77.245198,28.587716],[77.245557,28.588424]]}},{"type":"Feature","properties":{"kind":"road","class":"residential"},"geometry":{"type":"LineString","coordinates":[[77.245024,28.581816],[77.244643,28.581562]]}},{"type":"Feature","properties":{"kind":"road","class":"residential"},"geometry":{"type":"LineString","coordinates":[[77.245029,28.588815],[77.244259,28.588097],[77.243966,28.588335],[77.243883,28.588417],[77.243749,28.588596],[77.243483,28.589157]]}},{"type":"Feature","properties":{"kind":"road","class":"residential"},"geometry":{"type":"LineString","coordinates":[[77.245029,28.588815],[77.24454,28.589489]]}},{"type":"Feature","properties":{"kind":"road","class":"residential"},"geometry":{"type":"LineString","coordinates":[[77.245029,28.588815],[77.245557,28.588424],[77.246043,28.588149],[77.246335,28.587654],[77.246447,28.587413],[77.246546,28.587202],[77.246655,28.58697]]}},{"type":"Feature","properties":{"kind":"road","class":"residential"},"geometry":{"type":"LineString","coordinates":[[77.245032,28.582544],[77.244249,28.582061]]}},{"type":"Feature","properties":{"kind":"road","class":"footway"},"geometry":{"type":"LineString","coordinates":[[77.245037,28.599035],[77.245047,28.598775],[77.245186,28.598779],[77.245324,28.598783],[77.245315,28.599043],[77.245169,28.599039],[77.245037,28.599035]]}},{"type":"Feature","properties":{"kind":"road","class":"residential"},"geometry":{"type":"LineString","coordinates":[[77.245044,28.5805],[77.244724,28.580501]]}},{"type":"Feature","properties":{"kind":"road","class":"residential"},"geometry":{"type":"LineString","coordinates":[[77.245052,28.582127],[77.245266,28.582271]]}},{"type":"Feature","properties":{"kind":"road","class":"footway"},"geometry":{"type":"LineString","coordinates":[[77.24506,28.603812],[77.245084,28.603791],[77.245105,28.603748],[77.245143,28.60367],[77.245162,28.603631],[77.245178,28.603609],[77.245202,28.603595],[77.245264,28.603593],[77.245376,28.603602],[77.245438,28.603609],[77.245477,28.603601],[77.24551,28.603573],[77.245533,28.603536],[77.245589,28.603552],[77.245722,28.603616],[77.245769,28.603667],[77.245778,28.603731],[77.245758,28.60381]]}},{"type":"Feature","properties":{"kind":"road","class":"footway"},"geometry":{"type":"LineString","coordinates":[[77.245065,28.596193],[77.245192,28.596197],[77.245333,28.596202],[77.245468,28.596206],[77.245604,28.596211]]}},{"type":"Feature","properties":{"kind":"road","class":"footway"},"geometry":{"type":"LineString","coordinates":[[77.245069,28.596077],[77.245197,28.596081]]}},{"type":"Feature","properties":{"kind":"road","class":"footway"},"geometry":{"type":"LineString","coordinates":[[77.245075,28.595953],[77.245202,28.595957],[77.245348,28.595962],[77.245478,28.595966],[77.245615,28.595971]]}},{"type":"Feature","properties":{"kind":"road","class":"footway"},"geometry":{"type":"LineString","coordinates":[[77.245082,28.59533],[77.245114,28.59451]]}},{"type":"Feature","properties":{"kind":"road","class":"residential"},"geometry":{"type":"LineString","coordinates":[[77.245113,28.587536],[77.24543,28.587398],[77.245645,28.587313],[77.245946,28.587205],[77.24609,28.587169],[77.246203,28.587152],[77.246278,28.587149],[77.24635,28.587154],[77.246546,28.587202]]}},{"type":"Feature","properties":{"kind":"road","class":"residential"},"geometry":{"type":"LineString","coordinates":[[77.245153,28.586001],[77.245911,28.585869]]}},{"type":"Feature","properties":{"kind":"road","class":"footway"},"geometry":{"type":"LineString","coordinates":[[77.245178,28.603609],[77.245145,28.603583],[77.245121,28.603544],[77.245093,28.603531],[77.245005,28.603527],[77.244965,28.603515],[77.244918,28.603497]]}},{"type":"Feature","properties":{"kind":"road","class":"residential"},"geometry":{"type":"LineString","coordinates":[[77.245183,28.581972],[77.245002,28.581846]]}},{"type":"Feature","properties":{"kind":"road","class":"footway"},"geometry":{"type":"LineString","coordinates":[[77.245187,28.603531],[77.245252,28.603471],[77.245327,28.603402],[77.245383,28.60334],[77.245467,28.603324],[77.245579,28.603361],[77.245616,28.60343],[77.245583,28.603512],[77.245533,28.603536]]}},{"type":"Feature","properties":{"kind":"road","class":"residential"},"geometry":{"type":"LineString","coordinates":[[77.24519,28.588956],[77.246214,28.588327],[77.2463,28.588223],[77.246467,28.587908],[77.246847,28.587192],[77.246917,28.587049]]}},{"type":"Feature","properties":{"kind":"road","class":"footway"},"geometry":{"type":"LineString","coordinates":[[77.245193,28.598692],[77.245415,28.5987],[77.245407,28.59874],[77.245965,28.598831],[77.246263,28.598873],[77.246716,28.598937],[77.246815,28.598688]]}},{"type":"Feature","properties":{"kind":"road","class":"lane"},"geometry":{"type":"LineString","coordinates":[[77.245194,28.591137],[77.246222,28.591181]]}},{"type":"Feature","properties":{"kind":"road","class":"footway"},"geometry":{"type":"LineString","coordinates":[[77.245199,28.59861],[77.244208,28.598584],[77.243965,28.598578],[77.243916,28.598164],[77.243904,28.598064]]}},{"type":"Feature","properties":{"kind":"road","class":"footway"},"geometry":{"type":"LineString","coordinates":[[77.245202,28.59857],[77.245973,28.598601],[77.245965,28.598831]]}},{"type":"Feature","properties":{"kind":"road","class":"footway"},"geometry":{"type":"LineString","coordinates":[[77.245202,28.603595],[77.245184,28.603552],[77.245187,28.603531],[77.245121,28.603544]]}},{"type":"Feature","properties":{"kind":"road","class":"footway"},"geometry":{"type":"LineString","coordinates":[[77.245203,28.597532],[77.245214,28.597356],[77.245273,28.596373]]}},{"type":"Feature","properties":{"kind":"road","class":"footway"},"geometry":{"type":"LineString","coordinates":[[77.245204,28.598544],[77.245202,28.59857],[77.245199,28.59861],[77.245193,28.598692],[77.245186,28.598779],[77.245182,28.598825],[77.245169,28.599039],[77.245168,28.599055]]}},{"type":"Feature","properties":{"kind":"road","class":"residential"},"geometry":{"type":"LineString","coordinates":[[77.245205,28.5897],[77.245184,28.589737],[77.245145,28.590136],[77.245085,28.590801],[77.245081,28.590837],[77.245075,28.59087],[77.244555,28.5916],[77.244466,28.59169],[77.244251,28.59201],[77.24422,28.592067]]}},{"type":"Feature","properties":{"kind":"road","class":"residential"},"geometry":{"type":"LineString","coordinates":[[77.245205,28.5897],[77.24524,28.58964],[77.245327,28.589472],[77.245356,28.589413],[77.245466,28.589197]]}},{"type":"Feature","properties":{"kind":"road","class":"footway"},"geometry":{"type":"LineString","coordinates":[[77.245209,28.598467],[77.245204,28.598544]]}},{"type":"Feature","properties":{"kind":"road","class":"footway"},"geometry":{"type":"LineString","coordinates":[[77.245214,28.597356],[77.24532,28.597361]]}},{"type":"Feature","properties":{"kind":"road","class":"footway"},"geometry":{"type":"LineString","coordinates":[[77.245219,28.598319],[77.245209,28.598467]]}},{"type":"Feature","properties":{"kind":"road","class":"footway"},"geometry":{"type":"LineString","coordinates":[[77.245225,28.598236],[77.245219,28.598319]]}},{"type":"Feature","properties":{"kind":"road","class":"footway"},"geometry":{"type":"LineString","coordinates":[[77.24524,28.598084],[77.245479,28.598073],[77.245608,28.598068],[77.245675,28.598026],[77.245691,28.597672],[77.245696,28.597555]]}},{"type":"Feature","properties":{"kind":"road","class":"residential"},"geometry":{"type":"LineString","coordinates":[[77.245244,28.581564],[77.245024,28.581816],[77.245002,28.581846]]}},{"type":"Feature","properties":{"kind":"road","class":"footway"},"geometry":{"type":"LineString","coordinates":[[77.24527,28.595859],[77.245272,28.595804],[77.245275,28.595741],[77.245287,28.595467],[77.245288,28.595435],[77.245292,28.595342],[77.245302,28.595115],[77.245316,28.594893],[77.245321,28.594685],[77.245327,28.59454],[77.245492,28.594545],[77.245486,28.594689],[77.24548,28.594901],[77.245467,28.59512],[77.245453,28.59544],[77.245452,28.595472],[77.24544,28.595746],[77.245438,28.59581],[77.245435,28.595865]]}},{"type":"Feature","properties":{"kind":"road","class":"footway"},"geometry":{"type":"LineString","coordinates":[[77.245272,28.595804],[77.245209,28.595802],[77.245206,28.595857],[77.245202,28.595957],[77.245197,28.596081],[77.245192,28.596197],[77.245186,28.596321],[77.245184,28.59637],[77.245273,28.596373],[77.245379,28.596376],[77.245461,28.596379],[77.245463,28.59633],[77.245468,28.596206],[77.245473,28.596092],[77.245478,28.595966],[77.245483,28.595866],[77.245485,28.595811],[77.245438,28.59581]]}},{"type":"Feature","properties":{"kind":"road","class":"footway"},"geometry":{"type":"LineString","coordinates":[[77.245274,28.59784],[77.244795,28.597876],[77.244495,28.597899],[77.244425,28.597904],[77.244355,28.59791]]}},{"type":"Feature","properties":{"kind":"road","class":"footway"},"geometry":{"type":"LineString","coordinates":[[77.245275,28.595741],[77.24544,28.595746],[77.245624,28.595752],[77.245688,28.595754]]}},{"type":"Feature","properties":{"kind":"road","class":"footway"},"geometry":{"type":"LineString","coordinates":[[77.245288,28.595435],[77.245453,28.59544],[77.245701,28.595448],[77.246607,28.595478]]}},{"type":"Feature","properties":{"kind":"road","class":"footway"},"geometry":{"type":"LineString","coordinates":[[77.245315,28.597538],[77.245274,28.59784],[77.24524,28.598084],[77.24523,28.598157],[77.245225,28.598236]]}},{"type":"Feature","properties":{"kind":"road","class":"footway"},"geometry":{"type":"LineString","coordinates":[[77.245316,28.594893],[77.24548,28.594901],[77.246363,28.594936],[77.246623,28.594942],[77.246607,28.595478],[77.246606,28.59551],[77.246596,28.595741],[77.246589,28.595926]]}},{"type":"Feature","properties":{"kind":"road","class":"footway"},"geometry":{"type":"LineString","coordinates":[[77.245321,28.594685],[77.245486,28.594689]]}},{"type":"Feature","properties":{"kind":"road","class":"residential"},"geometry":{"type":"LineString","coordinates":[[77.245327,28.589472],[77.246025,28.589817],[77.246107,28.589853]]}},{"type":"Feature","properties":{"kind":"road","class":"footway"},"geometry":{"type":"LineString","coordinates":[[77.245327,28.59454],[77.24533,28.594449]]}},{"type":"Feature","properties":{"kind":"road","class":"footway"},"geometry":{"type":"LineString","coordinates":[[77.245328,28.596326],[77.245333,28.596202]]}},{"type":"Feature","properties":{"kind":"road","class":"residential"},"geometry":{"type":"LineString","coordinates":[[77.245336,28.579704],[77.245332,28.580216],[77.24534,28.580683],[77.245329,28.580751],[77.245283,28.580831],[77.244861,28.581305],[77.244643,28.581562],[77.244503,28.581739],[77.244249,28.582061]]}},{"type":"Feature","properties":{"kind":"road","class":"footway"},"geometry":{"type":"LineString","coordinates":[[77.245348,28.595962],[77.245352,28.595862]]}},{"type":"Feature","properties":{"kind":"road","class":"footway"},"geometry":{"type":"LineString","coordinates":[[77.245379,28.596376],[77.24532,28.597361],[77.245315,28.597538]]}},{"type":"Feature","properties":{"kind":"road","class":"residential"},"geometry":{"type":"LineString","coordinates":[[77.245426,28.581685],[77.245183,28.581972],[77.245052,28.582127],[77.244961,28.582234],[77.244925,28.58225],[77.244881,28.582237],[77.244509,28.582019]]}},{"type":"Feature","properties":{"kind":"road","class":"footway"},"geometry":{"type":"LineString","coordinates":[[77.245444,28.59429],[77.245435,28.594452]]}},{"type":"Feature","properties":{"kind":"road","class":"residential"},"geometry":{"type":"LineString","coordinates":[[77.245466,28.589197],[77.24519,28.588956],[77.245029,28.588815]]}},{"type":"Feature","properties":{"kind":"road","class":"footway"},"geometry":{"type":"LineString","coordinates":[[77.245473,28.596092],[77.245609,28.596097]]}},{"type":"Feature","properties":{"kind":"road","class":"footway"},"geometry":{"type":"LineString","coordinates":[[77.245492,28.594545],[77.245501,28.594455]]}},{"type":"Feature","properties":{"kind":"road","class":"footway"},"geometry":{"type":"LineString","coordinates":[[77.245525,28.593555],[77.245444,28.59429]]}},{"type":"Feature","properties":{"kind":"road","class":"footway"},"geometry":{"type":"LineString","coordinates":[[77.245538,28.592031],[77.245546,28.591984],[77.245993,28.591661],[77.246269,28.591715],[77.246517,28.591763],[77.246825,28.592111],[77.246806,28.592312]]}},{"type":"Feature","properties":{"kind":"road","class":"footway"},"geometry":{"type":"LineString","coordinates":[[77.245543,28.593136],[77.245525,28.593555]]}},{"type":"Feature","properties":{"kind":"road","class":"footway"},"geometry":{"type":"LineString","coordinates":[[77.245553,28.592156],[77.245873,28.592193],[77.246051,28.592214]]}},{"type":"Feature","properties":{"kind":"road","class":"residential"},"geometry":{"type":"LineString","coordinates":[[77.245559,28.581774],[77.245426,28.581685],[77.245244,28.581564],[77.244861,28.581305]]}},{"type":"Feature","properties":{"kind":"road","class":"footway"},"geometry":{"type":"LineString","coordinates":[[77.245599,28.596335],[77.245678,28.596336],[77.246,28.596345],[77.246,28.596408]]}},{"type":"Feature","properties":{"kind":"road","class":"footway"},"geometry":{"type":"LineString","coordinates":[[77.245619,28.595871],[77.245483,28.595866],[77.245435,28.595865],[77.245352,28.595862],[77.24527,28.595859],[77.245206,28.595857],[77.245079,28.595853]]}},{"type":"Feature","properties":{"kind":"road","class":"footway"},"geometry":{"type":"LineString","coordinates":[[77.245624,28.595752],[77.245619,28.595871],[77.245615,28.595971],[77.245609,28.596097],[77.245604,28.596211],[77.245599,28.596335],[77.245463,28.59633],[77.245328,28.596326],[77.245186,28.596321],[77.245059,28.596316],[77.245065,28.596193],[77.245069,28.596077],[77.245075,28.595953],[77.245079,28.595853]]}},{"type":"Feature","properties":{"kind":"road","class":"residential"},"geometry":{"type":"LineString","coordinates":[[77.245644,28.581831],[77.245611,28.581809],[77.245559,28.581774]]}},{"type":"Feature","properties":{"kind":"road","class":"footway"},"geometry":{"type":"LineString","coordinates":[[77.245672,28.59314],[77.245543,28.593136],[77.244452,28.593104]]}},{"type":"Feature","properties":{"kind":"road","class":"footway"},"geometry":{"type":"LineString","coordinates":[[77.245672,28.59314],[77.246066,28.59315],[77.246399,28.593156],[77.246757,28.593161],[77.247026,28.593167],[77.247067,28.593167]]}},{"type":"Feature","properties":{"kind":"road","class":"footway"},"geometry":{"type":"LineString","coordinates":[[77.245678,28.596336],[77.245692,28.596404],[77.245859,28.596404],[77.246,28.596408],[77.246141,28.596425],[77.246335,28.596474],[77.246534,28.596553],[77.246755,28.596666],[77.246874,28.596747],[77.247083,28.596969],[77.247268,28.597242],[77.247312,28.597355],[77.247333,28.597409],[77.2474,28.597753],[77.247396,28.597945],[77.247387,28.597974],[77.247322,28.59817],[77.247179,28.598453],[77.247022,28.598663],[77.246973,28.598685],[77.246909,28.598687],[77.246815,28.598688]]}},{"type":"Feature","properties":{"kind":"road","class":"footway"},"geometry":{"type":"LineString","coordinates":[[77.245688,28.595754],[77.2457,28.59548],[77.245701,28.595448],[77.245715,28.595128],[77.245467,28.59512],[77.245302,28.595115]]}},{"type":"Feature","properties":{"kind":"road","class":"footway"},"geometry":{"type":"LineString","coordinates":[[77.245691,28.597672],[77.245978,28.59767],[77.245986,28.597621],[77.246179,28.597628],[77.246201,28.597663],[77.246222,28.597732],[77.246289,28.597786],[77.246367,28.597866],[77.246504,28.597946],[77.246837,28.597958],[77.247387,28.597974]]}},{"type":"Feature","properties":{"kind":"road","class":"residential"},"geometry":{"type":"LineString","coordinates":[[77.245694,28.588039],[77.245824,28.587982],[77.245842,28.587971],[77.245859,28.587951],[77.246163,28.587362]]}},{"type":"Feature","properties":{"kind":"road","class":"residential"},"geometry":{"type":"LineString","coordinates":[[77.245798,28.585115],[77.246356,28.584833],[77.246421,28.584823],[77.246487,28.584845],[77.246561,28.584895],[77.246772,28.585049],[77.247045,28.585233]]}},{"type":"Feature","properties":{"kind":"road","class":"footway"},"geometry":{"type":"LineString","coordinates":[[77.245843,28.59413],[77.245867,28.59426],[77.245864,28.594418]]}},{"type":"Feature","properties":{"kind":"road","class":"residential"},"geometry":{"type":"LineString","coordinates":[[77.245858,28.581619],[77.246151,28.58181],[77.24641,28.581978]]}},{"type":"Feature","properties":{"kind":"road","class":"lane"},"geometry":{"type":"LineString","coordinates":[[77.245882,28.594131],[77.245912,28.594173],[77.24689,28.594187],[77.246966,28.594215],[77.247047,28.594326]]}},{"type":"Feature","properties":{"kind":"road","class":"residential"},"geometry":{"type":"LineString","coordinates":[[77.245911,28.585869],[77.246242,28.585819],[77.246482,28.585735],[77.246643,28.585641],[77.246769,28.585538],[77.246852,28.585452],[77.246893,28.58541],[77.247045,28.585233],[77.247579,28.584635],[77.247614,28.584591]]}},{"type":"Feature","properties":{"kind":"road","class":"footway"},"geometry":{"type":"LineString","coordinates":[[77.245973,28.598601],[77.246275,28.598632],[77.246815,28.598688]]}},{"type":"Feature","properties":{"kind":"road","class":"footway"},"geometry":{"type":"LineString","coordinates":[[77.246,28.596345],[77.246885,28.596373],[77.247285,28.596374]]}},{"type":"Feature","properties":{"kind":"road","class":"footway"},"geometry":{"type":"LineString","coordinates":[[77.246022,28.589973],[77.245937,28.589931]]}},{"type":"Feature","properties":{"kind":"road","class":"residential"},"geometry":{"type":"LineString","coordinates":[[77.246059,28.589766],[77.245356,28.589413]]}},{"type":"Feature","properties":{"kind":"road","class":"residential"},"geometry":{"type":"LineString","coordinates":[[77.246069,28.580584],[77.246082,28.579494]]}},{"type":"Feature","properties":{"kind":"road","class":"lane"},"geometry":{"type":"LineString","coordinates":[[77.246071,28.589747],[77.246048,28.589727],[77.246031,28.589697],[77.24602,28.58966],[77.246029,28.589607],[77.246066,28.589565],[77.246112,28.589546],[77.246165,28.589538],[77.246206,28.589542]]}},{"type":"Feature","properties":{"kind":"road","class":"footway"},"geometry":{"type":"LineString","coordinates":[[77.246097,28.589707],[77.246182,28.589747]]}},{"type":"Feature","properties":{"kind":"road","class":"footway"},"geometry":{"type":"LineString","coordinates":[[77.246147,28.5925],[77.246004,28.592486],[77.245856,28.592325],[77.245873,28.592193],[77.245883,28.592112],[77.246085,28.591974],[77.246223,28.591991],[77.246332,28.592004],[77.24647,28.592172],[77.246457,28.592272],[77.246441,28.592395],[77.246255,28.592513],[77.246147,28.5925],[77.246107,28.592779],[77.246104,28.5928],[77.246066,28.59315]]}},{"type":"Feature","properties":{"kind":"road","class":"footway"},"geometry":{"type":"LineString","coordinates":[[77.246147,28.5925],[77.246173,28.59235]]}},{"type":"Feature","properties":{"kind":"road","class":"residential"},"geometry":{"type":"LineString","coordinates":[[77.246193,28.580765],[77.24608,28.580678],[77.246069,28.580584]]}},{"type":"Feature","properties":{"kind":"road","class":"residential"},"geometry":{"type":"LineString","coordinates":[[77.246193,28.580765],[77.246228,28.580723],[77.246338,28.580592],[77.246632,28.580242],[77.246669,28.580207],[77.246689,28.580199],[77.24671,28.580201],[77.246849,28.580294],[77.246897,28.580325]]}},{"type":"Feature","properties":{"kind":"road","class":"residential"},"geometry":{"type":"LineString","coordinates":[[77.246193,28.580765],[77.246384,28.580914],[77.246402,28.580928]]}},{"type":"Feature","properties":{"kind":"road","class":"footway"},"geometry":{"type":"LineString","coordinates":[[77.246202,28.592122],[77.246223,28.591991],[77.246269,28.591715],[77.246273,28.591691]]}},{"type":"Feature","properties":{"kind":"road","class":"lane"},"geometry":{"type":"LineString","coordinates":[[77.246222,28.591181],[77.246281,28.591181],[77.246426,28.59118],[77.247343,28.59119]]}},{"type":"Feature","properties":{"kind":"road","class":"lane"},"geometry":{"type":"LineString","coordinates":[[77.24624,28.583754],[77.246002,28.584119],[77.24578,28.584463]]}},{"type":"Feature","properties":{"kind":"road","class":"footway"},"geometry":{"type":"LineString","coordinates":[[77.246247,28.595775],[77.24625,28.59572],[77.246263,28.595499]]}},{"type":"Feature","properties":{"kind":"road","class":"footway"},"geometry":{"type":"LineString","coordinates":[[77.24625,28.59572],[77.246596,28.595741],[77.24692,28.595753],[77.247276,28.595766],[77.248342,28.595763],[77.248738,28.595765]]}},{"type":"Feature","properties":{"kind":"road","class":"footway"},"geometry":{"type":"LineString","coordinates":[[77.246263,28.598873],[77.246275,28.598632]]}},{"type":"Feature","properties":{"kind":"road","class":"footway"},"geometry":{"type":"LineString","coordinates":[[77.246312,28.592255],[77.246457,28.592272],[77.246806,28.592312],[77.24683,28.592314]]}},{"type":"Feature","properties":{"kind":"road","class":"footway"},"geometry":{"type":"LineString","coordinates":[[77.246379,28.594425],[77.246363,28.594936]]}},{"type":"Feature","properties":{"kind":"road","class":"footway"},"geometry":{"type":"LineString","coordinates":[[77.246399,28.593156],[77.246394,28.593345],[77.246752,28.593351],[77.247022,28.593356],[77.247026,28.593167],[77.247031,28.592974],[77.246403,28.592963],[77.246399,28.593156]]}},{"type":"Feature","properties":{"kind":"road","class":"lane"},"geometry":{"type":"LineString","coordinates":[[77.246426,28.59118],[77.246672,28.591262],[77.246791,28.591328],[77.246883,28.591397],[77.246949,28.591466],[77.247002,28.591566],[77.247002,28.591616],[77.247006,28.591674],[77.247024,28.591704],[77.247059,28.591715],[77.24716,28.591729]]}},{"type":"Feature","properties":{"kind":"road","class":"lane"},"geometry":{"type":"LineString","coordinates":[[77.24648,28.589265],[77.246529,28.589267],[77.246573,28.58926],[77.246614,28.589228],[77.246647,28.589179],[77.246667,28.589095],[77.246645,28.589052],[77.246608,28.589026]]}},{"type":"Feature","properties":{"kind":"road","class":"residential"},"geometry":{"type":"LineString","coordinates":[[77.246491,28.588604],[77.246354,28.588711],[77.245885,28.588956],[77.245466,28.589197]]}},{"type":"Feature","properties":{"kind":"road","class":"residential"},"geometry":{"type":"LineString","coordinates":[[77.246491,28.588604],[77.246533,28.588618],[77.246674,28.588665]]}},{"type":"Feature","properties":{"kind":"road","class":"residential"},"geometry":{"type":"LineString","coordinates":[[77.246491,28.588604],[77.246901,28.587892],[77.247255,28.587266],[77.247262,28.587243],[77.247253,28.587211],[77.247235,28.58719],[77.24709,28.5871],[77.246917,28.587049],[77.246655,28.58697],[77.246557,28.586941],[77.246273,28.586893],[77.245983,28.586945],[77.245286,28.587207],[77.245009,28.587318],[77.244485,28.587511],[77.243933,28.587714],[77.242569,28.588959],[77.243483,28.589157],[77.243524,28.589166],[77.24454,28.589489]]}},{"type":"Feature","properties":{"kind":"road","class":"footway"},"geometry":{"type":"LineString","coordinates":[[77.246583,28.588838],[77.246687,28.588876]]}},{"type":"Feature","properties":{"kind":"road","class":"footway"},"geometry":{"type":"LineString","coordinates":[[77.246606,28.59551],[77.246263,28.595499],[77.2457,28.59548],[77.245452,28.595472],[77.245287,28.595467]]}},{"type":"Feature","properties":{"kind":"road","class":"residential"},"geometry":{"type":"LineString","coordinates":[[77.246638,28.588969],[77.24671,28.588932],[77.246833,28.588887],[77.24699,28.588852]]}},{"type":"Feature","properties":{"kind":"road","class":"residential"},"geometry":{"type":"LineString","coordinates":[[77.246646,28.588719],[77.246751,28.588757],[77.24699,28.588852],[77.247032,28.588868]]}},{"type":"Feature","properties":{"kind":"road","class":"residential"},"geometry":{"type":"LineString","coordinates":[[77.246648,28.582799],[77.246193,28.582515],[77.246128,28.582463],[77.246085,28.582418],[77.246088,28.582376],[77.246115,28.582334],[77.24641,28.581978],[77.246498,28.581884],[77.246633,28.581712],[77.2468,28.5815],[77.246831,28.581461],[77.24685,28.581436]]}},{"type":"Feature","properties":{"kind":"road","class":"residential"},"geometry":{"type":"LineString","coordinates":[[77.246674,28.589604],[77.246838,28.589277],[77.247026,28.58893],[77.247054,28.588877],[77.24708,28.588825]]}},{"type":"Feature","properties":{"kind":"road","class":"footway"},"geometry":{"type":"LineString","coordinates":[[77.246716,28.598937],[77.246711,28.599393]]}},{"type":"Feature","properties":{"kind":"road","class":"footway"},"geometry":{"type":"LineString","coordinates":[[77.246737,28.593663],[77.246752,28.593351],[77.246757,28.593161]]}},{"type":"Feature","properties":{"kind":"road","class":"residential"},"geometry":{"type":"LineString","coordinates":[[77.246778,28.588706],[77.246962,28.588613],[77.247166,28.588237],[77.247578,28.587475],[77.247693,28.587305],[77.247749,28.587218]]}},{"type":"Feature","properties":{"kind":"road","class":"footway"},"geometry":{"type":"LineString","coordinates":[[77.246789,28.588441],[77.246893,28.588481]]}},{"type":"Feature","properties":{"kind":"road","class":"footway"},"geometry":{"type":"LineString","coordinates":[[77.246806,28.592312],[77.246788,28.592506],[77.246374,28.592809],[77.246143,28.592783],[77.246107,28.592779],[77.246062,28.592775],[77.245848,28.592751],[77.245489,28.59235],[77.245501,28.592278]]}},{"type":"Feature","properties":{"kind":"road","class":"footway"},"geometry":{"type":"LineString","coordinates":[[77.246831,28.598146],[77.247322,28.59817],[77.247679,28.598172],[77.247696,28.597838],[77.248365,28.597856],[77.248494,28.597824],[77.248596,28.597762],[77.248633,28.597682],[77.248698,28.597334],[77.248746,28.597136],[77.248961,28.597145],[77.249036,28.597188],[77.249255,28.597087]]}},{"type":"Feature","properties":{"kind":"road","class":"residential"},"geometry":{"type":"LineString","coordinates":[[77.246838,28.589277],[77.247118,28.589456],[77.247239,28.589536],[77.247356,28.589617]]}},{"type":"Feature","properties":{"kind":"road","class":"footway"},"geometry":{"type":"LineString","coordinates":[[77.246844,28.597739],[77.2474,28.597753]]}},{"type":"Feature","properties":{"kind":"road","class":"footway"},"geometry":{"type":"LineString","coordinates":[[77.246848,28.597603],[77.245696,28.597555],[77.245315,28.597538],[77.245203,28.597532],[77.244817,28.597522],[77.244822,28.597449],[77.244956,28.597428],[77.244956,28.597345],[77.245214,28.597356]]}},{"type":"Feature","properties":{"kind":"road","class":"residential"},"geometry":{"type":"LineString","coordinates":[[77.246852,28.585452],[77.247625,28.585948],[77.248027,28.586201],[77.248049,28.586205],[77.24807,28.586197],[77.24879,28.585414]]}},{"type":"Feature","properties":{"kind":"road","class":"footway"},"geometry":{"type":"LineString","coordinates":[[77.246874,28.596747],[77.247695,28.596688],[77.247747,28.596718],[77.247899,28.596801],[77.24836,28.597188],[77.248564,28.597296],[77.248698,28.597334]]}},{"type":"Feature","properties":{"kind":"road","class":"footway"},"geometry":{"type":"LineString","coordinates":[[77.246885,28.596373],[77.246918,28.595791]]}},{"type":"Feature","properties":{"kind":"road","class":"residential"},"geometry":{"type":"LineString","coordinates":[[77.246893,28.58541],[77.246472,28.585114],[77.246422,28.585089],[77.246387,28.585083],[77.246331,28.585101],[77.245957,28.585273],[77.24593,28.585299],[77.24592,28.585329],[77.245917,28.585477],[77.245911,28.585869]]}},{"type":"Feature","properties":{"kind":"road","class":"footway"},"geometry":{"type":"LineString","coordinates":[[77.246909,28.598687],[77.246908,28.598706],[77.246919,28.598732]]}},{"type":"Feature","properties":{"kind":"road","class":"residential"},"geometry":{"type":"LineString","coordinates":[[77.246952,28.589993],[77.246976,28.589741],[77.246957,28.589721],[77.246674,28.589604]]}},{"type":"Feature","properties":{"kind":"road","class":"residential"},"geometry":{"type":"LineString","coordinates":[[77.246972,28.588783],[77.246962,28.588613]]}},{"type":"Feature","properties":{"kind":"road","class":"residential"},"geometry":{"type":"LineString","coordinates":[[77.246999,28.580789],[77.247033,28.58081],[77.247319,28.580994],[77.247434,28.581067],[77.247566,28.581151]]}},{"type":"Feature","properties":{"kind":"road","class":"residential"},"geometry":{"type":"LineString","coordinates":[[77.247032,28.588868],[77.247054,28.588877],[77.247376,28.589012],[77.247437,28.589041]]}},{"type":"Feature","properties":{"kind":"road","class":"lane"},"geometry":{"type":"LineString","coordinates":[[77.247047,28.594326],[77.247162,28.594486]]}},{"type":"Feature","properties":{"kind":"road","class":"residential"},"geometry":{"type":"LineString","coordinates":[[77.247051,28.588813],[77.246991,28.58879],[77.246972,28.588783],[77.246885,28.588749],[77.246778,28.588706],[77.246715,28.588681],[77.246674,28.588665]]}},{"type":"Feature","properties":{"kind":"road","class":"residential"},"geometry":{"type":"LineString","coordinates":[[77.247058,28.580151],[77.247413,28.579747],[77.247422,28.57973],[77.247434,28.579708],[77.247446,28.579686]]}},{"type":"Feature","properties":{"kind":"road","class":"footway"},"geometry":{"type":"LineString","coordinates":[[77.247067,28.593167],[77.247175,28.59317]]}},{"type":"Feature","properties":{"kind":"road","class":"lane"},"geometry":{"type":"LineString","coordinates":[[77.2471,28.594313],[77.247087,28.594279],[77.247089,28.594132]]}},{"type":"Feature","properties":{"kind":"road","class":"residential"},"geometry":{"type":"LineString","coordinates":[[77.247102,28.579459],[77.246971,28.579458],[77.246424,28.579453],[77.246251,28.579451]]}},{"type":"Feature","properties":{"kind":"road","class":"residential"},"geometry":{"type":"LineString","coordinates":[[77.247102,28.579459],[77.247228,28.579528],[77.2473,28.579566],[77.24739,28.579611]]}},{"type":"Feature","properties":{"kind":"road","class":"residential"},"geometry":{"type":"LineString","coordinates":[[77.247152,28.581637],[77.247566,28.581151]]}},{"type":"Feature","properties":{"kind":"road","class":"lane"},"geometry":{"type":"LineString","coordinates":[[77.247162,28.594486],[77.2471,28.594313]]}},{"type":"Feature","properties":{"kind":"road","class":"lane"},"geometry":{"type":"LineString","coordinates":[[77.247166,28.588237],[77.247192,28.588252],[77.247267,28.588294],[77.247259,28.588309],[77.247086,28.58864]]}},{"type":"Feature","properties":{"kind":"road","class":"footway"},"geometry":{"type":"LineString","coordinates":[[77.247175,28.59317],[77.247309,28.593176],[77.247435,28.593179],[77.248038,28.593209],[77.24863,28.593222]]}},{"type":"Feature","properties":{"kind":"road","class":"footway"},"geometry":{"type":"LineString","coordinates":[[77.247259,28.588309],[77.247288,28.58832],[77.247323,28.588297],[77.247357,28.588294]]}},{"type":"Feature","properties":{"kind":"road","class":"lane"},"geometry":{"type":"LineString","coordinates":[[77.24728,28.595056],[77.247507,28.595068],[77.247499,28.595419],[77.247536,28.59553],[77.247697,28.595541],[77.24773,28.595056],[77.24766,28.595007],[77.247561,28.595021],[77.247507,28.595068]]}},{"type":"Feature","properties":{"kind":"road","class":"footway"},"geometry":{"type":"LineString","coordinates":[[77.247309,28.593176],[77.247307,28.594058],[77.247304,28.594131]]}},{"type":"Feature","properties":{"kind":"road","class":"footway"},"geometry":{"type":"LineString","coordinates":[[77.247312,28.597355],[77.247571,28.597362]]}},{"type":"Feature","properties":{"kind":"road","class":"residential"},"geometry":{"type":"LineString","coordinates":[[77.247365,28.590024],[77.247356,28.589617],[77.247521,28.589575],[77.247544,28.589593],[77.24766,28.589895],[77.247654,28.590041]]}},{"type":"Feature","properties":{"kind":"road","class":"residential"},"geometry":{"type":"LineString","coordinates":[[77.247432,28.589488],[77.247501,28.589504],[77.247517,28.589505],[77.247534,28.589502],[77.247735,28.589409],[77.247821,28.58937]]}},{"type":"Feature","properties":{"kind":"road","class":"footway"},"geometry":{"type":"LineString","coordinates":[[77.247435,28.593179],[77.247444,28.592876],[77.247722,28.592886],[77.247739,28.592507],[77.248741,28.592541],[77.248823,28.591416]]}},{"type":"Feature","properties":{"kind":"road","class":"footway"},"geometry":{"type":"LineString","coordinates":[[77.247444,28.592876],[77.247739,28.592507],[77.248823,28.591416]]}},{"type":"Feature","properties":{"kind":"road","class":"residential"},"geometry":{"type":"LineString","coordinates":[[77.247452,28.588971],[77.24741,28.588954],[77.24708,28.588825],[77.247051,28.588813]]}},{"type":"Feature","properties":{"kind":"road","class":"residential"},"geometry":{"type":"LineString","coordinates":[[77.247495,28.5797],[77.247547,28.579693],[77.247589,28.579666],[77.247612,28.579627],[77.247612,28.579583],[77.247591,28.579543],[77.247551,28.579516],[77.247502,28.579507],[77.247454,28.579518],[77.247416,28.579547],[77.24739,28.579611],[77.247404,28.579643],[77.247446,28.579686],[77.247495,28.5797]]}},{"type":"Feature","properties":{"kind":"road","class":"residential"},"geometry":{"type":"LineString","coordinates":[[77.247566,28.581151],[77.247933,28.580726]]}},{"type":"Feature","properties":{"kind":"road","class":"secondary"},"geometry":{"type":"LineString","coordinates":[[77.24758,28.58728],[77.247693,28.587305],[77.248431,28.587467],[77.248859,28.587532],[77.249322,28.587524],[77.249497,28.587515],[77.249958,28.587456],[77.250212,28.587391],[77.250464,28.587273],[77.250749,28.587066],[77.251101,28.586745],[77.253082,28.58513],[77.253132,28.585116],[77.253171,28.585109],[77.253232,28.585112],[77.25336,28.585152],[77.253459,28.585182]]}},{"type":"Feature","properties":{"kind":"road","class":"residential"},"geometry":{"type":"LineString","coordinates":[[77.247589,28.579666],[77.247614,28.579677],[77.248077,28.579962],[77.248693,28.580357]]}},{"type":"Feature","properties":{"kind":"road","class":"residential"},"geometry":{"type":"LineString","coordinates":[[77.247591,28.579543],[77.247671,28.579423]]}},{"type":"Feature","properties":{"kind":"road","class":"residential"},"geometry":{"type":"LineString","coordinates":[[77.247625,28.585948],[77.247947,28.585596],[77.248362,28.585135]]}},{"type":"Feature","properties":{"kind":"road","class":"residential"},"geometry":{"type":"LineString","coordinates":[[77.247634,28.580518],[77.248077,28.579962]]}},{"type":"Feature","properties":{"kind":"road","class":"residential"},"geometry":{"type":"LineString","coordinates":[[77.24766,28.589895],[77.248026,28.589751]]}},{"type":"Feature","properties":{"kind":"road","class":"footway"},"geometry":{"type":"LineString","coordinates":[[77.247696,28.597838],[77.247699,28.597456],[77.24757,28.597455],[77.247571,28.597362],[77.247572,28.597199],[77.247732,28.597199],[77.24787,28.5972],[77.247869,28.597381],[77.247868,28.597457],[77.247699,28.597456]]}},{"type":"Feature","properties":{"kind":"road","class":"footway"},"geometry":{"type":"LineString","coordinates":[[77.247717,28.588058],[77.247469,28.588073],[77.247498,28.58852],[77.247995,28.588503],[77.248471,28.588483],[77.248509,28.588573],[77.247998,28.588754]]}},{"type":"Feature","properties":{"kind":"road","class":"footway"},"geometry":{"type":"LineString","coordinates":[[77.247732,28.597199],[77.247747,28.596718]]}},{"type":"Feature","properties":{"kind":"road","class":"residential"},"geometry":{"type":"LineString","coordinates":[[77.247749,28.587218],[77.247865,28.587078]]}},{"type":"Feature","properties":{"kind":"road","class":"residential"},"geometry":{"type":"LineString","coordinates":[[77.247831,28.589384],[77.24785,28.589375],[77.248035,28.589296],[77.248046,28.589285],[77.248049,28.589268],[77.247933,28.589028],[77.247914,28.588991]]}},{"type":"Feature","properties":{"kind":"road","class":"residential"},"geometry":{"type":"LineString","coordinates":[[77.247865,28.587078],[77.248304,28.586555]]}},{"type":"Feature","properties":{"kind":"road","class":"residential"},"geometry":{"type":"LineString","coordinates":[[77.247867,28.584757],[77.24783,28.584795],[77.247402,28.585275]]}},{"type":"Feature","properties":{"kind":"road","class":"footway"},"geometry":{"type":"LineString","coordinates":[[77.247869,28.597381],[77.248081,28.59739],[77.24836,28.597188]]}},{"type":"Feature","properties":{"kind":"road","class":"lane"},"geometry":{"type":"LineString","coordinates":[[77.247975,28.59941],[77.247895,28.599436],[77.247813,28.599448],[77.247028,28.599408],[77.246711,28.599393],[77.245772,28.599349],[77.245527,28.599337],[77.243827,28.599248],[77.243851,28.598648],[77.243773,28.598539],[77.24376,28.597727],[77.244,28.597482],[77.244074,28.595412],[77.244127,28.595301],[77.244337,28.595289],[77.24472,28.595311],[77.245082,28.59533],[77.245292,28.595342]]}},{"type":"Feature","properties":{"kind":"road","class":"lane"},"geometry":{"type":"LineString","coordinates":[[77.247975,28.59941],[77.248207,28.599292],[77.248572,28.599056],[77.249288,28.598174],[77.249398,28.597993],[77.249398,28.597522],[77.249334,28.59729],[77.249255,28.597087],[77.249232,28.597028],[77.249156,28.59697],[77.24907,28.596927],[77.248028,28.596623],[77.247679,28.596543],[77.247365,28.59645],[77.247301,28.596412],[77.247285,28.596374],[77.247273,28.596348],[77.247273,28.596221],[77.247276,28.595766],[77.24728,28.595056],[77.247189,28.594928],[77.24719,28.594635],[77.247162,28.594486]]}},{"type":"Feature","properties":{"kind":"road","class":"footway"},"geometry":{"type":"LineString","coordinates":[[77.247992,28.587607],[77.247999,28.587786],[77.248001,28.587835]]}},{"type":"Feature","properties":{"kind":"road","class":"footway"},"geometry":{"type":"LineString","coordinates":[[77.247993,28.588328],[77.247995,28.588503],[77.247998,28.588754],[77.248069,28.588837],[77.248067,28.588895]]}},{"type":"Feature","properties":{"kind":"road","class":"footway"},"geometry":{"type":"LineString","coordinates":[[77.247998,28.588754],[77.247333,28.588771],[77.247177,28.588705],[77.247337,28.588413],[77.247362,28.588415],[77.247357,28.588294],[77.247347,28.588079],[77.247469,28.588073],[77.247479,28.587773],[77.247557,28.587616],[77.247992,28.587607],[77.248487,28.587595],[77.248505,28.588035],[77.24851,28.588162],[77.248348,28.588209],[77.248325,28.588224],[77.248471,28.588483]]}},{"type":"Feature","properties":{"kind":"road","class":"footway"},"geometry":{"type":"LineString","coordinates":[[77.248001,28.587835],[77.24795,28.587837]]}},{"type":"Feature","properties":{"kind":"road","class":"footway"},"geometry":{"type":"LineString","coordinates":[[77.248001,28.587835],[77.248046,28.587833]]}},{"type":"Feature","properties":{"kind":"road","class":"residential"},"geometry":{"type":"LineString","coordinates":[[77.248015,28.590507],[77.248346,28.59037]]}},{"type":"Feature","properties":{"kind":"road","class":"residential"},"geometry":{"type":"LineString","coordinates":[[77.248017,28.589733],[77.248196,28.589659],[77.248279,28.589802],[77.248358,28.589959],[77.248503,28.590244],[77.248494,28.590262],[77.248323,28.590326]]}},{"type":"Feature","properties":{"kind":"road","class":"residential"},"geometry":{"type":"LineString","coordinates":[[77.248081,28.584958],[77.247947,28.585092],[77.247834,28.585186]]}},{"type":"Feature","properties":{"kind":"road","class":"lane"},"geometry":{"type":"LineString","coordinates":[[77.248135,28.594103],[77.247932,28.594101],[77.247833,28.594147],[77.24775,28.594364]]}},{"type":"Feature","properties":{"kind":"road","class":"residential"},"geometry":{"type":"LineString","coordinates":[[77.248145,28.589996],[77.24785,28.590055],[77.247654,28.590041],[77.247365,28.590024],[77.246952,28.589993],[77.246521,28.589968],[77.246503,28.589956],[77.246492,28.589939],[77.246493,28.589917],[77.246502,28.589887],[77.246674,28.589604]]}},{"type":"Feature","properties":{"kind":"road","class":"residential"},"geometry":{"type":"LineString","coordinates":[[77.24817,28.590037],[77.248358,28.589959],[77.248557,28.589876],[77.248827,28.589763],[77.248984,28.589698]]}},{"type":"Feature","properties":{"kind":"road","class":"residential"},"geometry":{"type":"LineString","coordinates":[[77.24818,28.590059],[77.247885,28.59018],[77.247871,28.590202],[77.247876,28.590217],[77.248015,28.590507],[77.248206,28.59089]]}},{"type":"Feature","properties":{"kind":"road","class":"residential"},"geometry":{"type":"LineString","coordinates":[[77.24822,28.589166],[77.248117,28.588951],[77.248086,28.588887]]}},{"type":"Feature","properties":{"kind":"road","class":"footway"},"geometry":{"type":"LineString","coordinates":[[77.248279,28.589802],[77.24848,28.589721],[77.24871,28.589628]]}},{"type":"Feature","properties":{"kind":"road","class":"footway"},"geometry":{"type":"LineString","coordinates":[[77.248284,28.588038],[77.248505,28.588035]]}},{"type":"Feature","properties":{"kind":"road","class":"footway"},"geometry":{"type":"LineString","coordinates":[[77.248294,28.588319],[77.247993,28.588328],[77.247727,28.588335],[77.247717,28.588058],[77.247708,28.587794],[77.247999,28.587786],[77.248274,28.587778],[77.248284,28.588038],[77.248294,28.588319]]}},{"type":"Feature","properties":{"kind":"road","class":"residential"},"geometry":{"type":"LineString","coordinates":[[77.248304,28.586555],[77.248364,28.586482],[77.248395,28.586446],[77.248866,28.585863],[77.248901,28.585798],[77.248962,28.585638]]}},{"type":"Feature","properties":{"kind":"road","class":"footway"},"geometry":{"type":"LineString","coordinates":[[77.248331,28.596279],[77.248342,28.595763],[77.248353,28.595223],[77.248964,28.595233],[77.249535,28.595243],[77.249524,28.595786],[77.249513,28.596298],[77.248939,28.596288],[77.248331,28.596279]]}},{"type":"Feature","properties":{"kind":"road","class":"residential"},"geometry":{"type":"LineString","coordinates":[[77.248333,28.588785],[77.248384,28.588874],[77.248463,28.589012],[77.248542,28.589149],[77.248688,28.589402],[77.248784,28.589529],[77.248838,28.589577],[77.248912,28.589642],[77.248941,28.589665],[77.248984,28.589698],[77.249039,28.589741],[77.249184,28.589827],[77.249288,28.589868],[77.249365,28.589887],[77.249522,28.58991],[77.249575,28.589912],[77.249969,28.589922],[77.250196,28.589924],[77.250469,28.589929],[77.250642,28.589939]]}},{"type":"Feature","properties":{"kind":"road","class":"lane"},"geometry":{"type":"LineString","coordinates":[[77.248364,28.586482],[77.248616,28.586643],[77.24884,28.586741],[77.249144,28.586831],[77.249138,28.586938]]}},{"type":"Feature","properties":{"kind":"road","class":"residential"},"geometry":{"type":"LineString","coordinates":[[77.248373,28.589528],[77.248225,28.589589],[77.248208,28.589591],[77.248073,28.589337]]}},{"type":"Feature","properties":{"kind":"road","class":"residential"},"geometry":{"type":"LineString","coordinates":[[77.248373,28.589528],[77.248387,28.589517],[77.248396,28.589504],[77.24827,28.589256]]}},{"type":"Feature","properties":{"kind":"road","class":"residential"},"geometry":{"type":"LineString","coordinates":[[77.248386,28.589045],[77.248409,28.589035],[77.248463,28.589012]]}},{"type":"Feature","properties":{"kind":"road","class":"residential"},"geometry":{"type":"LineString","coordinates":[[77.248414,28.589094],[77.248386,28.589045],[77.248287,28.588872],[77.248256,28.588817]]}},{"type":"Feature","properties":{"kind":"road","class":"footway"},"geometry":{"type":"LineString","coordinates":[[77.24844,28.593674],[77.248469,28.593633],[77.248619,28.593515],[77.24863,28.593222]]}},{"type":"Feature","properties":{"kind":"road","class":"residential"},"geometry":{"type":"LineString","coordinates":[[77.248542,28.589149],[77.24827,28.589256],[77.248073,28.589337],[77.247855,28.58942]]}},{"type":"Feature","properties":{"kind":"road","class":"residential"},"geometry":{"type":"LineString","coordinates":[[77.248557,28.589876],[77.24848,28.589721],[77.248373,28.589528]]}},{"type":"Feature","properties":{"kind":"road","class":"footway"},"geometry":{"type":"LineString","coordinates":[[77.24863,28.593222],[77.248743,28.593223]]}},{"type":"Feature","properties":{"kind":"road","class":"residential"},"geometry":{"type":"LineString","coordinates":[[77.248632,28.588666],[77.248605,28.588615],[77.248497,28.588409]]}},{"type":"Feature","properties":{"kind":"road","class":"residential"},"geometry":{"type":"LineString","coordinates":[[77.248632,28.588666],[77.248667,28.588735],[77.248761,28.588922]]}},{"type":"Feature","properties":{"kind":"road","class":"residential"},"geometry":{"type":"LineString","coordinates":[[77.24866,28.590492],[77.249292,28.590282],[77.249399,28.590241],[77.249618,28.590238],[77.249636,28.590245],[77.249648,28.590256],[77.249653,28.59027],[77.249656,28.590401],[77.249671,28.590413],[77.24978,28.590451]]}},{"type":"Feature","properties":{"kind":"road","class":"residential"},"geometry":{"type":"LineString","coordinates":[[77.2487,28.590184],[77.248557,28.589876]]}},{"type":"Feature","properties":{"kind":"road","class":"footway"},"geometry":{"type":"LineString","coordinates":[[77.248718,28.592828],[77.248207,28.592807]]}},{"type":"Feature","properties":{"kind":"road","class":"footway"},"geometry":{"type":"LineString","coordinates":[[77.248741,28.592541],[77.248718,28.592828],[77.248699,28.593039],[77.248633,28.593135],[77.24863,28.593222]]}},{"type":"Feature","properties":{"kind":"road","class":"footway"},"geometry":{"type":"LineString","coordinates":[[77.248743,28.593223],[77.248933,28.593227]]}},{"type":"Feature","properties":{"kind":"road","class":"residential"},"geometry":{"type":"LineString","coordinates":[[77.248753,28.590724],[77.24866,28.590492],[77.248567,28.590301]]}},{"type":"Feature","properties":{"kind":"road","class":"residential"},"geometry":{"type":"LineString","coordinates":[[77.24879,28.585414],[77.248831,28.585375],[77.250175,28.583836]]}},{"type":"Feature","properties":{"kind":"road","class":"residential"},"geometry":{"type":"LineString","coordinates":[[77.248798,28.588599],[77.248833,28.588673],[77.248923,28.588861]]}},{"type":"Feature","properties":{"kind":"road","class":"lane"},"geometry":{"type":"LineString","coordinates":[[77.248805,28.591186],[77.248707,28.591183]]}},{"type":"Feature","properties":{"kind":"road","class":"footway"},"geometry":{"type":"LineString","coordinates":[[77.248808,28.586499],[77.2488,28.586536],[77.248803,28.586574],[77.248816,28.58661],[77.248838,28.586642],[77.248868,28.586669],[77.248905,28.586688],[77.248946,28.5867],[77.248989,28.586702],[77.249031,28.586695],[77.249071,28.586679],[77.249104,28.586656],[77.249131,28.586626],[77.249149,28.586592],[77.249156,28.586555],[77.249154,28.586517],[77.249141,28.586481],[77.249118,28.586449],[77.249088,28.586422],[77.249051,28.586403],[77.24901,28.586391],[77.248967,28.586389],[77.248925,28.586396],[77.248886,28.586412],[77.248852,28.586435],[77.248825,28.586465],[77.248808,28.586499]]}},{"type":"Feature","properties":{"kind":"road","class":"residential"},"geometry":{"type":"LineString","coordinates":[[77.24882,28.58859],[77.248792,28.588536],[77.248689,28.588335]]}},{"type":"Feature","properties":{"kind":"road","class":"residential"},"geometry":{"type":"LineString","coordinates":[[77.248827,28.589763],[77.248774,28.589711],[77.24874,28.589676],[77.24871,28.589628],[77.24867,28.589538],[77.248666,28.58951],[77.248671,28.589472],[77.248688,28.589402]]}},{"type":"Feature","properties":{"kind":"road","class":"residential"},"geometry":{"type":"LineString","coordinates":[[77.248869,28.588571],[77.248841,28.588514],[77.248799,28.58843]]}},{"type":"Feature","properties":{"kind":"road","class":"residential"},"geometry":{"type":"LineString","coordinates":[[77.248872,28.588236],[77.24911,28.588207]]}},{"type":"Feature","properties":{"kind":"road","class":"residential"},"geometry":{"type":"LineString","coordinates":[[77.248892,28.589022],[77.248542,28.589149]]}},{"type":"Feature","properties":{"kind":"road","class":"residential"},"geometry":{"type":"LineString","coordinates":[[77.248892,28.589022],[77.248989,28.589216],[77.249162,28.589395],[77.249179,28.589405],[77.249376,28.589517],[77.249635,28.589596],[77.249669,28.589607],[77.249894,28.5896],[77.250144,28.589537],[77.250222,28.589497],[77.250394,28.589418],[77.250496,28.589381],[77.250536,28.589337],[77.250544,28.589287],[77.250543,28.588674],[77.250538,28.588637],[77.250413,28.588422],[77.250004,28.588573]]}},{"type":"Feature","properties":{"kind":"road","class":"footway"},"geometry":{"type":"LineString","coordinates":[[77.248933,28.593227],[77.248984,28.593228]]}},{"type":"Feature","properties":{"kind":"road","class":"footway"},"geometry":{"type":"LineString","coordinates":[[77.248939,28.596288],[77.248947,28.595937],[77.248735,28.595934],[77.248738,28.595765],[77.248742,28.595606],[77.248955,28.59561],[77.24916,28.595613],[77.249157,28.59577],[77.249153,28.595941],[77.248947,28.595937]]}},{"type":"Feature","properties":{"kind":"road","class":"residential"},"geometry":{"type":"LineString","coordinates":[[77.248941,28.589665],[77.249179,28.589405]]}},{"type":"Feature","properties":{"kind":"road","class":"lane"},"geometry":{"type":"LineString","coordinates":[[77.248943,28.591189],[77.248805,28.591186]]}},{"type":"Feature","properties":{"kind":"road","class":"footway"},"geometry":{"type":"LineString","coordinates":[[77.248955,28.59561],[77.248964,28.595233]]}},{"type":"Feature","properties":{"kind":"road","class":"residential"},"geometry":{"type":"LineString","coordinates":[[77.248974,28.578991],[77.248976,28.579085],[77.248978,28.57913],[77.248978,28.579455]]}},{"type":"Feature","properties":{"kind":"road","class":"residential"},"geometry":{"type":"LineString","coordinates":[[77.249007,28.585587],[77.249089,28.585632],[77.249128,28.585799],[77.2493,28.585907],[77.249551,28.586064],[77.249835,28.586243],[77.249902,28.586267],[77.249953,28.586262],[77.249991,28.586229],[77.250546,28.585624],[77.250659,28.585691],[77.251405,28.58482],[77.25209,28.583998],[77.252418,28.583622],[77.252434,28.583584],[77.252442,28.58353],[77.252442,28.583125]]}},{"type":"Feature","properties":{"kind":"road","class":"footway"},"geometry":{"type":"LineString","coordinates":[[77.24901,28.586391],[77.24901,28.586306],[77.249067,28.586225]]}},{"type":"Feature","properties":{"kind":"road","class":"footway"},"geometry":{"type":"LineString","coordinates":[[77.249026,28.593792],[77.24937,28.593789]]}},{"type":"Feature","properties":{"kind":"road","class":"footway"},"geometry":{"type":"LineString","coordinates":[[77.249027,28.594279],[77.249381,28.594284],[77.249381,28.594316],[77.249443,28.594317],[77.249473,28.594317],[77.24951,28.594317],[77.24951,28.594288],[77.249941,28.594298]]}},{"type":"Feature","properties":{"kind":"road","class":"footway"},"geometry":{"type":"LineString","coordinates":[[77.249028,28.593756],[77.249371,28.593758]]}},{"type":"Feature","properties":{"kind":"road","class":"footway"},"geometry":{"type":"LineString","coordinates":[[77.249042,28.593266],[77.248984,28.593266],[77.248984,28.593228],[77.248985,28.593205],[77.249045,28.593206]]}},{"type":"Feature","properties":{"kind":"road","class":"footway"},"geometry":{"type":"LineString","coordinates":[[77.249042,28.593266],[77.249417,28.593272]]}},{"type":"Feature","properties":{"kind":"road","class":"footway"},"geometry":{"type":"LineString","coordinates":[[77.249044,28.586137],[77.249034,28.58616],[77.249035,28.586185],[77.249046,28.586208],[77.249067,28.586225],[77.249093,28.586233],[77.249121,28.586233],[77.249147,28.586223],[77.249166,28.586205],[77.249176,28.586181],[77.249175,28.586157],[77.249164,28.586134],[77.249143,28.586117],[77.249117,28.586109],[77.249089,28.586109],[77.249063,28.586119],[77.249044,28.586137]]}},{"type":"Feature","properties":{"kind":"road","class":"footway"},"geometry":{"type":"LineString","coordinates":[[77.249045,28.593206],[77.249418,28.593219]]}},{"type":"Feature","properties":{"kind":"road","class":"residential"},"geometry":{"type":"LineString","coordinates":[[77.249046,28.5885],[77.249098,28.588594],[77.249259,28.588882],[77.249371,28.589015],[77.249431,28.589084],[77.249521,28.589155],[77.249607,28.589182],[77.249699,28.589164],[77.249998,28.589042],[77.250034,28.588994],[77.250051,28.58892],[77.250046,28.588764],[77.250004,28.588573],[77.249849,28.588264],[77.249813,28.588193]]}},{"type":"Feature","properties":{"kind":"road","class":"footway"},"geometry":{"type":"LineString","coordinates":[[77.24909,28.592233],[77.249452,28.592242]]}},{"type":"Feature","properties":{"kind":"road","class":"footway"},"geometry":{"type":"LineString","coordinates":[[77.249091,28.592205],[77.249452,28.592211]]}},{"type":"Feature","properties":{"kind":"road","class":"residential"},"geometry":{"type":"LineString","coordinates":[[77.24911,28.588178],[77.24883,28.588212]]}},{"type":"Feature","properties":{"kind":"road","class":"residential"},"geometry":{"type":"LineString","coordinates":[[77.249128,28.585799],[77.249493,28.585369],[77.250233,28.584496],[77.251138,28.58343],[77.251477,28.583036],[77.251503,28.583017],[77.251554,28.582991],[77.251617,28.582988],[77.251679,28.582985],[77.25178,28.582974],[77.251839,28.582958],[77.251895,28.582926],[77.251989,28.582866],[77.252328,28.582632]]}},{"type":"Feature","properties":{"kind":"road","class":"residential"},"geometry":{"type":"LineString","coordinates":[[77.249137,28.588102],[77.248788,28.58791]]}},{"type":"Feature","properties":{"kind":"road","class":"footway"},"geometry":{"type":"LineString","coordinates":[[77.249149,28.586592],[77.24934,28.586659],[77.249488,28.586656],[77.249724,28.58665],[77.249792,28.586568],[77.249861,28.586533],[77.249844,28.586478],[77.249814,28.586454]]}},{"type":"Feature","properties":{"kind":"road","class":"lane"},"geometry":{"type":"LineString","coordinates":[[77.249153,28.591162],[77.24902,28.591186],[77.248943,28.591189]]}},{"type":"Feature","properties":{"kind":"road","class":"residential"},"geometry":{"type":"LineString","coordinates":[[77.249195,28.58844],[77.249138,28.588287],[77.24911,28.588207],[77.24911,28.588178],[77.249132,28.588116],[77.249137,28.588102],[77.249145,28.588081],[77.249169,28.588044],[77.2492,28.588023],[77.249239,28.588009],[77.249257,28.588003],[77.249305,28.587987],[77.249319,28.587988],[77.249361,28.587993],[77.249447,28.588039],[77.249544,28.588134],[77.249632,28.588266]]}},{"type":"Feature","properties":{"kind":"road","class":"residential"},"geometry":{"type":"LineString","coordinates":[[77.249213,28.580384],[77.248617,28.58111],[77.2478,28.582069]]}},{"type":"Feature","properties":{"kind":"road","class":"residential"},"geometry":{"type":"LineString","coordinates":[[77.249239,28.588009],[77.249215,28.587964],[77.249107,28.587763]]}},{"type":"Feature","properties":{"kind":"road","class":"residential"},"geometry":{"type":"LineString","coordinates":[[77.249258,28.591212],[77.249262,28.590706],[77.249143,28.590615],[77.249107,28.590598],[77.249079,28.590602],[77.248753,28.590724],[77.248565,28.590813]]}},{"type":"Feature","properties":{"kind":"road","class":"residential"},"geometry":{"type":"LineString","coordinates":[[77.249259,28.588882],[77.248892,28.589022]]}},{"type":"Feature","properties":{"kind":"road","class":"footway"},"geometry":{"type":"LineString","coordinates":[[77.2493,28.585907],[77.249273,28.585937],[77.249216,28.586002],[77.249143,28.586117]]}},{"type":"Feature","properties":{"kind":"road","class":"residential"},"geometry":{"type":"LineString","coordinates":[[77.249319,28.587988],[77.249333,28.587943],[77.24938,28.587798]]}},{"type":"Feature","properties":{"kind":"road","class":"footway"},"geometry":{"type":"LineString","coordinates":[[77.24937,28.593789],[77.249369,28.593859],[77.249428,28.59386]]}},{"type":"Feature","properties":{"kind":"road","class":"footway"},"geometry":{"type":"LineString","coordinates":[[77.249371,28.593758],[77.24937,28.593789]]}},{"type":"Feature","properties":{"kind":"road","class":"footway"},"geometry":{"type":"LineString","coordinates":[[77.249417,28.593272],[77.249416,28.593329],[77.249476,28.59333]]}},{"type":"Feature","properties":{"kind":"road","class":"footway"},"geometry":{"type":"LineString","coordinates":[[77.249418,28.593219],[77.249417,28.593272]]}},{"type":"Feature","properties":{"kind":"road","class":"footway"},"geometry":{"type":"LineString","coordinates":[[77.249428,28.59386],[77.249494,28.593862]]}},{"type":"Feature","properties":{"kind":"road","class":"footway"},"geometry":{"type":"LineString","coordinates":[[77.249434,28.592793],[77.249601,28.592795],[77.249602,28.592739],[77.249603,28.592705],[77.249605,28.592632],[77.249537,28.592631],[77.249495,28.59263],[77.249438,28.592629],[77.249436,28.592702],[77.249436,28.592733],[77.249434,28.592793]]}},{"type":"Feature","properties":{"kind":"road","class":"residential"},"geometry":{"type":"LineString","coordinates":[[77.249435,28.57947],[77.248978,28.579455],[77.248137,28.579427],[77.247671,28.579423],[77.247449,28.579445],[77.247102,28.579459]]}},{"type":"Feature","properties":{"kind":"road","class":"footway"},"geometry":{"type":"LineString","coordinates":[[77.249436,28.592702],[77.248988,28.59269]]}},{"type":"Feature","properties":{"kind":"road","class":"footway"},"geometry":{"type":"LineString","coordinates":[[77.249436,28.592733],[77.248986,28.592727]]}},{"type":"Feature","properties":{"kind":"road","class":"footway"},"geometry":{"type":"LineString","coordinates":[[77.249441,28.594702],[77.249443,28.594317]]}},{"type":"Feature","properties":{"kind":"road","class":"footway"},"geometry":{"type":"LineString","coordinates":[[77.249448,28.593697],[77.249373,28.593696],[77.249371,28.593758]]}},{"type":"Feature","properties":{"kind":"road","class":"footway"},"geometry":{"type":"LineString","coordinates":[[77.249451,28.592316],[77.249509,28.592317],[77.249555,28.592317],[77.249632,28.592317],[77.249632,28.59224],[77.249633,28.592212],[77.249633,28.592154],[77.249555,28.592153],[77.249517,28.592153],[77.249452,28.592153],[77.249452,28.592211],[77.249452,28.592242],[77.249451,28.592316]]}},{"type":"Feature","properties":{"kind":"road","class":"residential"},"geometry":{"type":"LineString","coordinates":[[77.249463,28.581717],[77.249195,28.58154],[77.24891,28.581325],[77.248617,28.58111],[77.248259,28.580876]]}},{"type":"Feature","properties":{"kind":"road","class":"footway"},"geometry":{"type":"LineString","coordinates":[[77.249467,28.593166],[77.249419,28.593165],[77.249418,28.593219]]}},{"type":"Feature","properties":{"kind":"road","class":"footway"},"geometry":{"type":"LineString","coordinates":[[77.249473,28.594317],[77.249474,28.594702]]}},{"type":"Feature","properties":{"kind":"road","class":"footway"},"geometry":{"type":"LineString","coordinates":[[77.249476,28.59333],[77.249448,28.593697]]}},{"type":"Feature","properties":{"kind":"road","class":"footway"},"geometry":{"type":"LineString","coordinates":[[77.249476,28.59333],[77.249503,28.59333]]}},{"type":"Feature","properties":{"kind":"road","class":"footway"},"geometry":{"type":"LineString","coordinates":[[77.24948,28.593698],[77.249448,28.593697]]}},{"type":"Feature","properties":{"kind":"road","class":"residential"},"geometry":{"type":"LineString","coordinates":[[77.249493,28.585369],[77.249911,28.585648]]}},{"type":"Feature","properties":{"kind":"road","class":"footway"},"geometry":{"type":"LineString","coordinates":[[77.249494,28.593862],[77.249549,28.593863],[77.249551,28.593795]]}},{"type":"Feature","properties":{"kind":"road","class":"footway"},"geometry":{"type":"LineString","coordinates":[[77.249495,28.59263],[77.249509,28.592317]]}},{"type":"Feature","properties":{"kind":"road","class":"footway"},"geometry":{"type":"LineString","coordinates":[[77.249503,28.59333],[77.24948,28.593698]]}},{"type":"Feature","properties":{"kind":"road","class":"footway"},"geometry":{"type":"LineString","coordinates":[[77.249503,28.59333],[77.249575,28.593331],[77.249576,28.593286]]}},{"type":"Feature","properties":{"kind":"road","class":"residential"},"geometry":{"type":"LineString","coordinates":[[77.249508,28.591272],[77.249515,28.590623],[77.249515,28.590604],[77.249503,28.59052],[77.24949,28.590509],[77.249431,28.590506],[77.249413,28.590491],[77.249405,28.590473],[77.249366,28.590335],[77.249329,28.590302],[77.249292,28.590282],[77.249288,28.589868]]}},{"type":"Feature","properties":{"kind":"road","class":"footway"},"geometry":{"type":"LineString","coordinates":[[77.249517,28.592153],[77.249533,28.591814]]}},{"type":"Feature","properties":{"kind":"road","class":"footway"},"geometry":{"type":"LineString","coordinates":[[77.249524,28.595786],[77.250131,28.595847],[77.250167,28.595848],[77.250396,28.595888],[77.250412,28.595744],[77.250575,28.595749],[77.250726,28.595754],[77.250714,28.595914],[77.250704,28.596048],[77.250388,28.596041],[77.250396,28.595888]]}},{"type":"Feature","properties":{"kind":"road","class":"footway"},"geometry":{"type":"LineString","coordinates":[[77.249534,28.593166],[77.249467,28.593166]]}},{"type":"Feature","properties":{"kind":"road","class":"footway"},"geometry":{"type":"LineString","coordinates":[[77.249537,28.592631],[77.249555,28.592317]]}},{"type":"Feature","properties":{"kind":"road","class":"footway"},"geometry":{"type":"LineString","coordinates":[[77.249551,28.593795],[77.249552,28.593765]]}},{"type":"Feature","properties":{"kind":"road","class":"footway"},"geometry":{"type":"LineString","coordinates":[[77.249551,28.593795],[77.249996,28.593813]]}},{"type":"Feature","properties":{"kind":"road","class":"footway"},"geometry":{"type":"LineString","coordinates":[[77.249552,28.593765],[77.249553,28.593699],[77.24948,28.593698]]}},{"type":"Feature","properties":{"kind":"road","class":"footway"},"geometry":{"type":"LineString","coordinates":[[77.249552,28.593765],[77.249996,28.593778]]}},{"type":"Feature","properties":{"kind":"road","class":"footway"},"geometry":{"type":"LineString","coordinates":[[77.249555,28.592153],[77.249574,28.591815]]}},{"type":"Feature","properties":{"kind":"road","class":"footway"},"geometry":{"type":"LineString","coordinates":[[77.249576,28.593286],[77.249577,28.59322]]}},{"type":"Feature","properties":{"kind":"road","class":"footway"},"geometry":{"type":"LineString","coordinates":[[77.249576,28.593286],[77.249973,28.593298],[77.249972,28.59337],[77.250032,28.593371],[77.250024,28.593754]]}},{"type":"Feature","properties":{"kind":"road","class":"footway"},"geometry":{"type":"LineString","coordinates":[[77.249577,28.59322],[77.249578,28.593167],[77.249534,28.593166]]}},{"type":"Feature","properties":{"kind":"road","class":"footway"},"geometry":{"type":"LineString","coordinates":[[77.249577,28.59322],[77.249969,28.593227],[77.24997,28.593162],[77.250043,28.593164],[77.250061,28.592772]]}},{"type":"Feature","properties":{"kind":"road","class":"footway"},"geometry":{"type":"LineString","coordinates":[[77.249632,28.59224],[77.25,28.592246]]}},{"type":"Feature","properties":{"kind":"road","class":"footway"},"geometry":{"type":"LineString","coordinates":[[77.249633,28.592212],[77.25,28.592215]]}},{"type":"Feature","properties":{"kind":"road","class":"residential"},"geometry":{"type":"LineString","coordinates":[[77.249635,28.589596],[77.249575,28.589912]]}},{"type":"Feature","properties":{"kind":"road","class":"residential"},"geometry":{"type":"LineString","coordinates":[[77.249723,28.579774],[77.249213,28.580384]]}},{"type":"Feature","properties":{"kind":"road","class":"lane"},"geometry":{"type":"LineString","coordinates":[[77.249805,28.591528],[77.249087,28.591514]]}},{"type":"Feature","properties":{"kind":"road","class":"lane"},"geometry":{"type":"LineString","coordinates":[[77.249811,28.591274],[77.249809,28.591347],[77.249808,28.591409],[77.249805,28.591528],[77.249803,28.591632],[77.249972,28.591635],[77.250554,28.591645]]}},{"type":"Feature","properties":{"kind":"road","class":"residential"},"geometry":{"type":"LineString","coordinates":[[77.249816,28.58772],[77.25021,28.587559],[77.250233,28.587559],[77.250253,28.587572],[77.25045,28.587938]]}},{"type":"Feature","properties":{"kind":"road","class":"residential"},"geometry":{"type":"LineString","coordinates":[[77.249838,28.587989],[77.249902,28.587954],[77.249933,28.587937]]}},{"type":"Feature","properties":{"kind":"road","class":"footway"},"geometry":{"type":"LineString","coordinates":[[77.249939,28.594369],[77.250012,28.59437],[77.250042,28.594371],[77.25012,28.594372],[77.250122,28.594308],[77.250122,28.594271],[77.250124,28.594209],[77.250052,28.594207],[77.250011,28.594207],[77.249943,28.594205],[77.249941,28.594298],[77.249939,28.594369]]}},{"type":"Feature","properties":{"kind":"road","class":"residential"},"geometry":{"type":"LineString","coordinates":[[77.249941,28.59044],[77.24978,28.590451],[77.249755,28.59047],[77.249749,28.590494],[77.249714,28.591273]]}},{"type":"Feature","properties":{"kind":"road","class":"lane"},"geometry":{"type":"LineString","coordinates":[[77.249955,28.590189],[77.250189,28.590189]]}},{"type":"Feature","properties":{"kind":"road","class":"residential"},"geometry":{"type":"LineString","coordinates":[[77.249969,28.589922],[77.249955,28.590189],[77.249941,28.59044],[77.249996,28.590473],[77.250066,28.590507],[77.250269,28.590509],[77.250374,28.59051],[77.250497,28.590489],[77.250777,28.590487]]}},{"type":"Feature","properties":{"kind":"road","class":"footway"},"geometry":{"type":"LineString","coordinates":[[77.249996,28.593778],[77.249996,28.593813],[77.250023,28.593838],[77.250062,28.593838],[77.25009,28.593814],[77.250091,28.59378],[77.250064,28.593755],[77.250024,28.593754],[77.249996,28.593778]]}},{"type":"Feature","properties":{"kind":"road","class":"footway"},"geometry":{"type":"LineString","coordinates":[[77.249999,28.592312],[77.250068,28.592312],[77.25011,28.592312],[77.25018,28.592313],[77.25018,28.592255],[77.25018,28.592213],[77.250181,28.592149],[77.250111,28.592149],[77.250067,28.592149],[77.25,28.592148],[77.25,28.592215],[77.25,28.592246],[77.249999,28.592312]]}},{"type":"Feature","properties":{"kind":"road","class":"footway"},"geometry":{"type":"LineString","coordinates":[[77.250005,28.594683],[77.250012,28.59437]]}},{"type":"Feature","properties":{"kind":"road","class":"footway"},"geometry":{"type":"LineString","coordinates":[[77.250011,28.594207],[77.250023,28.593838]]}},{"type":"Feature","properties":{"kind":"road","class":"residential"},"geometry":{"type":"LineString","coordinates":[[77.250027,28.58266],[77.24994,28.58276],[77.249877,28.582836],[77.249806,28.582925]]}},{"type":"Feature","properties":{"kind":"road","class":"residential"},"geometry":{"type":"LineString","coordinates":[[77.250027,28.58266],[77.250108,28.582572]]}},{"type":"Feature","properties":{"kind":"road","class":"residential"},"geometry":{"type":"LineString","coordinates":[[77.250027,28.588108],[77.249933,28.587937],[77.249816,28.58772],[77.249495,28.58764]]}},{"type":"Feature","properties":{"kind":"road","class":"footway"},"geometry":{"type":"LineString","coordinates":[[77.250033,28.592748],[77.249602,28.592739]]}},{"type":"Feature","properties":{"kind":"road","class":"footway"},"geometry":{"type":"LineString","coordinates":[[77.250033,28.594683],[77.250042,28.594371]]}},{"type":"Feature","properties":{"kind":"road","class":"footway"},"geometry":{"type":"LineString","coordinates":[[77.250034,28.592713],[77.249603,28.592705]]}},{"type":"Feature","properties":{"kind":"road","class":"footway"},"geometry":{"type":"LineString","coordinates":[[77.250034,28.592713],[77.250033,28.592748],[77.250061,28.592772],[77.2501,28.592773],[77.250128,28.592749],[77.250129,28.592714],[77.250101,28.592689],[77.250062,28.592689],[77.250034,28.592713]]}},{"type":"Feature","properties":{"kind":"road","class":"residential"},"geometry":{"type":"LineString","coordinates":[[77.250049,28.591051],[77.250269,28.591058]]}},{"type":"Feature","properties":{"kind":"road","class":"footway"},"geometry":{"type":"LineString","coordinates":[[77.250062,28.592689],[77.250068,28.592312]]}},{"type":"Feature","properties":{"kind":"road","class":"footway"},"geometry":{"type":"LineString","coordinates":[[77.250062,28.593838],[77.250052,28.594207]]}},{"type":"Feature","properties":{"kind":"road","class":"residential"},"geometry":{"type":"LineString","coordinates":[[77.250066,28.590507],[77.250056,28.590819],[77.250049,28.591051],[77.250042,28.591277]]}},{"type":"Feature","properties":{"kind":"road","class":"footway"},"geometry":{"type":"LineString","coordinates":[[77.250067,28.592149],[77.250075,28.591846]]}},{"type":"Feature","properties":{"kind":"road","class":"footway"},"geometry":{"type":"LineString","coordinates":[[77.25009,28.593814],[77.250528,28.593823],[77.250527,28.593869],[77.250611,28.593872],[77.250611,28.594222]]}},{"type":"Feature","properties":{"kind":"road","class":"footway"},"geometry":{"type":"LineString","coordinates":[[77.250101,28.592689],[77.25011,28.592312]]}},{"type":"Feature","properties":{"kind":"road","class":"footway"},"geometry":{"type":"LineString","coordinates":[[77.250111,28.592149],[77.250125,28.591847]]}},{"type":"Feature","properties":{"kind":"road","class":"footway"},"geometry":{"type":"LineString","coordinates":[[77.250122,28.594271],[77.250574,28.594284]]}},{"type":"Feature","properties":{"kind":"road","class":"footway"},"geometry":{"type":"LineString","coordinates":[[77.250122,28.594308],[77.250573,28.594322]]}},{"type":"Feature","properties":{"kind":"road","class":"footway"},"geometry":{"type":"LineString","coordinates":[[77.250126,28.583536],[77.25009,28.58359]]}},{"type":"Feature","properties":{"kind":"road","class":"footway"},"geometry":{"type":"LineString","coordinates":[[77.250129,28.592714],[77.250572,28.59272],[77.250573,28.592672],[77.250662,28.592672],[77.250733,28.592672],[77.250809,28.592672],[77.250809,28.592726],[77.25126,28.59274]]}},{"type":"Feature","properties":{"kind":"road","class":"footway"},"geometry":{"type":"LineString","coordinates":[[77.250167,28.595848],[77.250186,28.595528],[77.250586,28.595546],[77.250986,28.595564],[77.250965,28.595925],[77.250945,28.596284],[77.250144,28.596248],[77.250167,28.595848]]}},{"type":"Feature","properties":{"kind":"road","class":"footway"},"geometry":{"type":"LineString","coordinates":[[77.25018,28.592213],[77.250637,28.592219]]}},{"type":"Feature","properties":{"kind":"road","class":"footway"},"geometry":{"type":"LineString","coordinates":[[77.25018,28.592255],[77.250636,28.592263]]}},{"type":"Feature","properties":{"kind":"road","class":"residential"},"geometry":{"type":"LineString","coordinates":[[77.250233,28.584496],[77.250654,28.584772]]}},{"type":"Feature","properties":{"kind":"road","class":"residential"},"geometry":{"type":"LineString","coordinates":[[77.250258,28.591279],[77.250269,28.591058],[77.250274,28.590995]]}},{"type":"Feature","properties":{"kind":"road","class":"residential"},"geometry":{"type":"LineString","coordinates":[[77.250269,28.590509],[77.250262,28.590809],[77.250251,28.590821],[77.250056,28.590819]]}},{"type":"Feature","properties":{"kind":"road","class":"residential"},"geometry":{"type":"LineString","coordinates":[[77.25027,28.579393],[77.249677,28.579403],[77.249612,28.579403],[77.249565,28.579404],[77.249509,28.579412],[77.249474,28.579426]]}},{"type":"Feature","properties":{"kind":"road","class":"residential"},"geometry":{"type":"LineString","coordinates":[[77.250274,28.590995],[77.250454,28.591],[77.250469,28.590993],[77.250475,28.59097],[77.250485,28.59086],[77.250489,28.59082]]}},{"type":"Feature","properties":{"kind":"road","class":"footway"},"geometry":{"type":"LineString","coordinates":[[77.250304,28.583922],[77.250389,28.583968]]}},{"type":"Feature","properties":{"kind":"road","class":"residential"},"geometry":{"type":"LineString","coordinates":[[77.250312,28.582828],[77.250027,28.58266],[77.249738,28.582461],[77.249464,28.582277]]}},{"type":"Feature","properties":{"kind":"road","class":"residential"},"geometry":{"type":"LineString","coordinates":[[77.250312,28.582828],[77.250622,28.582961],[77.250822,28.583084]]}},{"type":"Feature","properties":{"kind":"road","class":"lane"},"geometry":{"type":"LineString","coordinates":[[77.250374,28.59051],[77.25037,28.590319],[77.250186,28.590313],[77.250189,28.590189],[77.250196,28.589924],[77.250212,28.589737],[77.250222,28.589497]]}},{"type":"Feature","properties":{"kind":"road","class":"residential"},"geometry":{"type":"LineString","coordinates":[[77.250378,28.585498],[77.251834,28.583833]]}},{"type":"Feature","properties":{"kind":"road","class":"residential"},"geometry":{"type":"LineString","coordinates":[[77.250413,28.588422],[77.250683,28.588298]]}},{"type":"Feature","properties":{"kind":"road","class":"residential"},"geometry":{"type":"LineString","coordinates":[[77.250465,28.585558],[77.25191,28.583866]]}},{"type":"Feature","properties":{"kind":"road","class":"lane"},"geometry":{"type":"LineString","coordinates":[[77.250485,28.59086],[77.250765,28.590864]]}},{"type":"Feature","properties":{"kind":"road","class":"residential"},"geometry":{"type":"LineString","coordinates":[[77.250489,28.59082],[77.250497,28.590489]]}},{"type":"Feature","properties":{"kind":"road","class":"residential"},"geometry":{"type":"LineString","coordinates":[[77.250492,28.587922],[77.250518,28.587974],[77.250683,28.588298],[77.250827,28.588582]]}},{"type":"Feature","properties":{"kind":"road","class":"residential"},"geometry":{"type":"LineString","coordinates":[[77.250496,28.589381],[77.250822,28.589383],[77.251316,28.589391],[77.251655,28.589396],[77.251727,28.589397],[77.252322,28.589421]]}},{"type":"Feature","properties":{"kind":"road","class":"footway"},"geometry":{"type":"LineString","coordinates":[[77.250499,28.583691],[77.250575,28.58375]]}},{"type":"Feature","properties":{"kind":"road","class":"residential"},"geometry":{"type":"LineString","coordinates":[[77.250546,28.585624],[77.250465,28.585558],[77.250378,28.585498],[77.250149,28.585368]]}},{"type":"Feature","properties":{"kind":"road","class":"residential"},"geometry":{"type":"LineString","coordinates":[[77.250557,28.579438],[77.250537,28.579447],[77.2505,28.579491],[77.250323,28.579666],[77.250208,28.579776]]}},{"type":"Feature","properties":{"kind":"road","class":"footway"},"geometry":{"type":"LineString","coordinates":[[77.250572,28.594386],[77.250612,28.594386],[77.250694,28.594387],[77.250739,28.594388],[77.25074,28.594333],[77.250741,28.594288],[77.250742,28.594224],[77.250692,28.594224],[77.250611,28.594222],[77.250575,28.594222],[77.250574,28.594284],[77.250573,28.594322],[77.250572,28.594386]]}},{"type":"Feature","properties":{"kind":"road","class":"footway"},"geometry":{"type":"LineString","coordinates":[[77.250575,28.595749],[77.250586,28.595546]]}},{"type":"Feature","properties":{"kind":"road","class":"footway"},"geometry":{"type":"LineString","coordinates":[[77.250612,28.594386],[77.250609,28.594673],[77.250529,28.594674],[77.250528,28.594755],[77.250127,28.594751],[77.250129,28.594682],[77.250033,28.594683],[77.250005,28.594683],[77.249907,28.594683],[77.249904,28.594755],[77.249543,28.594759],[77.249544,28.594703],[77.249474,28.594702],[77.249441,28.594702],[77.24938,28.594702],[77.249378,28.594756],[77.249199,28.594752],[77.248911,28.594556],[77.248919,28.594365],[77.249021,28.59437],[77.249027,28.594279],[77.249032,28.594176],[77.248912,28.594176],[77.24892,28.593866],[77.249024,28.593865],[77.249026,28.593792],[77.249028,28.593756],[77.24903,28.593693],[77.248929,28.593694],[77.248958,28.593392],[77.249038,28.593309],[77.249042,28.593266],[77.249045,28.593206],[77.249049,28.593131],[77.248968,28.593014],[77.248986,28.592727],[77.248988,28.59269],[77.249012,28.592292],[77.249087,28.592293],[77.24909,28.592233],[77.249091,28.592205],[77.249093,28.592162],[77.249006,28.592157],[77.249024,28.591883],[77.249207,28.591737],[77.249453,28.591742],[77.24945,28.591813],[77.249533,28.591814],[77.249574,28.591815],[77.249661,28.591817],[77.249664,28.591745],[77.249975,28.591751],[77.249971,28.591844],[77.250075,28.591846],[77.250125,28.591847],[77.250225,28.591849],[77.250229,28.591761],[77.250463,28.591758],[77.250461,28.591819],[77.250539,28.591821],[77.250539,28.591894],[77.250693,28.591899],[77.250763,28.5919],[77.250978,28.591902],[77.250977,28.591833],[77.251031,28.591834],[77.251033,28.591794],[77.251189,28.591798],[77.251185,28.591877],[77.251294,28.591881],[77.251334,28.591882],[77.251436,28.591886],[77.25144,28.591811],[77.251758,28.591817],[77.251754,28.591888],[77.251888,28.591889],[77.251882,28.592107],[77.251881,28.592132]]}},{"type":"Feature","properties":{"kind":"road","class":"residential"},"geometry":{"type":"LineString","coordinates":[[77.250632,28.591283],[77.250756,28.591139]]}},{"type":"Feature","properties":{"kind":"road","class":"footway"},"geometry":{"type":"LineString","coordinates":[[77.250635,28.592322],[77.250671,28.592323],[77.250745,28.592324],[77.250802,28.592325],[77.250803,28.592263],[77.250804,28.592225],[77.250805,28.592161],[77.250752,28.59216],[77.250685,28.59216],[77.250638,28.592159],[77.250637,28.592219],[77.250636,28.592263],[77.250635,28.592322]]}},{"type":"Feature","properties":{"kind":"road","class":"lane"},"geometry":{"type":"LineString","coordinates":[[77.250659,28.585691],[77.250742,28.585714],[77.250793,28.585714],[77.250836,28.585704],[77.250878,28.585678],[77.251053,28.585494],[77.251329,28.585202]]}},{"type":"Feature","properties":{"kind":"road","class":"footway"},"geometry":{"type":"LineString","coordinates":[[77.250662,28.592672],[77.250671,28.592323]]}},{"type":"Feature","properties":{"kind":"road","class":"footway"},"geometry":{"type":"LineString","coordinates":[[77.250685,28.59216],[77.250693,28.591899]]}},{"type":"Feature","properties":{"kind":"road","class":"footway"},"geometry":{"type":"LineString","coordinates":[[77.250692,28.594224],[77.250698,28.593876],[77.250779,28.593877],[77.250778,28.59383],[77.251245,28.593838]]}},{"type":"Feature","properties":{"kind":"road","class":"footway"},"geometry":{"type":"LineString","coordinates":[[77.250714,28.595914],[77.250965,28.595925]]}},{"type":"Feature","properties":{"kind":"road","class":"footway"},"geometry":{"type":"LineString","coordinates":[[77.250733,28.592672],[77.250745,28.592324]]}},{"type":"Feature","properties":{"kind":"road","class":"footway"},"geometry":{"type":"LineString","coordinates":[[77.25074,28.594333],[77.251189,28.594341]]}},{"type":"Feature","properties":{"kind":"road","class":"footway"},"geometry":{"type":"LineString","coordinates":[[77.250741,28.594288],[77.25119,28.594296]]}},{"type":"Feature","properties":{"kind":"road","class":"residential"},"geometry":{"type":"LineString","coordinates":[[77.25075,28.590083],[77.250801,28.590093],[77.250854,28.590088],[77.250902,28.590069],[77.250941,28.590037],[77.250967,28.589997],[77.250978,28.589951],[77.250972,28.589906],[77.25095,28.589864],[77.250915,28.589831],[77.25087,28.589808],[77.250819,28.589798],[77.250767,28.589803],[77.250719,28.589822],[77.250679,28.589853],[77.250653,28.589893],[77.250642,28.589939],[77.250648,28.589984],[77.25067,28.590026],[77.250705,28.59006],[77.25075,28.590083]]}},{"type":"Feature","properties":{"kind":"road","class":"footway"},"geometry":{"type":"LineString","coordinates":[[77.250752,28.59216],[77.250763,28.5919]]}},{"type":"Feature","properties":{"kind":"road","class":"residential"},"geometry":{"type":"LineString","coordinates":[[77.250756,28.591139],[77.25088,28.591287]]}},{"type":"Feature","properties":{"kind":"road","class":"residential"},"geometry":{"type":"LineString","coordinates":[[77.250766,28.591004],[77.251114,28.591008],[77.251148,28.591025],[77.251233,28.591029],[77.251454,28.59104]]}},{"type":"Feature","properties":{"kind":"road","class":"residential"},"geometry":{"type":"LineString","coordinates":[[77.250801,28.590093],[77.250792,28.590221],[77.250788,28.590292],[77.250777,28.590487],[77.250767,28.590744],[77.250765,28.590843],[77.250765,28.590864],[77.250766,28.591004],[77.250756,28.591139]]}},{"type":"Feature","properties":{"kind":"road","class":"footway"},"geometry":{"type":"LineString","coordinates":[[77.250803,28.592263],[77.251214,28.592273]]}},{"type":"Feature","properties":{"kind":"road","class":"footway"},"geometry":{"type":"LineString","coordinates":[[77.250804,28.592225],[77.251214,28.592235]]}},{"type":"Feature","properties":{"kind":"road","class":"residential"},"geometry":{"type":"LineString","coordinates":[[77.250819,28.587783],[77.250851,28.587845],[77.251057,28.588253]]}},{"type":"Feature","properties":{"kind":"road","class":"residential"},"geometry":{"type":"LineString","coordinates":[[77.250821,28.580686],[77.250393,28.581186],[77.249464,28.582277],[77.248978,28.582841]]}},{"type":"Feature","properties":{"kind":"road","class":"residential"},"geometry":{"type":"LineString","coordinates":[[77.250824,28.589151],[77.251149,28.589158],[77.251357,28.589162],[77.251732,28.589164],[77.252062,28.589165],[77.252329,28.589182],[77.252324,28.589366],[77.252322,28.589421],[77.252312,28.589793],[77.252308,28.589964]]}},{"type":"Feature","properties":{"kind":"road","class":"residential"},"geometry":{"type":"LineString","coordinates":[[77.250826,28.588777],[77.251156,28.588746],[77.251315,28.588749],[77.251434,28.588789]]}},{"type":"Feature","properties":{"kind":"road","class":"residential"},"geometry":{"type":"LineString","coordinates":[[77.250827,28.588582],[77.250826,28.588777],[77.250824,28.589151],[77.250822,28.589383],[77.250821,28.589505],[77.250821,28.589582],[77.250819,28.589798]]}},{"type":"Feature","properties":{"kind":"road","class":"footway"},"geometry":{"type":"LineString","coordinates":[[77.25088,28.590946],[77.250885,28.590746],[77.250889,28.590561],[77.251117,28.590566],[77.251306,28.590569],[77.251302,28.590753],[77.251138,28.59074]]}},{"type":"Feature","properties":{"kind":"road","class":"residential"},"geometry":{"type":"LineString","coordinates":[[77.250959,28.58157],[77.250243,28.582402],[77.250108,28.582572]]}},{"type":"Feature","properties":{"kind":"road","class":"lane"},"geometry":{"type":"LineString","coordinates":[[77.251023,28.586983],[77.25144,28.5874],[77.251479,28.587439],[77.251519,28.587478]]}},{"type":"Feature","properties":{"kind":"road","class":"residential"},"geometry":{"type":"LineString","coordinates":[[77.251057,28.588253],[77.251116,28.588404]]}},{"type":"Feature","properties":{"kind":"road","class":"residential"},"geometry":{"type":"LineString","coordinates":[[77.251057,28.588253],[77.251283,28.587964],[77.251436,28.58779],[77.251437,28.58777],[77.251433,28.587751],[77.251354,28.587617],[77.251324,28.587565]]}},{"type":"Feature","properties":{"kind":"road","class":"footway"},"geometry":{"type":"LineString","coordinates":[[77.251076,28.59075],[77.250885,28.590746],[77.250794,28.590745],[77.250767,28.590744]]}},{"type":"Feature","properties":{"kind":"road","class":"footway"},"geometry":{"type":"LineString","coordinates":[[77.25111,28.590887],[77.251108,28.590954]]}},{"type":"Feature","properties":{"kind":"road","class":"footway"},"geometry":{"type":"LineString","coordinates":[[77.251113,28.590719],[77.251117,28.590566],[77.251118,28.590525],[77.251119,28.590488]]}},{"type":"Feature","properties":{"kind":"road","class":"residential"},"geometry":{"type":"LineString","coordinates":[[77.251138,28.580313],[77.250821,28.580686]]}},{"type":"Feature","properties":{"kind":"road","class":"residential"},"geometry":{"type":"LineString","coordinates":[[77.251138,28.58343],[77.250956,28.583306]]}},{"type":"Feature","properties":{"kind":"road","class":"residential"},"geometry":{"type":"LineString","coordinates":[[77.251138,28.58343],[77.251579,28.583679],[77.251834,28.583833],[77.25191,28.583866],[77.25209,28.583998],[77.252296,28.584152]]}},{"type":"Feature","properties":{"kind":"road","class":"footway"},"geometry":{"type":"LineString","coordinates":[[77.251138,28.59074],[77.251113,28.590719],[77.251086,28.590726],[77.251077,28.590737],[77.251076,28.59075],[77.251082,28.590763],[77.251095,28.590771],[77.25111,28.590774],[77.251133,28.590761],[77.251138,28.59074]]}},{"type":"Feature","properties":{"kind":"road","class":"lane"},"geometry":{"type":"LineString","coordinates":[[77.251183,28.587528],[77.25144,28.5874]]}},{"type":"Feature","properties":{"kind":"road","class":"footway"},"geometry":{"type":"LineString","coordinates":[[77.251188,28.594396],[77.251257,28.594397],[77.2513,28.594398],[77.251368,28.594399],[77.25137,28.594338],[77.251371,28.594309],[77.251373,28.594236],[77.251302,28.594235],[77.251257,28.594234],[77.251192,28.594232],[77.25119,28.594296],[77.251189,28.594341],[77.251188,28.594396]]}},{"type":"Feature","properties":{"kind":"road","class":"footway"},"geometry":{"type":"LineString","coordinates":[[77.251189,28.590956],[77.251376,28.590959],[77.251377,28.590897]]}},{"type":"Feature","properties":{"kind":"road","class":"footway"},"geometry":{"type":"LineString","coordinates":[[77.251213,28.592337],[77.251284,28.592337],[77.251324,28.592337],[77.251394,28.592338],[77.251394,28.592276],[77.251395,28.592243],[77.251395,28.592174],[77.251324,28.592174],[77.251282,28.592174],[77.251215,28.592174],[77.251214,28.592235],[77.251214,28.592273],[77.251213,28.592337]]}},{"type":"Feature","properties":{"kind":"road","class":"residential"},"geometry":{"type":"LineString","coordinates":[[77.251226,28.589954],[77.251223,28.5902],[77.25122,28.590214],[77.251194,28.590229],[77.250792,28.590221],[77.250499,28.590216],[77.250478,28.590208],[77.250467,28.590196],[77.250463,28.590176],[77.250469,28.589929],[77.250465,28.589611],[77.250471,28.58959],[77.250489,28.589582],[77.250821,28.589582],[77.251196,28.589589],[77.25122,28.589594],[77.251229,28.589607],[77.251226,28.589954]]}},{"type":"Feature","properties":{"kind":"road","class":"footway"},"geometry":{"type":"LineString","coordinates":[[77.251227,28.591291],[77.251233,28.591029],[77.251199,28.590972],[77.251189,28.590956],[77.25111,28.590887],[77.25111,28.590774]]}},{"type":"Feature","properties":{"kind":"road","class":"footway"},"geometry":{"type":"LineString","coordinates":[[77.251246,28.593804],[77.251245,28.593838],[77.251273,28.593863],[77.251312,28.593863],[77.25134,28.593839],[77.251341,28.593805],[77.251313,28.59378],[77.251274,28.59378],[77.251246,28.593804]]}},{"type":"Feature","properties":{"kind":"road","class":"lane"},"geometry":{"type":"LineString","coordinates":[[77.25125,28.587597],[77.251217,28.587562],[77.251183,28.587528],[77.250795,28.587135],[77.250979,28.586966],[77.251006,28.586966],[77.251023,28.586983]]}},{"type":"Feature","properties":{"kind":"road","class":"footway"},"geometry":{"type":"LineString","coordinates":[[77.251257,28.594397],[77.251251,28.594706],[77.251171,28.594704],[77.25117,28.594749],[77.250801,28.594746],[77.250799,28.594674],[77.250695,28.59467],[77.250694,28.594387]]}},{"type":"Feature","properties":{"kind":"road","class":"footway"},"geometry":{"type":"LineString","coordinates":[[77.25126,28.59274],[77.251259,28.592775],[77.251287,28.5928],[77.251326,28.5928],[77.251354,28.592776],[77.251355,28.592742],[77.251327,28.592717],[77.251288,28.592716],[77.25126,28.59274]]}},{"type":"Feature","properties":{"kind":"road","class":"footway"},"geometry":{"type":"LineString","coordinates":[[77.251273,28.593863],[77.251257,28.594234]]}},{"type":"Feature","properties":{"kind":"road","class":"footway"},"geometry":{"type":"LineString","coordinates":[[77.251288,28.592716],[77.251284,28.592337]]}},{"type":"Feature","properties":{"kind":"road","class":"residential"},"geometry":{"type":"LineString","coordinates":[[77.251294,28.580565],[77.251192,28.580716],[77.250886,28.581071]]}},{"type":"Feature","properties":{"kind":"road","class":"footway"},"geometry":{"type":"LineString","coordinates":[[77.251294,28.591881],[77.251282,28.592174]]}},{"type":"Feature","properties":{"kind":"road","class":"footway"},"geometry":{"type":"LineString","coordinates":[[77.2513,28.594398],[77.251294,28.594709],[77.251378,28.594712],[77.251378,28.594759],[77.251799,28.594761],[77.251809,28.594416]]}},{"type":"Feature","properties":{"kind":"road","class":"footway"},"geometry":{"type":"LineString","coordinates":[[77.251312,28.593863],[77.251302,28.594235]]}},{"type":"Feature","properties":{"kind":"road","class":"footway"},"geometry":{"type":"LineString","coordinates":[[77.251313,28.59378],[77.251326,28.593391],[77.251383,28.59339],[77.251384,28.593327],[77.251804,28.593322]]}},{"type":"Feature","properties":{"kind":"road","class":"residential"},"geometry":{"type":"LineString","coordinates":[[77.251315,28.581128],[77.250959,28.58157]]}},{"type":"Feature","properties":{"kind":"road","class":"primary"},"geometry":{"type":"LineString","coordinates":[[77.251318,28.582944],[77.252083,28.582631]]}},{"type":"Feature","properties":{"kind":"road","class":"residential"},"geometry":{"type":"LineString","coordinates":[[77.251323,28.582494],[77.250866,28.583036],[77.250822,28.583084],[77.250345,28.583618]]}},{"type":"Feature","properties":{"kind":"road","class":"footway"},"geometry":{"type":"LineString","coordinates":[[77.251326,28.5928],[77.251324,28.593181],[77.251391,28.593181],[77.251391,28.593251],[77.251805,28.593258]]}},{"type":"Feature","properties":{"kind":"road","class":"footway"},"geometry":{"type":"LineString","coordinates":[[77.251327,28.592717],[77.251324,28.592337]]}},{"type":"Feature","properties":{"kind":"road","class":"footway"},"geometry":{"type":"LineString","coordinates":[[77.251334,28.591882],[77.251324,28.592174]]}},{"type":"Feature","properties":{"kind":"road","class":"footway"},"geometry":{"type":"LineString","coordinates":[[77.25134,28.593839],[77.251778,28.593846]]}},{"type":"Feature","properties":{"kind":"road","class":"footway"},"geometry":{"type":"LineString","coordinates":[[77.251341,28.593805],[77.251778,28.593812]]}},{"type":"Feature","properties":{"kind":"road","class":"footway"},"geometry":{"type":"LineString","coordinates":[[77.251354,28.592776],[77.251808,28.592786]]}},{"type":"Feature","properties":{"kind":"road","class":"footway"},"geometry":{"type":"LineString","coordinates":[[77.251355,28.592742],[77.251809,28.592752]]}},{"type":"Feature","properties":{"kind":"road","class":"residential"},"geometry":{"type":"LineString","coordinates":[[77.251357,28.589162],[77.251365,28.589085],[77.251391,28.588835],[77.251407,28.588808],[77.251434,28.588789],[77.251468,28.588778],[77.251546,28.58877],[77.251607,28.58877],[77.251669,28.588771],[77.251849,28.588776],[77.251895,28.588783],[77.251938,28.588799],[77.252031,28.588862],[77.252055,28.588894],[77.252068,28.58894],[77.252076,28.589043],[77.252062,28.589165]]}},{"type":"Feature","properties":{"kind":"road","class":"footway"},"geometry":{"type":"LineString","coordinates":[[77.251365,28.589085],[77.251394,28.589085]]}},{"type":"Feature","properties":{"kind":"road","class":"footway"},"geometry":{"type":"LineString","coordinates":[[77.25137,28.594338],[77.251743,28.594347]]}},{"type":"Feature","properties":{"kind":"road","class":"footway"},"geometry":{"type":"LineString","coordinates":[[77.251371,28.594309],[77.251744,28.594316]]}},{"type":"Feature","properties":{"kind":"road","class":"footway"},"geometry":{"type":"LineString","coordinates":[[77.251378,28.590814],[77.25136,28.590764],[77.251302,28.590753],[77.251307,28.590809],[77.251378,28.590814],[77.251377,28.590897],[77.251316,28.590908],[77.251274,28.590927],[77.251189,28.590956],[77.251108,28.590954],[77.25088,28.590946]]}},{"type":"Feature","properties":{"kind":"road","class":"footway"},"geometry":{"type":"LineString","coordinates":[[77.251378,28.590814],[77.251408,28.590815],[77.251461,28.590816]]}},{"type":"Feature","properties":{"kind":"road","class":"footway"},"geometry":{"type":"LineString","coordinates":[[77.251394,28.592276],[77.251746,28.592282]]}},{"type":"Feature","properties":{"kind":"road","class":"footway"},"geometry":{"type":"LineString","coordinates":[[77.251395,28.592243],[77.251746,28.59225]]}},{"type":"Feature","properties":{"kind":"road","class":"residential"},"geometry":{"type":"LineString","coordinates":[[77.251405,28.58482],[77.251549,28.584884],[77.251607,28.584902],[77.251659,28.584896],[77.251705,28.584858],[77.252296,28.584152],[77.252725,28.583656],[77.252852,28.583332],[77.252864,28.583322],[77.252922,28.583312]]}},{"type":"Feature","properties":{"kind":"road","class":"residential"},"geometry":{"type":"LineString","coordinates":[[77.251415,28.590492],[77.251426,28.590668],[77.251458,28.590668],[77.251653,28.590669],[77.251655,28.590489],[77.251665,28.590346],[77.251655,28.590332],[77.251476,28.590328],[77.251301,28.590336],[77.251289,28.590347],[77.251286,28.590361],[77.251285,28.590488]]}},{"type":"Feature","properties":{"kind":"road","class":"residential"},"geometry":{"type":"LineString","coordinates":[[77.251436,28.591294],[77.251454,28.59104],[77.251461,28.590816],[77.251462,28.590771],[77.251458,28.590668]]}},{"type":"Feature","properties":{"kind":"road","class":"secondary"},"geometry":{"type":"LineString","coordinates":[[77.25145,28.582625],[77.251595,28.582641],[77.252083,28.582631]]}},{"type":"Feature","properties":{"kind":"road","class":"residential"},"geometry":{"type":"LineString","coordinates":[[77.251476,28.590328],[77.251491,28.589956],[77.251495,28.589547],[77.251525,28.589547],[77.251646,28.589547],[77.251656,28.58954],[77.251655,28.589396]]}},{"type":"Feature","properties":{"kind":"road","class":"residential"},"geometry":{"type":"LineString","coordinates":[[77.251495,28.589547],[77.251345,28.589548],[77.251325,28.589538],[77.251315,28.589523],[77.251316,28.589391]]}},{"type":"Feature","properties":{"kind":"road","class":"residential"},"geometry":{"type":"LineString","coordinates":[[77.251525,28.589674],[77.251525,28.589594],[77.251525,28.589547]]}},{"type":"Feature","properties":{"kind":"road","class":"lane"},"geometry":{"type":"LineString","coordinates":[[77.251611,28.595325],[77.251546,28.596154],[77.251608,28.596194],[77.251745,28.596201],[77.25185,28.596107],[77.251925,28.595344]]}},{"type":"Feature","properties":{"kind":"road","class":"lane"},"geometry":{"type":"LineString","coordinates":[[77.25164,28.587424],[77.251596,28.587381],[77.251452,28.587263]]}},{"type":"Feature","properties":{"kind":"road","class":"residential"},"geometry":{"type":"LineString","coordinates":[[77.251684,28.581009],[77.251737,28.581027],[77.251785,28.581041],[77.251982,28.5811],[77.25215,28.581155]]}},{"type":"Feature","properties":{"kind":"road","class":"residential"},"geometry":{"type":"LineString","coordinates":[[77.251688,28.591296],[77.251692,28.591022],[77.251698,28.590809],[77.251701,28.590761],[77.251706,28.590743],[77.251719,28.590731],[77.251874,28.590726],[77.251984,28.590731],[77.252011,28.590742],[77.25203,28.59076],[77.252038,28.590783],[77.252037,28.591029],[77.252036,28.591298]]}},{"type":"Feature","properties":{"kind":"road","class":"footway"},"geometry":{"type":"LineString","coordinates":[[77.251692,28.591022],[77.251723,28.591023],[77.251754,28.591023]]}},{"type":"Feature","properties":{"kind":"road","class":"residential"},"geometry":{"type":"LineString","coordinates":[[77.251697,28.589677],[77.251697,28.589588],[77.25169,28.589566],[77.251676,28.589552],[77.251656,28.58954]]}},{"type":"Feature","properties":{"kind":"road","class":"residential"},"geometry":{"type":"LineString","coordinates":[[77.251719,28.590731],[77.251663,28.590702],[77.251654,28.590687],[77.251653,28.590669]]}},{"type":"Feature","properties":{"kind":"road","class":"footway"},"geometry":{"type":"LineString","coordinates":[[77.25173,28.58684],[77.251363,28.58716],[77.251359,28.587175],[77.251452,28.587263]]}},{"type":"Feature","properties":{"kind":"road","class":"lane"},"geometry":{"type":"LineString","coordinates":[[77.251732,28.589164],[77.251727,28.589397]]}},{"type":"Feature","properties":{"kind":"road","class":"footway"},"geometry":{"type":"LineString","coordinates":[[77.251743,28.594415],[77.251809,28.594416],[77.251924,28.594416],[77.251925,28.594253],[77.251855,28.594252],[77.251816,28.594252],[77.251744,28.594252],[77.251744,28.594316],[77.251743,28.594347],[77.251743,28.594415]]}},{"type":"Feature","properties":{"kind":"road","class":"footway"},"geometry":{"type":"LineString","coordinates":[[77.251745,28.592412],[77.251866,28.592413],[77.251926,28.592414],[77.252048,28.592414],[77.252049,28.592303],[77.25205,28.592133],[77.251881,28.592132],[77.251747,28.592132],[77.251746,28.59225],[77.251746,28.592282],[77.251745,28.592412]]}},{"type":"Feature","properties":{"kind":"road","class":"footway"},"geometry":{"type":"LineString","coordinates":[[77.251777,28.59391],[77.251829,28.59391],[77.251874,28.593911],[77.251958,28.593911],[77.251959,28.593748],[77.251887,28.593747],[77.251848,28.593747],[77.251778,28.593747],[77.251778,28.593812],[77.251778,28.593846],[77.251777,28.59391]]}},{"type":"Feature","properties":{"kind":"road","class":"lane"},"geometry":{"type":"LineString","coordinates":[[77.251795,28.595336],[77.25189,28.595107]]}},{"type":"Feature","properties":{"kind":"road","class":"residential"},"geometry":{"type":"LineString","coordinates":[[77.251796,28.582061],[77.251783,28.582106],[77.251777,28.582152],[77.251778,28.582199],[77.251786,28.582244],[77.251801,28.582289],[77.251823,28.582331],[77.251851,28.58237],[77.251884,28.582406],[77.251923,28.582437],[77.251967,28.582464],[77.252014,28.582485],[77.252064,28.5825],[77.252116,28.582509]]}},{"type":"Feature","properties":{"kind":"road","class":"footway"},"geometry":{"type":"LineString","coordinates":[[77.251804,28.593322],[77.251803,28.593377],[77.251864,28.593378]]}},{"type":"Feature","properties":{"kind":"road","class":"footway"},"geometry":{"type":"LineString","coordinates":[[77.251805,28.593258],[77.251804,28.593322]]}},{"type":"Feature","properties":{"kind":"road","class":"footway"},"geometry":{"type":"LineString","coordinates":[[77.251808,28.592786],[77.251808,28.592859],[77.251869,28.592859]]}},{"type":"Feature","properties":{"kind":"road","class":"footway"},"geometry":{"type":"LineString","coordinates":[[77.251809,28.592752],[77.251808,28.592786]]}},{"type":"Feature","properties":{"kind":"road","class":"footway"},"geometry":{"type":"LineString","coordinates":[[77.251816,28.594252],[77.251829,28.59391]]}},{"type":"Feature","properties":{"kind":"road","class":"footway"},"geometry":{"type":"LineString","coordinates":[[77.251848,28.593747],[77.251864,28.593378]]}},{"type":"Feature","properties":{"kind":"road","class":"footway"},"geometry":{"type":"LineString","coordinates":[[77.251851,28.587209],[77.251866,28.587224],[77.251912,28.587269]]}},{"type":"Feature","properties":{"kind":"road","class":"footway"},"geometry":{"type":"LineString","coordinates":[[77.251855,28.594252],[77.251874,28.593911]]}},{"type":"Feature","properties":{"kind":"road","class":"footway"},"geometry":{"type":"LineString","coordinates":[[77.251858,28.593214],[77.251806,28.593213],[77.251805,28.593258]]}},{"type":"Feature","properties":{"kind":"road","class":"footway"},"geometry":{"type":"LineString","coordinates":[[77.251858,28.593214],[77.251869,28.592859]]}},{"type":"Feature","properties":{"kind":"road","class":"footway"},"geometry":{"type":"LineString","coordinates":[[77.251864,28.593378],[77.251897,28.593378]]}},{"type":"Feature","properties":{"kind":"road","class":"residential"},"geometry":{"type":"LineString","coordinates":[[77.251866,28.589627],[77.25205,28.589624],[77.252065,28.589629],[77.252057,28.589962]]}},{"type":"Feature","properties":{"kind":"road","class":"footway"},"geometry":{"type":"LineString","coordinates":[[77.251868,28.592696],[77.251809,28.592696],[77.251809,28.592752]]}},{"type":"Feature","properties":{"kind":"road","class":"footway"},"geometry":{"type":"LineString","coordinates":[[77.251868,28.592696],[77.251866,28.592413]]}},{"type":"Feature","properties":{"kind":"road","class":"footway"},"geometry":{"type":"LineString","coordinates":[[77.251869,28.592859],[77.251911,28.59286]]}},{"type":"Feature","properties":{"kind":"road","class":"footway"},"geometry":{"type":"LineString","coordinates":[[77.251874,28.590788],[77.251874,28.590764],[77.251874,28.590726]]}},{"type":"Feature","properties":{"kind":"road","class":"footway"},"geometry":{"type":"LineString","coordinates":[[77.251874,28.590788],[77.251929,28.590791],[77.251971,28.590816],[77.251994,28.590861],[77.251994,28.590927]]}},{"type":"Feature","properties":{"kind":"road","class":"residential"},"geometry":{"type":"LineString","coordinates":[[77.251883,28.580546],[77.251723,28.580396],[77.251552,28.580127],[77.251396,28.579793],[77.25131,28.579689],[77.251235,28.579642],[77.250714,28.579451],[77.250572,28.579433],[77.250557,28.579438]]}},{"type":"Feature","properties":{"kind":"road","class":"footway"},"geometry":{"type":"LineString","coordinates":[[77.251887,28.593747],[77.251897,28.593378]]}},{"type":"Feature","properties":{"kind":"road","class":"footway"},"geometry":{"type":"LineString","coordinates":[[77.251897,28.593378],[77.25197,28.59338],[77.251971,28.593336],[77.251971,28.593323]]}},{"type":"Feature","properties":{"kind":"road","class":"footway"},"geometry":{"type":"LineString","coordinates":[[77.251898,28.593215],[77.251858,28.593214]]}},{"type":"Feature","properties":{"kind":"road","class":"footway"},"geometry":{"type":"LineString","coordinates":[[77.251898,28.593215],[77.251911,28.59286]]}},{"type":"Feature","properties":{"kind":"road","class":"footway"},"geometry":{"type":"LineString","coordinates":[[77.251911,28.59286],[77.251989,28.59286],[77.25199,28.592697],[77.251917,28.592696]]}},{"type":"Feature","properties":{"kind":"road","class":"footway"},"geometry":{"type":"LineString","coordinates":[[77.251917,28.592696],[77.251868,28.592696]]}},{"type":"Feature","properties":{"kind":"road","class":"footway"},"geometry":{"type":"LineString","coordinates":[[77.251917,28.592696],[77.251926,28.592414]]}},{"type":"Feature","properties":{"kind":"road","class":"residential"},"geometry":{"type":"LineString","coordinates":[[77.25197,28.588602],[77.251969,28.588371]]}},{"type":"Feature","properties":{"kind":"road","class":"footway"},"geometry":{"type":"LineString","coordinates":[[77.251971,28.593323],[77.251972,28.593265]]}},{"type":"Feature","properties":{"kind":"road","class":"footway"},"geometry":{"type":"LineString","coordinates":[[77.251971,28.593336],[77.25238,28.593342]]}},{"type":"Feature","properties":{"kind":"road","class":"footway"},"geometry":{"type":"LineString","coordinates":[[77.251972,28.593252],[77.252382,28.593261]]}},{"type":"Feature","properties":{"kind":"road","class":"footway"},"geometry":{"type":"LineString","coordinates":[[77.251972,28.593265],[77.251972,28.593252],[77.251973,28.593216],[77.251898,28.593215]]}},{"type":"Feature","properties":{"kind":"road","class":"residential"},"geometry":{"type":"LineString","coordinates":[[77.25198,28.588021],[77.251692,28.587993],[77.251283,28.587964]]}},{"type":"Feature","properties":{"kind":"road","class":"footway"},"geometry":{"type":"LineString","coordinates":[[77.251991,28.591028],[77.252037,28.591029]]}},{"type":"Feature","properties":{"kind":"road","class":"footway"},"geometry":{"type":"LineString","coordinates":[[77.251994,28.590927],[77.251991,28.591028],[77.251986,28.591173],[77.251754,28.591173],[77.251754,28.591023],[77.251756,28.590875],[77.251776,28.590831],[77.251815,28.590804],[77.251874,28.590788]]}},{"type":"Feature","properties":{"kind":"road","class":"secondary"},"geometry":{"type":"LineString","coordinates":[[77.252016,28.582563],[77.251747,28.582567],[77.251649,28.582569],[77.251492,28.582574]]}},{"type":"Feature","properties":{"kind":"road","class":"primary"},"geometry":{"type":"LineString","coordinates":[[77.252016,28.582563],[77.251975,28.582544],[77.251936,28.582521],[77.251899,28.582496],[77.251865,28.582468],[77.251834,28.582437],[77.251807,28.582404],[77.251783,28.582368],[77.251763,28.582331],[77.251747,28.582293],[77.251735,28.582253],[77.251728,28.582213],[77.251724,28.582172]]}},{"type":"Feature","properties":{"kind":"road","class":"footway"},"geometry":{"type":"LineString","coordinates":[[77.252021,28.59535],[77.25208,28.595306],[77.252464,28.595021],[77.252533,28.595031],[77.252606,28.595038],[77.252614,28.594964],[77.252746,28.594975],[77.252832,28.594982]]}},{"type":"Feature","properties":{"kind":"road","class":"footway"},"geometry":{"type":"LineString","coordinates":[[77.252049,28.592303],[77.252521,28.592314],[77.253107,28.592341],[77.253124,28.592116]]}},{"type":"Feature","properties":{"kind":"road","class":"residential"},"geometry":{"type":"LineString","coordinates":[[77.252057,28.589962],[77.252051,28.590268],[77.251719,28.590274],[77.251697,28.590265],[77.251689,28.590251],[77.25169,28.589958],[77.251698,28.589756]]}},{"type":"Feature","properties":{"kind":"road","class":"lane"},"geometry":{"type":"LineString","coordinates":[[77.252062,28.595352],[77.251946,28.596432],[77.251871,28.596556],[77.251702,28.59666],[77.251603,28.59666],[77.250597,28.596597]]}},{"type":"Feature","properties":{"kind":"road","class":"footway"},"geometry":{"type":"LineString","coordinates":[[77.252099,28.587011],[77.252117,28.587027],[77.251851,28.587209],[77.251649,28.587347]]}},{"type":"Feature","properties":{"kind":"road","class":"residential"},"geometry":{"type":"LineString","coordinates":[[77.252101,28.588373],[77.251969,28.588371],[77.251292,28.588355],[77.251223,28.588359],[77.251182,28.588368],[77.251116,28.588404],[77.250827,28.588582]]}},{"type":"Feature","properties":{"kind":"road","class":"residential"},"geometry":{"type":"LineString","coordinates":[[77.252116,28.582509],[77.252198,28.582522],[77.252279,28.58254],[77.252358,28.582565]]}},{"type":"Feature","properties":{"kind":"road","class":"footway"},"geometry":{"type":"LineString","coordinates":[[77.252117,28.587027],[77.252132,28.587039],[77.25218,28.587079]]}},{"type":"Feature","properties":{"kind":"road","class":"residential"},"geometry":{"type":"LineString","coordinates":[[77.252269,28.5913],[77.25229,28.590626],[77.252292,28.59049],[77.252301,28.590182],[77.252308,28.589964]]}},{"type":"Feature","properties":{"kind":"road","class":"residential"},"geometry":{"type":"LineString","coordinates":[[77.25229,28.590626],[77.252592,28.590633]]}},{"type":"Feature","properties":{"kind":"road","class":"residential"},"geometry":{"type":"LineString","coordinates":[[77.252292,28.59049],[77.251895,28.590489],[77.251655,28.590489],[77.251415,28.590492],[77.251285,28.590488],[77.251119,28.590488],[77.250777,28.590487]]}},{"type":"Feature","properties":{"kind":"road","class":"footway"},"geometry":{"type":"LineString","coordinates":[[77.252301,28.590182],[77.252609,28.590184],[77.252636,28.590184],[77.252664,28.590184]]}},{"type":"Feature","properties":{"kind":"road","class":"footway"},"geometry":{"type":"LineString","coordinates":[[77.252312,28.589793],[77.252616,28.589796]]}},{"type":"Feature","properties":{"kind":"road","class":"residential"},"geometry":{"type":"LineString","coordinates":[[77.252324,28.589366],[77.252624,28.589372]]}},{"type":"Feature","properties":{"kind":"road","class":"residential"},"geometry":{"type":"LineString","coordinates":[[77.252329,28.589182],[77.252332,28.58897],[77.252332,28.58891],[77.252302,28.588865],[77.25203,28.58862],[77.25197,28.588602],[77.251371,28.588595],[77.251257,28.588626],[77.251191,28.588672],[77.251163,28.588725],[77.251156,28.588746],[77.251149,28.589158]]}},{"type":"Feature","properties":{"kind":"road","class":"residential"},"geometry":{"type":"LineString","coordinates":[[77.252382,28.579186],[77.251918,28.579067],[77.251813,28.579045],[77.251711,28.578987],[77.25164,28.578962],[77.251407,28.578924]]}},{"type":"Feature","properties":{"kind":"road","class":"residential"},"geometry":{"type":"LineString","coordinates":[[77.252382,28.579186],[77.252427,28.579226],[77.252506,28.579299],[77.252512,28.579341],[77.25249,28.579389],[77.252447,28.579469],[77.252404,28.579532],[77.252372,28.579578],[77.252338,28.579632],[77.252138,28.580005],[77.251919,28.580471],[77.251883,28.580546],[77.251698,28.580935],[77.251684,28.581009],[77.251654,28.581108],[77.2516,28.581249],[77.251557,28.581332]]}},{"type":"Feature","properties":{"kind":"road","class":"lane"},"geometry":{"type":"LineString","coordinates":[[77.252411,28.597463],[77.251642,28.597317],[77.251618,28.597301],[77.251591,28.597272],[77.251603,28.59666]]}},{"type":"Feature","properties":{"kind":"road","class":"footway"},"geometry":{"type":"LineString","coordinates":[[77.252533,28.595031],[77.252544,28.594931]]}},{"type":"Feature","properties":{"kind":"road","class":"residential"},"geometry":{"type":"LineString","coordinates":[[77.252576,28.591303],[77.252269,28.5913],[77.252225,28.5913],[77.252036,28.591298],[77.251858,28.591297],[77.251688,28.591296],[77.251436,28.591294],[77.251227,28.591291],[77.25088,28.591287],[77.250632,28.591283],[77.250258,28.591279],[77.250042,28.591277],[77.249811,28.591274]]}},{"type":"Feature","properties":{"kind":"road","class":"residential"},"geometry":{"type":"LineString","coordinates":[[77.252581,28.580601],[77.25249,28.580614],[77.252443,28.580626],[77.252403,28.580654],[77.252332,28.580751],[77.252169,28.581104],[77.25215,28.581155],[77.25208,28.581349],[77.251973,28.581669],[77.251916,28.581785],[77.251857,28.581848],[77.251796,28.582061]]}},{"type":"Feature","properties":{"kind":"road","class":"residential"},"geometry":{"type":"LineString","coordinates":[[77.252581,28.580601],[77.252625,28.580601],[77.252655,28.580601]]}},{"type":"Feature","properties":{"kind":"road","class":"footway"},"geometry":{"type":"LineString","coordinates":[[77.252612,28.589993],[77.25264,28.589993],[77.252669,28.589994],[77.252826,28.589998]]}},{"type":"Feature","properties":{"kind":"road","class":"residential"},"geometry":{"type":"LineString","coordinates":[[77.252613,28.589967],[77.252308,28.589964],[77.252057,28.589962],[77.25169,28.589958],[77.251491,28.589956],[77.251226,28.589954],[77.251174,28.589953],[77.250978,28.589951]]}},{"type":"Feature","properties":{"kind":"road","class":"residential"},"geometry":{"type":"LineString","coordinates":[[77.252625,28.580601],[77.252764,28.580384],[77.252989,28.58015]]}},{"type":"Feature","properties":{"kind":"road","class":"footway"},"geometry":{"type":"LineString","coordinates":[[77.252637,28.591229],[77.252616,28.59123],[77.252577,28.591231]]}},{"type":"Feature","properties":{"kind":"road","class":"residential"},"geometry":{"type":"LineString","coordinates":[[77.252655,28.580601],[77.252675,28.580615],[77.252688,28.580634],[77.252712,28.580904],[77.252743,28.581252],[77.252776,28.581619],[77.252837,28.582144],[77.252886,28.582563],[77.252871,28.582659],[77.252861,28.582716]]}},{"type":"Feature","properties":{"kind":"road","class":"residential"},"geometry":{"type":"LineString","coordinates":[[77.252655,28.580601],[77.252846,28.580506],[77.252892,28.580486],[77.252945,28.580472],[77.253172,28.580401]]}},{"type":"Feature","properties":{"kind":"road","class":"footway"},"geometry":{"type":"LineString","coordinates":[[77.252659,28.589702],[77.252618,28.589701]]}},{"type":"Feature","properties":{"kind":"road","class":"footway"},"geometry":{"type":"LineString","coordinates":[[77.252661,28.589647],[77.252659,28.589702]]}},{"type":"Feature","properties":{"kind":"road","class":"footway"},"geometry":{"type":"LineString","coordinates":[[77.252669,28.589994],[77.252664,28.590184],[77.252663,28.590213],[77.252645,28.591093],[77.252637,28.591229],[77.252636,28.591263],[77.252849,28.591267],[77.252854,28.591097],[77.252645,28.591093]]}},{"type":"Feature","properties":{"kind":"road","class":"residential"},"geometry":{"type":"LineString","coordinates":[[77.252697,28.586636],[77.252757,28.586645],[77.252879,28.586663]]}},{"type":"Feature","properties":{"kind":"road","class":"residential"},"geometry":{"type":"LineString","coordinates":[[77.25271,28.591301],[77.252576,28.591303]]}},{"type":"Feature","properties":{"kind":"road","class":"residential"},"geometry":{"type":"LineString","coordinates":[[77.252743,28.581252],[77.253191,28.581222],[77.253212,28.581213],[77.253221,28.581193],[77.253217,28.580894],[77.253197,28.580873]]}},{"type":"Feature","properties":{"kind":"road","class":"lane"},"geometry":{"type":"LineString","coordinates":[[77.252744,28.589258],[77.252775,28.589294],[77.252812,28.589322],[77.252893,28.589355],[77.252989,28.589355],[77.253054,28.589336],[77.253083,28.58932],[77.253102,28.589301],[77.253113,28.589274],[77.253116,28.589237],[77.253124,28.589154],[77.253126,28.588993],[77.253132,28.588728],[77.253181,28.588576]]}},{"type":"Feature","properties":{"kind":"road","class":"lane"},"geometry":{"type":"LineString","coordinates":[[77.252759,28.595367],[77.252799,28.595461],[77.252811,28.595538],[77.252673,28.596307],[77.252425,28.597396],[77.252411,28.597463],[77.25239,28.597514],[77.252161,28.597999]]}},{"type":"Feature","properties":{"kind":"road","class":"residential"},"geometry":{"type":"LineString","coordinates":[[77.252776,28.581619],[77.253759,28.581527]]}},{"type":"Feature","properties":{"kind":"road","class":"residential"},"geometry":{"type":"LineString","coordinates":[[77.252837,28.582144],[77.253546,28.582138],[77.253568,28.582145],[77.25358,28.582158],[77.253527,28.582938],[77.253053,28.582931]]}},{"type":"Feature","properties":{"kind":"road","class":"footway"},"geometry":{"type":"LineString","coordinates":[[77.252867,28.589618],[77.252837,28.589644],[77.252661,28.589647]]}},{"type":"Feature","properties":{"kind":"road","class":"residential"},"geometry":{"type":"LineString","coordinates":[[77.252871,28.580107],[77.252688,28.580382],[77.252606,28.580487],[77.252588,28.580528],[77.252581,28.580601]]}},{"type":"Feature","properties":{"kind":"road","class":"residential"},"geometry":{"type":"LineString","coordinates":[[77.252936,28.583097],[77.252442,28.583125],[77.252185,28.5832],[77.251935,28.583288],[77.251579,28.583679],[77.250654,28.584772],[77.250149,28.585368],[77.249911,28.585648],[77.249737,28.585849]]}},{"type":"Feature","properties":{"kind":"road","class":"lane"},"geometry":{"type":"LineString","coordinates":[[77.252938,28.589673],[77.252924,28.590116],[77.252915,28.591038],[77.252921,28.591058],[77.252932,28.591078],[77.252948,28.591087],[77.253027,28.59109],[77.253049,28.59108],[77.253065,28.591066],[77.253075,28.591047],[77.253076,28.591031],[77.253089,28.590762],[77.253101,28.590113],[77.253105,28.589919],[77.253117,28.589607]]}},{"type":"Feature","properties":{"kind":"road","class":"residential"},"geometry":{"type":"LineString","coordinates":[[77.252989,28.58015],[77.253124,28.579987]]}},{"type":"Feature","properties":{"kind":"road","class":"lane"},"geometry":{"type":"LineString","coordinates":[[77.253004,28.586582],[77.252919,28.586722]]}},{"type":"Feature","properties":{"kind":"road","class":"secondary"},"geometry":{"type":"LineString","coordinates":[[77.253007,28.586452],[77.252997,28.586473],[77.252991,28.586495],[77.252988,28.586517],[77.25299,28.586539],[77.252995,28.586561],[77.253004,28.586582],[77.253017,28.586602],[77.253034,28.586619],[77.253052,28.586634],[77.253074,28.586646],[77.253097,28.586655],[77.253122,28.58666],[77.253147,28.586663],[77.253173,28.586661],[77.253198,28.586657],[77.253222,28.586648],[77.253244,28.586637],[77.253263,28.586623],[77.25328,28.586606],[77.253294,28.586587]]}},{"type":"Feature","properties":{"kind":"road","class":"residential"},"geometry":{"type":"LineString","coordinates":[[77.253046,28.57993],[77.252871,28.580107]]}},{"type":"Feature","properties":{"kind":"road","class":"residential"},"geometry":{"type":"LineString","coordinates":[[77.253054,28.583576],[77.253124,28.583556],[77.253453,28.583457],[77.253827,28.58335],[77.253993,28.583311],[77.254043,28.583278],[77.254078,28.58324],[77.254089,28.583184],[77.2541,28.582767],[77.254108,28.582433]]}},{"type":"Feature","properties":{"kind":"road","class":"footway"},"geometry":{"type":"LineString","coordinates":[[77.253057,28.58735],[77.253174,28.587348]]}},{"type":"Feature","properties":{"kind":"road","class":"residential"},"geometry":{"type":"LineString","coordinates":[[77.253081,28.583145],[77.253443,28.583159],[77.253668,28.58317],[77.253732,28.583172],[77.253748,28.583175],[77.25377,28.583199],[77.253827,28.58335]]}},{"type":"Feature","properties":{"kind":"road","class":"lane"},"geometry":{"type":"LineString","coordinates":[[77.253101,28.590113],[77.252924,28.590116]]}},{"type":"Feature","properties":{"kind":"road","class":"residential"},"geometry":{"type":"LineString","coordinates":[[77.253124,28.579987],[77.25322,28.57987],[77.25337,28.57975],[77.254356,28.579715]]}},{"type":"Feature","properties":{"kind":"road","class":"lane"},"geometry":{"type":"LineString","coordinates":[[77.253142,28.589589],[77.253227,28.58952],[77.25332,28.589372],[77.253342,28.589224],[77.253306,28.588828],[77.253235,28.588744],[77.253218,28.588706]]}},{"type":"Feature","properties":{"kind":"road","class":"footway"},"geometry":{"type":"LineString","coordinates":[[77.253165,28.588473],[77.253385,28.588476]]}},{"type":"Feature","properties":{"kind":"road","class":"residential"},"geometry":{"type":"LineString","coordinates":[[77.253197,28.580873],[77.252712,28.580904]]}},{"type":"Feature","properties":{"kind":"road","class":"footway"},"geometry":{"type":"LineString","coordinates":[[77.253206,28.588994],[77.253126,28.588993],[77.253015,28.588991]]}},{"type":"Feature","properties":{"kind":"road","class":"residential"},"geometry":{"type":"LineString","coordinates":[[77.253229,28.586093],[77.253054,28.586244],[77.252841,28.586494]]}},{"type":"Feature","properties":{"kind":"road","class":"secondary"},"geometry":{"type":"LineString","coordinates":[[77.253229,28.586093],[77.253164,28.586225],[77.253007,28.586452]]}},{"type":"Feature","properties":{"kind":"road","class":"secondary"},"geometry":{"type":"LineString","coordinates":[[77.253265,28.57917],[77.253371,28.579103]]}},{"type":"Feature","properties":{"kind":"road","class":"secondary"},"geometry":{"type":"LineString","coordinates":[[77.253294,28.586587],[77.253311,28.586405],[77.253324,28.586269]]}},{"type":"Feature","properties":{"kind":"road","class":"footway"},"geometry":{"type":"LineString","coordinates":[[77.253311,28.586405],[77.253818,28.586433],[77.253888,28.586373],[77.253939,28.586346],[77.253986,28.586345],[77.254041,28.586358],[77.254085,28.586368],[77.254136,28.58638],[77.254224,28.586439],[77.254264,28.586447],[77.254309,28.586462],[77.254353,28.586479],[77.254414,28.586501],[77.254468,28.58652],[77.254511,28.586534]]}},{"type":"Feature","properties":{"kind":"road","class":"secondary"},"geometry":{"type":"LineString","coordinates":[[77.253346,28.584807],[77.253442,28.584741]]}},{"type":"Feature","properties":{"kind":"road","class":"footway"},"geometry":{"type":"LineString","coordinates":[[77.253385,28.588476],[77.253499,28.588484]]}},{"type":"Feature","properties":{"kind":"road","class":"footway"},"geometry":{"type":"LineString","coordinates":[[77.253388,28.592193],[77.253518,28.592194],[77.253597,28.59219]]}},{"type":"Feature","properties":{"kind":"road","class":"secondary"},"geometry":{"type":"LineString","coordinates":[[77.253406,28.584641],[77.253306,28.584708],[77.252656,28.585223],[77.252122,28.585677],[77.251341,28.586375],[77.25082,28.586824],[77.250499,28.587118],[77.250271,28.587246],[77.250091,28.587327],[77.249756,28.587395],[77.249311,28.587435],[77.24889,28.587462],[77.248572,28.587436],[77.247836,28.587251],[77.247749,28.587218],[77.247656,28.587182]]}},{"type":"Feature","properties":{"kind":"road","class":"secondary"},"geometry":{"type":"LineString","coordinates":[[77.253459,28.585182],[77.253549,28.585203]]}},{"type":"Feature","properties":{"kind":"road","class":"footway"},"geometry":{"type":"LineString","coordinates":[[77.253518,28.592194],[77.253522,28.592135]]}},{"type":"Feature","properties":{"kind":"road","class":"residential"},"geometry":{"type":"LineString","coordinates":[[77.253549,28.585203],[77.2536,28.5852]]}},{"type":"Feature","properties":{"kind":"road","class":"residential"},"geometry":{"type":"LineString","coordinates":[[77.253568,28.582145],[77.2537,28.582016],[77.253759,28.581905],[77.253778,28.581825],[77.253762,28.581542],[77.253759,28.581527],[77.253745,28.581469],[77.253653,28.581274],[77.253608,28.58119],[77.253598,28.581126],[77.253595,28.581041],[77.253563,28.580989],[77.253414,28.580565],[77.253285,28.580384],[77.253172,28.580401]]}},{"type":"Feature","properties":{"kind":"road","class":"footway"},"geometry":{"type":"LineString","coordinates":[[77.253597,28.59219],[77.253669,28.592191],[77.253728,28.592192],[77.253773,28.592193],[77.253894,28.592187],[77.253949,28.592134],[77.254005,28.592079],[77.254044,28.592041],[77.25412,28.592036],[77.254181,28.592035],[77.254225,28.592018],[77.254273,28.591998],[77.254298,28.591988],[77.254388,28.591953],[77.254438,28.591934]]}},{"type":"Feature","properties":{"kind":"road","class":"residential"},"geometry":{"type":"LineString","coordinates":[[77.2536,28.5852],[77.25364,28.585196],[77.253663,28.585172],[77.253682,28.585131],[77.253799,28.584798],[77.253905,28.584483],[77.253937,28.584434],[77.254005,28.584393]]}},{"type":"Feature","properties":{"kind":"road","class":"footway"},"geometry":{"type":"LineString","coordinates":[[77.253622,28.588486],[77.25362,28.588717]]}},{"type":"Feature","properties":{"kind":"road","class":"footway"},"geometry":{"type":"LineString","coordinates":[[77.253642,28.588716],[77.253643,28.588486]]}},{"type":"Feature","properties":{"kind":"road","class":"footway"},"geometry":{"type":"LineString","coordinates":[[77.253663,28.589737],[77.253667,28.589561]]}},{"type":"Feature","properties":{"kind":"road","class":"footway"},"geometry":{"type":"LineString","coordinates":[[77.253667,28.589561],[77.253677,28.589305]]}},{"type":"Feature","properties":{"kind":"road","class":"footway"},"geometry":{"type":"LineString","coordinates":[[77.253672,28.588722],[77.253678,28.588487]]}},{"type":"Feature","properties":{"kind":"road","class":"footway"},"geometry":{"type":"LineString","coordinates":[[77.25368,28.588324],[77.253678,28.588487]]}},{"type":"Feature","properties":{"kind":"road","class":"footway"},"geometry":{"type":"LineString","coordinates":[[77.253718,28.587437],[77.253713,28.587624]]}},{"type":"Feature","properties":{"kind":"road","class":"lane"},"geometry":{"type":"LineString","coordinates":[[77.253871,28.601924],[77.25362,28.602672],[77.253606,28.602689],[77.253589,28.602695],[77.252883,28.602522]]}},{"type":"Feature","properties":{"kind":"road","class":"footway"},"geometry":{"type":"LineString","coordinates":[[77.253943,28.589568],[77.253936,28.589736]]}},{"type":"Feature","properties":{"kind":"road","class":"footway"},"geometry":{"type":"LineString","coordinates":[[77.253943,28.589568],[77.253954,28.589286]]}},{"type":"Feature","properties":{"kind":"road","class":"footway"},"geometry":{"type":"LineString","coordinates":[[77.253975,28.588784],[77.253979,28.588638]]}},{"type":"Feature","properties":{"kind":"road","class":"footway"},"geometry":{"type":"LineString","coordinates":[[77.253982,28.588553],[77.253985,28.588498]]}},{"type":"Feature","properties":{"kind":"road","class":"footway"},"geometry":{"type":"LineString","coordinates":[[77.253985,28.588498],[77.253991,28.5883]]}},{"type":"Feature","properties":{"kind":"road","class":"residential"},"geometry":{"type":"LineString","coordinates":[[77.254005,28.584393],[77.254078,28.584369],[77.254602,28.584411]]}},{"type":"Feature","properties":{"kind":"road","class":"footway"},"geometry":{"type":"LineString","coordinates":[[77.254011,28.587806],[77.254017,28.587635]]}},{"type":"Feature","properties":{"kind":"road","class":"residential"},"geometry":{"type":"LineString","coordinates":[[77.254032,28.584335],[77.253985,28.584355],[77.253903,28.584427],[77.253852,28.584482],[77.253599,28.585121],[77.253596,28.585165],[77.2536,28.5852]]}},{"type":"Feature","properties":{"kind":"road","class":"footway"},"geometry":{"type":"LineString","coordinates":[[77.254089,28.585329],[77.254147,28.585334],[77.254206,28.585334],[77.254243,28.585335],[77.254295,28.585335],[77.254347,28.585334],[77.254406,28.585334],[77.254468,28.585331],[77.254518,28.585328],[77.254614,28.585325],[77.25466,28.585316],[77.254788,28.585296]]}},{"type":"Feature","properties":{"kind":"road","class":"footway"},"geometry":{"type":"LineString","coordinates":[[77.254223,28.589577],[77.254216,28.589745]]}},{"type":"Feature","properties":{"kind":"road","class":"footway"},"geometry":{"type":"LineString","coordinates":[[77.254223,28.589577],[77.254234,28.589289]]}},{"type":"Feature","properties":{"kind":"road","class":"residential"},"geometry":{"type":"LineString","coordinates":[[77.254259,28.579612],[77.253901,28.579624],[77.253531,28.579619],[77.253443,28.579625],[77.25338,28.579644],[77.253134,28.579841],[77.253046,28.57993]]}},{"type":"Feature","properties":{"kind":"road","class":"footway"},"geometry":{"type":"LineString","coordinates":[[77.254278,28.58781],[77.254284,28.587645]]}},{"type":"Feature","properties":{"kind":"road","class":"lane"},"geometry":{"type":"LineString","coordinates":[[77.254341,28.602039],[77.253871,28.601924],[77.253534,28.601841]]}},{"type":"Feature","properties":{"kind":"road","class":"residential"},"geometry":{"type":"LineString","coordinates":[[77.254356,28.579715],[77.254682,28.57971]]}},{"type":"Feature","properties":{"kind":"road","class":"footway"},"geometry":{"type":"LineString","coordinates":[[77.254416,28.589583],[77.254409,28.589747]]}},{"type":"Feature","properties":{"kind":"road","class":"footway"},"geometry":{"type":"LineString","coordinates":[[77.254416,28.589583],[77.254422,28.589425]]}},{"type":"Feature","properties":{"kind":"road","class":"footway"},"geometry":{"type":"LineString","coordinates":[[77.254428,28.596329],[77.254498,28.596389],[77.254563,28.596444],[77.254626,28.596443],[77.254715,28.596431],[77.254747,28.596407],[77.254771,28.596374],[77.254795,28.596339],[77.254837,28.596278],[77.254819,28.596181],[77.25476,28.596132],[77.254695,28.596076],[77.254608,28.596076],[77.254549,28.596076],[77.254474,28.596145],[77.254416,28.596198],[77.254428,28.596329]]}},{"type":"Feature","properties":{"kind":"road","class":"footway"},"geometry":{"type":"LineString","coordinates":[[77.25444,28.588698],[77.254448,28.588513]]}},{"type":"Feature","properties":{"kind":"road","class":"footway"},"geometry":{"type":"LineString","coordinates":[[77.25447,28.587816],[77.254476,28.587652]]}},{"type":"Feature","properties":{"kind":"road","class":"footway"},"geometry":{"type":"LineString","coordinates":[[77.254498,28.596389],[77.25457,28.596319]]}},{"type":"Feature","properties":{"kind":"road","class":"footway"},"geometry":{"type":"LineString","coordinates":[[77.254541,28.596293],[77.25457,28.596319],[77.254592,28.596339],[77.254668,28.596336],[77.254695,28.596311],[77.254711,28.596296],[77.254711,28.596224],[77.254688,28.596205],[77.254659,28.596182],[77.254577,28.59619],[77.254556,28.596215],[77.254541,28.596234],[77.254541,28.596293]]}},{"type":"Feature","properties":{"kind":"road","class":"footway"},"geometry":{"type":"LineString","coordinates":[[77.254556,28.596215],[77.254474,28.596145]]}},{"type":"Feature","properties":{"kind":"road","class":"footway"},"geometry":{"type":"LineString","coordinates":[[77.254572,28.59673],[77.254568,28.596747],[77.254528,28.596822],[77.254506,28.596897],[77.254505,28.596964],[77.254536,28.597051],[77.254565,28.597204],[77.254506,28.597379],[77.254425,28.597456],[77.254361,28.597532],[77.254418,28.597572],[77.254299,28.59772],[77.254184,28.597887],[77.254101,28.598052],[77.254055,28.598212],[77.254037,28.598422],[77.254029,28.598643],[77.254039,28.598721],[77.254128,28.598728],[77.254144,28.598846],[77.254168,28.598952],[77.254297,28.599121]]}},{"type":"Feature","properties":{"kind":"road","class":"footway"},"geometry":{"type":"LineString","coordinates":[[77.25458,28.594985],[77.254586,28.594908],[77.254601,28.594759],[77.254607,28.594648],[77.254634,28.59456],[77.254663,28.594504]]}},{"type":"Feature","properties":{"kind":"road","class":"footway"},"geometry":{"type":"LineString","coordinates":[[77.254587,28.589346],[77.254627,28.589347],[77.254665,28.589347]]}},{"type":"Feature","properties":{"kind":"road","class":"residential"},"geometry":{"type":"LineString","coordinates":[[77.254602,28.584411],[77.254678,28.584432],[77.254753,28.5845],[77.25481,28.584564],[77.25486,28.58466],[77.254898,28.584767],[77.254923,28.584871],[77.254965,28.584944]]}},{"type":"Feature","properties":{"kind":"road","class":"footway"},"geometry":{"type":"LineString","coordinates":[[77.254608,28.596076],[77.25465,28.595849],[77.254644,28.595698]]}},{"type":"Feature","properties":{"kind":"road","class":"footway"},"geometry":{"type":"LineString","coordinates":[[77.254611,28.588733],[77.25465,28.588734],[77.254689,28.588734]]}},{"type":"Feature","properties":{"kind":"road","class":"footway"},"geometry":{"type":"LineString","coordinates":[[77.254618,28.589589],[77.254626,28.589378]]}},{"type":"Feature","properties":{"kind":"road","class":"footway"},"geometry":{"type":"LineString","coordinates":[[77.254626,28.596443],[77.254621,28.596638],[77.254578,28.596661],[77.254565,28.596702],[77.254565,28.59672],[77.254572,28.59673],[77.254584,28.596746],[77.254631,28.596762],[77.254656,28.596755],[77.254694,28.596726],[77.254698,28.596691],[77.254685,28.596663],[77.254659,28.596646],[77.254621,28.596638]]}},{"type":"Feature","properties":{"kind":"road","class":"footway"},"geometry":{"type":"LineString","coordinates":[[77.254627,28.589347],[77.254626,28.589378]]}},{"type":"Feature","properties":{"kind":"road","class":"footway"},"geometry":{"type":"LineString","coordinates":[[77.254628,28.588308],[77.254668,28.588309],[77.254706,28.588309]]}},{"type":"Feature","properties":{"kind":"road","class":"residential"},"geometry":{"type":"LineString","coordinates":[[77.254639,28.584363],[77.254032,28.584335]]}},{"type":"Feature","properties":{"kind":"road","class":"footway"},"geometry":{"type":"LineString","coordinates":[[77.254644,28.595698],[77.254662,28.595485],[77.254714,28.595259],[77.25479,28.595019],[77.254812,28.594894],[77.254797,28.594818]]}},{"type":"Feature","properties":{"kind":"road","class":"footway"},"geometry":{"type":"LineString","coordinates":[[77.25465,28.588734],[77.254651,28.588704]]}},{"type":"Feature","properties":{"kind":"road","class":"footway"},"geometry":{"type":"LineString","coordinates":[[77.254651,28.588704],[77.25466,28.58852]]}},{"type":"Feature","properties":{"kind":"road","class":"footway"},"geometry":{"type":"LineString","coordinates":[[77.254663,28.587442],[77.254701,28.587443],[77.254739,28.587443]]}},{"type":"Feature","properties":{"kind":"road","class":"footway"},"geometry":{"type":"LineString","coordinates":[[77.254666,28.58834],[77.25466,28.58852]]}},{"type":"Feature","properties":{"kind":"road","class":"footway"},"geometry":{"type":"LineString","coordinates":[[77.254668,28.588309],[77.254666,28.58834]]}},{"type":"Feature","properties":{"kind":"road","class":"residential"},"geometry":{"type":"LineString","coordinates":[[77.254673,28.579596],[77.254259,28.579612]]}},{"type":"Feature","properties":{"kind":"road","class":"residential"},"geometry":{"type":"LineString","coordinates":[[77.25468,28.590387],[77.255148,28.590484],[77.255612,28.590623],[77.255837,28.590708],[77.255988,28.590757],[77.256058,28.590758]]}},{"type":"Feature","properties":{"kind":"road","class":"residential"},"geometry":{"type":"LineString","coordinates":[[77.254682,28.57971],[77.254971,28.579701]]}},{"type":"Feature","properties":{"kind":"road","class":"primary"},"geometry":{"type":"LineString","coordinates":[[77.254682,28.601534],[77.254827,28.60122],[77.255398,28.599525],[77.255419,28.599467],[77.255472,28.599332],[77.255491,28.599255],[77.255508,28.599204],[77.255522,28.599159],[77.255534,28.599117],[77.255577,28.598936],[77.255663,28.598655],[77.255731,28.598489],[77.25574,28.598461],[77.255772,28.598318],[77.255843,28.59808],[77.256025,28.597521],[77.256166,28.597085],[77.256211,28.596948],[77.256366,28.596468]]}},{"type":"Feature","properties":{"kind":"road","class":"footway"},"geometry":{"type":"LineString","coordinates":[[77.254688,28.596205],[77.25476,28.596132]]}},{"type":"Feature","properties":{"kind":"road","class":"footway"},"geometry":{"type":"LineString","coordinates":[[77.254695,28.596311],[77.254771,28.596374]]}},{"type":"Feature","properties":{"kind":"road","class":"footway"},"geometry":{"type":"LineString","coordinates":[[77.254699,28.59401],[77.254855,28.594004],[77.25483,28.594084],[77.255006,28.594124],[77.255026,28.594049],[77.255144,28.594084]]}},{"type":"Feature","properties":{"kind":"road","class":"footway"},"geometry":{"type":"LineString","coordinates":[[77.2547,28.587474],[77.254691,28.587659]]}},{"type":"Feature","properties":{"kind":"road","class":"footway"},"geometry":{"type":"LineString","coordinates":[[77.254701,28.587443],[77.2547,28.587474]]}},{"type":"Feature","properties":{"kind":"road","class":"footway"},"geometry":{"type":"LineString","coordinates":[[77.254745,28.594721],[77.254735,28.594735],[77.254711,28.594746],[77.254674,28.594738],[77.254658,28.594716],[77.254658,28.594699],[77.254669,28.59468],[77.254699,28.594667],[77.254726,28.594672],[77.254745,28.594691],[77.254745,28.594721],[77.254832,28.59474]]}},{"type":"Feature","properties":{"kind":"road","class":"footway"},"geometry":{"type":"LineString","coordinates":[[77.254747,28.596407],[77.254841,28.596478],[77.254808,28.596511],[77.254966,28.596633],[77.255009,28.59659],[77.255107,28.596666],[77.255244,28.596771],[77.255257,28.596757],[77.255356,28.596833]]}},{"type":"Feature","properties":{"kind":"road","class":"footway"},"geometry":{"type":"LineString","coordinates":[[77.254766,28.588523],[77.254754,28.588781],[77.255281,28.588801],[77.255325,28.588766],[77.255381,28.588778],[77.256759,28.589071],[77.257602,28.58956]]}},{"type":"Feature","properties":{"kind":"road","class":"footway"},"geometry":{"type":"LineString","coordinates":[[77.254776,28.586502],[77.254739,28.587443],[77.254706,28.588309],[77.254689,28.588734],[77.254665,28.589347],[77.254565,28.5899],[77.254587,28.589346],[77.254611,28.588733],[77.254628,28.588308],[77.254719,28.586021],[77.25474,28.586021],[77.254776,28.586502]]}},{"type":"Feature","properties":{"kind":"road","class":"footway"},"geometry":{"type":"LineString","coordinates":[[77.254795,28.596339],[77.2549,28.596419],[77.254945,28.596374],[77.255103,28.596495],[77.255057,28.596541],[77.255229,28.596673],[77.255292,28.596722],[77.255257,28.596757]]}},{"type":"Feature","properties":{"kind":"road","class":"footway"},"geometry":{"type":"LineString","coordinates":[[77.254812,28.594657],[77.254792,28.594363],[77.254804,28.594221],[77.25483,28.594084]]}},{"type":"Feature","properties":{"kind":"road","class":"footway"},"geometry":{"type":"LineString","coordinates":[[77.254841,28.596478],[77.2549,28.596419]]}},{"type":"Feature","properties":{"kind":"road","class":"footway"},"geometry":{"type":"LineString","coordinates":[[77.254855,28.594004],[77.254881,28.593929],[77.255053,28.593973],[77.255026,28.594049]]}},{"type":"Feature","properties":{"kind":"road","class":"residential"},"geometry":{"type":"LineString","coordinates":[[77.254903,28.579392],[77.254964,28.579481],[77.255009,28.579549],[77.255014,28.579565],[77.255016,28.579581],[77.255009,28.579597],[77.254967,28.57961]]}},{"type":"Feature","properties":{"kind":"road","class":"residential"},"geometry":{"type":"LineString","coordinates":[[77.254905,28.589597],[77.255429,28.58974],[77.256476,28.589979]]}},{"type":"Feature","properties":{"kind":"road","class":"lane"},"geometry":{"type":"LineString","coordinates":[[77.254965,28.584944],[77.254896,28.584972],[77.254834,28.585025],[77.254808,28.585071],[77.254792,28.585185],[77.254788,28.585296],[77.254785,28.585385],[77.254856,28.58561],[77.25485,28.585854],[77.254887,28.586358],[77.254907,28.586473]]}},{"type":"Feature","properties":{"kind":"road","class":"residential"},"geometry":{"type":"LineString","coordinates":[[77.254965,28.584944],[77.254978,28.584967]]}},{"type":"Feature","properties":{"kind":"road","class":"residential"},"geometry":{"type":"LineString","coordinates":[[77.254967,28.57961],[77.25514,28.579765]]}},{"type":"Feature","properties":{"kind":"road","class":"residential"},"geometry":{"type":"LineString","coordinates":[[77.254978,28.584967],[77.255011,28.584979]]}},{"type":"Feature","properties":{"kind":"road","class":"residential"},"geometry":{"type":"LineString","coordinates":[[77.25498,28.588756],[77.254992,28.588397]]}},{"type":"Feature","properties":{"kind":"road","class":"footway"},"geometry":{"type":"LineString","coordinates":[[77.254985,28.595651],[77.255013,28.595588],[77.255045,28.595574],[77.255063,28.595587],[77.255088,28.595606],[77.255047,28.595653]]}},{"type":"Feature","properties":{"kind":"road","class":"residential"},"geometry":{"type":"LineString","coordinates":[[77.254992,28.588397],[77.254997,28.588341],[77.255014,28.588291],[77.255046,28.588239],[77.255064,28.588194],[77.255097,28.587762],[77.255064,28.586574],[77.255057,28.585023]]}},{"type":"Feature","properties":{"kind":"road","class":"footway"},"geometry":{"type":"LineString","coordinates":[[77.254994,28.594166],[77.255006,28.594124]]}},{"type":"Feature","properties":{"kind":"road","class":"footway"},"geometry":{"type":"LineString","coordinates":[[77.255009,28.59659],[77.255057,28.596541]]}},{"type":"Feature","properties":{"kind":"road","class":"residential"},"geometry":{"type":"LineString","coordinates":[[77.255011,28.584979],[77.255018,28.584951]]}},{"type":"Feature","properties":{"kind":"road","class":"lane"},"geometry":{"type":"LineString","coordinates":[[77.255012,28.584934],[77.254965,28.584944]]}},{"type":"Feature","properties":{"kind":"road","class":"residential"},"geometry":{"type":"LineString","coordinates":[[77.255012,28.584934],[77.255008,28.584866],[77.254966,28.584687],[77.254913,28.584582],[77.254858,28.584494],[77.254737,28.584396],[77.254639,28.584363]]}},{"type":"Feature","properties":{"kind":"road","class":"residential"},"geometry":{"type":"LineString","coordinates":[[77.255018,28.584951],[77.255012,28.584934]]}},{"type":"Feature","properties":{"kind":"road","class":"footway"},"geometry":{"type":"LineString","coordinates":[[77.255024,28.588391],[77.254992,28.588397]]}},{"type":"Feature","properties":{"kind":"road","class":"residential"},"geometry":{"type":"LineString","coordinates":[[77.255029,28.579422],[77.254964,28.579481]]}},{"type":"Feature","properties":{"kind":"road","class":"residential"},"geometry":{"type":"LineString","coordinates":[[77.255057,28.585023],[77.255011,28.584979]]}},{"type":"Feature","properties":{"kind":"road","class":"footway"},"geometry":{"type":"LineString","coordinates":[[77.255063,28.595587],[77.255134,28.595497],[77.255194,28.595401],[77.255214,28.595358],[77.255221,28.59526],[77.255229,28.595129],[77.255241,28.595095],[77.255242,28.595053],[77.255228,28.595016],[77.255213,28.594936],[77.255197,28.594832],[77.255202,28.594712],[77.25523,28.594591],[77.255249,28.594523],[77.2553,28.594372],[77.255217,28.594346],[77.255245,28.594246]]}},{"type":"Feature","properties":{"kind":"road","class":"residential"},"geometry":{"type":"LineString","coordinates":[[77.25509,28.581571],[77.255169,28.581461],[77.255302,28.581238],[77.255495,28.580912],[77.255552,28.580853],[77.255673,28.580685],[77.25571,28.580628]]}},{"type":"Feature","properties":{"kind":"road","class":"residential"},"geometry":{"type":"LineString","coordinates":[[77.255097,28.587762],[77.255143,28.587773],[77.255429,28.587828],[77.255787,28.587898],[77.256057,28.587958],[77.256342,28.588002],[77.25647,28.58801],[77.256549,28.587998],[77.256593,28.587983],[77.256621,28.587944],[77.256681,28.587729],[77.256735,28.587506]]}},{"type":"Feature","properties":{"kind":"road","class":"footway"},"geometry":{"type":"LineString","coordinates":[[77.255097,28.58853],[77.255096,28.588391],[77.255024,28.588391]]}},{"type":"Feature","properties":{"kind":"road","class":"footway"},"geometry":{"type":"LineString","coordinates":[[77.255104,28.594208],[77.255144,28.594084],[77.255186,28.593949],[77.255322,28.593984],[77.255471,28.594022],[77.255431,28.594154],[77.255391,28.594284],[77.255245,28.594246],[77.255104,28.594208]]}},{"type":"Feature","properties":{"kind":"road","class":"primary"},"geometry":{"type":"LineString","coordinates":[[77.255108,28.59918],[77.254708,28.600499]]}},{"type":"Feature","properties":{"kind":"road","class":"residential"},"geometry":{"type":"LineString","coordinates":[[77.255162,28.580802],[77.255131,28.580764],[77.255114,28.580741],[77.255091,28.580713],[77.255069,28.58068],[77.255054,28.580647],[77.25503,28.58057],[77.255014,28.580446],[77.254993,28.580208],[77.254971,28.579701],[77.254967,28.57961],[77.254673,28.579596]]}},{"type":"Feature","properties":{"kind":"road","class":"footway"},"geometry":{"type":"LineString","coordinates":[[77.255206,28.592659],[77.25516,28.592595],[77.254752,28.592361],[77.254759,28.592335],[77.254775,28.592277],[77.255009,28.592231],[77.255145,28.592099],[77.255177,28.592041],[77.255184,28.591696],[77.255217,28.591588],[77.255216,28.591513]]}},{"type":"Feature","properties":{"kind":"road","class":"footway"},"geometry":{"type":"LineString","coordinates":[[77.255206,28.592659],[77.255228,28.59273]]}},{"type":"Feature","properties":{"kind":"road","class":"footway"},"geometry":{"type":"LineString","coordinates":[[77.255213,28.58867],[77.255212,28.588529],[77.255097,28.58853],[77.255054,28.58853]]}},{"type":"Feature","properties":{"kind":"road","class":"residential"},"geometry":{"type":"LineString","coordinates":[[77.255222,28.588798],[77.255063,28.588784],[77.255004,28.58877],[77.25498,28.588756]]}},{"type":"Feature","properties":{"kind":"road","class":"residential"},"geometry":{"type":"LineString","coordinates":[[77.255222,28.588798],[77.25532,28.588844]]}},{"type":"Feature","properties":{"kind":"road","class":"footway"},"geometry":{"type":"LineString","coordinates":[[77.255249,28.594523],[77.255086,28.594475],[77.255122,28.594324],[77.255217,28.594346]]}},{"type":"Feature","properties":{"kind":"road","class":"footway"},"geometry":{"type":"LineString","coordinates":[[77.255264,28.588694],[77.255213,28.588694],[77.255213,28.58867]]}},{"type":"Feature","properties":{"kind":"road","class":"footway"},"geometry":{"type":"LineString","coordinates":[[77.255312,28.591266],[77.255279,28.591087],[77.254989,28.590983],[77.255102,28.590726],[77.255086,28.590667]]}},{"type":"Feature","properties":{"kind":"road","class":"residential"},"geometry":{"type":"LineString","coordinates":[[77.255319,28.588115],[77.255429,28.587828]]}},{"type":"Feature","properties":{"kind":"road","class":"residential"},"geometry":{"type":"LineString","coordinates":[[77.25532,28.588844],[77.255372,28.588855],[77.255708,28.588906],[77.256332,28.588984],[77.256451,28.589015],[77.256779,28.589144],[77.256932,28.5892],[77.257143,28.589304],[77.257179,28.589319],[77.257311,28.589378],[77.257338,28.58939],[77.257444,28.589437],[77.257627,28.589522],[77.258262,28.589786],[77.258638,28.589855]]}},{"type":"Feature","properties":{"kind":"road","class":"residential"},"geometry":{"type":"LineString","coordinates":[[77.255324,28.588755],[77.255222,28.588798]]}},{"type":"Feature","properties":{"kind":"road","class":"footway"},"geometry":{"type":"LineString","coordinates":[[77.255324,28.588755],[77.255288,28.588693],[77.255264,28.588694]]}},{"type":"Feature","properties":{"kind":"road","class":"footway"},"geometry":{"type":"LineString","coordinates":[[77.255334,28.597009],[77.255281,28.597023],[77.255242,28.597059],[77.255229,28.597099],[77.255244,28.597137],[77.255249,28.597184],[77.255236,28.597238],[77.255169,28.597292],[77.255128,28.597343],[77.255103,28.597414],[77.255123,28.597487],[77.255159,28.597545],[77.255162,28.59761],[77.255145,28.597684],[77.255116,28.597723],[77.25507,28.59779],[77.255002,28.59787],[77.254964,28.597991],[77.254939,28.598092],[77.254883,28.598245],[77.254815,28.59844],[77.254766,28.598596],[77.254699,28.598652],[77.254663,28.5987],[77.254651,28.598799],[77.25458,28.598995],[77.254537,28.599047],[77.254524,28.59909],[77.254544,28.599188],[77.254557,28.599288],[77.254541,28.599346],[77.25449,28.5994],[77.254451,28.599427],[77.254416,28.599462],[77.254394,28.599506],[77.254394,28.599567],[77.254404,28.599627],[77.25436,28.599695],[77.254306,28.59977],[77.25432,28.599881],[77.254325,28.599958],[77.254247,28.600069],[77.254199,28.600147],[77.25421,28.600241],[77.254242,28.600281],[77.254239,28.600389],[77.254207,28.600503],[77.254185,28.600587],[77.254108,28.600719],[77.254014,28.600745],[77.253966,28.600787],[77.253928,28.600849],[77.253928,28.600915],[77.253955,28.600985],[77.254011,28.601051],[77.254006,28.601112],[77.253952,28.601303],[77.253904,28.601442],[77.253866,28.601581],[77.253767,28.601664],[77.253697,28.601711]]}},{"type":"Feature","properties":{"kind":"road","class":"footway"},"geometry":{"type":"LineString","coordinates":[[77.255356,28.596833],[77.25541,28.596798],[77.255489,28.596767],[77.255586,28.596775],[77.255542,28.59689],[77.255482,28.597047],[77.255456,28.597116],[77.255397,28.597091],[77.255355,28.597051],[77.255334,28.597009],[77.255327,28.596953],[77.255338,28.596877],[77.255356,28.596833]]}},{"type":"Feature","properties":{"kind":"road","class":"footway"},"geometry":{"type":"LineString","coordinates":[[77.255381,28.588778],[77.255407,28.588802]]}},{"type":"Feature","properties":{"kind":"road","class":"footway"},"geometry":{"type":"LineString","coordinates":[[77.255407,28.588802],[77.256088,28.588949]]}},{"type":"Feature","properties":{"kind":"road","class":"footway"},"geometry":{"type":"LineString","coordinates":[[77.255417,28.588766],[77.255399,28.58877],[77.255381,28.588778]]}},{"type":"Feature","properties":{"kind":"road","class":"footway"},"geometry":{"type":"LineString","coordinates":[[77.255431,28.594154],[77.25554,28.594185],[77.255505,28.594288]]}},{"type":"Feature","properties":{"kind":"road","class":"residential"},"geometry":{"type":"LineString","coordinates":[[77.255445,28.585075],[77.255382,28.585381]]}},{"type":"Feature","properties":{"kind":"road","class":"primary"},"geometry":{"type":"LineString","coordinates":[[77.255472,28.598398],[77.255731,28.598489],[77.25588,28.598519]]}},{"type":"Feature","properties":{"kind":"road","class":"primary"},"geometry":{"type":"LineString","coordinates":[[77.255472,28.599332],[77.255591,28.599128],[77.255739,28.599001],[77.255911,28.598911],[77.255991,28.598869],[77.256299,28.598791],[77.256694,28.598793],[77.257219,28.598848]]}},{"type":"Feature","properties":{"kind":"road","class":"footway"},"geometry":{"type":"LineString","coordinates":[[77.255482,28.597047],[77.255514,28.597055],[77.255548,28.597064],[77.255585,28.596954]]}},{"type":"Feature","properties":{"kind":"road","class":"lane"},"geometry":{"type":"LineString","coordinates":[[77.255514,28.59138],[77.255686,28.591413],[77.255708,28.591409],[77.255733,28.5914],[77.255763,28.591378],[77.255777,28.591353],[77.255825,28.591155]]}},{"type":"Feature","properties":{"kind":"road","class":"primary"},"geometry":{"type":"LineString","coordinates":[[77.255534,28.599117],[77.255508,28.599089],[77.255476,28.599063],[77.255421,28.599038],[77.255356,28.599018],[77.255282,28.599002]]}},{"type":"Feature","properties":{"kind":"road","class":"footway"},"geometry":{"type":"LineString","coordinates":[[77.255542,28.59689],[77.255573,28.596898],[77.255601,28.596905]]}},{"type":"Feature","properties":{"kind":"road","class":"footway"},"geometry":{"type":"LineString","coordinates":[[77.255548,28.599264],[77.255624,28.599219],[77.255762,28.599123],[77.255915,28.599049],[77.25604,28.599019],[77.256227,28.599016],[77.256527,28.599034],[77.256817,28.599062],[77.256847,28.599068],[77.257392,28.599203],[77.25763,28.599272],[77.25788,28.59935],[77.258311,28.599517],[77.25869,28.599688],[77.258974,28.599793],[77.259146,28.599836],[77.259409,28.599929],[77.259673,28.600044],[77.259911,28.600155],[77.260415,28.600382]]}},{"type":"Feature","properties":{"kind":"road","class":"residential"},"geometry":{"type":"LineString","coordinates":[[77.255552,28.580853],[77.256571,28.581381],[77.256967,28.581552]]}},{"type":"Feature","properties":{"kind":"road","class":"residential"},"geometry":{"type":"LineString","coordinates":[[77.255558,28.58937],[77.25525,28.589286],[77.254884,28.589161]]}},{"type":"Feature","properties":{"kind":"road","class":"residential"},"geometry":{"type":"LineString","coordinates":[[77.255558,28.58937],[77.255429,28.58974],[77.255276,28.590116],[77.255204,28.590286],[77.255148,28.590484],[77.255086,28.590667]]}},{"type":"Feature","properties":{"kind":"road","class":"footway"},"geometry":{"type":"LineString","coordinates":[[77.255573,28.595868],[77.255574,28.595907],[77.25563,28.59597],[77.255685,28.596035],[77.255701,28.596154],[77.255678,28.596245],[77.255609,28.59633],[77.255543,28.596379],[77.255461,28.596416],[77.255369,28.596525],[77.255229,28.596673]]}},{"type":"Feature","properties":{"kind":"road","class":"residential"},"geometry":{"type":"LineString","coordinates":[[77.2557,28.587476],[77.256062,28.58753],[77.256086,28.587523],[77.256103,28.587512],[77.256158,28.587302]]}},{"type":"Feature","properties":{"kind":"road","class":"residential"},"geometry":{"type":"LineString","coordinates":[[77.25571,28.580628],[77.255791,28.58053]]}},{"type":"Feature","properties":{"kind":"road","class":"lane"},"geometry":{"type":"LineString","coordinates":[[77.255739,28.596485],[77.255601,28.596905],[77.255585,28.596954],[77.255897,28.597027]]}},{"type":"Feature","properties":{"kind":"road","class":"residential"},"geometry":{"type":"LineString","coordinates":[[77.255761,28.588809],[77.255708,28.588906],[77.255558,28.58937]]}},{"type":"Feature","properties":{"kind":"road","class":"residential"},"geometry":{"type":"LineString","coordinates":[[77.255762,28.585063],[77.25578,28.585325],[77.255657,28.585829]]}},{"type":"Feature","properties":{"kind":"road","class":"residential"},"geometry":{"type":"LineString","coordinates":[[77.25578,28.585325],[77.256017,28.585375],[77.256249,28.585359],[77.256337,28.585213]]}},{"type":"Feature","properties":{"kind":"road","class":"residential"},"geometry":{"type":"LineString","coordinates":[[77.255855,28.581831],[77.255711,28.581745],[77.25555,28.581648],[77.255169,28.581461]]}},{"type":"Feature","properties":{"kind":"road","class":"residential"},"geometry":{"type":"LineString","coordinates":[[77.255877,28.587595],[77.255787,28.587898]]}},{"type":"Feature","properties":{"kind":"road","class":"lane"},"geometry":{"type":"LineString","coordinates":[[77.255878,28.590864],[77.255884,28.590899],[77.255885,28.590945],[77.255858,28.590986],[77.255825,28.591155],[77.255312,28.591266],[77.255291,28.591271],[77.255216,28.591513]]}},{"type":"Feature","properties":{"kind":"road","class":"primary"},"geometry":{"type":"LineString","coordinates":[[77.255911,28.598911],[77.256159,28.598899],[77.256495,28.598952],[77.256616,28.598964],[77.25678,28.598977],[77.256915,28.598997],[77.25733,28.5991],[77.257829,28.599251],[77.258057,28.599333],[77.258738,28.599632],[77.258897,28.599689],[77.259172,28.599759],[77.259376,28.599798]]}},{"type":"Feature","properties":{"kind":"road","class":"footway"},"geometry":{"type":"LineString","coordinates":[[77.255923,28.593064],[77.255967,28.593166],[77.256038,28.593228],[77.256208,28.593265]]}},{"type":"Feature","properties":{"kind":"road","class":"primary"},"geometry":{"type":"LineString","coordinates":[[77.255925,28.598314],[77.255772,28.598318],[77.255508,28.59828]]}},{"type":"Feature","properties":{"kind":"road","class":"residential"},"geometry":{"type":"LineString","coordinates":[[77.255941,28.580612],[77.255791,28.58053],[77.25568,28.580467]]}},{"type":"Feature","properties":{"kind":"road","class":"footway"},"geometry":{"type":"LineString","coordinates":[[77.25597,28.594332],[77.256223,28.594385]]}},{"type":"Feature","properties":{"kind":"road","class":"residential"},"geometry":{"type":"LineString","coordinates":[[77.256017,28.585375],[77.255896,28.58617]]}},{"type":"Feature","properties":{"kind":"road","class":"residential"},"geometry":{"type":"LineString","coordinates":[[77.256057,28.587958],[77.255924,28.588424],[77.255875,28.588652]]}},{"type":"Feature","properties":{"kind":"road","class":"footway"},"geometry":{"type":"LineString","coordinates":[[77.256088,28.588949],[77.256194,28.588971]]}},{"type":"Feature","properties":{"kind":"road","class":"footway"},"geometry":{"type":"LineString","coordinates":[[77.256097,28.588911],[77.255417,28.588766]]}},{"type":"Feature","properties":{"kind":"road","class":"residential"},"geometry":{"type":"LineString","coordinates":[[77.256106,28.580245],[77.255998,28.5802]]}},{"type":"Feature","properties":{"kind":"road","class":"footway"},"geometry":{"type":"LineString","coordinates":[[77.256194,28.588971],[77.256743,28.58909]]}},{"type":"Feature","properties":{"kind":"road","class":"footway"},"geometry":{"type":"LineString","coordinates":[[77.256205,28.588935],[77.256097,28.588911]]}},{"type":"Feature","properties":{"kind":"road","class":"residential"},"geometry":{"type":"LineString","coordinates":[[77.256247,28.586442],[77.256204,28.586492],[77.256171,28.586547],[77.256153,28.586614],[77.256142,28.586778],[77.256139,28.586955],[77.256137,28.587228],[77.256158,28.587302],[77.25621,28.587342],[77.256286,28.587369],[77.256707,28.587456],[77.256745,28.587461],[77.257132,28.587508]]}},{"type":"Feature","properties":{"kind":"road","class":"footway"},"geometry":{"type":"LineString","coordinates":[[77.256274,28.593391],[77.256244,28.593451],[77.25623,28.59355],[77.25624,28.593713],[77.25622,28.593791],[77.256141,28.593879],[77.256113,28.594103],[77.256067,28.59418],[77.255984,28.594284],[77.25597,28.594332],[77.255953,28.594386],[77.25596,28.594479],[77.255962,28.594557],[77.255903,28.594629],[77.255812,28.594728],[77.255777,28.594794],[77.255783,28.594867],[77.255847,28.594926],[77.255887,28.595013],[77.255893,28.595105],[77.255882,28.595157],[77.255839,28.595253],[77.255788,28.595303],[77.25574,28.595357],[77.255751,28.595411],[77.255767,28.595486],[77.255767,28.595567],[77.255694,28.595642],[77.255638,28.59571],[77.255606,28.595809],[77.255573,28.595868],[77.255454,28.595879],[77.255277,28.595884],[77.255194,28.595796],[77.255047,28.595653],[77.255014,28.595667],[77.254985,28.595651],[77.254807,28.5957],[77.254705,28.595712],[77.254644,28.595698],[77.254601,28.59569],[77.25456,28.595659],[77.254529,28.595608],[77.254517,28.595582],[77.25451,28.595515],[77.254516,28.595435],[77.25456,28.595431],[77.254591,28.595392],[77.254597,28.595347],[77.254573,28.595293],[77.254532,28.595229],[77.254521,28.595181],[77.254522,28.595136],[77.254545,28.59506],[77.25458,28.594985],[77.254634,28.594924],[77.254728,28.594878],[77.254785,28.594834],[77.254797,28.594818],[77.254813,28.594797],[77.254832,28.59474],[77.254833,28.59469],[77.254812,28.594657],[77.254784,28.594615],[77.254726,28.594577],[77.254674,28.594522],[77.254663,28.594504],[77.254682,28.594475],[77.254701,28.59445],[77.254723,28.594419],[77.254715,28.594393],[77.254687,28.594372],[77.254652,28.594374],[77.254656,28.594334],[77.254684,28.594264],[77.254697,28.59425],[77.254726,28.59425],[77.254758,28.594228],[77.254756,28.594199],[77.254728,28.594165],[77.254699,28.594128],[77.254687,28.594065],[77.254699,28.59401],[77.254752,28.593921],[77.254795,28.593876],[77.254859,28.593857],[77.254863,28.593821],[77.254801,28.593788],[77.254782,28.593782],[77.254799,28.593713],[77.254839,28.593647],[77.254896,28.593635],[77.254896,28.593597],[77.254883,28.593568],[77.25484,28.593568],[77.254812,28.593556],[77.254803,28.593534],[77.254866,28.593439],[77.254894,28.593363],[77.254906,28.593313],[77.254916,28.5932],[77.254922,28.593152],[77.254927,28.593093],[77.254958,28.593021],[77.254982,28.592973],[77.255017,28.592895],[77.255051,28.592825],[77.255118,28.592772],[77.255228,28.59273],[77.255403,28.592686],[77.255543,28.592702],[77.255687,28.592782],[77.255771,28.592829],[77.255875,28.592965],[77.255923,28.593064],[77.255899,28.593191],[77.255853,28.593349],[77.255771,28.593627],[77.25574,28.593733],[77.255731,28.593764],[77.255402,28.59369],[77.255381,28.593761],[77.255299,28.593742],[77.255252,28.593901],[77.25534,28.593921],[77.255322,28.593984]]}},{"type":"Feature","properties":{"kind":"road","class":"footway"},"geometry":{"type":"LineString","coordinates":[[77.256306,28.592112],[77.256284,28.592124],[77.256187,28.59215],[77.256133,28.592119],[77.256112,28.592098],[77.256026,28.592116],[77.256026,28.592221],[77.255936,28.592249],[77.255978,28.59236],[77.255972,28.592476],[77.256034,28.592512],[77.256078,28.592564],[77.256131,28.592587],[77.25616,28.59254],[77.256112,28.592457],[77.256198,28.592323],[77.256292,28.59229],[77.256377,28.592307],[77.256398,28.592397],[77.256349,28.5925],[77.256385,28.592536],[77.256563,28.592574]]}},{"type":"Feature","properties":{"kind":"road","class":"footway"},"geometry":{"type":"LineString","coordinates":[[77.256308,28.592065],[77.256306,28.592112]]}},{"type":"Feature","properties":{"kind":"road","class":"footway"},"geometry":{"type":"LineString","coordinates":[[77.256324,28.591637],[77.256199,28.591642],[77.256194,28.591551],[77.25632,28.591545],[77.256322,28.591575]]}},{"type":"Feature","properties":{"kind":"road","class":"residential"},"geometry":{"type":"LineString","coordinates":[[77.256326,28.590339],[77.255916,28.59028],[77.255609,28.590194],[77.255276,28.590116],[77.255038,28.590053],[77.2548,28.59]]}},{"type":"Feature","properties":{"kind":"road","class":"footway"},"geometry":{"type":"LineString","coordinates":[[77.256341,28.59319],[77.256306,28.59319],[77.256274,28.593199],[77.256245,28.593215],[77.256223,28.593238],[77.256208,28.593265],[77.256203,28.593295],[77.256208,28.593325],[77.256223,28.593352],[77.256245,28.593375],[77.256274,28.593391],[77.256307,28.5934],[77.256342,28.5934],[77.256375,28.593391],[77.256403,28.593374],[77.256426,28.593352],[77.25644,28.593324],[77.256443,28.593307],[77.25644,28.593265],[77.256425,28.593237],[77.256403,28.593215],[77.256374,28.593198],[77.256341,28.59319]]}},{"type":"Feature","properties":{"kind":"road","class":"footway"},"geometry":{"type":"LineString","coordinates":[[77.256341,28.59319],[77.256347,28.593161]]}},{"type":"Feature","properties":{"kind":"road","class":"footway"},"geometry":{"type":"LineString","coordinates":[[77.256347,28.593161],[77.256382,28.593028],[77.256565,28.593064],[77.256611,28.592881]]}},{"type":"Feature","properties":{"kind":"road","class":"residential"},"geometry":{"type":"LineString","coordinates":[[77.256363,28.581836],[77.256363,28.581732],[77.256365,28.581697],[77.25638,28.581648],[77.256571,28.581381],[77.256974,28.580696]]}},{"type":"Feature","properties":{"kind":"road","class":"footway"},"geometry":{"type":"LineString","coordinates":[[77.256364,28.594462],[77.256404,28.594472],[77.25652,28.594502]]}},{"type":"Feature","properties":{"kind":"road","class":"primary"},"geometry":{"type":"LineString","coordinates":[[77.256366,28.596468],[77.256602,28.595744],[77.256738,28.595083]]}},{"type":"Feature","properties":{"kind":"road","class":"residential"},"geometry":{"type":"LineString","coordinates":[[77.256372,28.596999],[77.256927,28.597124],[77.256967,28.597144],[77.256997,28.597177],[77.25705,28.597357],[77.257062,28.597372],[77.257077,28.597381],[77.257453,28.59751],[77.258044,28.59772],[77.258383,28.597838],[77.258909,28.598027],[77.259227,28.59816],[77.259251,28.598169],[77.259728,28.598076],[77.25983,28.598077],[77.260478,28.598365],[77.260487,28.59838],[77.260488,28.598402],[77.26048,28.598572],[77.260494,28.598603],[77.260518,28.598625],[77.261079,28.598874],[77.261093,28.598885],[77.261101,28.598898],[77.260855,28.59926],[77.260847,28.599285],[77.26085,28.599313],[77.260876,28.599346],[77.26139,28.599567]]}},{"type":"Feature","properties":{"kind":"road","class":"residential"},"geometry":{"type":"LineString","coordinates":[[77.25638,28.581648],[77.256179,28.581689],[77.256102,28.581707],[77.256005,28.581743],[77.255855,28.581831],[77.255803,28.581878],[77.255682,28.582037]]}},{"type":"Feature","properties":{"kind":"road","class":"footway"},"geometry":{"type":"LineString","coordinates":[[77.256382,28.593028],[77.256397,28.592968]]}},{"type":"Feature","properties":{"kind":"road","class":"residential"},"geometry":{"type":"LineString","coordinates":[[77.256392,28.57993],[77.256176,28.579761],[77.25613,28.579724]]}},{"type":"Feature","properties":{"kind":"road","class":"residential"},"geometry":{"type":"LineString","coordinates":[[77.256392,28.57993],[77.2562,28.580067],[77.256093,28.580144],[77.255998,28.5802],[77.255855,28.580319],[77.25568,28.580467],[77.255556,28.580544],[77.255296,28.580708],[77.255261,28.580731],[77.255188,28.580777],[77.255162,28.580802],[77.25514,28.580848],[77.255142,28.580907],[77.255158,28.580952],[77.255302,28.581238]]}},{"type":"Feature","properties":{"kind":"road","class":"residential"},"geometry":{"type":"LineString","coordinates":[[77.256392,28.57993],[77.256484,28.579878],[77.25654,28.579856]]}},{"type":"Feature","properties":{"kind":"road","class":"footway"},"geometry":{"type":"LineString","coordinates":[[77.256397,28.59435],[77.256444,28.594361],[77.256561,28.594387]]}},{"type":"Feature","properties":{"kind":"road","class":"footway"},"geometry":{"type":"LineString","coordinates":[[77.256406,28.594321],[77.256347,28.594303],[77.256314,28.594307],[77.256283,28.594317],[77.256256,28.594335],[77.256236,28.594358],[77.256223,28.594385],[77.256218,28.594413],[77.256222,28.594441],[77.256234,28.594468],[77.256254,28.59449],[77.256279,28.594508],[77.256346,28.59452],[77.256364,28.594462],[77.256397,28.59435],[77.256406,28.594321]]}},{"type":"Feature","properties":{"kind":"road","class":"footway"},"geometry":{"type":"LineString","coordinates":[[77.256443,28.593307],[77.256593,28.593339],[77.256569,28.593425]]}},{"type":"Feature","properties":{"kind":"road","class":"residential"},"geometry":{"type":"LineString","coordinates":[[77.25648,28.579836],[77.256392,28.57993]]}},{"type":"Feature","properties":{"kind":"road","class":"footway"},"geometry":{"type":"LineString","coordinates":[[77.256495,28.591227],[77.256476,28.591165],[77.256467,28.591137],[77.256453,28.591045],[77.256456,28.590975],[77.256402,28.590961]]}},{"type":"Feature","properties":{"kind":"road","class":"footway"},"geometry":{"type":"LineString","coordinates":[[77.256512,28.591712],[77.256328,28.591712],[77.256324,28.591637],[77.256322,28.591575],[77.256397,28.591564],[77.256531,28.591581],[77.256772,28.591563],[77.256773,28.591531]]}},{"type":"Feature","properties":{"kind":"road","class":"lane"},"geometry":{"type":"LineString","coordinates":[[77.25652,28.594502],[77.256541,28.594443],[77.256561,28.594387]]}},{"type":"Feature","properties":{"kind":"road","class":"lane"},"geometry":{"type":"LineString","coordinates":[[77.256541,28.594443],[77.256772,28.5945]]}},{"type":"Feature","properties":{"kind":"road","class":"footway"},"geometry":{"type":"LineString","coordinates":[[77.256546,28.591665],[77.256539,28.591627],[77.256531,28.591581]]}},{"type":"Feature","properties":{"kind":"road","class":"residential"},"geometry":{"type":"LineString","coordinates":[[77.256603,28.58961],[77.256496,28.589587],[77.25632,28.589541],[77.25609,28.589493],[77.255558,28.58937]]}},{"type":"Feature","properties":{"kind":"road","class":"footway"},"geometry":{"type":"LineString","coordinates":[[77.256626,28.591709],[77.256621,28.59169],[77.256608,28.591674],[77.25659,28.591663],[77.256568,28.59166],[77.256546,28.591665],[77.256528,28.591676],[77.256516,28.591693],[77.256512,28.591712],[77.256517,28.591731],[77.25653,28.591747],[77.256549,28.591757],[77.256571,28.591761],[77.256593,28.591756],[77.256611,28.591745],[77.256623,28.591728],[77.256626,28.591709]]}},{"type":"Feature","properties":{"kind":"road","class":"footway"},"geometry":{"type":"LineString","coordinates":[[77.256656,28.590642],[77.256512,28.590612],[77.256451,28.590703],[77.256359,28.590711],[77.256355,28.590749],[77.256396,28.590768],[77.256489,28.590834],[77.256403,28.590938],[77.256402,28.590961],[77.256399,28.591003],[77.256312,28.591037],[77.256241,28.591113],[77.256169,28.591267],[77.256227,28.591321],[77.256216,28.591363],[77.256154,28.591401],[77.256066,28.591497],[77.255994,28.591588],[77.255986,28.591673],[77.256018,28.591766],[77.256047,28.591795],[77.256087,28.591812],[77.256101,28.591879],[77.256226,28.591859],[77.256265,28.591863],[77.256298,28.591973],[77.256308,28.592065]]}},{"type":"Feature","properties":{"kind":"road","class":"footway"},"geometry":{"type":"LineString","coordinates":[[77.256662,28.592122],[77.25677,28.592099],[77.256743,28.592002],[77.256689,28.592013],[77.256636,28.592025],[77.256648,28.592071],[77.256662,28.592122]]}},{"type":"Feature","properties":{"kind":"road","class":"footway"},"geometry":{"type":"LineString","coordinates":[[77.25668,28.59136],[77.25653,28.591356],[77.256432,28.591331],[77.256454,28.591269],[77.256461,28.591218],[77.256495,28.591227],[77.256527,28.591236],[77.256712,28.59121],[77.256797,28.591195],[77.256826,28.591185],[77.256846,28.591159],[77.256848,28.591089],[77.256864,28.590985],[77.256805,28.590933],[77.256772,28.590885],[77.256763,28.59081],[77.256743,28.590758]]}},{"type":"Feature","properties":{"kind":"road","class":"residential"},"geometry":{"type":"LineString","coordinates":[[77.256681,28.587729],[77.256473,28.587694]]}},{"type":"Feature","properties":{"kind":"road","class":"footway"},"geometry":{"type":"LineString","coordinates":[[77.256689,28.592013],[77.256685,28.591991],[77.256696,28.591928],[77.256673,28.591857],[77.256657,28.591789],[77.256616,28.591762],[77.256593,28.591756]]}},{"type":"Feature","properties":{"kind":"road","class":"footway"},"geometry":{"type":"LineString","coordinates":[[77.256743,28.58909],[77.256932,28.5892]]}},{"type":"Feature","properties":{"kind":"road","class":"footway"},"geometry":{"type":"LineString","coordinates":[[77.256743,28.590758],[77.256685,28.590741],[77.256651,28.590696],[77.256656,28.590642],[77.256693,28.590605],[77.256749,28.590593],[77.256801,28.590611],[77.256833,28.590653],[77.256831,28.590702],[77.256797,28.590742],[77.256743,28.590758]]}},{"type":"Feature","properties":{"kind":"road","class":"footway"},"geometry":{"type":"LineString","coordinates":[[77.256761,28.589026],[77.256805,28.588958]]}},{"type":"Feature","properties":{"kind":"road","class":"footway"},"geometry":{"type":"LineString","coordinates":[[77.256764,28.589053],[77.256205,28.588935]]}},{"type":"Feature","properties":{"kind":"road","class":"footway"},"geometry":{"type":"LineString","coordinates":[[77.256773,28.591531],[77.256668,28.591525],[77.25668,28.59136],[77.25679,28.591366],[77.256892,28.591371],[77.256881,28.591537],[77.256773,28.591531]]}},{"type":"Feature","properties":{"kind":"road","class":"residential"},"geometry":{"type":"LineString","coordinates":[[77.25678,28.598977],[77.256807,28.599039],[77.256817,28.599062],[77.256841,28.599129],[77.256854,28.59915],[77.256884,28.599172],[77.256919,28.599186],[77.25729,28.599268],[77.257336,28.599284],[77.257378,28.599308],[77.257503,28.599425],[77.25753,28.599437],[77.257591,28.599451],[77.258015,28.599526],[77.25805,28.59954],[77.25809,28.599565],[77.258132,28.599606],[77.258112,28.599696],[77.258094,28.599775],[77.258037,28.600033],[77.257906,28.60042],[77.257777,28.600814],[77.257441,28.601857],[77.257229,28.602419],[77.256842,28.60352],[77.256309,28.605113],[77.255707,28.607001]]}},{"type":"Feature","properties":{"kind":"road","class":"footway"},"geometry":{"type":"LineString","coordinates":[[77.25679,28.591366],[77.256804,28.591285],[77.256862,28.591271],[77.256911,28.591246],[77.256947,28.591186],[77.256974,28.591122],[77.256985,28.591067],[77.256983,28.590997],[77.256962,28.590923],[77.256958,28.590815],[77.256941,28.59076],[77.256896,28.590715],[77.256831,28.590702]]}},{"type":"Feature","properties":{"kind":"road","class":"footway"},"geometry":{"type":"LineString","coordinates":[[77.256805,28.588958],[77.256964,28.589029]]}},{"type":"Feature","properties":{"kind":"road","class":"residential"},"geometry":{"type":"LineString","coordinates":[[77.256806,28.589042],[77.256779,28.589144],[77.256603,28.58961],[77.256476,28.589979],[77.256326,28.590339],[77.256171,28.590588],[77.256058,28.590758],[77.255878,28.590864],[77.255546,28.590989],[77.255495,28.591002],[77.255433,28.591011],[77.255366,28.591028]]}},{"type":"Feature","properties":{"kind":"road","class":"footway"},"geometry":{"type":"LineString","coordinates":[[77.256916,28.592865],[77.256915,28.592737],[77.256776,28.592695],[77.256664,28.592682],[77.256569,28.592631],[77.256574,28.592504],[77.25655,28.592455],[77.256531,28.592346],[77.256539,28.592238],[77.256648,28.592071]]}},{"type":"Feature","properties":{"kind":"road","class":"footway"},"geometry":{"type":"LineString","coordinates":[[77.256932,28.5892],[77.257437,28.589492]]}},{"type":"Feature","properties":{"kind":"road","class":"footway"},"geometry":{"type":"LineString","coordinates":[[77.256951,28.589952],[77.257307,28.589984],[77.25729,28.590047],[77.257345,28.590059]]}},{"type":"Feature","properties":{"kind":"road","class":"footway"},"geometry":{"type":"LineString","coordinates":[[77.256962,28.589164],[77.256764,28.589053]]}},{"type":"Feature","properties":{"kind":"road","class":"residential"},"geometry":{"type":"LineString","coordinates":[[77.256967,28.581552],[77.257137,28.581632]]}},{"type":"Feature","properties":{"kind":"road","class":"residential"},"geometry":{"type":"LineString","coordinates":[[77.256974,28.580696],[77.256106,28.580245]]}},{"type":"Feature","properties":{"kind":"road","class":"residential"},"geometry":{"type":"LineString","coordinates":[[77.256974,28.580696],[77.257133,28.58045],[77.257317,28.580136]]}},{"type":"Feature","properties":{"kind":"road","class":"residential"},"geometry":{"type":"LineString","coordinates":[[77.256983,28.585356],[77.257101,28.5853],[77.257226,28.585272],[77.257576,28.585313],[77.257958,28.585366]]}},{"type":"Feature","properties":{"kind":"road","class":"residential"},"geometry":{"type":"LineString","coordinates":[[77.257021,28.594268],[77.25718,28.594423],[77.257233,28.594495],[77.2573,28.594614],[77.257536,28.595231],[77.257848,28.5959],[77.257897,28.595951],[77.257978,28.596005],[77.258143,28.596062],[77.258715,28.596218],[77.259067,28.596276],[77.259433,28.59628]]}},{"type":"Feature","properties":{"kind":"road","class":"footway"},"geometry":{"type":"LineString","coordinates":[[77.257036,28.589671],[77.257394,28.589748]]}},{"type":"Feature","properties":{"kind":"road","class":"lane"},"geometry":{"type":"LineString","coordinates":[[77.257124,28.592984],[77.256611,28.592881],[77.256081,28.592774]]}},{"type":"Feature","properties":{"kind":"road","class":"residential"},"geometry":{"type":"LineString","coordinates":[[77.257133,28.58045],[77.257981,28.580827]]}},{"type":"Feature","properties":{"kind":"road","class":"lane"},"geometry":{"type":"LineString","coordinates":[[77.257136,28.592917],[77.256916,28.592865],[77.256282,28.592717],[77.255717,28.5926],[77.255674,28.592581],[77.255642,28.592549],[77.255623,28.592503],[77.255617,28.592454],[77.255621,28.592415],[77.255684,28.592223],[77.256272,28.590725],[77.25639,28.590404],[77.256428,28.590334],[77.256452,28.590318],[77.256481,28.590314],[77.256521,28.590317],[77.256752,28.590344]]}},{"type":"Feature","properties":{"kind":"road","class":"lane"},"geometry":{"type":"LineString","coordinates":[[77.257143,28.589304],[77.25711,28.589416],[77.257036,28.589671],[77.256951,28.589952],[77.256938,28.589998]]}},{"type":"Feature","properties":{"kind":"road","class":"residential"},"geometry":{"type":"LineString","coordinates":[[77.257179,28.587876],[77.257149,28.588382],[77.257142,28.588698],[77.25713,28.589051],[77.257127,28.589166],[77.257143,28.589304]]}},{"type":"Feature","properties":{"kind":"road","class":"footway"},"geometry":{"type":"LineString","coordinates":[[77.257194,28.58911],[77.257364,28.589119]]}},{"type":"Feature","properties":{"kind":"road","class":"residential"},"geometry":{"type":"LineString","coordinates":[[77.257227,28.586034],[77.257178,28.585945],[77.257122,28.585843],[77.257053,28.585739],[77.257023,28.585669],[77.257002,28.585592],[77.256994,28.585391],[77.256983,28.585356],[77.256946,28.585344],[77.256415,28.585267],[77.256365,28.585245],[77.256337,28.585213],[77.256315,28.585161],[77.25622,28.584969],[77.256175,28.584919],[77.256127,28.584899],[77.256085,28.5849],[77.255987,28.58495],[77.255895,28.585012],[77.255762,28.585063],[77.255637,28.585085],[77.255532,28.585082],[77.255445,28.585075],[77.255294,28.585062],[77.255057,28.585023]]}},{"type":"Feature","properties":{"kind":"road","class":"residential"},"geometry":{"type":"LineString","coordinates":[[77.257227,28.586034],[77.25725,28.586088],[77.257268,28.586271],[77.257244,28.586445],[77.257216,28.586559],[77.257197,28.58666],[77.257165,28.587104],[77.257132,28.587508],[77.257158,28.587602],[77.257163,28.587781],[77.257179,28.587876]]}},{"type":"Feature","properties":{"kind":"road","class":"footway"},"geometry":{"type":"LineString","coordinates":[[77.257345,28.590059],[77.257434,28.589757]]}},{"type":"Feature","properties":{"kind":"road","class":"footway"},"geometry":{"type":"LineString","coordinates":[[77.257364,28.589119],[77.257692,28.589284]]}},{"type":"Feature","properties":{"kind":"road","class":"footway"},"geometry":{"type":"LineString","coordinates":[[77.257394,28.589748],[77.257434,28.589757],[77.257535,28.58978],[77.257593,28.589584],[77.257602,28.58956],[77.25763,28.589476],[77.257682,28.589316],[77.257692,28.589284],[77.258088,28.588072]]}},{"type":"Feature","properties":{"kind":"road","class":"footway"},"geometry":{"type":"LineString","coordinates":[[77.257437,28.589492],[77.257559,28.589564],[77.257602,28.58956]]}},{"type":"Feature","properties":{"kind":"road","class":"footway"},"geometry":{"type":"LineString","coordinates":[[77.257445,28.588235],[77.257258,28.588172]]}},{"type":"Feature","properties":{"kind":"road","class":"footway"},"geometry":{"type":"LineString","coordinates":[[77.257472,28.589459],[77.256962,28.589164]]}},{"type":"Feature","properties":{"kind":"road","class":"footway"},"geometry":{"type":"LineString","coordinates":[[77.257588,28.589381],[77.25764,28.589297]]}},{"type":"Feature","properties":{"kind":"road","class":"footway"},"geometry":{"type":"LineString","coordinates":[[77.257602,28.58956],[77.257574,28.589516],[77.257472,28.589459]]}},{"type":"Feature","properties":{"kind":"road","class":"primary"},"geometry":{"type":"LineString","coordinates":[[77.257627,28.589522],[77.25783,28.589687],[77.258006,28.589884],[77.25809,28.590015],[77.258116,28.590107],[77.258118,28.590236]]}},{"type":"Feature","properties":{"kind":"road","class":"footway"},"geometry":{"type":"LineString","coordinates":[[77.25763,28.589476],[77.258154,28.589604]]}},{"type":"Feature","properties":{"kind":"road","class":"footway"},"geometry":{"type":"LineString","coordinates":[[77.25764,28.589297],[77.257682,28.589316]]}},{"type":"Feature","properties":{"kind":"road","class":"residential"},"geometry":{"type":"LineString","coordinates":[[77.25766,28.581321],[77.257582,28.581436],[77.257553,28.581505],[77.257532,28.581612],[77.257523,28.581772]]}},{"type":"Feature","properties":{"kind":"road","class":"residential"},"geometry":{"type":"LineString","coordinates":[[77.25766,28.581321],[77.257802,28.581131]]}},{"type":"Feature","properties":{"kind":"road","class":"primary"},"geometry":{"type":"LineString","coordinates":[[77.257784,28.591281],[77.257627,28.591704],[77.257474,28.592153],[77.257487,28.592431]]}},{"type":"Feature","properties":{"kind":"road","class":"residential"},"geometry":{"type":"LineString","coordinates":[[77.257802,28.581131],[77.257673,28.581065],[77.257393,28.580911],[77.25726,28.580845],[77.256974,28.580696]]}},{"type":"Feature","properties":{"kind":"road","class":"residential"},"geometry":{"type":"LineString","coordinates":[[77.257802,28.581131],[77.257981,28.580827]]}},{"type":"Feature","properties":{"kind":"road","class":"footway"},"geometry":{"type":"LineString","coordinates":[[77.257827,28.588366],[77.257445,28.588235]]}},{"type":"Feature","properties":{"kind":"road","class":"residential"},"geometry":{"type":"LineString","coordinates":[[77.257843,28.584307],[77.257523,28.584232]]}},{"type":"Feature","properties":{"kind":"road","class":"footway"},"geometry":{"type":"LineString","coordinates":[[77.257859,28.588377],[77.257827,28.588366]]}},{"type":"Feature","properties":{"kind":"road","class":"lane"},"geometry":{"type":"LineString","coordinates":[[77.257906,28.60042],[77.257925,28.600649],[77.257873,28.601123],[77.257884,28.601163],[77.257914,28.601195],[77.257981,28.601225],[77.258239,28.601288]]}},{"type":"Feature","properties":{"kind":"road","class":"footway"},"geometry":{"type":"LineString","coordinates":[[77.257917,28.588344],[77.258012,28.588054]]}},{"type":"Feature","properties":{"kind":"road","class":"footway"},"geometry":{"type":"LineString","coordinates":[[77.257968,28.588043],[77.257859,28.588377],[77.257903,28.588387],[77.257917,28.588344]]}},{"type":"Feature","properties":{"kind":"road","class":"footway"},"geometry":{"type":"LineString","coordinates":[[77.257968,28.588043],[77.258012,28.588054],[77.258088,28.588072],[77.258145,28.588086]]}},{"type":"Feature","properties":{"kind":"road","class":"residential"},"geometry":{"type":"LineString","coordinates":[[77.257973,28.581215],[77.257802,28.581131]]}},{"type":"Feature","properties":{"kind":"road","class":"lane"},"geometry":{"type":"LineString","coordinates":[[77.257975,28.586277],[77.257648,28.587659]]}},{"type":"Feature","properties":{"kind":"road","class":"residential"},"geometry":{"type":"LineString","coordinates":[[77.257981,28.580827],[77.258196,28.580505]]}},{"type":"Feature","properties":{"kind":"road","class":"residential"},"geometry":{"type":"LineString","coordinates":[[77.257981,28.580827],[77.258809,28.581267]]}},{"type":"Feature","properties":{"kind":"road","class":"residential"},"geometry":{"type":"LineString","coordinates":[[77.25804,28.586323],[77.257975,28.586277],[77.257938,28.586229],[77.257902,28.58616],[77.257877,28.586079],[77.25787,28.586022]]}},{"type":"Feature","properties":{"kind":"road","class":"lane"},"geometry":{"type":"LineString","coordinates":[[77.25804,28.586323],[77.258081,28.586112],[77.258087,28.586078]]}},{"type":"Feature","properties":{"kind":"road","class":"residential"},"geometry":{"type":"LineString","coordinates":[[77.258059,28.584641],[77.257937,28.584582],[77.257856,28.584504],[77.25783,28.584471],[77.257821,28.584429],[77.257843,28.584307],[77.257934,28.58404],[77.257995,28.583895],[77.258048,28.583781]]}},{"type":"Feature","properties":{"kind":"road","class":"lane"},"geometry":{"type":"LineString","coordinates":[[77.258087,28.586078],[77.258108,28.58596]]}},{"type":"Feature","properties":{"kind":"road","class":"lane"},"geometry":{"type":"LineString","coordinates":[[77.258108,28.58596],[77.258133,28.585842],[77.258172,28.585669],[77.258249,28.585329],[77.25831,28.585056],[77.258325,28.584992],[77.258397,28.584717],[77.258446,28.584575],[77.258478,28.584532],[77.258556,28.584465],[77.258747,28.584333],[77.258796,28.584269],[77.25882,28.584212],[77.258893,28.583966]]}},{"type":"Feature","properties":{"kind":"road","class":"residential"},"geometry":{"type":"LineString","coordinates":[[77.258132,28.599606],[77.258217,28.599684],[77.25826,28.599725],[77.258318,28.599802],[77.25842,28.599983],[77.258431,28.599999],[77.258444,28.600011],[77.258475,28.600031],[77.259214,28.600387],[77.259527,28.600522],[77.259581,28.600534],[77.259648,28.600542],[77.259926,28.600582],[77.259979,28.600581],[77.26,28.600574],[77.260038,28.600548],[77.260053,28.600542],[77.260433,28.600556],[77.260484,28.600564],[77.260583,28.600599],[77.260602,28.600618],[77.260609,28.600643],[77.260602,28.600667],[77.26058,28.6007],[77.260404,28.600929],[77.260393,28.600951],[77.260377,28.600988],[77.260366,28.601002],[77.260208,28.601144],[77.260159,28.601173],[77.260096,28.601207],[77.259783,28.601349],[77.259484,28.601447],[77.259353,28.60146],[77.259308,28.601461],[77.259257,28.601457],[77.258929,28.601371],[77.258877,28.601354],[77.258823,28.60133],[77.258586,28.601203],[77.258575,28.601188],[77.258569,28.601173],[77.258574,28.601112],[77.258714,28.600856],[77.258738,28.60083],[77.25878,28.600801],[77.25893,28.600703]]}},{"type":"Feature","properties":{"kind":"road","class":"lane"},"geometry":{"type":"LineString","coordinates":[[77.258172,28.585669],[77.258765,28.585687],[77.258845,28.585669],[77.258889,28.585622],[77.258912,28.585562],[77.258952,28.585442],[77.259034,28.585153],[77.25912,28.584851],[77.259289,28.584269]]}},{"type":"Feature","properties":{"kind":"road","class":"residential"},"geometry":{"type":"LineString","coordinates":[[77.258178,28.584654],[77.258059,28.584641]]}},{"type":"Feature","properties":{"kind":"road","class":"residential"},"geometry":{"type":"LineString","coordinates":[[77.258295,28.589684],[77.257991,28.589556],[77.2579,28.589518],[77.257723,28.589444],[77.257588,28.589381],[77.25751,28.589345],[77.257275,28.589237],[77.257189,28.589193],[77.257127,28.589166],[77.256806,28.589042],[77.256761,28.589026],[77.256524,28.588943],[77.256383,28.588904],[77.255875,28.588817],[77.255761,28.588809],[77.255366,28.588753],[77.255324,28.588755]]}},{"type":"Feature","properties":{"kind":"road","class":"residential"},"geometry":{"type":"LineString","coordinates":[[77.258356,28.589714],[77.258295,28.589684]]}},{"type":"Feature","properties":{"kind":"road","class":"primary"},"geometry":{"type":"LineString","coordinates":[[77.258387,28.590627],[77.258023,28.590536]]}},{"type":"Feature","properties":{"kind":"road","class":"lane"},"geometry":{"type":"LineString","coordinates":[[77.258475,28.587156],[77.258279,28.587463],[77.258214,28.587528],[77.258137,28.587584],[77.258073,28.5876],[77.258004,28.587598],[77.257817,28.587567],[77.257764,28.587581],[77.257717,28.587611],[77.257648,28.587659],[77.257516,28.587827],[77.25743,28.587925],[77.257331,28.588038],[77.257289,28.588093],[77.257271,28.588127],[77.257258,28.588172],[77.257254,28.588187],[77.257194,28.58911],[77.257189,28.589193],[77.257179,28.589319]]}},{"type":"Feature","properties":{"kind":"road","class":"residential"},"geometry":{"type":"LineString","coordinates":[[77.258483,28.582686],[77.258389,28.582833],[77.25839,28.583019],[77.258428,28.583354],[77.258377,28.583533],[77.258279,28.583741],[77.25832,28.583845],[77.258299,28.583961],[77.258201,28.584392],[77.258159,28.584589],[77.258178,28.584654],[77.258216,28.58479],[77.258209,28.584864],[77.258186,28.584936],[77.258076,28.585083],[77.258013,28.585196],[77.257958,28.585366],[77.257966,28.585448],[77.257993,28.585539],[77.257953,28.585684],[77.257872,28.585925],[77.25787,28.586022]]}},{"type":"Feature","properties":{"kind":"road","class":"primary"},"geometry":{"type":"LineString","coordinates":[[77.25853,28.588938],[77.258885,28.589028]]}},{"type":"Feature","properties":{"kind":"road","class":"residential"},"geometry":{"type":"LineString","coordinates":[[77.258635,28.58173],[77.25807,28.581741],[77.257523,28.581772],[77.257247,28.581784],[77.257024,28.581785],[77.25662,28.581814],[77.256363,28.581836],[77.256124,28.581906],[77.255971,28.581979],[77.255829,28.582073],[77.255706,28.582176],[77.255367,28.582493],[77.254958,28.582904],[77.254906,28.582967],[77.25474,28.58317]]}},{"type":"Feature","properties":{"kind":"road","class":"residential"},"geometry":{"type":"LineString","coordinates":[[77.258635,28.58173],[77.259574,28.581737],[77.259947,28.58174],[77.260114,28.581738],[77.26036,28.581737],[77.260453,28.581737]]}},{"type":"Feature","properties":{"kind":"road","class":"lane"},"geometry":{"type":"LineString","coordinates":[[77.258635,28.583941],[77.258893,28.583966],[77.259071,28.583983]]}},{"type":"Feature","properties":{"kind":"road","class":"residential"},"geometry":{"type":"LineString","coordinates":[[77.258638,28.589855],[77.258356,28.589714]]}},{"type":"Feature","properties":{"kind":"road","class":"primary"},"geometry":{"type":"LineString","coordinates":[[77.258684,28.582052],[77.259542,28.582102],[77.260189,28.582172],[77.261198,28.582356],[77.261424,28.58242]]}},{"type":"Feature","properties":{"kind":"road","class":"footway"},"geometry":{"type":"LineString","coordinates":[[77.258773,28.589897],[77.259683,28.590317],[77.259936,28.590403],[77.260572,28.590562],[77.260647,28.591275],[77.260565,28.591332],[77.260518,28.591413],[77.260526,28.591557],[77.260572,28.591625],[77.260651,28.591674],[77.260624,28.592076],[77.260589,28.592204],[77.260496,28.59234],[77.2604,28.592793],[77.260327,28.59317],[77.260294,28.593729],[77.260306,28.594034]]}},{"type":"Feature","properties":{"kind":"road","class":"lane"},"geometry":{"type":"LineString","coordinates":[[77.258798,28.597397],[77.258952,28.597134],[77.259212,28.596657],[77.259433,28.59628]]}},{"type":"Feature","properties":{"kind":"road","class":"lane"},"geometry":{"type":"LineString","coordinates":[[77.25889,28.586606],[77.258691,28.586711],[77.258618,28.586757],[77.25855,28.586836],[77.258517,28.58692],[77.258475,28.587156],[77.25845,28.587295],[77.258425,28.587609],[77.258409,28.587827],[77.258363,28.588035],[77.258264,28.588379],[77.258177,28.588613],[77.258087,28.58888],[77.258035,28.588987],[77.257723,28.589444]]}},{"type":"Feature","properties":{"kind":"road","class":"lane"},"geometry":{"type":"LineString","coordinates":[[77.258952,28.585442],[77.258249,28.585329]]}},{"type":"Feature","properties":{"kind":"road","class":"lane"},"geometry":{"type":"LineString","coordinates":[[77.259034,28.585153],[77.258325,28.584992],[77.258263,28.584979]]}},{"type":"Feature","properties":{"kind":"road","class":"residential"},"geometry":{"type":"LineString","coordinates":[[77.259045,28.580916],[77.258809,28.581267],[77.258686,28.581449],[77.25866,28.581497],[77.258644,28.581554],[77.258635,28.58173]]}},{"type":"Feature","properties":{"kind":"road","class":"lane"},"geometry":{"type":"LineString","coordinates":[[77.25912,28.584851],[77.258829,28.584797],[77.258397,28.584717]]}},{"type":"Feature","properties":{"kind":"road","class":"residential"},"geometry":{"type":"LineString","coordinates":[[77.259256,28.582669],[77.258945,28.582679],[77.258483,28.582686],[77.257925,28.58268],[77.257017,28.582708],[77.256583,28.582708],[77.256438,28.582713],[77.256375,28.582724],[77.256318,28.582748],[77.25614,28.58289],[77.256068,28.582969],[77.255788,28.583329],[77.255674,28.583465],[77.25557,28.583578],[77.255492,28.583641],[77.255243,28.583782],[77.255087,28.583865],[77.255053,28.583886],[77.25499,28.583937]]}},{"type":"Feature","properties":{"kind":"road","class":"residential"},"geometry":{"type":"LineString","coordinates":[[77.259273,28.582582],[77.259256,28.582669]]}},{"type":"Feature","properties":{"kind":"road","class":"footway"},"geometry":{"type":"LineString","coordinates":[[77.259275,28.59466],[77.259308,28.594637],[77.259334,28.594607],[77.259358,28.594583],[77.259382,28.594556],[77.259397,28.594524],[77.259413,28.594475],[77.259426,28.594426],[77.259441,28.594379],[77.259458,28.594339],[77.259488,28.594281],[77.259514,28.594248]]}},{"type":"Feature","properties":{"kind":"road","class":"residential"},"geometry":{"type":"LineString","coordinates":[[77.259334,28.581951],[77.259334,28.582031],[77.259338,28.582263],[77.259333,28.582403],[77.259273,28.582582]]}},{"type":"Feature","properties":{"kind":"road","class":"residential"},"geometry":{"type":"LineString","coordinates":[[77.259363,28.586709],[77.25889,28.586606],[77.25804,28.586323]]}},{"type":"Feature","properties":{"kind":"road","class":"footway"},"geometry":{"type":"LineString","coordinates":[[77.259373,28.593888],[77.259349,28.594004],[77.259346,28.594058],[77.259355,28.594107],[77.25939,28.594161],[77.259426,28.5942],[77.259474,28.594232],[77.259514,28.594248],[77.259565,28.594248],[77.259616,28.594237],[77.259654,28.594222],[77.259701,28.594203],[77.259743,28.594182],[77.259792,28.594163],[77.259835,28.594159],[77.259889,28.594169],[77.259923,28.594188],[77.259966,28.594216],[77.260002,28.594255],[77.260019,28.594301],[77.260019,28.594357]]}},{"type":"Feature","properties":{"kind":"road","class":"lane"},"geometry":{"type":"LineString","coordinates":[[77.259396,28.58379],[77.259288,28.583791],[77.259188,28.583827],[77.259112,28.583895],[77.259085,28.583952],[77.259071,28.583983],[77.259071,28.584077],[77.259113,28.584165],[77.259189,28.584232],[77.259289,28.584269],[77.259398,28.584268],[77.259497,28.584232],[77.259574,28.584164],[77.259615,28.584076],[77.259615,28.583982],[77.259573,28.583894],[77.259496,28.583827],[77.259396,28.58379]]}},{"type":"Feature","properties":{"kind":"road","class":"lane"},"geometry":{"type":"LineString","coordinates":[[77.259396,28.58379],[77.259495,28.583315],[77.259529,28.583147]]}},{"type":"Feature","properties":{"kind":"road","class":"residential"},"geometry":{"type":"LineString","coordinates":[[77.259433,28.59628],[77.259746,28.596219],[77.259883,28.5961],[77.259912,28.596075],[77.259989,28.595952],[77.26029,28.595525]]}},{"type":"Feature","properties":{"kind":"road","class":"residential"},"geometry":{"type":"LineString","coordinates":[[77.259562,28.581857],[77.259525,28.581867],[77.259334,28.581951]]}},{"type":"Feature","properties":{"kind":"road","class":"residential"},"geometry":{"type":"LineString","coordinates":[[77.259562,28.581857],[77.259574,28.581737]]}},{"type":"Feature","properties":{"kind":"road","class":"footway"},"geometry":{"type":"LineString","coordinates":[[77.259823,28.594881],[77.259844,28.594906],[77.259879,28.594932],[77.25992,28.594956],[77.259963,28.594968],[77.260009,28.594972],[77.260056,28.594971],[77.260096,28.594963],[77.260153,28.594955],[77.260204,28.594959],[77.260252,28.594982],[77.260284,28.595008],[77.260318,28.595021],[77.260366,28.595021],[77.26041,28.595019]]}},{"type":"Feature","properties":{"kind":"road","class":"residential"},"geometry":{"type":"LineString","coordinates":[[77.259883,28.5961],[77.260012,28.59621],[77.260102,28.596396],[77.260108,28.596425],[77.260107,28.596453],[77.260049,28.596749],[77.260033,28.596951],[77.260007,28.597264],[77.259999,28.597345],[77.259986,28.597422],[77.25983,28.598077]]}},{"type":"Feature","properties":{"kind":"road","class":"lane"},"geometry":{"type":"LineString","coordinates":[[77.259928,28.585871],[77.260041,28.58599],[77.260099,28.586016],[77.260167,28.585996],[77.260206,28.585957],[77.26024,28.585919],[77.260257,28.585865],[77.260254,28.585816],[77.260231,28.585765],[77.26017,28.585709],[77.260103,28.585655]]}},{"type":"Feature","properties":{"kind":"road","class":"footway"},"geometry":{"type":"LineString","coordinates":[[77.260019,28.594357],[77.259946,28.594369],[77.259892,28.594384],[77.259847,28.594407],[77.259804,28.594444],[77.259767,28.594486],[77.259744,28.594529],[77.259743,28.594573],[77.259771,28.594614],[77.259769,28.594636],[77.259755,28.594687],[77.259751,28.594717],[77.259758,28.594784],[77.259773,28.594827],[77.259797,28.594866],[77.259823,28.594881],[77.260224,28.594528],[77.260352,28.594416],[77.260343,28.594395]]}},{"type":"Feature","properties":{"kind":"road","class":"footway"},"geometry":{"type":"LineString","coordinates":[[77.260019,28.594357],[77.260066,28.594372],[77.260107,28.594392],[77.260152,28.594415]]}},{"type":"Feature","properties":{"kind":"road","class":"residential"},"geometry":{"type":"LineString","coordinates":[[77.260049,28.581482],[77.260042,28.581494],[77.260009,28.581568],[77.259947,28.58174]]}},{"type":"Feature","properties":{"kind":"road","class":"residential"},"geometry":{"type":"LineString","coordinates":[[77.260108,28.596425],[77.2603,28.596478],[77.260353,28.596487],[77.260423,28.596494],[77.261202,28.596561],[77.2613,28.596561],[77.261347,28.596549],[77.261397,28.596507],[77.261653,28.596231]]}},{"type":"Feature","properties":{"kind":"road","class":"footway"},"geometry":{"type":"LineString","coordinates":[[77.260224,28.594528],[77.260221,28.594501],[77.260212,28.594479],[77.260189,28.594449],[77.260152,28.594415],[77.260198,28.594405],[77.260244,28.594394],[77.260301,28.594392],[77.260343,28.594395],[77.260329,28.594314],[77.260313,28.594247],[77.260309,28.594178],[77.260301,28.594087],[77.260306,28.594034]]}},{"type":"Feature","properties":{"kind":"road","class":"residential"},"geometry":{"type":"LineString","coordinates":[[77.26029,28.595525],[77.260399,28.595374],[77.260416,28.595343],[77.260424,28.595301],[77.26041,28.595019],[77.260386,28.594545],[77.260363,28.59407],[77.260363,28.593794],[77.260406,28.593217],[77.260467,28.593009],[77.260507,28.592689],[77.260554,28.592343],[77.260593,28.592265],[77.260635,28.592228],[77.260675,28.592088],[77.26069,28.591663],[77.260693,28.591568],[77.260683,28.591301],[77.260677,28.591128],[77.260607,28.59054],[77.260413,28.59048],[77.26036,28.590463],[77.259986,28.590383],[77.259901,28.59036],[77.259626,28.590241],[77.259437,28.590153],[77.259144,28.590016],[77.25897,28.589942],[77.258876,28.5899],[77.258787,28.589859]]}},{"type":"Feature","properties":{"kind":"road","class":"footway"},"geometry":{"type":"LineString","coordinates":[[77.260294,28.593729],[77.260199,28.593854],[77.26012,28.593966],[77.260015,28.594026],[77.259775,28.594051],[77.25957,28.594015],[77.259441,28.593946],[77.259373,28.593888],[77.259337,28.593858],[77.259302,28.593715],[77.259295,28.593616],[77.259303,28.593496],[77.259348,28.593373],[77.259393,28.593275],[77.259433,28.593159],[77.25948,28.59293],[77.259478,28.592759],[77.259467,28.592595],[77.259455,28.592422],[77.259495,28.592163],[77.259547,28.592068],[77.259626,28.591983],[77.259702,28.591937],[77.259782,28.591912],[77.259899,28.591896],[77.260005,28.591885],[77.260135,28.591931]]}},{"type":"Feature","properties":{"kind":"road","class":"residential"},"geometry":{"type":"LineString","coordinates":[[77.260374,28.581685],[77.26036,28.581737]]}},{"type":"Feature","properties":{"kind":"road","class":"footway"},"geometry":{"type":"LineString","coordinates":[[77.260413,28.59048],[77.260481,28.59041],[77.260576,28.590328],[77.260649,28.59024],[77.260715,28.590159],[77.260832,28.589994],[77.260898,28.589895],[77.260946,28.589787],[77.260945,28.589651],[77.260936,28.589492],[77.260924,28.589328],[77.260896,28.589218],[77.260832,28.589126],[77.260754,28.589039],[77.260634,28.588964],[77.260512,28.588892],[77.260449,28.588828],[77.260446,28.58877],[77.26048,28.588728],[77.26052,28.588659],[77.260537,28.588588],[77.260509,28.588469],[77.260449,28.588391],[77.260354,28.58831],[77.260254,28.588231],[77.260238,28.588142],[77.260261,28.588064],[77.260305,28.587982],[77.260366,28.587902],[77.260422,28.58779],[77.260418,28.587706],[77.26039,28.587625],[77.260329,28.587566],[77.260289,28.587548],[77.260157,28.587556],[77.259841,28.5876],[77.259685,28.587637],[77.259608,28.58772],[77.259579,28.587804],[77.259553,28.58794],[77.259497,28.588156],[77.259456,28.588332],[77.25942,28.588433],[77.259338,28.588737],[77.25928,28.588906],[77.259269,28.588999],[77.259302,28.589086],[77.259296,28.589169],[77.259252,28.589245],[77.259168,28.589311],[77.259135,28.589362],[77.25907,28.589588],[77.259096,28.589658],[77.259286,28.589741],[77.259378,28.589879],[77.259431,28.590031],[77.259476,28.590119],[77.259437,28.590153]]}},{"type":"Feature","properties":{"kind":"road","class":"footway"},"geometry":{"type":"LineString","coordinates":[[77.260415,28.600382],[77.263829,28.601912]]}},{"type":"Feature","properties":{"kind":"road","class":"residential"},"geometry":{"type":"LineString","coordinates":[[77.260467,28.593009],[77.260524,28.593734],[77.260466,28.59416]]}},{"type":"Feature","properties":{"kind":"road","class":"lane"},"geometry":{"type":"LineString","coordinates":[[77.260492,28.585128],[77.260367,28.58501],[77.260257,28.584956],[77.260115,28.584943],[77.259962,28.585012],[77.259923,28.585119],[77.259952,28.585183],[77.260033,28.585317],[77.26011,28.585463]]}},{"type":"Feature","properties":{"kind":"road","class":"footway"},"geometry":{"type":"LineString","coordinates":[[77.260588,28.599388],[77.259755,28.599024],[77.258308,28.598445],[77.257302,28.598059],[77.257105,28.597952],[77.256888,28.597789],[77.256704,28.59756],[77.256541,28.597276],[77.256409,28.597144]]}},{"type":"Feature","properties":{"kind":"road","class":"lane"},"geometry":{"type":"LineString","coordinates":[[77.260595,28.583254],[77.261195,28.583422],[77.261291,28.583475],[77.261367,28.583547],[77.261583,28.583836]]}},{"type":"Feature","properties":{"kind":"road","class":"residential"},"geometry":{"type":"LineString","coordinates":[[77.260606,28.581838],[77.260363,28.581836],[77.259804,28.58184],[77.259598,28.581851],[77.259562,28.581857]]}},{"type":"Feature","properties":{"kind":"road","class":"residential"},"geometry":{"type":"LineString","coordinates":[[77.260635,28.592228],[77.26062,28.592519],[77.260639,28.592684],[77.26064,28.59286],[77.260663,28.592957],[77.260796,28.593046],[77.260982,28.593082],[77.261186,28.593176],[77.261349,28.593301],[77.261381,28.593322],[77.261677,28.593389],[77.261782,28.593388],[77.261925,28.593321],[77.26204,28.593284],[77.262176,28.593275],[77.262361,28.593302],[77.262554,28.593301],[77.262652,28.593292],[77.262674,28.593246],[77.262643,28.593216],[77.262572,28.593203],[77.262509,28.593206],[77.262327,28.593216],[77.262176,28.593275]]}},{"type":"Feature","properties":{"kind":"road","class":"residential"},"geometry":{"type":"LineString","coordinates":[[77.260675,28.592088],[77.260803,28.592213],[77.260949,28.592317],[77.260988,28.592347],[77.261019,28.592381],[77.261089,28.5925],[77.26118,28.592679],[77.261212,28.592739],[77.261245,28.592806],[77.261327,28.592918],[77.26146,28.593072],[77.261515,28.593094],[77.261561,28.593112],[77.261615,28.593123],[77.26168,28.593116],[77.261792,28.59306],[77.261823,28.593032],[77.261853,28.592998],[77.262053,28.592672],[77.262121,28.592609],[77.262208,28.592576],[77.262305,28.592557],[77.262454,28.592576],[77.262549,28.592606],[77.262651,28.592644],[77.262725,28.592689],[77.262817,28.592798],[77.262839,28.592868],[77.262831,28.592945],[77.262828,28.593017],[77.262849,28.593057],[77.262891,28.593104],[77.262974,28.593192],[77.263014,28.593262],[77.263058,28.593392],[77.263098,28.593519],[77.263128,28.593635],[77.263141,28.593764],[77.263137,28.593918],[77.263086,28.594125],[77.263014,28.594307],[77.262934,28.594389],[77.262813,28.594464],[77.262715,28.594494],[77.262691,28.594502]]}},{"type":"Feature","properties":{"kind":"road","class":"residential"},"geometry":{"type":"LineString","coordinates":[[77.26069,28.591663],[77.2606,28.591591],[77.260568,28.591533],[77.260571,28.591397],[77.260618,28.591337],[77.260683,28.591301]]}},{"type":"Feature","properties":{"kind":"road","class":"lane"},"geometry":{"type":"LineString","coordinates":[[77.260703,28.582983],[77.260659,28.583049],[77.260636,28.583122],[77.260595,28.583254],[77.260345,28.584037],[77.260331,28.584121],[77.260349,28.584224],[77.260441,28.584339],[77.260553,28.584418],[77.260611,28.584432],[77.260662,28.584429],[77.260744,28.5844],[77.261113,28.584159]]}},{"type":"Feature","properties":{"kind":"road","class":"residential"},"geometry":{"type":"LineString","coordinates":[[77.260796,28.593046],[77.260746,28.593107],[77.260702,28.593132],[77.260671,28.593125],[77.260649,28.593072],[77.260663,28.592957]]}},{"type":"Feature","properties":{"kind":"road","class":"lane"},"geometry":{"type":"LineString","coordinates":[[77.260853,28.584872],[77.260462,28.584442],[77.26014,28.584128]]}},{"type":"Feature","properties":{"kind":"road","class":"lane"},"geometry":{"type":"LineString","coordinates":[[77.260866,28.590527],[77.261273,28.59057],[77.262092,28.590697],[77.262497,28.590794],[77.262688,28.590835],[77.262771,28.590866],[77.262824,28.590919],[77.262869,28.590946],[77.262941,28.590971],[77.263015,28.590989],[77.263477,28.591095],[77.263957,28.591206],[77.264494,28.591287],[77.264551,28.591281],[77.264616,28.591234],[77.264774,28.591044],[77.264812,28.591003],[77.264842,28.590977],[77.264889,28.590961],[77.264956,28.590958],[77.265,28.590943],[77.265045,28.590915],[77.265087,28.590881],[77.265201,28.590777]]}},{"type":"Feature","properties":{"kind":"road","class":"footway"},"geometry":{"type":"LineString","coordinates":[[77.26087,28.594503],[77.260857,28.594837],[77.260911,28.595114]]}},{"type":"Feature","properties":{"kind":"road","class":"footway"},"geometry":{"type":"LineString","coordinates":[[77.260911,28.595114],[77.260937,28.595163],[77.261009,28.595172],[77.261059,28.595171],[77.261184,28.595165],[77.261302,28.595156],[77.261396,28.595154],[77.261571,28.595179],[77.261699,28.59521],[77.261838,28.595249],[77.261951,28.595301],[77.262049,28.595352],[77.262122,28.595348],[77.262239,28.595327],[77.262288,28.595312],[77.262298,28.595277],[77.262305,28.595212],[77.262319,28.595138],[77.262347,28.595091],[77.262381,28.595043],[77.262424,28.594994],[77.262475,28.59496],[77.262567,28.594945],[77.262636,28.594931],[77.262715,28.594902],[77.262741,28.594874],[77.262757,28.594834],[77.262723,28.594784],[77.262677,28.594735],[77.262631,28.594677],[77.262605,28.594648]]}},{"type":"Feature","properties":{"kind":"road","class":"residential"},"geometry":{"type":"LineString","coordinates":[[77.260978,28.594492],[77.26087,28.594503],[77.260386,28.594545]]}},{"type":"Feature","properties":{"kind":"road","class":"lane"},"geometry":{"type":"LineString","coordinates":[[77.261112,28.589266],[77.262491,28.589495],[77.262534,28.589494],[77.262557,28.589489],[77.262572,28.589474],[77.262586,28.589446],[77.26263,28.589351],[77.262662,28.589288],[77.262677,28.589271],[77.262701,28.589257],[77.262732,28.589254],[77.262788,28.589263],[77.26318,28.589317]]}},{"type":"Feature","properties":{"kind":"road","class":"residential"},"geometry":{"type":"LineString","coordinates":[[77.261202,28.596561],[77.261468,28.597279],[77.261512,28.59745],[77.261583,28.597858],[77.261609,28.598303],[77.261591,28.598591],[77.261571,28.598718],[77.261509,28.598953]]}},{"type":"Feature","properties":{"kind":"road","class":"lane"},"geometry":{"type":"LineString","coordinates":[[77.261397,28.584516],[77.261113,28.584159],[77.261583,28.583836],[77.262018,28.583578],[77.262087,28.583537],[77.262482,28.583299]]}},{"type":"Feature","properties":{"kind":"road","class":"lane"},"geometry":{"type":"LineString","coordinates":[[77.261583,28.597858],[77.261813,28.597752],[77.261885,28.597735],[77.261953,28.59773],[77.262041,28.59773],[77.262245,28.597765],[77.26248,28.597827],[77.262843,28.597941],[77.2629,28.597951],[77.262955,28.597948],[77.26299,28.597931],[77.263003,28.597908],[77.263112,28.59739]]}},{"type":"Feature","properties":{"kind":"road","class":"residential"},"geometry":{"type":"LineString","coordinates":[[77.261717,28.594428],[77.261548,28.594413],[77.261288,28.594407],[77.260978,28.594492]]}},{"type":"Feature","properties":{"kind":"road","class":"residential"},"geometry":{"type":"LineString","coordinates":[[77.261795,28.582711],[77.261582,28.582698],[77.261274,28.58268],[77.261141,28.582665],[77.261076,28.582652],[77.260954,28.582626],[77.260851,28.582611],[77.260749,28.582608],[77.260104,28.582649],[77.259482,28.582662],[77.259256,28.582669]]}},{"type":"Feature","properties":{"kind":"road","class":"lane"},"geometry":{"type":"LineString","coordinates":[[77.261865,28.583094],[77.261814,28.583036],[77.26175,28.583008],[77.261653,28.58299],[77.260911,28.582937],[77.260806,28.58294],[77.260753,28.582956],[77.260703,28.582983]]}},{"type":"Feature","properties":{"kind":"road","class":"residential"},"geometry":{"type":"LineString","coordinates":[[77.261945,28.585343],[77.261927,28.585579],[77.261884,28.586105],[77.261867,28.586232],[77.261816,28.5864],[77.261627,28.58693],[77.261524,28.587362],[77.261498,28.587473],[77.261482,28.587595],[77.261445,28.588127],[77.261403,28.588347],[77.261112,28.589266],[77.261095,28.589348],[77.260884,28.590491],[77.260866,28.590527],[77.260814,28.590538],[77.260607,28.59054]]}},{"type":"Feature","properties":{"kind":"road","class":"lane"},"geometry":{"type":"LineString","coordinates":[[77.262018,28.583578],[77.262028,28.583469],[77.262024,28.583415],[77.262007,28.583363],[77.261916,28.583172],[77.261865,28.583094]]}},{"type":"Feature","properties":{"kind":"road","class":"footway"},"geometry":{"type":"LineString","coordinates":[[77.262509,28.593206],[77.26251,28.593152],[77.26251,28.593099],[77.262505,28.593041]]}},{"type":"Feature","properties":{"kind":"road","class":"footway"},"geometry":{"type":"LineString","coordinates":[[77.262652,28.593292],[77.262855,28.593288],[77.26291,28.593326],[77.26295,28.593482],[77.262975,28.59358],[77.262984,28.593661],[77.262979,28.593841],[77.262971,28.593934],[77.262883,28.594211],[77.262802,28.594321],[77.262668,28.594387],[77.262505,28.594415],[77.261806,28.59445],[77.261717,28.594428],[77.261657,28.594368],[77.261641,28.594305],[77.261676,28.593927],[77.261661,28.593888],[77.261605,28.593858],[77.261374,28.593825],[77.260681,28.593727],[77.260627,28.593705],[77.260618,28.593666],[77.260671,28.593125]]}},{"type":"Feature","properties":{"kind":"road","class":"primary"},"geometry":{"type":"LineString","coordinates":[[77.262711,28.583511],[77.262602,28.583619],[77.262216,28.583898],[77.261916,28.584214]]}},{"type":"Feature","properties":{"kind":"road","class":"footway"},"geometry":{"type":"LineString","coordinates":[[77.262715,28.594494],[77.262668,28.594387]]}},{"type":"Feature","properties":{"kind":"road","class":"footway"},"geometry":{"type":"LineString","coordinates":[[77.262771,28.595045],[77.262741,28.594874]]}},{"type":"Feature","properties":{"kind":"road","class":"lane"},"geometry":{"type":"LineString","coordinates":[[77.263174,28.587989],[77.26318,28.588053],[77.263197,28.588078],[77.263225,28.588096],[77.263296,28.588119],[77.263926,28.58828],[77.263991,28.588309],[77.264056,28.588349],[77.264141,28.588399],[77.264298,28.588478],[77.264398,28.58851],[77.264601,28.588563],[77.265131,28.588725],[77.265414,28.588799],[77.265765,28.5889],[77.265966,28.58895],[77.266119,28.588991],[77.266157,28.588994],[77.266186,28.588981],[77.266199,28.588959],[77.266255,28.588773]]}},{"type":"Feature","properties":{"kind":"road","class":"lane"},"geometry":{"type":"LineString","coordinates":[[77.263203,28.594611],[77.262986,28.594596],[77.262957,28.594595],[77.26293,28.594597],[77.262727,28.594652],[77.262698,28.594654],[77.262669,28.594652],[77.262605,28.594648],[77.262359,28.594632],[77.26216,28.594677],[77.261818,28.594673],[77.261761,28.594667],[77.261704,28.594649],[77.261423,28.594482],[77.26137,28.594468],[77.261311,28.594459],[77.260978,28.594492]]}},{"type":"Feature","properties":{"kind":"road","class":"lane"},"geometry":{"type":"LineString","coordinates":[[77.263445,28.585968],[77.263531,28.585958],[77.26361,28.585945],[77.26378,28.58589],[77.263856,28.585886],[77.263933,28.585897],[77.264875,28.586101],[77.264894,28.586109]]}},{"type":"Feature","properties":{"kind":"road","class":"lane"},"geometry":{"type":"LineString","coordinates":[[77.263487,28.585702],[77.263445,28.585968],[77.263356,28.586766],[77.263308,28.587092],[77.263174,28.587989]]}},{"type":"Feature","properties":{"kind":"road","class":"lane"},"geometry":{"type":"LineString","coordinates":[[77.263487,28.585702],[77.263523,28.58563],[77.263554,28.585574],[77.263705,28.585403],[77.263836,28.585273],[77.264089,28.585101],[77.264143,28.585071]]}},{"type":"Feature","properties":{"kind":"road","class":"lane"},"geometry":{"type":"LineString","coordinates":[[77.263794,28.58891],[77.264255,28.589061],[77.265363,28.589411]]}},{"type":"Feature","properties":{"kind":"road","class":"lane"},"geometry":{"type":"LineString","coordinates":[[77.263855,28.588787],[77.264686,28.58905],[77.265061,28.589165],[77.265476,28.589311]]}},{"type":"Feature","properties":{"kind":"road","class":"lane"},"geometry":{"type":"LineString","coordinates":[[77.264056,28.588349],[77.26394,28.588617],[77.263855,28.588787],[77.263794,28.58891],[77.26374,28.589017],[77.26372,28.589055],[77.263703,28.589089],[77.263675,28.589142],[77.263675,28.589163],[77.263687,28.589182],[77.263705,28.589195],[77.263797,28.589225],[77.264132,28.589321],[77.264733,28.589512]]}},{"type":"Feature","properties":{"kind":"road","class":"footway"},"geometry":{"type":"LineString","coordinates":[[77.264444,28.601138],[77.260588,28.599388]]}},{"type":"Feature","properties":{"kind":"road","class":"residential"},"geometry":{"type":"LineString","coordinates":[[77.264792,28.585956],[77.264559,28.585912],[77.263487,28.585702],[77.26344,28.58569],[77.263321,28.585659],[77.262993,28.585576],[77.261945,28.585343],[77.261797,28.585319],[77.261534,28.58529],[77.260968,28.585242],[77.260583,28.585226]]}},{"type":"Feature","properties":{"kind":"road","class":"lane"},"geometry":{"type":"LineString","coordinates":[[77.265061,28.589165],[77.265131,28.588725]]}},{"type":"Feature","properties":{"kind":"road","class":"lane"},"geometry":{"type":"LineString","coordinates":[[77.265966,28.58895],[77.265782,28.589092],[77.265676,28.589164],[77.265597,28.589218],[77.265547,28.589254],[77.265476,28.589311],[77.265363,28.589411],[77.265299,28.589468],[77.265257,28.589496],[77.265193,28.58951],[77.265131,28.589507],[77.265006,28.589475],[77.26372,28.589055]]}},{"type":"Feature","properties":{"kind":"road","class":"lane"},"geometry":{"type":"LineString","coordinates":[[77.265966,28.58895],[77.266115,28.58855],[77.266138,28.588473]]}},{"type":"Feature","properties":{"kind":"road","class":"lane"},"geometry":{"type":"LineString","coordinates":[[77.266115,28.58855],[77.266173,28.588562]]}},{"type":"Feature","properties":{"kind":"road","class":"secondary","name":"Archbishop Makarios Marg"},"geometry":{"type":"LineString","coordinates":[[77.234335,28.592547],[77.234393,28.592472],[77.234507,28.592377],[77.234632,28.592335],[77.234883,28.592312],[77.235103,28.592289]]}},{"type":"Feature","properties":{"kind":"road","class":"secondary","name":"Archbishop Makarios Marg"},"geometry":{"type":"LineString","coordinates":[[77.234337,28.592501],[77.234419,28.592363],[77.234466,28.592282],[77.234507,28.592213],[77.234563,28.592117]]}},{"type":"Feature","properties":{"kind":"road","class":"secondary","name":"Archbishop Makarios Marg"},"geometry":{"type":"LineString","coordinates":[[77.234432,28.592101],[77.234386,28.592198],[77.234355,28.592266]]}},{"type":"Feature","properties":{"kind":"road","class":"residential","name":"B. C. Sanyal Marg"},"geometry":{"type":"LineString","coordinates":[[77.249811,28.591274],[77.249714,28.591273],[77.249555,28.591272],[77.249508,28.591272],[77.249383,28.591259],[77.249258,28.591212],[77.249153,28.591162],[77.249019,28.591085],[77.248596,28.590843],[77.248565,28.590813],[77.248346,28.59037],[77.248323,28.590326],[77.248191,28.590079],[77.24818,28.590059],[77.24817,28.590037],[77.248145,28.589996],[77.248026,28.589751],[77.248017,28.589733],[77.247855,28.58942],[77.247831,28.589384],[77.247821,28.58937],[77.247795,28.58933],[77.247707,28.589188]]}},{"type":"Feature","properties":{"kind":"road","class":"primary","name":"Baba Banda Singh Bahadur Setu"},"geometry":{"type":"LineString","coordinates":[[77.238665,28.583534],[77.23939,28.584143],[77.241084,28.585555],[77.242196,28.586487],[77.242679,28.586819],[77.243112,28.586971],[77.243363,28.587045],[77.243669,28.587118],[77.244079,28.587141],[77.244266,28.587133],[77.244433,28.587116],[77.244535,28.587089],[77.244957,28.586992],[77.245312,28.58687],[77.24611,28.586619],[77.246533,28.586544],[77.246937,28.58654],[77.247426,28.58662],[77.24861,28.586941],[77.249159,28.587058],[77.249567,28.587084],[77.249804,28.587074],[77.249995,28.587048],[77.250182,28.587014],[77.250388,28.586954],[77.250736,28.586821],[77.251011,28.586676],[77.251426,28.586371],[77.252045,28.585842],[77.252653,28.585308],[77.253796,28.584434],[77.254089,28.584225],[77.254729,28.58372],[77.255091,28.583434],[77.255969,28.582808],[77.256277,28.582621],[77.256762,28.582387],[77.257299,28.582204],[77.257846,28.582109],[77.258363,28.58206],[77.258684,28.582052]]}},{"type":"Feature","properties":{"kind":"road","class":"primary","name":"Baba Banda Singh Bahadur Setu"},"geometry":{"type":"LineString","coordinates":[[77.258684,28.582052],[77.25955,28.582004],[77.259856,28.581993],[77.260191,28.582007],[77.260513,28.582033],[77.260824,28.582062],[77.260972,28.582089]]}},{"type":"Feature","properties":{"kind":"road","class":"primary","name":"Baba Banda Singh Bahadur Setu"},"geometry":{"type":"LineString","coordinates":[[77.260779,28.581954],[77.260148,28.58192],[77.258694,28.581951],[77.258324,28.581968],[77.257955,28.581994],[77.257642,28.582034],[77.25733,28.582096],[77.256813,28.582265],[77.256385,28.582451],[77.256131,28.58258],[77.255692,28.582875],[77.254846,28.583497],[77.254031,28.58415],[77.253671,28.584411],[77.253478,28.584557],[77.253052,28.584879],[77.252011,28.585732],[77.251593,28.586118],[77.251146,28.586482],[77.250697,28.58674],[77.250347,28.586875],[77.250074,28.58694],[77.249803,28.586981],[77.249383,28.586989],[77.249054,28.586956],[77.248687,28.586856],[77.247798,28.586632],[77.247369,28.586513],[77.246953,28.586452],[77.246617,28.586452],[77.246214,28.586512],[77.245854,28.586585],[77.245223,28.586795],[77.245015,28.586857],[77.24451,28.587001],[77.244276,28.587033],[77.244037,28.58704],[77.243765,28.587027],[77.243647,28.587023],[77.243335,28.58697],[77.242971,28.586838],[77.242662,28.586693],[77.242227,28.586392],[77.241177,28.585506],[77.240698,28.585112],[77.24022,28.584711],[77.240105,28.584615],[77.239311,28.583949],[77.238739,28.583465]]}},{"type":"Feature","properties":{"kind":"road","class":"footway","name":"Barapullah Bridge"},"geometry":{"type":"LineString","coordinates":[[77.253478,28.584844],[77.253525,28.584706],[77.253124,28.583556]]}},{"type":"Feature","properties":{"kind":"road","class":"residential","name":"Bazar Lane"},"geometry":{"type":"LineString","coordinates":[[77.248978,28.582841],[77.247517,28.584525]]}},{"type":"Feature","properties":{"kind":"road","class":"residential","name":"Bhogal Lane"},"geometry":{"type":"LineString","coordinates":[[77.248119,28.584919],[77.249554,28.583226],[77.249806,28.582925]]}},{"type":"Feature","properties":{"kind":"road","class":"residential","name":"Bhogal Road"},"geometry":{"type":"LineString","coordinates":[[77.247815,28.584723],[77.249245,28.583025],[77.249738,28.582461],[77.250654,28.581364],[77.250886,28.581071]]}},{"type":"Feature","properties":{"kind":"road","class":"residential","name":"Birbal Road"},"geometry":{"type":"LineString","coordinates":[[77.243251,28.584326],[77.242893,28.584609],[77.24287,28.584626],[77.242583,28.584844],[77.24256,28.584862],[77.242081,28.585278],[77.241998,28.585306],[77.241912,28.585308]]}},{"type":"Feature","properties":{"kind":"road","class":"residential","name":"Birbal Road"},"geometry":{"type":"LineString","coordinates":[[77.244776,28.582867],[77.244253,28.583454],[77.244202,28.583531],[77.244125,28.583599],[77.244033,28.583677],[77.243766,28.583907],[77.243729,28.583936],[77.2436,28.584041],[77.243548,28.584083]]}},{"type":"Feature","properties":{"kind":"road","class":"residential","name":"Birbal Road"},"geometry":{"type":"LineString","coordinates":[[77.244776,28.582867],[77.244842,28.582788]]}},{"type":"Feature","properties":{"kind":"road","class":"residential","name":"Birbal Road"},"geometry":{"type":"LineString","coordinates":[[77.244892,28.582722],[77.245032,28.582544]]}},{"type":"Feature","properties":{"kind":"road","class":"residential","name":"Birbal Road"},"geometry":{"type":"LineString","coordinates":[[77.245557,28.583194],[77.244892,28.582722]]}},{"type":"Feature","properties":{"kind":"road","class":"residential","name":"Birbal Road"},"geometry":{"type":"LineString","coordinates":[[77.245709,28.583302],[77.245557,28.583194]]}},{"type":"Feature","properties":{"kind":"road","class":"residential","name":"Birbal Road"},"geometry":{"type":"LineString","coordinates":[[77.245719,28.58176],[77.245644,28.581831],[77.245266,28.582271],[77.245032,28.582544]]}},{"type":"Feature","properties":{"kind":"road","class":"residential","name":"Birbal Road"},"geometry":{"type":"LineString","coordinates":[[77.245815,28.581663],[77.245719,28.58176]]}},{"type":"Feature","properties":{"kind":"road","class":"residential","name":"Birbal Road"},"geometry":{"type":"LineString","coordinates":[[77.248221,28.580921],[77.247933,28.580726],[77.247634,28.580518],[77.247377,28.580351],[77.247154,28.5802],[77.247105,28.580171],[77.247058,28.580151],[77.247038,28.580163],[77.247024,28.580178],[77.246982,28.580221],[77.246897,28.580325],[77.246402,28.580928],[77.246348,28.580994],[77.246287,28.581072],[77.246013,28.581422],[77.245858,28.581619],[77.245815,28.581663]]}},{"type":"Feature","properties":{"kind":"road","class":"residential","name":"Birbal Road"},"geometry":{"type":"LineString","coordinates":[[77.248963,28.585501],[77.248831,28.585375],[77.248627,28.585245],[77.248367,28.585078],[77.248119,28.584919],[77.247867,28.584757],[77.247815,28.584723],[77.247614,28.584591],[77.247517,28.584525],[77.247223,28.584333],[77.246945,28.58415],[77.246621,28.583936],[77.246365,28.583759],[77.246029,28.583528],[77.245709,28.583302]]}},{"type":"Feature","properties":{"kind":"road","class":"residential","name":"Central Road"},"geometry":{"type":"LineString","coordinates":[[77.246287,28.581072],[77.246379,28.581124],[77.246592,28.581264],[77.24685,28.581436],[77.247012,28.581544],[77.247152,28.581637],[77.247454,28.581837],[77.2478,28.582069],[77.248114,28.582265],[77.248405,28.582451],[77.248701,28.582656],[77.248978,28.582841],[77.249245,28.583025],[77.249554,28.583226],[77.249809,28.583408],[77.25009,28.58359]]}},{"type":"Feature","properties":{"kind":"road","class":"residential","name":"Central Road"},"geometry":{"type":"LineString","coordinates":[[77.25009,28.58359],[77.250346,28.583758],[77.25041,28.583797],[77.250494,28.583845]]}},{"type":"Feature","properties":{"kind":"road","class":"residential","name":"Church Lane"},"geometry":{"type":"LineString","coordinates":[[77.250516,28.580002],[77.250119,28.580449],[77.249822,28.580799],[77.249195,28.58154],[77.248405,28.582451],[77.247672,28.583316],[77.246945,28.58415]]}},{"type":"Feature","properties":{"kind":"road","class":"residential","name":"Church Road"},"geometry":{"type":"LineString","coordinates":[[77.24658,28.583977],[77.246621,28.583936],[77.248114,28.582265],[77.24891,28.581325],[77.249224,28.580918],[77.249516,28.580592],[77.249728,28.580348],[77.250208,28.579776]]}},{"type":"Feature","properties":{"kind":"road","class":"secondary","name":"Defence Colony Flyover"},"geometry":{"type":"LineString","coordinates":[[77.239767,28.582581],[77.239956,28.582882],[77.240001,28.582957],[77.240053,28.583042]]}},{"type":"Feature","properties":{"kind":"road","class":"secondary","name":"Defence Colony Flyover"},"geometry":{"type":"LineString","coordinates":[[77.240053,28.583042],[77.240155,28.583222]]}},{"type":"Feature","properties":{"kind":"road","class":"secondary","name":"Defence Colony Flyover"},"geometry":{"type":"LineString","coordinates":[[77.24016,28.582991],[77.239864,28.582505]]}},{"type":"Feature","properties":{"kind":"road","class":"secondary","name":"Defence Colony Flyover"},"geometry":{"type":"LineString","coordinates":[[77.240708,28.583899],[77.240518,28.583581],[77.24016,28.582991]]}},{"type":"Feature","properties":{"kind":"road","class":"primary","name":"Delhi - Meerut Expressway"},"geometry":{"type":"LineString","coordinates":[[77.25588,28.598519],[77.256521,28.598641],[77.257219,28.598848]]}},{"type":"Feature","properties":{"kind":"road","class":"primary","name":"Delhi - Meerut Expressway"},"geometry":{"type":"LineString","coordinates":[[77.256174,28.596476],[77.256182,28.596562],[77.25621,28.596836],[77.256285,28.597178],[77.256399,28.597523],[77.256507,28.597764],[77.256665,28.598033],[77.256942,28.598364],[77.257292,28.59869],[77.257737,28.59902],[77.258282,28.599297],[77.258927,28.599595]]}},{"type":"Feature","properties":{"kind":"road","class":"primary","name":"Delhi - Meerut Expressway"},"geometry":{"type":"LineString","coordinates":[[77.256257,28.595689],[77.256183,28.596113],[77.256174,28.596476]]}},{"type":"Feature","properties":{"kind":"road","class":"primary","name":"Delhi - Meerut Expressway"},"geometry":{"type":"LineString","coordinates":[[77.257081,28.598266],[77.256962,28.598246],[77.2567,28.598256],[77.256552,28.598272],[77.256127,28.59832],[77.255925,28.598314]]}},{"type":"Feature","properties":{"kind":"road","class":"primary","name":"Delhi - Meerut Expressway"},"geometry":{"type":"LineString","coordinates":[[77.257219,28.598848],[77.257403,28.598876],[77.257648,28.598891],[77.257867,28.598917],[77.258099,28.598986],[77.259041,28.599378],[77.260276,28.599965]]}},{"type":"Feature","properties":{"kind":"road","class":"primary","name":"Delhi - Meerut Expressway"},"geometry":{"type":"LineString","coordinates":[[77.258927,28.599595],[77.259376,28.599798],[77.260146,28.600148]]}},{"type":"Feature","properties":{"kind":"road","class":"primary","name":"Delhi - Meerut Expressway"},"geometry":{"type":"LineString","coordinates":[[77.260146,28.600148],[77.263895,28.601834]]}},{"type":"Feature","properties":{"kind":"road","class":"primary","name":"Delhi - Meerut Expressway"},"geometry":{"type":"LineString","coordinates":[[77.260276,28.599965],[77.260329,28.600025]]}},{"type":"Feature","properties":{"kind":"road","class":"primary","name":"Delhi - Meerut Expressway"},"geometry":{"type":"LineString","coordinates":[[77.260276,28.599965],[77.260366,28.599959]]}},{"type":"Feature","properties":{"kind":"road","class":"primary","name":"Delhi - Meerut Expressway"},"geometry":{"type":"LineString","coordinates":[[77.260329,28.600025],[77.261655,28.600637],[77.262648,28.601082],[77.263551,28.601494],[77.264007,28.601699]]}},{"type":"Feature","properties":{"kind":"road","class":"primary","name":"Delhi - Meerut Expressway"},"geometry":{"type":"LineString","coordinates":[[77.260366,28.599959],[77.264065,28.601627]]}},{"type":"Feature","properties":{"kind":"road","class":"primary","name":"Delhi - Meerut Expressway"},"geometry":{"type":"LineString","coordinates":[[77.260437,28.599656],[77.260071,28.599487],[77.25873,28.598885],[77.258487,28.598786],[77.258129,28.59865],[77.257592,28.598435],[77.257081,28.598266]]}},{"type":"Feature","properties":{"kind":"road","class":"primary","name":"Delhi - Meerut Expressway"},"geometry":{"type":"LineString","coordinates":[[77.260532,28.599482],[77.25879,28.598733],[77.257882,28.598396],[77.257217,28.598128],[77.256924,28.597913],[77.256669,28.597675],[77.256474,28.597299],[77.256409,28.597144],[77.256372,28.596999],[77.256366,28.596468]]}},{"type":"Feature","properties":{"kind":"road","class":"primary","name":"Delhi - Meerut Expressway"},"geometry":{"type":"LineString","coordinates":[[77.264256,28.601386],[77.260437,28.599656]]}},{"type":"Feature","properties":{"kind":"road","class":"primary","name":"Delhi - Meerut Expressway"},"geometry":{"type":"LineString","coordinates":[[77.264389,28.601211],[77.260532,28.599482]]}},{"type":"Feature","properties":{"kind":"road","class":"secondary","name":"Doctor Zakir Hussain Marg"},"geometry":{"type":"LineString","coordinates":[[77.237608,28.601955],[77.238125,28.60122],[77.238349,28.600955]]}},{"type":"Feature","properties":{"kind":"road","class":"secondary","name":"Doctor Zakir Hussain Marg"},"geometry":{"type":"LineString","coordinates":[[77.238349,28.600955],[77.238697,28.600488]]}},{"type":"Feature","properties":{"kind":"road","class":"secondary","name":"Doctor Zakir Hussain Marg"},"geometry":{"type":"LineString","coordinates":[[77.238576,28.600453],[77.238237,28.6009],[77.237551,28.601888]]}},{"type":"Feature","properties":{"kind":"road","class":"footway","name":"FOB 1"},"geometry":{"type":"LineString","coordinates":[[77.254618,28.589589],[77.254416,28.589583],[77.254223,28.589577],[77.253943,28.589568],[77.253667,28.589561],[77.253483,28.589554]]}},{"type":"Feature","properties":{"kind":"road","class":"footway","name":"FOB 2"},"geometry":{"type":"LineString","coordinates":[[77.253499,28.588484],[77.253622,28.588486],[77.253643,28.588486],[77.253678,28.588487],[77.253966,28.588497],[77.253985,28.588498],[77.254005,28.588498],[77.254448,28.588513],[77.25466,28.58852],[77.254766,28.588523],[77.255054,28.58853]]}},{"type":"Feature","properties":{"kind":"road","class":"footway","name":"FOB 2"},"geometry":{"type":"LineString","coordinates":[[77.253966,28.588497],[77.253959,28.588638],[77.253979,28.588638],[77.253998,28.588639],[77.254005,28.588498]]}},{"type":"Feature","properties":{"kind":"road","class":"footway","name":"FOB 3"},"geometry":{"type":"LineString","coordinates":[[77.253713,28.587624],[77.254017,28.587635],[77.254284,28.587645],[77.254476,28.587652],[77.254691,28.587659]]}},{"type":"Feature","properties":{"kind":"road","class":"residential","name":"Harsha Road"},"geometry":{"type":"LineString","coordinates":[[77.251782,28.587348],[77.2518,28.58741],[77.251959,28.587966],[77.25198,28.588021],[77.252056,28.58823],[77.252101,28.588373],[77.252615,28.588768],[77.252628,28.588808],[77.252634,28.588865],[77.252624,28.589372],[77.252618,28.589701],[77.252616,28.589796],[77.252613,28.589967],[77.252612,28.589993],[77.252609,28.590184],[77.252592,28.590633],[77.252577,28.591231],[77.252576,28.591303]]}},{"type":"Feature","properties":{"kind":"road","class":"residential","name":"Hospital Road"},"geometry":{"type":"LineString","coordinates":[[77.244842,28.582788],[77.245146,28.582994],[77.245448,28.583198],[77.245512,28.583241]]}},{"type":"Feature","properties":{"kind":"road","class":"residential","name":"Hospital Road"},"geometry":{"type":"LineString","coordinates":[[77.245512,28.583241],[77.245667,28.583351]]}},{"type":"Feature","properties":{"kind":"road","class":"residential","name":"Hospital Road"},"geometry":{"type":"LineString","coordinates":[[77.245667,28.583351],[77.24624,28.583754],[77.246326,28.583816],[77.24658,28.583977],[77.247179,28.584372],[77.247579,28.584635],[77.24783,28.584795],[77.248081,28.584958],[77.24833,28.585115],[77.248362,28.585135],[77.24879,28.585414],[77.248884,28.585462],[77.248963,28.585501]]}},{"type":"Feature","properties":{"kind":"road","class":"residential","name":"Hospital Road"},"geometry":{"type":"LineString","coordinates":[[77.248963,28.585501],[77.249046,28.585545]]}},{"type":"Feature","properties":{"kind":"road","class":"residential","name":"Jaipur Estate"},"geometry":{"type":"LineString","coordinates":[[77.251959,28.587966],[77.252763,28.588003]]}},{"type":"Feature","properties":{"kind":"road","class":"residential","name":"Jangpura Extension Road"},"geometry":{"type":"LineString","coordinates":[[77.241912,28.585308],[77.241807,28.585278],[77.241731,28.585228],[77.241711,28.585214],[77.241501,28.585041],[77.24119,28.584684],[77.241163,28.584485],[77.241161,28.58447]]}},{"type":"Feature","properties":{"kind":"road","class":"residential","name":"Jangpura Extn Road"},"geometry":{"type":"LineString","coordinates":[[77.241359,28.583382],[77.241275,28.583451],[77.241182,28.583528],[77.241182,28.583603],[77.241177,28.583719],[77.241161,28.58447]]}},{"type":"Feature","properties":{"kind":"road","class":"residential","name":"Jangpura Lane"},"geometry":{"type":"LineString","coordinates":[[77.248627,28.585245],[77.25009,28.58359]]}},{"type":"Feature","properties":{"kind":"road","class":"residential","name":"Jangpura Lane"},"geometry":{"type":"LineString","coordinates":[[77.250126,28.583536],[77.250622,28.582961],[77.251417,28.581978]]}},{"type":"Feature","properties":{"kind":"road","class":"residential","name":"Jangpura Road"},"geometry":{"type":"LineString","coordinates":[[77.24833,28.585115],[77.248367,28.585078],[77.249809,28.583408],[77.250312,28.582828],[77.251174,28.581809],[77.251224,28.581749],[77.251557,28.581332]]}},{"type":"Feature","properties":{"kind":"road","class":"primary","name":"Jangpura Road Flyover"},"geometry":{"type":"LineString","coordinates":[[77.251572,28.58238],[77.251555,28.582445],[77.251492,28.582574]]}},{"type":"Feature","properties":{"kind":"road","class":"primary","name":"Jangpura Road Flyover"},"geometry":{"type":"LineString","coordinates":[[77.251724,28.582172],[77.251743,28.581987]]}},{"type":"Feature","properties":{"kind":"road","class":"primary","name":"Jangpura Road Flyover"},"geometry":{"type":"LineString","coordinates":[[77.251743,28.581987],[77.2518,28.581658],[77.25187,28.581314],[77.251912,28.581155]]}},{"type":"Feature","properties":{"kind":"road","class":"primary","name":"Jangpura Road Flyover"},"geometry":{"type":"LineString","coordinates":[[77.251832,28.581135],[77.251788,28.581329],[77.251618,28.582133],[77.251597,28.582247],[77.251572,28.58238]]}},{"type":"Feature","properties":{"kind":"road","class":"primary","name":"Jangpura Road Flyover"},"geometry":{"type":"LineString","coordinates":[[77.251882,28.580992],[77.251832,28.581135]]}},{"type":"Feature","properties":{"kind":"road","class":"primary","name":"Jangpura Road Flyover"},"geometry":{"type":"LineString","coordinates":[[77.251912,28.581155],[77.251969,28.581014]]}},{"type":"Feature","properties":{"kind":"road","class":"primary","name":"Jangpura Road Flyover"},"geometry":{"type":"LineString","coordinates":[[77.251969,28.581014],[77.252105,28.580762],[77.252391,28.580368],[77.252689,28.579946]]}},{"type":"Feature","properties":{"kind":"road","class":"primary","name":"Jangpura Road Flyover"},"geometry":{"type":"LineString","coordinates":[[77.252611,28.57991],[77.252402,28.580196],[77.252011,28.58076],[77.251938,28.580878],[77.251882,28.580992]]}},{"type":"Feature","properties":{"kind":"road","class":"primary","name":"Jangpura Road Flyover"},"geometry":{"type":"LineString","coordinates":[[77.252689,28.579946],[77.252839,28.579744]]}},{"type":"Feature","properties":{"kind":"road","class":"primary","name":"Jangpura Road Flyover"},"geometry":{"type":"LineString","coordinates":[[77.252757,28.57971],[77.252611,28.57991]]}},{"type":"Feature","properties":{"kind":"road","class":"primary","name":"Jangpura Road Flyover"},"geometry":{"type":"LineString","coordinates":[[77.252839,28.579744],[77.253071,28.579431]]}},{"type":"Feature","properties":{"kind":"road","class":"primary","name":"Jangpura Road Flyover"},"geometry":{"type":"LineString","coordinates":[[77.252988,28.579401],[77.252757,28.57971]]}},{"type":"Feature","properties":{"kind":"road","class":"primary","name":"Jangpura Road Flyover"},"geometry":{"type":"LineString","coordinates":[[77.253071,28.579431],[77.253198,28.57926]]}},{"type":"Feature","properties":{"kind":"road","class":"primary","name":"Jangpura Road Flyover"},"geometry":{"type":"LineString","coordinates":[[77.253122,28.579222],[77.252988,28.579401]]}},{"type":"Feature","properties":{"kind":"road","class":"primary","name":"Jangpura Road Flyover"},"geometry":{"type":"LineString","coordinates":[[77.253198,28.57926],[77.253238,28.579205],[77.253265,28.57917],[77.253319,28.579096]]}},{"type":"Feature","properties":{"kind":"road","class":"primary","name":"Jangpura Road Flyover"},"geometry":{"type":"LineString","coordinates":[[77.253227,28.579083],[77.253122,28.579222]]}},{"type":"Feature","properties":{"kind":"road","class":"secondary","name":"Jathedar Harbans Singh Bhogal Marg"},"geometry":{"type":"LineString","coordinates":[[77.252083,28.582631],[77.252328,28.582632],[77.252735,28.582635],[77.252837,28.582678],[77.252861,28.582716],[77.252912,28.582795],[77.252936,28.583097],[77.252922,28.583312],[77.252908,28.583436],[77.252885,28.583634],[77.252916,28.583731]]}},{"type":"Feature","properties":{"kind":"road","class":"lane","name":"Jathedar Harbans Singh Bhogal Marg"},"geometry":{"type":"LineString","coordinates":[[77.252841,28.586494],[77.252879,28.586663],[77.252919,28.586722],[77.252965,28.586789],[77.253004,28.586934],[77.253032,28.587082],[77.253055,28.587255],[77.253057,28.58735],[77.25298,28.58779]]}},{"type":"Feature","properties":{"kind":"road","class":"secondary","name":"Jathedar Harbans Singh Bhogal Marg"},"geometry":{"type":"LineString","coordinates":[[77.252916,28.583731],[77.253236,28.584531]]}},{"type":"Feature","properties":{"kind":"road","class":"lane","name":"Jathedar Harbans Singh Bhogal Marg"},"geometry":{"type":"LineString","coordinates":[[77.25298,28.58779],[77.252931,28.588073],[77.252802,28.588877],[77.252743,28.589147],[77.252744,28.589258],[77.252746,28.589387],[77.252775,28.589513],[77.252867,28.589618],[77.252938,28.589673],[77.253051,28.589654],[77.253117,28.589607],[77.253142,28.589589]]}},{"type":"Feature","properties":{"kind":"road","class":"secondary","name":"Jathedar Harbans Singh Bhogal Marg"},"geometry":{"type":"LineString","coordinates":[[77.253072,28.583697],[77.253054,28.583576],[77.253048,28.583383],[77.253074,28.583278],[77.253081,28.583145],[77.253053,28.582931],[77.253028,28.582741],[77.252983,28.582628],[77.252886,28.582563],[77.252358,28.582565],[77.252016,28.582563]]}},{"type":"Feature","properties":{"kind":"road","class":"lane","name":"Jathedar Harbans Singh Bhogal Marg"},"geometry":{"type":"LineString","coordinates":[[77.253142,28.589589],[77.253187,28.589395],[77.253206,28.588994],[77.253215,28.588784],[77.253218,28.588706]]}},{"type":"Feature","properties":{"kind":"road","class":"lane","name":"Jathedar Harbans Singh Bhogal Marg"},"geometry":{"type":"LineString","coordinates":[[77.253218,28.588706],[77.253199,28.588662],[77.253181,28.588576],[77.253165,28.588473],[77.253163,28.588144],[77.253164,28.587525],[77.253174,28.587348],[77.253179,28.587264],[77.253219,28.586926],[77.253294,28.586587]]}},{"type":"Feature","properties":{"kind":"road","class":"secondary","name":"Jathedar Harbans Singh Bhogal Marg"},"geometry":{"type":"LineString","coordinates":[[77.253236,28.584531],[77.253306,28.584708],[77.253346,28.584807],[77.253357,28.584835],[77.253432,28.585023],[77.253454,28.585144]]}},{"type":"Feature","properties":{"kind":"road","class":"secondary","name":"Jathedar Harbans Singh Bhogal Marg"},"geometry":{"type":"LineString","coordinates":[[77.253324,28.586269],[77.25339,28.586024],[77.253543,28.585563],[77.253556,28.585487],[77.253557,28.585295],[77.253549,28.585203]]}},{"type":"Feature","properties":{"kind":"road","class":"secondary","name":"Jathedar Harbans Singh Bhogal Marg"},"geometry":{"type":"LineString","coordinates":[[77.253348,28.584475],[77.253072,28.583697]]}},{"type":"Feature","properties":{"kind":"road","class":"secondary","name":"Jathedar Harbans Singh Bhogal Marg"},"geometry":{"type":"LineString","coordinates":[[77.253454,28.585144],[77.253459,28.585182]]}},{"type":"Feature","properties":{"kind":"road","class":"secondary","name":"Jathedar Harbans Singh Bhogal Marg"},"geometry":{"type":"LineString","coordinates":[[77.253459,28.585182],[77.253464,28.58522],[77.253469,28.585261],[77.253476,28.58538],[77.253464,28.585483],[77.253448,28.585537],[77.253325,28.585874],[77.25326,28.586029],[77.253229,28.586093]]}},{"type":"Feature","properties":{"kind":"road","class":"secondary","name":"Jathedar Harbans Singh Bhogal Marg"},"geometry":{"type":"LineString","coordinates":[[77.253549,28.585203],[77.253553,28.585177],[77.253552,28.58515]]}},{"type":"Feature","properties":{"kind":"road","class":"secondary","name":"Jathedar Harbans Singh Bhogal Marg"},"geometry":{"type":"LineString","coordinates":[[77.253552,28.58515],[77.253532,28.584994],[77.253478,28.584844],[77.253442,28.584741],[77.253406,28.584641],[77.253348,28.584475]]}},{"type":"Feature","properties":{"kind":"road","class":"secondary","name":"Jawaharlal Nehru Stadium Marg"},"geometry":{"type":"LineString","coordinates":[[77.235908,28.587107],[77.236417,28.587132],[77.236478,28.587136],[77.236531,28.58714]]}},{"type":"Feature","properties":{"kind":"road","class":"secondary","name":"Jawaharlal Nehru Stadium Marg"},"geometry":{"type":"LineString","coordinates":[[77.236531,28.58714],[77.236694,28.587152],[77.236818,28.58716],[77.238727,28.587336],[77.239306,28.587365],[77.239455,28.587375],[77.239708,28.587397],[77.240738,28.587473],[77.240835,28.58748]]}},{"type":"Feature","properties":{"kind":"road","class":"secondary","name":"Jawaharlal Nehru Stadium Marg"},"geometry":{"type":"LineString","coordinates":[[77.239315,28.587264],[77.238556,28.587214],[77.238066,28.587167],[77.237396,28.587104],[77.236818,28.587049],[77.236756,28.587044],[77.236698,28.587039],[77.236533,28.587035],[77.236423,28.587026],[77.236396,28.587025],[77.235968,28.586998]]}},{"type":"Feature","properties":{"kind":"road","class":"secondary","name":"Jawaharlal Nehru Stadium Marg"},"geometry":{"type":"LineString","coordinates":[[77.239464,28.587276],[77.239387,28.58727],[77.239315,28.587264]]}},{"type":"Feature","properties":{"kind":"road","class":"secondary","name":"Jawaharlal Nehru Stadium Marg"},"geometry":{"type":"LineString","coordinates":[[77.240831,28.587367],[77.240754,28.587362],[77.239464,28.587276]]}},{"type":"Feature","properties":{"kind":"road","class":"residential","name":"Kashmiri Park Road"},"geometry":{"type":"LineString","coordinates":[[77.246592,28.581264],[77.246999,28.580789],[77.247377,28.580351]]}},{"type":"Feature","properties":{"kind":"road","class":"secondary","name":"Lala Lajpat Rai Path"},"geometry":{"type":"LineString","coordinates":[[77.239797,28.590003],[77.239793,28.590239],[77.239857,28.592614],[77.239877,28.592963],[77.239911,28.593179],[77.240062,28.593853],[77.240291,28.595062]]}},{"type":"Feature","properties":{"kind":"road","class":"secondary","name":"Lala Lajpat Rai Path"},"geometry":{"type":"LineString","coordinates":[[77.239868,28.589531],[77.239851,28.589733],[77.239797,28.590003]]}},{"type":"Feature","properties":{"kind":"road","class":"secondary","name":"Lala Lajpat Rai Path"},"geometry":{"type":"LineString","coordinates":[[77.239927,28.589967],[77.240019,28.589558],[77.240102,28.58937]]}},{"type":"Feature","properties":{"kind":"road","class":"secondary","name":"Lala Lajpat Rai Path"},"geometry":{"type":"LineString","coordinates":[[77.240102,28.58937],[77.240165,28.589205],[77.240307,28.588981],[77.240383,28.588868],[77.240555,28.58861],[77.240793,28.588206],[77.240844,28.588077],[77.240885,28.587954],[77.240908,28.587885],[77.240924,28.587678],[77.240964,28.587172],[77.240965,28.586889],[77.240968,28.586074],[77.240992,28.585883],[77.241019,28.585661]]}},{"type":"Feature","properties":{"kind":"road","class":"secondary","name":"Lala Lajpat Rai Path"},"geometry":{"type":"LineString","coordinates":[[77.240155,28.583222],[77.240267,28.583414],[77.240586,28.58393],[77.240663,28.584069],[77.240722,28.584243],[77.240729,28.584275],[77.240742,28.584331],[77.240756,28.584471]]}},{"type":"Feature","properties":{"kind":"road","class":"secondary","name":"Lala Lajpat Rai Path"},"geometry":{"type":"LineString","coordinates":[[77.240291,28.595062],[77.240381,28.595456]]}},{"type":"Feature","properties":{"kind":"road","class":"secondary","name":"Lala Lajpat Rai Path"},"geometry":{"type":"LineString","coordinates":[[77.240381,28.595456],[77.240411,28.595686],[77.240585,28.596909],[77.240609,28.597016],[77.240681,28.597345]]}},{"type":"Feature","properties":{"kind":"road","class":"secondary","name":"Lala Lajpat Rai Path"},"geometry":{"type":"LineString","coordinates":[[77.240409,28.595051],[77.240184,28.593851],[77.240024,28.593153],[77.239994,28.592969],[77.239989,28.592608],[77.239899,28.590253],[77.239927,28.589967]]}},{"type":"Feature","properties":{"kind":"road","class":"secondary","name":"Lala Lajpat Rai Path"},"geometry":{"type":"LineString","coordinates":[[77.240506,28.595446],[77.240409,28.595051]]}},{"type":"Feature","properties":{"kind":"road","class":"secondary","name":"Lala Lajpat Rai Path"},"geometry":{"type":"LineString","coordinates":[[77.240756,28.584471],[77.240797,28.585087],[77.240821,28.585447]]}},{"type":"Feature","properties":{"kind":"road","class":"secondary","name":"Lala Lajpat Rai Path"},"geometry":{"type":"LineString","coordinates":[[77.240821,28.585447],[77.240822,28.585528],[77.240823,28.585614],[77.240826,28.58582],[77.240831,28.585927],[77.240845,28.586291],[77.240851,28.586903],[77.240851,28.586972],[77.240831,28.587367],[77.240835,28.58748],[77.240794,28.587857],[77.240751,28.588029],[77.240678,28.588198],[77.240421,28.588631],[77.24013,28.589053],[77.239984,28.589327],[77.239868,28.589531]]}},{"type":"Feature","properties":{"kind":"road","class":"secondary","name":"Lala Lajpat Rai Path"},"geometry":{"type":"LineString","coordinates":[[77.240841,28.597056],[77.240694,28.596681],[77.240605,28.59637],[77.240528,28.59591],[77.240506,28.595446]]}},{"type":"Feature","properties":{"kind":"road","class":"secondary","name":"Lala Lajpat Rai Path"},"geometry":{"type":"LineString","coordinates":[[77.240975,28.584587],[77.240961,28.584529],[77.240903,28.584295],[77.240883,28.584243],[77.240867,28.584201],[77.240775,28.584013],[77.240708,28.583899]]}},{"type":"Feature","properties":{"kind":"road","class":"secondary","name":"Lala Lajpat Rai Path"},"geometry":{"type":"LineString","coordinates":[[77.241019,28.585661],[77.241006,28.585228],[77.240975,28.584587]]}},{"type":"Feature","properties":{"kind":"road","class":"residential","name":"Link Road"},"geometry":{"type":"LineString","coordinates":[[77.240871,28.583846],[77.240651,28.583502],[77.24016,28.582713],[77.239977,28.582419]]}},{"type":"Feature","properties":{"kind":"road","class":"secondary","name":"Lodhi Road"},"geometry":{"type":"LineString","coordinates":[[77.234361,28.592195],[77.234386,28.592198],[77.234507,28.592213],[77.234613,28.592225],[77.235103,28.592289],[77.236736,28.592501],[77.237637,28.592618],[77.2381,28.592654],[77.238878,28.592683],[77.239479,28.592769],[77.239796,28.592776]]}},{"type":"Feature","properties":{"kind":"road","class":"secondary","name":"Lodhi Road"},"geometry":{"type":"LineString","coordinates":[[77.234432,28.592101],[77.23437,28.592093]]}},{"type":"Feature","properties":{"kind":"road","class":"secondary","name":"Lodhi Road"},"geometry":{"type":"LineString","coordinates":[[77.238885,28.592583],[77.238089,28.59256],[77.237659,28.592528],[77.237521,28.59251],[77.237239,28.592472],[77.236753,28.592408],[77.235366,28.592224],[77.23462,28.592125],[77.234563,28.592117],[77.234432,28.592101]]}},{"type":"Feature","properties":{"kind":"road","class":"secondary","name":"Lodhi Road"},"geometry":{"type":"LineString","coordinates":[[77.239796,28.592776],[77.239808,28.592804],[77.239827,28.592828],[77.239852,28.592848],[77.239882,28.592863],[77.239914,28.59287],[77.239948,28.592871],[77.239981,28.592864],[77.240011,28.592851],[77.240036,28.592831],[77.240056,28.592807]]}},{"type":"Feature","properties":{"kind":"road","class":"secondary","name":"Lodhi Road"},"geometry":{"type":"LineString","coordinates":[[77.239803,28.592702],[77.239489,28.592653],[77.238885,28.592583]]}},{"type":"Feature","properties":{"kind":"road","class":"secondary","name":"Lodhi Road"},"geometry":{"type":"LineString","coordinates":[[77.240056,28.592807],[77.240418,28.592888],[77.240567,28.592915],[77.240946,28.592971],[77.241036,28.592984],[77.241446,28.593046],[77.242671,28.593162],[77.243148,28.593202],[77.243172,28.593209],[77.243213,28.593221],[77.243287,28.59328]]}},{"type":"Feature","properties":{"kind":"road","class":"secondary","name":"Lodhi Road"},"geometry":{"type":"LineString","coordinates":[[77.24007,28.592722],[77.240054,28.592686],[77.240026,28.592656],[77.239988,28.592635],[77.239945,28.592626],[77.239901,28.592629],[77.23986,28.592643],[77.239827,28.592668],[77.239803,28.592702]]}},{"type":"Feature","properties":{"kind":"road","class":"secondary","name":"Lodhi Road"},"geometry":{"type":"LineString","coordinates":[[77.243474,28.592863],[77.243252,28.592875],[77.242043,28.592943],[77.241932,28.592942],[77.241876,28.592944],[77.241696,28.592947],[77.24162,28.592941],[77.241073,28.592895],[77.240544,28.592792],[77.240427,28.592775],[77.24007,28.592722]]}},{"type":"Feature","properties":{"kind":"road","class":"primary","name":"Mahatma Gandhi Marg"},"geometry":{"type":"LineString","coordinates":[[77.252849,28.607565],[77.253853,28.604436],[77.254682,28.601534]]}},{"type":"Feature","properties":{"kind":"road","class":"primary","name":"Mahatma Gandhi Marg"},"geometry":{"type":"LineString","coordinates":[[77.254717,28.600813],[77.254341,28.602039],[77.253542,28.60474],[77.252625,28.607589]]}},{"type":"Feature","properties":{"kind":"road","class":"primary","name":"Mahatma Gandhi Marg"},"geometry":{"type":"LineString","coordinates":[[77.255472,28.598398],[77.255282,28.599002],[77.254797,28.600548],[77.254717,28.600813]]}},{"type":"Feature","properties":{"kind":"road","class":"primary","name":"Mahatma Gandhi Marg"},"geometry":{"type":"LineString","coordinates":[[77.256738,28.595083],[77.257021,28.594268],[77.257556,28.592639]]}},{"type":"Feature","properties":{"kind":"road","class":"primary","name":"Mahatma Gandhi Marg"},"geometry":{"type":"LineString","coordinates":[[77.256807,28.594394],[77.256772,28.5945],[77.256368,28.595718],[77.255897,28.597027],[77.255891,28.597042],[77.255524,28.598221],[77.255508,28.59828],[77.255472,28.598398]]}},{"type":"Feature","properties":{"kind":"road","class":"primary","name":"Mahatma Gandhi Marg"},"geometry":{"type":"LineString","coordinates":[[77.257556,28.592639],[77.257752,28.592467],[77.257769,28.59243],[77.258387,28.590627],[77.258638,28.589855]]}},{"type":"Feature","properties":{"kind":"road","class":"primary","name":"Mahatma Gandhi Marg"},"geometry":{"type":"LineString","coordinates":[[77.257752,28.592467],[77.257922,28.592383],[77.257947,28.59236],[77.258579,28.590469],[77.258773,28.589897],[77.258787,28.589859],[77.259089,28.588994],[77.259427,28.587817],[77.259781,28.586707],[77.259899,28.586225],[77.259912,28.585891]]}},{"type":"Feature","properties":{"kind":"road","class":"primary","name":"Mahatma Gandhi Marg"},"geometry":{"type":"LineString","coordinates":[[77.257784,28.591281],[77.257645,28.59144],[77.257527,28.591649],[77.257149,28.592838],[77.257136,28.592917],[77.257124,28.592984],[77.256956,28.593946],[77.256807,28.594394]]}},{"type":"Feature","properties":{"kind":"road","class":"primary","name":"Mahatma Gandhi Marg"},"geometry":{"type":"LineString","coordinates":[[77.258638,28.589855],[77.258885,28.589028]]}},{"type":"Feature","properties":{"kind":"road","class":"primary","name":"Mahatma Gandhi Marg"},"geometry":{"type":"LineString","coordinates":[[77.258885,28.589028],[77.259432,28.587015],[77.259455,28.586756]]}},{"type":"Feature","properties":{"kind":"road","class":"primary","name":"Mahatma Gandhi Marg"},"geometry":{"type":"LineString","coordinates":[[77.259174,28.587075],[77.25853,28.588938],[77.258295,28.589684],[77.258262,28.589786],[77.258118,28.590236],[77.258054,28.590433],[77.258023,28.590536],[77.257784,28.591281]]}},{"type":"Feature","properties":{"kind":"road","class":"primary","name":"Mahatma Gandhi Marg"},"geometry":{"type":"LineString","coordinates":[[77.259299,28.5869],[77.259242,28.586947],[77.259221,28.586969],[77.259203,28.587001],[77.259174,28.587075]]}},{"type":"Feature","properties":{"kind":"road","class":"primary","name":"Mahatma Gandhi Marg"},"geometry":{"type":"LineString","coordinates":[[77.259455,28.586756],[77.259628,28.586417],[77.259912,28.585891]]}},{"type":"Feature","properties":{"kind":"road","class":"primary","name":"Mahatma Gandhi Marg"},"geometry":{"type":"LineString","coordinates":[[77.259912,28.585891],[77.259928,28.585871],[77.260103,28.585655],[77.26039,28.585363],[77.260583,28.585226],[77.260759,28.5851],[77.261079,28.58493],[77.262989,28.583781]]}},{"type":"Feature","properties":{"kind":"road","class":"primary","name":"Mahatma Gandhi Marg"},"geometry":{"type":"LineString","coordinates":[[77.26283,28.583625],[77.261916,28.584214],[77.261397,28.584516],[77.260853,28.584872],[77.260687,28.584981],[77.260492,28.585128],[77.260317,28.585258],[77.26011,28.585463],[77.260001,28.585571],[77.25968,28.58597],[77.259576,28.58616],[77.259482,28.586381],[77.259363,28.586709],[77.259299,28.5869]]}},{"type":"Feature","properties":{"kind":"road","class":"residential","name":"Masjid Lane"},"geometry":{"type":"LineString","coordinates":[[77.246326,28.583816],[77.246365,28.583759],[77.247048,28.582926],[77.2478,28.582069]]}},{"type":"Feature","properties":{"kind":"road","class":"residential","name":"Masjid Road"},"geometry":{"type":"LineString","coordinates":[[77.249474,28.579426],[77.249435,28.57947],[77.249313,28.579617],[77.248863,28.580154],[77.248693,28.580357],[77.248259,28.580876],[77.248221,28.580921],[77.247454,28.581837],[77.246648,28.582799],[77.246132,28.583416],[77.246029,28.583528]]}},{"type":"Feature","properties":{"kind":"road","class":"secondary","name":"Mathura Road"},"geometry":{"type":"LineString","coordinates":[[77.24279,28.594431],[77.243336,28.593692],[77.243402,28.593643],[77.243487,28.593576],[77.243698,28.5935]]}},{"type":"Feature","properties":{"kind":"road","class":"primary","name":"Mathura Road"},"geometry":{"type":"LineString","coordinates":[[77.243985,28.592999],[77.244018,28.592871],[77.244102,28.5927],[77.244205,28.592525],[77.244824,28.591656],[77.245177,28.591159],[77.245194,28.591137],[77.246022,28.589973],[77.246107,28.589853],[77.246182,28.589747],[77.24635,28.58951],[77.24646,28.589303],[77.24648,28.589265],[77.246608,28.589026],[77.246638,28.588969],[77.246687,28.588876],[77.246729,28.588798],[77.246751,28.588757],[77.246778,28.588706],[77.246893,28.588481],[77.247367,28.587553],[77.24758,28.58728],[77.247656,28.587182],[77.247769,28.587036]]}},{"type":"Feature","properties":{"kind":"road","class":"primary","name":"Mathura Road"},"geometry":{"type":"LineString","coordinates":[[77.247643,28.587031],[77.247263,28.587525],[77.246789,28.588441],[77.24672,28.588576],[77.246674,28.588665],[77.246646,28.588719],[77.246583,28.588838],[77.246249,28.589476],[77.246206,28.589542],[77.246097,28.589707],[77.246071,28.589747],[77.246059,28.589766],[77.246025,28.589817],[77.245937,28.589931],[77.245043,28.591097],[77.244319,28.59214],[77.2443,28.592167],[77.244052,28.592518],[77.243919,28.592633],[77.243735,28.592745],[77.243561,28.592835]]}},{"type":"Feature","properties":{"kind":"road","class":"primary","name":"Mathura Road"},"geometry":{"type":"LineString","coordinates":[[77.247769,28.587036],[77.248259,28.586482]]}},{"type":"Feature","properties":{"kind":"road","class":"primary","name":"Mathura Road"},"geometry":{"type":"LineString","coordinates":[[77.24813,28.586468],[77.247643,28.587031]]}},{"type":"Feature","properties":{"kind":"road","class":"primary","name":"Mathura Road"},"geometry":{"type":"LineString","coordinates":[[77.248259,28.586482],[77.248962,28.585638],[77.248985,28.585612],[77.249007,28.585587],[77.249046,28.585545],[77.250389,28.583968],[77.250444,28.583903],[77.250494,28.583845],[77.250575,28.58375],[77.250936,28.583327],[77.250956,28.583306],[77.251181,28.583059],[77.251318,28.582944]]}},{"type":"Feature","properties":{"kind":"road","class":"primary","name":"Mathura Road"},"geometry":{"type":"LineString","coordinates":[[77.248963,28.585501],[77.24813,28.586468]]}},{"type":"Feature","properties":{"kind":"road","class":"primary","name":"Mathura Road"},"geometry":{"type":"LineString","coordinates":[[77.251318,28.582944],[77.251373,28.582883],[77.251538,28.582711],[77.251595,28.582641],[77.251649,28.582569],[77.251691,28.582446],[77.251704,28.582286],[77.251724,28.582172]]}},{"type":"Feature","properties":{"kind":"road","class":"primary","name":"Mathura Road"},"geometry":{"type":"LineString","coordinates":[[77.25145,28.582625],[77.251338,28.58276],[77.25105,28.583032],[77.250499,28.583691],[77.250452,28.583747],[77.25041,28.583797],[77.250304,28.583922],[77.249038,28.585413],[77.248963,28.585501]]}},{"type":"Feature","properties":{"kind":"road","class":"primary","name":"Mathura Road"},"geometry":{"type":"LineString","coordinates":[[77.251492,28.582574],[77.25145,28.582625]]}},{"type":"Feature","properties":{"kind":"road","class":"primary","name":"Nizamuddin Railway Station Flyover"},"geometry":{"type":"LineString","coordinates":[[77.257556,28.592639],[77.257639,28.592412],[77.257815,28.591843]]}},{"type":"Feature","properties":{"kind":"road","class":"primary","name":"Nizamuddin Railway Station Flyover"},"geometry":{"type":"LineString","coordinates":[[77.257706,28.591812],[77.257487,28.592431]]}},{"type":"Feature","properties":{"kind":"road","class":"primary","name":"Nizamuddin Railway Station Flyover"},"geometry":{"type":"LineString","coordinates":[[77.257815,28.591843],[77.257961,28.591371]]}},{"type":"Feature","properties":{"kind":"road","class":"primary","name":"Nizamuddin Railway Station Flyover"},"geometry":{"type":"LineString","coordinates":[[77.257853,28.591359],[77.257706,28.591812]]}},{"type":"Feature","properties":{"kind":"road","class":"primary","name":"Nizamuddin Railway Station Flyover"},"geometry":{"type":"LineString","coordinates":[[77.257961,28.591371],[77.258235,28.590508],[77.258615,28.589307],[77.258703,28.589036],[77.259202,28.587485]]}},{"type":"Feature","properties":{"kind":"road","class":"primary","name":"Nizamuddin Railway Station Flyover"},"geometry":{"type":"LineString","coordinates":[[77.259113,28.587468],[77.257853,28.591359]]}},{"type":"Feature","properties":{"kind":"road","class":"primary","name":"Nizamuddin Railway Station Flyover"},"geometry":{"type":"LineString","coordinates":[[77.259202,28.587485],[77.259349,28.586991]]}},{"type":"Feature","properties":{"kind":"road","class":"primary","name":"Nizamuddin Railway Station Flyover"},"geometry":{"type":"LineString","coordinates":[[77.259299,28.5869],[77.259113,28.587468]]}},{"type":"Feature","properties":{"kind":"road","class":"primary","name":"Nizamuddin Railway Station Flyover"},"geometry":{"type":"LineString","coordinates":[[77.259349,28.586991],[77.259455,28.586756]]}},{"type":"Feature","properties":{"kind":"road","class":"primary","name":"Nizamuddin Road Flyover"},"geometry":{"type":"LineString","coordinates":[[77.254682,28.601534],[77.254803,28.601031]]}},{"type":"Feature","properties":{"kind":"road","class":"primary","name":"Nizamuddin Road Flyover"},"geometry":{"type":"LineString","coordinates":[[77.254708,28.600499],[77.254717,28.600813]]}},{"type":"Feature","properties":{"kind":"road","class":"primary","name":"Nizamuddin Road Flyover"},"geometry":{"type":"LineString","coordinates":[[77.254803,28.601031],[77.254816,28.600991],[77.255011,28.600403]]}},{"type":"Feature","properties":{"kind":"road","class":"primary","name":"Nizamuddin Road Flyover"},"geometry":{"type":"LineString","coordinates":[[77.255011,28.600403],[77.256516,28.595761]]}},{"type":"Feature","properties":{"kind":"road","class":"primary","name":"Nizamuddin Road Flyover"},"geometry":{"type":"LineString","coordinates":[[77.256257,28.595689],[77.255108,28.59918]]}},{"type":"Feature","properties":{"kind":"road","class":"primary","name":"Nizamuddin Road Flyover"},"geometry":{"type":"LineString","coordinates":[[77.256516,28.595761],[77.256738,28.595083]]}},{"type":"Feature","properties":{"kind":"road","class":"primary","name":"Nizamuddin Road Flyover"},"geometry":{"type":"LineString","coordinates":[[77.257178,28.593144],[77.256257,28.595689]]}},{"type":"Feature","properties":{"kind":"road","class":"primary","name":"Nizamuddin Road Flyover"},"geometry":{"type":"LineString","coordinates":[[77.257487,28.592431],[77.257178,28.593144]]}},{"type":"Feature","properties":{"kind":"road","class":"secondary","name":"Oberoi Flyover"},"geometry":{"type":"LineString","coordinates":[[77.238697,28.600488],[77.238861,28.60027]]}},{"type":"Feature","properties":{"kind":"road","class":"secondary","name":"Oberoi Flyover"},"geometry":{"type":"LineString","coordinates":[[77.23875,28.600218],[77.23868,28.60031],[77.238576,28.600453]]}},{"type":"Feature","properties":{"kind":"road","class":"secondary","name":"Oberoi Flyover"},"geometry":{"type":"LineString","coordinates":[[77.238861,28.60027],[77.239755,28.598903],[77.24014,28.59829]]}},{"type":"Feature","properties":{"kind":"road","class":"secondary","name":"Oberoi Flyover"},"geometry":{"type":"LineString","coordinates":[[77.240016,28.598239],[77.239624,28.598855],[77.23875,28.600218]]}},{"type":"Feature","properties":{"kind":"road","class":"secondary","name":"Oberoi Flyover"},"geometry":{"type":"LineString","coordinates":[[77.24014,28.59829],[77.240439,28.597815],[77.240883,28.597131],[77.241227,28.596643]]}},{"type":"Feature","properties":{"kind":"road","class":"secondary","name":"Oberoi Flyover"},"geometry":{"type":"LineString","coordinates":[[77.241118,28.596587],[77.240787,28.597054],[77.240328,28.59775],[77.240016,28.598239]]}},{"type":"Feature","properties":{"kind":"road","class":"secondary","name":"Oberoi Flyover"},"geometry":{"type":"LineString","coordinates":[[77.241227,28.596643],[77.242327,28.595084],[77.242704,28.594547]]}},{"type":"Feature","properties":{"kind":"road","class":"secondary","name":"Oberoi Flyover"},"geometry":{"type":"LineString","coordinates":[[77.242606,28.5945],[77.242219,28.595035],[77.241118,28.596587]]}},{"type":"Feature","properties":{"kind":"road","class":"secondary","name":"Oberoi Flyover"},"geometry":{"type":"LineString","coordinates":[[77.242704,28.594547],[77.24279,28.594431]]}},{"type":"Feature","properties":{"kind":"road","class":"secondary","name":"Oberoi Flyover"},"geometry":{"type":"LineString","coordinates":[[77.243328,28.593352],[77.243329,28.593483],[77.243238,28.593629],[77.242606,28.5945]]}},{"type":"Feature","properties":{"kind":"road","class":"residential","name":"Rahim Khan Road"},"geometry":{"type":"LineString","coordinates":[[77.247811,28.589057],[77.247914,28.588991],[77.248032,28.588917]]}},{"type":"Feature","properties":{"kind":"road","class":"residential","name":"Rahim Khan Road"},"geometry":{"type":"LineString","coordinates":[[77.248032,28.588917],[77.247773,28.588942]]}},{"type":"Feature","properties":{"kind":"road","class":"residential","name":"Rahim Khan Road"},"geometry":{"type":"LineString","coordinates":[[77.252582,28.586735],[77.252467,28.586835],[77.25218,28.587079],[77.252063,28.587177],[77.251912,28.587269],[77.251782,28.587348],[77.251704,28.587396],[77.25164,28.587424],[77.251519,28.587478],[77.251324,28.587565],[77.25125,28.587597],[77.250819,28.587783],[77.250492,28.587922],[77.25045,28.587938],[77.250027,28.588108],[77.249813,28.588193],[77.249632,28.588266],[77.249195,28.58844],[77.249046,28.5885],[77.248869,28.588571],[77.24882,28.58859],[77.248798,28.588599],[77.248632,28.588666],[77.248333,28.588785],[77.248256,28.588817],[77.248174,28.588851],[77.248086,28.588887],[77.248067,28.588895],[77.248032,28.588917]]}},{"type":"Feature","properties":{"kind":"road","class":"residential","name":"Rahim Khan Road"},"geometry":{"type":"LineString","coordinates":[[77.252841,28.586494],[77.25274,28.586594],[77.252697,28.586636],[77.252582,28.586735]]}},{"type":"Feature","properties":{"kind":"road","class":"primary","name":"Sabz Burj Circle"},"geometry":{"type":"LineString","coordinates":[[77.243287,28.59328],[77.243328,28.593352]]}},{"type":"Feature","properties":{"kind":"road","class":"primary","name":"Sabz Burj Circle"},"geometry":{"type":"LineString","coordinates":[[77.243328,28.593352],[77.243386,28.593411],[77.243476,28.593467],[77.243572,28.593496],[77.243698,28.5935]]}},{"type":"Feature","properties":{"kind":"road","class":"primary","name":"Sabz Burj Circle"},"geometry":{"type":"LineString","coordinates":[[77.243474,28.592863],[77.243369,28.592931],[77.243305,28.593012],[77.243269,28.59311],[77.243287,28.59328]]}},{"type":"Feature","properties":{"kind":"road","class":"primary","name":"Sabz Burj Circle"},"geometry":{"type":"LineString","coordinates":[[77.243561,28.592835],[77.243474,28.592863]]}},{"type":"Feature","properties":{"kind":"road","class":"primary","name":"Sabz Burj Circle"},"geometry":{"type":"LineString","coordinates":[[77.243698,28.5935],[77.243812,28.593471],[77.243939,28.593387],[77.244,28.593304],[77.244031,28.593211],[77.244033,28.593159],[77.244034,28.593134],[77.244006,28.593036],[77.243985,28.592999]]}},{"type":"Feature","properties":{"kind":"road","class":"primary","name":"Sabz Burj Circle"},"geometry":{"type":"LineString","coordinates":[[77.243985,28.592999],[77.243922,28.592925],[77.243833,28.592867],[77.243698,28.592829],[77.243561,28.592835]]}},{"type":"Feature","properties":{"kind":"road","class":"residential","name":"Samman Bazar Road"},"geometry":{"type":"LineString","coordinates":[[77.250787,28.580139],[77.250098,28.58098],[77.249463,28.581717],[77.248701,28.582656],[77.247223,28.584333],[77.247179,28.584372]]}},{"type":"Feature","properties":{"kind":"road","class":"residential","name":"Sardar Balak Singh Bhatiya Marg"},"geometry":{"type":"LineString","coordinates":[[77.242655,28.583502],[77.242504,28.583354],[77.242379,28.583231],[77.242353,28.583192],[77.242323,28.583056],[77.24233,28.582912],[77.242355,28.582342]]}},{"type":"Feature","properties":{"kind":"road","class":"secondary","name":"Shri Kuldeep Singh Gujral Marg"},"geometry":{"type":"LineString","coordinates":[[77.239499,28.582797],[77.2396,28.582933],[77.239837,28.58322],[77.239906,28.583289]]}},{"type":"Feature","properties":{"kind":"road","class":"secondary","name":"Shri Kuldeep Singh Gujral Marg"},"geometry":{"type":"LineString","coordinates":[[77.240155,28.583222],[77.240048,28.583278],[77.240024,28.583289],[77.239999,28.583295],[77.239975,28.583296],[77.239943,28.583292],[77.239906,28.583289],[77.239926,28.583326],[77.239937,28.583338],[77.239956,28.583348],[77.239991,28.583358],[77.240035,28.583368],[77.240067,28.583377],[77.240112,28.583384],[77.24019,28.583399],[77.240267,28.583414]]}},{"type":"Feature","properties":{"kind":"road","class":"residential","name":"Temple Road"},"geometry":{"type":"LineString","coordinates":[[77.251224,28.581749],[77.25112,28.581671],[77.250959,28.58157],[77.250654,28.581364],[77.250393,28.581186],[77.250098,28.58098],[77.249822,28.580799],[77.249516,28.580592],[77.249213,28.580384],[77.248863,28.580154]]}},{"type":"Feature","properties":{"kind":"road","class":"residential","name":"Temple Road"},"geometry":{"type":"LineString","coordinates":[[77.251417,28.581978],[77.251174,28.581809]]}},{"type":"Feature","properties":{"kind":"road","class":"secondary","name":"Underpass"},"geometry":{"type":"LineString","coordinates":[[77.240217,28.602859],[77.240213,28.602952],[77.240204,28.603087],[77.240117,28.604287]]}},{"type":"Feature","properties":{"kind":"road","class":"secondary","name":"Underpass"},"geometry":{"type":"LineString","coordinates":[[77.240291,28.600974],[77.240217,28.602859]]}},{"type":"Feature","properties":{"kind":"road","class":"secondary","name":"Underpass"},"geometry":{"type":"LineString","coordinates":[[77.240291,28.600974],[77.240666,28.600987]]}},{"type":"Feature","properties":{"kind":"road","class":"secondary","name":"Underpass"},"geometry":{"type":"LineString","coordinates":[[77.240427,28.604512],[77.240529,28.603094],[77.240537,28.602975],[77.240536,28.602918],[77.240538,28.602864]]}},{"type":"Feature","properties":{"kind":"road","class":"secondary","name":"Underpass"},"geometry":{"type":"LineString","coordinates":[[77.240451,28.599042],[77.240291,28.600974]]}},{"type":"Feature","properties":{"kind":"road","class":"secondary","name":"Underpass"},"geometry":{"type":"LineString","coordinates":[[77.240538,28.602864],[77.240217,28.602859]]}},{"type":"Feature","properties":{"kind":"road","class":"secondary","name":"Underpass"},"geometry":{"type":"LineString","coordinates":[[77.240538,28.602864],[77.240666,28.600987]]}},{"type":"Feature","properties":{"kind":"road","class":"secondary","name":"Underpass"},"geometry":{"type":"LineString","coordinates":[[77.240567,28.598785],[77.240501,28.598858],[77.240458,28.598961],[77.240451,28.599042]]}},{"type":"Feature","properties":{"kind":"road","class":"secondary","name":"Underpass"},"geometry":{"type":"LineString","coordinates":[[77.240666,28.600987],[77.240795,28.599048]]}},{"type":"Feature","properties":{"kind":"road","class":"secondary","name":"Underpass"},"geometry":{"type":"LineString","coordinates":[[77.240795,28.599048],[77.240788,28.598994],[77.240776,28.598899],[77.240734,28.598817]]}},{"type":"Feature","properties":{"kind":"road","class":"residential","name":"Ward number 142"},"geometry":{"type":"LineString","coordinates":[[77.247452,28.588971],[77.247436,28.58902],[77.247437,28.589041],[77.247438,28.58907],[77.247457,28.589118],[77.247492,28.589159],[77.247539,28.589188],[77.247594,28.589203],[77.247652,28.589203],[77.247707,28.589188],[77.247758,28.589156],[77.247794,28.58911],[77.247811,28.589057],[77.247806,28.589001],[77.247784,28.588954],[77.247773,28.588942],[77.247747,28.588915],[77.247698,28.588888],[77.247641,28.588875],[77.247584,28.588878],[77.247529,28.588897],[77.247484,28.588929],[77.247452,28.588971]]}},{"type":"Feature","properties":{"kind":"road","class":"footway","name":"Wild Almond Avenue"},"geometry":{"type":"LineString","coordinates":[[77.246815,28.598688],[77.246831,28.598146],[77.246837,28.597958],[77.246844,28.597739],[77.246848,28.597603],[77.246874,28.596747],[77.246885,28.596373]]}},{"type":"Feature","properties":{"kind":"road","class":"footway","name":"path c"},"geometry":{"type":"LineString","coordinates":[[77.244852,28.604441],[77.244935,28.604437],[77.245073,28.60443],[77.245118,28.60443],[77.245301,28.604498],[77.245427,28.604552],[77.245557,28.60457],[77.245699,28.604627],[77.245846,28.604698],[77.246024,28.60478],[77.246159,28.604809],[77.246333,28.604902],[77.246533,28.605005],[77.246622,28.605091],[77.246773,28.605191],[77.246899,28.605266],[77.24696,28.605276],[77.247081,28.605312],[77.247085,28.605366],[77.247081,28.605465],[77.247122,28.605605],[77.247175,28.605758],[77.247199,28.605847],[77.247216,28.605965],[77.247212,28.606036],[77.247199,28.606104],[77.247151,28.606226],[77.247114,28.60634],[77.247057,28.606451],[77.247026,28.606497]]}},{"type":"Feature","properties":{"kind":"road","class":"footway","name":"path d"},"geometry":{"type":"LineString","coordinates":[[77.247869,28.603957],[77.248035,28.60394],[77.248185,28.603933],[77.248319,28.603933],[77.248425,28.603943],[77.248535,28.60394],[77.248685,28.603929],[77.248783,28.603897],[77.248917,28.603854],[77.24899,28.603836],[77.249103,28.603862]]}},{"type":"Feature","properties":{"kind":"road","class":"footway","name":"path e"},"geometry":{"type":"LineString","coordinates":[[77.247036,28.603341],[77.247229,28.603265],[77.247481,28.603166],[77.247717,28.603072],[77.247932,28.602969],[77.248157,28.60287],[77.248318,28.602799],[77.248474,28.602747],[77.248559,28.602757],[77.248634,28.602771],[77.248699,28.602771],[77.248779,28.602667],[77.24887,28.602469],[77.248903,28.602384],[77.248935,28.602267],[77.248954,28.602196],[77.248986,28.602123],[77.24901,28.602076],[77.24905,28.602031],[77.249131,28.602003],[77.249217,28.601977],[77.249372,28.601925],[77.249471,28.601895],[77.249664,28.601848],[77.249758,28.601803],[77.249785,28.601784],[77.249866,28.601761],[77.249897,28.601758]]}},{"type":"Feature","properties":{"kind":"road","class":"footway","name":"path f"},"geometry":{"type":"LineString","coordinates":[[77.245428,28.602539],[77.245598,28.602493],[77.245754,28.602493],[77.245936,28.60246],[77.246076,28.602455],[77.246188,28.60246],[77.246338,28.602493],[77.246446,28.602512],[77.246462,28.602554],[77.246451,28.602719],[77.24644,28.602808],[77.246414,28.60294],[77.246414,28.603058],[77.246478,28.603068],[77.246607,28.60311],[77.246746,28.603176],[77.246827,28.603232],[77.246945,28.603289],[77.247036,28.603341],[77.247025,28.603416],[77.246993,28.603576],[77.246982,28.603666]]}},{"type":"Feature","properties":{"kind":"road","class":"footway","name":"path g"},"geometry":{"type":"LineString","coordinates":[[77.24905,28.602031],[77.248959,28.602062],[77.248879,28.602086],[77.248798,28.602081],[77.248747,28.602064],[77.248707,28.602055],[77.248637,28.602045],[77.248573,28.602036],[77.248487,28.602024],[77.248409,28.602008],[77.248315,28.601979],[77.248219,28.60197],[77.248106,28.601944],[77.247993,28.601899],[77.247937,28.601885],[77.247808,28.601881],[77.247666,28.601843],[77.247607,28.601829],[77.24758,28.601796],[77.247567,28.601774]]}},{"type":"Feature","properties":{"kind":"road","class":"footway","name":"path h"},"geometry":{"type":"LineString","coordinates":[[77.24761,28.600795],[77.247668,28.600832],[77.247712,28.600856],[77.247776,28.60087],[77.247835,28.600897],[77.247933,28.600924],[77.248029,28.600945],[77.248146,28.600956],[77.248263,28.60098],[77.248377,28.600999],[77.248483,28.601019]]}},{"type":"Feature","properties":{"kind":"road","class":"footway","name":"path i"},"geometry":{"type":"LineString","coordinates":[[77.248345,28.600324],[77.248358,28.600358],[77.248409,28.60041],[77.248438,28.60045],[77.248645,28.600526],[77.248741,28.600577],[77.248835,28.600594],[77.248929,28.600615],[77.248996,28.600627],[77.249053,28.600639],[77.249101,28.600622],[77.249181,28.600571],[77.249317,28.600538],[77.249433,28.600477],[77.249531,28.600416],[77.249639,28.600338],[77.249718,28.600305],[77.24977,28.600243],[77.249854,28.600202],[77.249854,28.600145],[77.249858,28.600083],[77.249905,28.600051],[77.24997,28.600022],[77.250036,28.600069],[77.250017,28.600161],[77.249933,28.600198],[77.249854,28.600202]]}},{"type":"Feature","properties":{"kind":"road","class":"footway","name":"path l"},"geometry":{"type":"LineString","coordinates":[[77.249858,28.600083],[77.249837,28.600012],[77.249808,28.599962],[77.249759,28.599898],[77.249731,28.599876],[77.249625,28.599916],[77.249491,28.599837],[77.249332,28.599708],[77.24917,28.599616],[77.249061,28.599522]]}},{"type":"Feature","properties":{"kind":"road","class":"footway","name":"path p"},"geometry":{"type":"LineString","coordinates":[[77.247322,28.60189],[77.247185,28.601866],[77.247014,28.601834],[77.2469,28.601795],[77.246815,28.601784],[77.246685,28.601767],[77.246563,28.601759],[77.246473,28.601784],[77.246364,28.601788],[77.246306,28.601763]]}},{"type":"Feature","properties":{"kind":"road","class":"footway","name":"path q"},"geometry":{"type":"LineString","coordinates":[[77.246591,28.602405],[77.246587,28.602359],[77.24653,28.602302],[77.246457,28.602288],[77.246376,28.602266],[77.246339,28.602231],[77.246278,28.602202],[77.246185,28.602173],[77.246095,28.602138],[77.246026,28.602116],[77.245947,28.602068]]}},{"type":"Feature","properties":{"kind":"road","class":"footway","name":"path r"},"geometry":{"type":"LineString","coordinates":[[77.245428,28.602539],[77.245296,28.602631],[77.24517,28.602667],[77.245105,28.602678],[77.245061,28.602728],[77.244955,28.60281],[77.244857,28.602835],[77.244711,28.602867],[77.244552,28.602956],[77.244512,28.603024],[77.244435,28.603031],[77.244398,28.603015],[77.244345,28.602992],[77.244199,28.602881],[77.244093,28.602842],[77.244032,28.602831],[77.243922,28.602831],[77.243792,28.602895],[77.243699,28.603006]]}},{"type":"Feature","properties":{"kind":"road","class":"footway","name":"path r1"},"geometry":{"type":"LineString","coordinates":[[77.244317,28.603623],[77.24426,28.603666],[77.244134,28.603762],[77.243992,28.603773],[77.243845,28.603773],[77.243707,28.603723],[77.243626,28.60358],[77.243614,28.603494],[77.243618,28.603323],[77.243658,28.603155],[77.243675,28.603059],[77.243699,28.603006]]}},{"type":"Feature","properties":{"kind":"road","class":"footway","name":"path r2"},"geometry":{"type":"LineString","coordinates":[[77.244398,28.603015],[77.244361,28.603126],[77.244333,28.603203],[77.244286,28.603326],[77.244338,28.603458],[77.244407,28.603478],[77.244496,28.603486],[77.244562,28.603519],[77.244683,28.603556],[77.244767,28.603581],[77.244912,28.603513]]}},{"type":"Feature","properties":{"kind":"road","class":"footway","name":"path r3"},"geometry":{"type":"LineString","coordinates":[[77.244338,28.603458],[77.244297,28.60353],[77.244317,28.603623],[77.244415,28.603673],[77.244484,28.603666],[77.244576,28.603638]]}},{"type":"Feature","properties":{"kind":"road","class":"footway","name":"path r4"},"geometry":{"type":"LineString","coordinates":[[77.243754,28.604598],[77.243723,28.604511],[77.243691,28.604415],[77.243634,28.60429],[77.243589,28.604187],[77.243703,28.604026],[77.243764,28.603944],[77.243858,28.603862],[77.243849,28.603794],[77.243845,28.603773]]}},{"type":"Feature","properties":{"kind":"road","class":"footway","name":"path r5"},"geometry":{"type":"LineString","coordinates":[[77.243761,28.606066],[77.243632,28.605976],[77.243534,28.605847],[77.243477,28.605662],[77.243481,28.605569],[77.243473,28.605404],[77.243465,28.605283],[77.243493,28.605247],[77.243481,28.605115],[77.243469,28.605008],[77.243489,28.604898],[77.243514,28.604769],[77.243583,28.604719],[77.243754,28.604598],[77.243904,28.604541],[77.24414,28.604469],[77.244274,28.604409],[77.244404,28.604341],[77.244538,28.604337],[77.244656,28.604359],[77.244742,28.60438],[77.244852,28.604441]]}},{"type":"Feature","properties":{"kind":"road","class":"footway","name":"path r6"},"geometry":{"type":"LineString","coordinates":[[77.244767,28.603581],[77.24466,28.603613],[77.244576,28.603638],[77.24459,28.603695],[77.244613,28.603798],[77.244613,28.603855],[77.244585,28.603913],[77.244608,28.60404],[77.244618,28.604134],[77.244571,28.604216],[77.244426,28.604269],[77.244404,28.604341]]}},{"type":"Feature","properties":{"kind":"road","class":"footway","name":"path s1"},"geometry":{"type":"LineString","coordinates":[[77.249379,28.603417],[77.249536,28.603369],[77.249674,28.60331],[77.249791,28.603304],[77.249907,28.603279],[77.250067,28.603242],[77.250215,28.603176],[77.250343,28.603108],[77.250459,28.603018],[77.250608,28.602859],[77.250697,28.602729],[77.250743,28.602605],[77.250739,28.60248],[77.250697,28.602403],[77.250675,28.602288],[77.250661,28.602179],[77.2507,28.602104],[77.250774,28.602045],[77.250895,28.601999],[77.251036,28.601918],[77.251054,28.60185],[77.251086,28.601722],[77.251139,28.601641],[77.251174,28.601548],[77.251178,28.60148],[77.251224,28.601415],[77.251249,28.601284],[77.251284,28.601184],[77.251341,28.601051],[77.25139,28.600889],[77.25139,28.600808],[77.25138,28.600753],[77.25133,28.600721],[77.251263,28.600715],[77.251146,28.600684],[77.251043,28.600653],[77.250937,28.6006],[77.250873,28.600572],[77.25083,28.600559]]}},{"type":"Feature","properties":{"kind":"road","class":"footway","name":"path s2"},"geometry":{"type":"LineString","coordinates":[[77.25138,28.600753],[77.251447,28.600694],[77.251472,28.600616],[77.251496,28.600541],[77.251521,28.600476],[77.251546,28.60038],[77.251571,28.600286],[77.251624,28.600178],[77.251634,28.600072],[77.251642,28.599982],[77.251663,28.599889],[77.251702,28.599736],[77.251751,28.599603],[77.251765,28.599451],[77.251712,28.599345],[77.251578,28.599326],[77.251489,28.599326],[77.251369,28.599339],[77.251284,28.599348],[77.250948,28.599463],[77.250873,28.599494],[77.250759,28.599578]]}},{"type":"Feature","properties":{"kind":"road","class":"footway","name":"path s3"},"geometry":{"type":"LineString","coordinates":[[77.246603,28.60635],[77.246714,28.606598],[77.246785,28.606766],[77.246927,28.607027],[77.247047,28.607213],[77.247151,28.607348]]}},{"type":"Feature","properties":{"kind":"road","class":"footway","name":"path s3"},"geometry":{"type":"LineString","coordinates":[[77.248832,28.607595],[77.24885,28.60759],[77.249013,28.607503],[77.24914,28.60736],[77.249169,28.607286],[77.24919,28.607143],[77.249176,28.607025],[77.249159,28.606888],[77.249127,28.606773],[77.249056,28.606696],[77.248944,28.606659],[77.2488,28.606626],[77.248669,28.606634],[77.24851,28.606655],[77.248375,28.606679],[77.248291,28.606663],[77.248225,28.606597],[77.248188,28.606531],[77.24823,28.606458],[77.248342,28.606392],[77.248384,28.606327],[77.248406,28.606274]]}},{"type":"Feature","properties":{"kind":"road","class":"footway","name":"path s5"},"geometry":{"type":"LineString","coordinates":[[77.245835,28.602164],[77.245822,28.602002],[77.245833,28.601903],[77.245758,28.60179],[77.24571,28.601724],[77.245554,28.601649],[77.245651,28.601573],[77.245704,28.601455],[77.245715,28.601347],[77.245844,28.601347],[77.245946,28.601432],[77.245946,28.601559],[77.246026,28.60163],[77.246155,28.60171],[77.246306,28.601763]]}},{"type":"Feature","properties":{"kind":"road","class":"footway","name":"route a"},"geometry":{"type":"LineString","coordinates":[[77.246446,28.602512],[77.246526,28.602455],[77.246591,28.602405],[77.246742,28.602352],[77.246803,28.602288],[77.246912,28.60222],[77.246965,28.602159],[77.247022,28.602091],[77.247169,28.602006],[77.247322,28.60189],[77.247416,28.601869],[77.247504,28.601812],[77.247567,28.601774],[77.247654,28.601722],[77.247766,28.601636],[77.247845,28.601562],[77.247943,28.601459],[77.248013,28.601402],[77.248149,28.601332],[77.248242,28.601205],[77.248331,28.601119],[77.248406,28.601057],[77.248483,28.601019],[77.248504,28.601008],[77.248714,28.60098],[77.248924,28.600963],[77.249171,28.600976],[77.249358,28.601021],[77.249442,28.601082],[77.249493,28.601113],[77.24962,28.601189],[77.249764,28.601304],[77.249914,28.601394],[77.249998,28.601429]]}},{"type":"Feature","properties":{"kind":"road","class":"footway","name":"route b"},"geometry":{"type":"LineString","coordinates":[[77.247081,28.605312],[77.247206,28.605306],[77.247332,28.60529],[77.247463,28.605261],[77.247589,28.605224],[77.247669,28.605192],[77.247743,28.605151],[77.247781,28.605122],[77.247743,28.605036],[77.247687,28.604945],[77.247631,28.604839],[77.247589,28.604695],[77.247561,28.604572],[77.247561,28.604536],[77.247631,28.604515],[77.247687,28.604445],[77.247715,28.604339],[77.247706,28.604302],[77.247823,28.604199],[77.247865,28.604121],[77.247869,28.604011],[77.247869,28.603957],[77.24765,28.603916],[77.247458,28.603912],[77.2473,28.603888],[77.247122,28.603855],[77.247057,28.60383],[77.247005,28.603732],[77.246982,28.603666],[77.246917,28.60369],[77.246791,28.603736],[77.246641,28.603793],[77.246468,28.603875],[77.246333,28.603929],[77.246235,28.603957],[77.246095,28.603929],[77.245987,28.603896],[77.245913,28.603859],[77.245838,28.60381],[77.245758,28.60381],[77.245698,28.603834],[77.2456,28.603867],[77.245455,28.603921],[77.245408,28.603966],[77.245375,28.603997],[77.245347,28.604023],[77.245324,28.604089],[77.245273,28.604167],[77.245175,28.604294],[77.245118,28.60443]]}},{"type":"Feature","properties":{"kind":"water"},"geometry":{"type":"Polygon","coordinates":[[[77.24526,28.59731],[77.24529,28.59731],[77.24534,28.5964],[77.2453,28.5964],[77.24526,28.59731]]]}},{"type":"Feature","properties":{"kind":"water"},"geometry":{"type":"Polygon","coordinates":[[[77.2462,28.60462],[77.24682,28.605],[77.2469,28.60498],[77.24709,28.60483],[77.24724,28.6048],[77.24749,28.60489],[77.24753,28.60481],[77.24674,28.6041],[77.24673,28.60395],[77.24652,28.60407],[77.2462,28.60462]]]}},{"type":"Feature","properties":{"kind":"water"},"geometry":{"type":"Polygon","coordinates":[[[77.24624,28.60147],[77.24629,28.60151],[77.24636,28.60144],[77.24633,28.60134],[77.24621,28.60134],[77.24615,28.60142],[77.24618,28.60146],[77.24624,28.60147]]]}},{"type":"Feature","properties":{"kind":"water"},"geometry":{"type":"Polygon","coordinates":[[[77.25109,28.59911],[77.25092,28.59908],[77.25067,28.59912],[77.2505,28.59885],[77.25039,28.59873],[77.25032,28.5985],[77.25013,28.59841],[77.25023,28.59832],[77.25034,28.59836],[77.2505,28.59835],[77.25058,28.59845],[77.25096,28.5987],[77.25119,28.59879],[77.25129,28.59894],[77.25122,28.5991],[77.25109,28.59911]]]}},{"type":"Feature","properties":{"kind":"water"},"geometry":{"type":"Polygon","coordinates":[[[77.26495,28.59942],[77.26494,28.59949],[77.26487,28.59963],[77.26484,28.59978],[77.26479,28.59988],[77.26453,28.60004],[77.2645,28.60002],[77.26444,28.60013],[77.26445,28.60016],[77.26441,28.60021],[77.26439,28.60026],[77.26431,28.60037],[77.26433,28.60057],[77.26426,28.60085],[77.26422,28.6009],[77.26422,28.60098],[77.26347,28.60064],[77.26403,28.60011],[77.26465,28.5996],[77.26561,28.59894],[77.26495,28.59942]]]}},{"type":"Feature","properties":{"kind":"water","name":"Barapulla Nala"},"geometry":{"type":"Polygon","coordinates":[[[77.26391,28.58348],[77.26332,28.583],[77.26266,28.58268],[77.26195,28.58243],[77.26155,28.58238],[77.26069,28.58236],[77.26023,28.5824],[77.25948,28.58243],[77.2588,28.58242],[77.25755,28.58224],[77.25722,28.58227],[77.25633,28.58253],[77.25565,28.58292],[77.25477,28.58366],[77.25457,28.584],[77.25406,28.58421],[77.25353,28.58434],[77.25298,28.58464],[77.25278,28.58482],[77.25201,28.5854],[77.25149,28.58581],[77.25131,28.58582],[77.25172,28.58545],[77.25255,28.58464],[77.2531,28.58401],[77.25342,28.58387],[77.25417,28.58366],[77.25465,28.58345],[77.25548,28.58272],[77.25601,28.58232],[77.25647,28.58214],[77.25656,28.582],[77.25675,28.5819],[77.25738,28.58185],[77.25792,28.58188],[77.25863,28.58209],[77.25907,28.58214],[77.26017,28.58209],[77.26103,28.58203],[77.26155,28.58208],[77.2623,28.58227],[77.26385,28.5828],[77.26433,28.58316],[77.26418,28.58326],[77.26391,28.58348]]]}},{"type":"Feature","properties":{"kind":"water","name":"Hazrat Nizamuddin Ki Baoli"},"geometry":{"type":"Polygon","coordinates":[[[77.24184,28.59203],[77.24185,28.59176],[77.242,28.59177],[77.24198,28.59204],[77.24184,28.59203]]]}},{"type":"Feature","properties":{"kind":"water","name":"Lotus Pond"},"geometry":{"type":"Polygon","coordinates":[[[77.2602,28.59023],[77.2604,28.58975],[77.26056,28.58926],[77.26049,28.58918],[77.26037,28.58913],[77.26022,28.58909],[77.25972,28.59012],[77.25952,28.59],[77.25944,28.58972],[77.25924,28.5896],[77.25919,28.58949],[77.25937,28.58921],[77.25941,28.58885],[77.25938,28.58872],[77.25955,28.58824],[77.25961,28.58798],[77.25972,28.58774],[77.25997,28.58776],[77.26022,28.58767],[77.2603,28.58784],[77.26009,28.58831],[77.26034,28.58844],[77.26029,28.58882],[77.26066,28.5891],[77.2608,28.58929],[77.26082,28.58963],[77.26084,28.58973],[77.26084,28.58983],[77.2608,28.58989],[77.26074,28.58996],[77.26067,28.59001],[77.26052,28.59025],[77.26044,28.5903],[77.26028,28.59027],[77.2602,28.59023]]]}}]}
